{"level":"info","version":"1.0.0","hash":"35a324f","time":"2023-11-21T14:31:04Z","message":"execution-context-manager"}
{"level":"info","loglevel":"info","time":"2023-11-21T14:31:04Z","message":"execution-context-manager"}
{"level":"info","apiDocs":true,"apiDocsPath":"/api-doc/openapi","time":"2023-11-21T14:31:04Z","message":"config"}
{"level":"info","artemisJolokiaEndpoint":"http://activemq-artemis.knime.svc.cluster.local:8161/console/jolokia","time":"2023-11-21T14:31:04Z","message":"execution-context-manager"}
{"level":"info","artemisBrokerName":"***HIDDEN***","time":"2023-11-21T14:31:04Z","message":"execution-context-manager"}
{"level":"info","artemisUser":"knime","artemisPassword":"xxx","time":"2023-11-21T14:31:04Z","message":"execution-context-manager"}
{"level":"info","executionURL":"http://api.hub.kbh-troubleshooting.com","time":"2023-11-21T14:31:04Z","message":"execution-context-manager"}
{"level":"info","keycloakClientID":"execution-context-manager","keycloakClientSecret":"xxx","time":"2023-11-21T14:31:04Z","message":"execution-context-manager"}
{"level":"info","keycloakTokenEndpoint":"http://auth.hub.kbh-troubleshooting.com/auth/realms/knime/protocol/openid-connect/token","time":"2023-11-21T14:31:04Z","message":"execution-context-manager"}
{"level":"info","autoStartPollingIntervalSeconds":"5","time":"2023-11-21T14:31:04Z","message":"execution-context-manager"}
{"level":"info","autoStopPollingIntervalSeconds":"5","time":"2023-11-21T14:31:04Z","message":"execution-context-manager"}
{"level":"info","executionNamespace":"hub-execution","time":"2023-11-21T14:31:04Z","message":"execution-context-manager"}
{"level":"info","jwtIssuer":"http://auth.hub.kbh-troubleshooting.com/auth/realms/knime","jwtAudiences":"account","jwtCookieName":"knime_hub_auth","jwtGroups":"hubuser","time":"2023-11-21T14:31:04Z","message":"execution-context-manager"}
W1121 14:31:04.954719       1 client_config.go:618] Neither --kubeconfig nor --master was specified.  Using the inClusterConfig.  This might not work.
{"level":"info","issuer":"http://auth.hub.kbh-troubleshooting.com/auth/realms/knime","audiences":["account"],"cookieName":"knime_hub_auth","time":"2023-11-21T14:31:04Z","message":"initialized JWT middleware"}
{"level":"info","time":"2023-11-21T14:31:04Z","message":"Starting up ExecutionContextCRWatcher..."}
{"level":"info","time":"2023-11-21T14:31:05Z","message":"listening on http://localhost:9090"}
{"level":"info","time":"2023-11-21T15:08:11Z","message":"Result Channel not ok. Reestablishing..."}
{"level":"info","time":"2023-11-21T15:08:11Z","message":"Result Channel reestablished."}
{"level":"info","time":"2023-11-21T15:44:54Z","message":"Result Channel not ok. Reestablishing..."}
{"level":"info","time":"2023-11-21T15:44:54Z","message":"Result Channel reestablished."}
{"level":"info","method":"GET","path":"/execution-contexts/9043c21d-150c-4de1-bee5-7e992ebd922d","ms":98.723368,"status":200,"ip":"***HIDDEN***","xRequestID":"9beceee2-316b-48c0-baec-ede3e1a50fc1","size":27,"xForwardedFor":[],"userAgent":["axios/0.21.4"],"time":"2023-11-21T15:48:42Z","message":"request"}
{"level":"info","method":"GET","path":"/execution-contexts/9043c21d-150c-4de1-bee5-7e992ebd922d","ms":19.424343,"status":200,"ip":"***HIDDEN***","xRequestID":"535028cd-7c9f-45ca-a70c-4f6b93c5f995","size":27,"xForwardedFor":[],"userAgent":["axios/0.21.4"],"time":"2023-11-21T15:48:45Z","message":"request"}
{"level":"info","method":"GET","path":"/execution-contexts/9043c21d-150c-4de1-bee5-7e992ebd922d","ms":18.881371,"status":200,"ip":"***HIDDEN***","xRequestID":"2738a2e0-dc02-4dad-9af7-278ab0541944","size":27,"xForwardedFor":[],"userAgent":["axios/0.21.4"],"time":"2023-11-21T15:48:48Z","message":"request"}
{"level":"info","method":"GET","path":"/execution-contexts/9043c21d-150c-4de1-bee5-7e992ebd922d","ms":17.287412,"status":200,"ip":"***HIDDEN***","xRequestID":"92b1fcc6-ff75-4b48-b8f5-4464ab76718f","size":27,"xForwardedFor":[],"userAgent":["axios/0.21.4"],"time":"2023-11-21T15:48:52Z","message":"request"}
{"level":"info","method":"GET","path":"/execution-contexts/9043c21d-150c-4de1-bee5-7e992ebd922d","ms":18.864274,"status":200,"ip":"***HIDDEN***","xRequestID":"205c7c1d-246b-4c24-98b7-d2d9949bf007","size":27,"xForwardedFor":[],"userAgent":["axios/0.21.4"],"time":"2023-11-21T15:48:55Z","message":"request"}
{"level":"info","method":"GET","path":"/execution-contexts/9043c21d-150c-4de1-bee5-7e992ebd922d","ms":17.36016,"status":200,"ip":"***HIDDEN***","xRequestID":"862fa51e-9e74-4003-acf4-4944109e96af","size":27,"xForwardedFor":[],"userAgent":["axios/0.21.4"],"time":"2023-11-21T15:48:58Z","message":"request"}
{"level":"info","method":"GET","path":"/execution-contexts/9043c21d-150c-4de1-bee5-7e992ebd922d","ms":21.599398,"status":200,"ip":"***HIDDEN***","xRequestID":"9cd5ee87-7e4f-4ed8-95bc-c52653710b26","size":27,"xForwardedFor":[],"userAgent":["axios/0.21.4"],"time":"2023-11-21T15:49:01Z","message":"request"}
{"level":"info","method":"GET","path":"/execution-contexts/9043c21d-150c-4de1-bee5-7e992ebd922d","ms":15.815867,"status":200,"ip":"***HIDDEN***","xRequestID":"9a855ce9-1a74-49cd-82db-699a42c0f1ef","size":27,"xForwardedFor":[],"userAgent":["axios/0.21.4"],"time":"2023-11-21T15:49:04Z","message":"request"}
{"level":"info","method":"GET","path":"/execution-contexts/9043c21d-150c-4de1-bee5-7e992ebd922d","ms":15.903422,"status":200,"ip":"***HIDDEN***","xRequestID":"531771a2-1f85-4fe6-b412-1681e3fe5447","size":27,"xForwardedFor":[],"userAgent":["axios/0.21.4"],"time":"2023-11-21T15:49:07Z","message":"request"}
{"level":"info","method":"GET","path":"/execution-contexts/9043c21d-150c-4de1-bee5-7e992ebd922d","ms":16.847867,"status":200,"ip":"***HIDDEN***","xRequestID":"6f0fbc98-1ac3-4fcf-8ee5-17dbafca30ba","size":27,"xForwardedFor":[],"userAgent":["axios/0.21.4"],"time":"2023-11-21T15:50:01Z","message":"request"}
{"level":"info","method":"GET","path":"/execution-contexts/9043c21d-150c-4de1-bee5-7e992ebd922d","ms":16.603866,"status":200,"ip":"***HIDDEN***","xRequestID":"a9853571-a92f-44e1-a9a0-551f8c13ed76","size":27,"xForwardedFor":[],"userAgent":["axios/0.21.4"],"time":"2023-11-21T15:50:04Z","message":"request"}
{"level":"info","method":"GET","path":"/execution-contexts/9043c21d-150c-4de1-bee5-7e992ebd922d","ms":16.695843,"status":200,"ip":"***HIDDEN***","xRequestID":"e736851e-c035-485b-98a6-2c63db3564aa","size":27,"xForwardedFor":[],"userAgent":["axios/0.21.4"],"time":"2023-11-21T15:50:07Z","message":"request"}
{"level":"info","method":"GET","path":"/execution-contexts/9043c21d-150c-4de1-bee5-7e992ebd922d","ms":18.838167,"status":200,"ip":"***HIDDEN***","xRequestID":"33bbbe25-ebf2-438e-8f56-52530707202e","size":27,"xForwardedFor":[],"userAgent":["axios/0.21.4"],"time":"2023-11-21T15:50:10Z","message":"request"}
{"level":"info","method":"GET","path":"/execution-contexts/9043c21d-150c-4de1-bee5-7e992ebd922d","ms":18.957566,"status":200,"ip":"***HIDDEN***","xRequestID":"89cda25f-0e6d-415b-b2fb-f042245f552e","size":27,"xForwardedFor":[],"userAgent":["axios/0.21.4"],"time":"2023-11-21T15:50:13Z","message":"request"}
{"level":"info","method":"GET","path":"/execution-contexts/9043c21d-150c-4de1-bee5-7e992ebd922d","ms":17.480092,"status":200,"ip":"***HIDDEN***","xRequestID":"bfe442b3-1a88-4724-a619-886e19541d4b","size":27,"xForwardedFor":[],"userAgent":["axios/0.21.4"],"time":"2023-11-21T15:50:16Z","message":"request"}
{"level":"info","method":"GET","path":"/execution-contexts/9043c21d-150c-4de1-bee5-7e992ebd922d","ms":16.766417,"status":200,"ip":"***HIDDEN***","xRequestID":"35b95a41-9e3f-4d6b-aead-cea0ed53efb4","size":27,"xForwardedFor":[],"userAgent":["axios/0.21.4"],"time":"2023-11-21T15:50:19Z","message":"request"}
{"level":"info","method":"GET","path":"/execution-contexts/9043c21d-150c-4de1-bee5-7e992ebd922d","ms":15.700091,"status":200,"ip":"***HIDDEN***","xRequestID":"0f7dceda-b56b-4780-a3c0-0e86c81ba6dc","size":27,"xForwardedFor":[],"userAgent":["axios/0.21.4"],"time":"2023-11-21T15:50:22Z","message":"request"}
{"level":"info","method":"GET","path":"/execution-contexts/9043c21d-150c-4de1-bee5-7e992ebd922d","ms":15.849594,"status":200,"ip":"***HIDDEN***","xRequestID":"e2578c35-fd79-4eb0-a77c-59deffe0feeb","size":27,"xForwardedFor":[],"userAgent":["axios/0.21.4"],"time":"2023-11-21T15:50:25Z","message":"request"}
{"level":"info","method":"GET","path":"/execution-contexts/9043c21d-150c-4de1-bee5-7e992ebd922d","ms":14.59526,"status":200,"ip":"***HIDDEN***","xRequestID":"9179c87f-b7e3-4c38-b406-0d4334b7a081","size":27,"xForwardedFor":[],"userAgent":["axios/0.21.4"],"time":"2023-11-21T15:50:28Z","message":"request"}
{"level":"info","method":"GET","path":"/execution-contexts/9043c21d-150c-4de1-bee5-7e992ebd922d","ms":15.409544,"status":200,"ip":"***HIDDEN***","xRequestID":"d6002155-dcd0-4d26-96d0-88b8322d6d51","size":27,"xForwardedFor":[],"userAgent":["axios/0.21.4"],"time":"2023-11-21T15:50:32Z","message":"request"}
{"level":"info","method":"GET","path":"/execution-contexts/9043c21d-150c-4de1-bee5-7e992ebd922d","ms":16.668188,"status":200,"ip":"***HIDDEN***","xRequestID":"1ad3dc23-6b39-4470-b722-d76a1d4a3b74","size":27,"xForwardedFor":[],"userAgent":["axios/0.21.4"],"time":"2023-11-21T15:50:35Z","message":"request"}
{"level":"info","method":"GET","path":"/execution-contexts/9043c21d-150c-4de1-bee5-7e992ebd922d","ms":15.404381,"status":200,"ip":"***HIDDEN***","xRequestID":"b5ce3f01-4f4e-4ac7-a35f-577149ad0fc6","size":27,"xForwardedFor":[],"userAgent":["axios/0.21.4"],"time":"2023-11-21T15:50:38Z","message":"request"}
{"level":"info","method":"GET","path":"/execution-contexts/9043c21d-150c-4de1-bee5-7e992ebd922d","ms":15.89215,"status":200,"ip":"***HIDDEN***","xRequestID":"1e34f424-9939-4105-b1ca-67035b109a93","size":27,"xForwardedFor":[],"userAgent":["axios/0.21.4"],"time":"2023-11-21T15:50:41Z","message":"request"}
{"level":"info","method":"GET","path":"/execution-contexts/9043c21d-150c-4de1-bee5-7e992ebd922d","ms":14.314534,"status":200,"ip":"***HIDDEN***","xRequestID":"801167e6-53d0-4e63-8248-30cd4a4be018","size":27,"xForwardedFor":[],"userAgent":["axios/0.21.4"],"time":"2023-11-21T15:50:44Z","message":"request"}
{"level":"info","method":"GET","path":"/execution-contexts/9043c21d-150c-4de1-bee5-7e992ebd922d","ms":14.437793,"status":200,"ip":"***HIDDEN***","xRequestID":"5bafaa7a-c119-48f7-85f6-40e6bdd6e0d1","size":27,"xForwardedFor":[],"userAgent":["axios/0.21.4"],"time":"2023-11-21T15:50:47Z","message":"request"}
{"level":"info","method":"GET","path":"/execution-contexts/9043c21d-150c-4de1-bee5-7e992ebd922d","ms":14.588442,"status":200,"ip":"***HIDDEN***","xRequestID":"4a1f86ba-3334-9079-8e3b-9c2a8fc7f6f6","size":27,"xForwardedFor":[],"userAgent":["axios/0.21.4"],"time":"2023-11-21T15:50:50Z","message":"request"}
{"level":"info","method":"GET","path":"/execution-contexts/9043c21d-150c-4de1-bee5-7e992ebd922d","ms":14.733564,"status":200,"ip":"***HIDDEN***","xRequestID":"078d5ea2-80a8-476d-a284-427718dd85d5","size":27,"xForwardedFor":[],"userAgent":["axios/0.21.4"],"time":"2023-11-21T15:50:53Z","message":"request"}
{"level":"info","method":"GET","path":"/execution-contexts/9043c21d-150c-4de1-bee5-7e992ebd922d","ms":14.818701,"status":200,"ip":"***HIDDEN***","xRequestID":"2d96f078-96ae-4844-aa03-8830549b0f32","size":27,"xForwardedFor":[],"userAgent":["axios/0.21.4"],"time":"2023-11-21T15:50:56Z","message":"request"}
{"level":"info","method":"GET","path":"/execution-contexts/9043c21d-150c-4de1-bee5-7e992ebd922d","ms":14.855377,"status":200,"ip":"***HIDDEN***","xRequestID":"969a6a36-e59a-4268-bcca-e5e0dbd2d034","size":27,"xForwardedFor":[],"userAgent":["axios/0.21.4"],"time":"2023-11-21T15:50:59Z","message":"request"}
{"level":"info","method":"GET","path":"/execution-contexts/9043c21d-150c-4de1-bee5-7e992ebd922d","ms":14.326811,"status":200,"ip":"***HIDDEN***","xRequestID":"adfa57d7-890f-4a99-ad90-a14cd57c6091","size":27,"xForwardedFor":[],"userAgent":["axios/0.21.4"],"time":"2023-11-21T15:51:02Z","message":"request"}
{"level":"info","method":"GET","path":"/execution-contexts/9043c21d-150c-4de1-bee5-7e992ebd922d","ms":14.244806,"status":200,"ip":"***HIDDEN***","xRequestID":"af79135e-5070-4c71-9693-89372176d587","size":27,"xForwardedFor":[],"userAgent":["axios/0.21.4"],"time":"2023-11-21T15:51:05Z","message":"request"}
{"level":"info","method":"GET","path":"/execution-contexts/9043c21d-150c-4de1-bee5-7e992ebd922d","ms":14.607049,"status":200,"ip":"***HIDDEN***","xRequestID":"b1c3b184-4db4-4699-92e8-e8e36a8ed7e0","size":27,"xForwardedFor":[],"userAgent":["axios/0.21.4"],"time":"2023-11-21T15:51:09Z","message":"request"}
{"level":"info","method":"GET","path":"/execution-contexts/9043c21d-150c-4de1-bee5-7e992ebd922d","ms":14.63884,"status":200,"ip":"***HIDDEN***","xRequestID":"02f751d5-317a-4c87-b776-a4b374505cfc","size":27,"xForwardedFor":[],"userAgent":["axios/0.21.4"],"time":"2023-11-21T15:51:12Z","message":"request"}
{"level":"info","method":"GET","path":"/execution-contexts/9043c21d-150c-4de1-bee5-7e992ebd922d","ms":14.407166,"status":200,"ip":"***HIDDEN***","xRequestID":"494fe197-4dc9-4f3b-909d-1913e2b1fd7d","size":27,"xForwardedFor":[],"userAgent":["axios/0.21.4"],"time":"2023-11-21T15:51:15Z","message":"request"}
{"level":"info","method":"GET","path":"/execution-contexts/9043c21d-150c-4de1-bee5-7e992ebd922d","ms":14.225222,"status":200,"ip":"***HIDDEN***","xRequestID":"2b82e83e-5e97-4d59-bf06-70d494023555","size":27,"xForwardedFor":[],"userAgent":["axios/0.21.4"],"time":"2023-11-21T15:51:18Z","message":"request"}
{"level":"info","method":"GET","path":"/execution-contexts/9043c21d-150c-4de1-bee5-7e992ebd922d","ms":14.185942,"status":200,"ip":"***HIDDEN***","xRequestID":"1f4291a3-4064-4dac-af3a-a5814f7d2cd3","size":27,"xForwardedFor":[],"userAgent":["axios/0.21.4"],"time":"2023-11-21T15:51:21Z","message":"request"}
{"level":"info","method":"GET","path":"/execution-contexts/9043c21d-150c-4de1-bee5-7e992ebd922d","ms":13.7916,"status":200,"ip":"***HIDDEN***","xRequestID":"0eb6704e-8beb-4f64-a2ba-e0b4e6fcfa2d","size":27,"xForwardedFor":[],"userAgent":["axios/0.21.4"],"time":"2023-11-21T15:51:24Z","message":"request"}
{"level":"info","method":"GET","path":"/execution-contexts/9043c21d-150c-4de1-bee5-7e992ebd922d","ms":14.633948,"status":200,"ip":"***HIDDEN***","xRequestID":"28b26d07-a02f-4966-8914-52e7d787e83d","size":27,"xForwardedFor":[],"userAgent":["axios/0.21.4"],"time":"2023-11-21T15:51:27Z","message":"request"}
{"level":"info","method":"GET","path":"/execution-contexts/9043c21d-150c-4de1-bee5-7e992ebd922d","ms":13.864903,"status":200,"ip":"***HIDDEN***","xRequestID":"c25046ab-6f05-4579-aedb-eb424ed5f301","size":27,"xForwardedFor":[],"userAgent":["axios/0.21.4"],"time":"2023-11-21T15:51:30Z","message":"request"}
{"level":"info","method":"GET","path":"/execution-contexts/9043c21d-150c-4de1-bee5-7e992ebd922d","ms":16.121967,"status":200,"ip":"***HIDDEN***","xRequestID":"b72a565c-d2d7-4bff-87f9-70ba3f40a2e4","size":27,"xForwardedFor":[],"userAgent":["axios/0.21.4"],"time":"2023-11-21T15:51:33Z","message":"request"}
{"level":"info","method":"GET","path":"/execution-contexts/9043c21d-150c-4de1-bee5-7e992ebd922d","ms":14.55592,"status":200,"ip":"***HIDDEN***","xRequestID":"aea2becc-fb3e-4dfc-96ec-ff061ae4e706","size":27,"xForwardedFor":[],"userAgent":["axios/0.21.4"],"time":"2023-11-21T15:51:36Z","message":"request"}
{"level":"info","method":"GET","path":"/execution-contexts/9043c21d-150c-4de1-bee5-7e992ebd922d","ms":14.696431,"status":200,"ip":"***HIDDEN***","xRequestID":"d22bc550-16b2-4c9a-9809-48ed5f151ed6","size":27,"xForwardedFor":[],"userAgent":["axios/0.21.4"],"time":"2023-11-21T15:51:43Z","message":"request"}
{"level":"info","method":"GET","path":"/execution-contexts/9043c21d-150c-4de1-bee5-7e992ebd922d","ms":14.079446,"status":200,"ip":"***HIDDEN***","xRequestID":"471f07de-dfd3-4d95-8d01-6828eebb05ff","size":27,"xForwardedFor":[],"userAgent":["axios/0.21.4"],"time":"2023-11-21T15:51:46Z","message":"request"}
{"level":"info","method":"GET","path":"/execution-contexts/9043c21d-150c-4de1-bee5-7e992ebd922d","ms":13.431477,"status":200,"ip":"***HIDDEN***","xRequestID":"2afc5e48-5c43-4d65-b563-3cf03896c2f3","size":27,"xForwardedFor":[],"userAgent":["axios/0.21.4"],"time":"2023-11-21T15:51:49Z","message":"request"}
{"level":"info","method":"GET","path":"/execution-contexts/9043c21d-150c-4de1-bee5-7e992ebd922d","ms":14.279374,"status":200,"ip":"***HIDDEN***","xRequestID":"4a35b732-172d-4ca5-9176-b05029574423","size":27,"xForwardedFor":[],"userAgent":["axios/0.21.4"],"time":"2023-11-21T15:51:52Z","message":"request"}
{"level":"info","method":"GET","path":"/execution-contexts/9043c21d-150c-4de1-bee5-7e992ebd922d","ms":14.215069,"status":200,"ip":"***HIDDEN***","xRequestID":"f03d95f6-f670-4dc3-baf7-6eaf6382cf4c","size":27,"xForwardedFor":[],"userAgent":["axios/0.21.4"],"time":"2023-11-21T15:51:55Z","message":"request"}
{"level":"info","method":"GET","path":"/execution-contexts/9043c21d-150c-4de1-bee5-7e992ebd922d","ms":13.912363,"status":200,"ip":"***HIDDEN***","xRequestID":"7b65c86a-4dd5-449e-a725-1fd43dfd2b6a","size":27,"xForwardedFor":[],"userAgent":["axios/0.21.4"],"time":"2023-11-21T15:51:59Z","message":"request"}
{"level":"info","method":"GET","path":"/execution-contexts/9043c21d-150c-4de1-bee5-7e992ebd922d","ms":13.630599,"status":200,"ip":"***HIDDEN***","xRequestID":"ecbd5d9e-3aa3-410c-94b4-e24740f6c56a","size":27,"xForwardedFor":[],"userAgent":["axios/0.21.4"],"time":"2023-11-21T15:52:02Z","message":"request"}
{"level":"info","method":"GET","path":"/execution-contexts/9043c21d-150c-4de1-bee5-7e992ebd922d","ms":13.865759,"status":200,"ip":"***HIDDEN***","xRequestID":"0c64088d-6fa0-46ae-a405-a20566eae9f9","size":27,"xForwardedFor":[],"userAgent":["axios/0.21.4"],"time":"2023-11-21T15:52:05Z","message":"request"}
{"level":"info","method":"GET","path":"/execution-contexts/9043c21d-150c-4de1-bee5-7e992ebd922d","ms":14.150334,"status":200,"ip":"***HIDDEN***","xRequestID":"97bcdeab-0f92-4d3b-8a98-fe015cbef445","size":27,"xForwardedFor":[],"userAgent":["axios/0.21.4"],"time":"2023-11-21T15:52:08Z","message":"request"}
{"level":"info","method":"GET","path":"/execution-contexts/9043c21d-150c-4de1-bee5-7e992ebd922d","ms":13.678752,"status":200,"ip":"***HIDDEN***","xRequestID":"484491f0-1c94-4737-b985-3f32a5adcf04","size":27,"xForwardedFor":[],"userAgent":["axios/0.21.4"],"time":"2023-11-21T15:52:11Z","message":"request"}
{"level":"info","method":"GET","path":"/execution-contexts/9043c21d-150c-4de1-bee5-7e992ebd922d","ms":13.733296,"status":200,"ip":"***HIDDEN***","xRequestID":"06685789-41c2-4136-9f41-0c90367da8cb","size":27,"xForwardedFor":[],"userAgent":["axios/0.21.4"],"time":"2023-11-21T15:52:14Z","message":"request"}
{"level":"info","method":"GET","path":"/execution-contexts/9043c21d-150c-4de1-bee5-7e992ebd922d","ms":13.265926,"status":200,"ip":"***HIDDEN***","xRequestID":"b5804b58-0c85-4ce1-a978-38dcf1e40808","size":27,"xForwardedFor":[],"userAgent":["axios/0.21.4"],"time":"2023-11-21T15:52:17Z","message":"request"}
{"level":"info","method":"GET","path":"/execution-contexts/9043c21d-150c-4de1-bee5-7e992ebd922d","ms":14.88528,"status":200,"ip":"***HIDDEN***","xRequestID":"05a4d39e-da29-43fb-91c5-3372697a3a00","size":27,"xForwardedFor":[],"userAgent":["axios/0.21.4"],"time":"2023-11-21T15:52:20Z","message":"request"}
{"level":"info","method":"GET","path":"/execution-contexts/9043c21d-150c-4de1-bee5-7e992ebd922d","ms":13.490656,"status":200,"ip":"***HIDDEN***","xRequestID":"b8310d02-4c71-4ec8-9b8c-1c2cc54e1668","size":27,"xForwardedFor":[],"userAgent":["axios/0.21.4"],"time":"2023-11-21T15:52:23Z","message":"request"}
{"level":"info","method":"GET","path":"/execution-contexts/9043c21d-150c-4de1-bee5-7e992ebd922d","ms":14.094778,"status":200,"ip":"***HIDDEN***","xRequestID":"744be18d-4a03-48f4-95d2-67463e138196","size":27,"xForwardedFor":[],"userAgent":["axios/0.21.4"],"time":"2023-11-21T15:52:26Z","message":"request"}
{"level":"info","method":"GET","path":"/execution-contexts/9043c21d-150c-4de1-bee5-7e992ebd922d","ms":13.425222,"status":200,"ip":"***HIDDEN***","xRequestID":"e84d6bed-b222-4016-b60c-5a92dff72297","size":27,"xForwardedFor":[],"userAgent":["axios/0.21.4"],"time":"2023-11-21T15:52:29Z","message":"request"}
{"level":"info","method":"GET","path":"/execution-contexts/9043c21d-150c-4de1-bee5-7e992ebd922d","ms":16.077751,"status":200,"ip":"***HIDDEN***","xRequestID":"3b542135-3ffc-42ac-a006-1410174a56ea","size":27,"xForwardedFor":[],"userAgent":["axios/0.21.4"],"time":"2023-11-21T15:52:32Z","message":"request"}
{"level":"info","method":"GET","path":"/execution-contexts/9043c21d-150c-4de1-bee5-7e992ebd922d","ms":13.657773,"status":200,"ip":"***HIDDEN***","xRequestID":"f78c62a5-59b8-4f02-8c58-23d7df04bfca","size":27,"xForwardedFor":[],"userAgent":["axios/0.21.4"],"time":"2023-11-21T15:52:36Z","message":"request"}
{"level":"info","method":"GET","path":"/execution-contexts/9043c21d-150c-4de1-bee5-7e992ebd922d","ms":13.445608,"status":200,"ip":"***HIDDEN***","xRequestID":"ec668c8b-36bd-4c96-ba47-bea8078344f9","size":27,"xForwardedFor":[],"userAgent":["axios/0.21.4"],"time":"2023-11-21T15:52:39Z","message":"request"}
{"level":"info","method":"GET","path":"/execution-contexts/9043c21d-150c-4de1-bee5-7e992ebd922d","ms":13.840065,"status":200,"ip":"***HIDDEN***","xRequestID":"debe1f85-fb86-4c17-b125-99ddb6031e0f","size":27,"xForwardedFor":[],"userAgent":["axios/0.21.4"],"time":"2023-11-21T15:52:42Z","message":"request"}
{"level":"info","method":"GET","path":"/execution-contexts/9043c21d-150c-4de1-bee5-7e992ebd922d","ms":13.534469,"status":200,"ip":"***HIDDEN***","xRequestID":"c30be38e-2827-411d-b3a3-29b3f6430fe1","size":27,"xForwardedFor":[],"userAgent":["axios/0.21.4"],"time":"2023-11-21T15:52:45Z","message":"request"}
{"level":"info","method":"GET","path":"/execution-contexts/9043c21d-150c-4de1-bee5-7e992ebd922d","ms":13.463015,"status":200,"ip":"***HIDDEN***","xRequestID":"0accf8bd-41fd-4df8-96b8-b9e3e7563c70","size":27,"xForwardedFor":[],"userAgent":["axios/0.21.4"],"time":"2023-11-21T15:52:48Z","message":"request"}
{"level":"info","method":"GET","path":"/execution-contexts/9043c21d-150c-4de1-bee5-7e992ebd922d","ms":12.979347,"status":200,"ip":"***HIDDEN***","xRequestID":"360273fc-4301-4d1e-9f6e-65b677a448f1","size":27,"xForwardedFor":[],"userAgent":["axios/0.21.4"],"time":"2023-11-21T15:52:51Z","message":"request"}
{"level":"info","method":"GET","path":"/execution-contexts/9043c21d-150c-4de1-bee5-7e992ebd922d","ms":13.886044,"status":200,"ip":"***HIDDEN***","xRequestID":"6eca4fbb-a240-4175-80ae-275df8e90350","size":27,"xForwardedFor":[],"userAgent":["axios/0.21.4"],"time":"2023-11-21T15:52:54Z","message":"request"}
{"level":"info","method":"GET","path":"/execution-contexts/9043c21d-150c-4de1-bee5-7e992ebd922d","ms":13.031094,"status":200,"ip":"***HIDDEN***","xRequestID":"cf93a9c9-a3ae-405c-bde0-6a85243a7092","size":27,"xForwardedFor":[],"userAgent":["axios/0.21.4"],"time":"2023-11-21T15:52:57Z","message":"request"}
{"level":"info","method":"GET","path":"/execution-contexts/9043c21d-150c-4de1-bee5-7e992ebd922d","ms":13.831447,"status":200,"ip":"***HIDDEN***","xRequestID":"f9285270-635f-42d0-8ca6-dd9b7e378f72","size":27,"xForwardedFor":[],"userAgent":["axios/0.21.4"],"time":"2023-11-21T15:53:00Z","message":"request"}
{"level":"info","method":"GET","path":"/execution-contexts/9043c21d-150c-4de1-bee5-7e992ebd922d","ms":13.149112,"status":200,"ip":"***HIDDEN***","xRequestID":"3852f99a-9ae5-4918-a5d2-9c328a9b30a1","size":27,"xForwardedFor":[],"userAgent":["axios/0.21.4"],"time":"2023-11-21T15:53:03Z","message":"request"}
{"level":"info","method":"GET","path":"/execution-contexts/9043c21d-150c-4de1-bee5-7e992ebd922d","ms":12.87749,"status":200,"ip":"***HIDDEN***","xRequestID":"9400af88-59c8-4d9c-af3b-d212c182371e","size":27,"xForwardedFor":[],"userAgent":["axios/0.21.4"],"time":"2023-11-21T15:53:06Z","message":"request"}
{"level":"info","method":"GET","path":"/execution-contexts/9043c21d-150c-4de1-bee5-7e992ebd922d","ms":14.437583,"status":200,"ip":"***HIDDEN***","xRequestID":"58a83008-b288-4805-86cc-d2c13472701e","size":27,"xForwardedFor":[],"userAgent":["axios/0.21.4"],"time":"2023-11-21T15:53:10Z","message":"request"}
{"level":"info","method":"GET","path":"/execution-contexts/9043c21d-150c-4de1-bee5-7e992ebd922d","ms":17.607712,"status":200,"ip":"***HIDDEN***","xRequestID":"f70fb958-00f6-4795-8ff1-527bab785874","size":27,"xForwardedFor":[],"userAgent":["axios/0.21.4"],"time":"2023-11-21T15:53:13Z","message":"request"}
{"level":"info","method":"GET","path":"/execution-contexts/9043c21d-150c-4de1-bee5-7e992ebd922d","ms":14.376319,"status":200,"ip":"***HIDDEN***","xRequestID":"a41528fb-e144-4e3c-86b2-985fa4e3ae72","size":27,"xForwardedFor":[],"userAgent":["axios/0.21.4"],"time":"2023-11-21T15:53:16Z","message":"request"}
{"level":"info","method":"GET","path":"/execution-contexts/9043c21d-150c-4de1-bee5-7e992ebd922d","ms":13.056062,"status":200,"ip":"***HIDDEN***","xRequestID":"f76b54aa-ed22-48ed-af11-bf9c12811ca3","size":27,"xForwardedFor":[],"userAgent":["axios/0.21.4"],"time":"2023-11-21T15:53:19Z","message":"request"}
{"level":"info","method":"GET","path":"/execution-contexts/9043c21d-150c-4de1-bee5-7e992ebd922d","ms":33.720881,"status":200,"ip":"***HIDDEN***","xRequestID":"55e9c398-bb0a-4c68-9b62-5c2c5187989f","size":27,"xForwardedFor":[],"userAgent":["axios/0.21.4"],"time":"2023-11-21T15:53:22Z","message":"request"}
{"level":"info","method":"GET","path":"/execution-contexts/9043c21d-150c-4de1-bee5-7e992ebd922d","ms":13.011425,"status":200,"ip":"***HIDDEN***","xRequestID":"4585d1f0-72a5-4a2c-bad9-7815476cd6dc","size":27,"xForwardedFor":[],"userAgent":["axios/0.21.4"],"time":"2023-11-21T15:53:25Z","message":"request"}
{"level":"info","method":"GET","path":"/execution-contexts/9043c21d-150c-4de1-bee5-7e992ebd922d","ms":16.756205,"status":200,"ip":"***HIDDEN***","xRequestID":"d2d6840e-2fcf-4ed3-b555-bb2833803cf4","size":27,"xForwardedFor":[],"userAgent":["axios/0.21.4"],"time":"2023-11-21T15:53:28Z","message":"request"}
{"level":"info","method":"GET","path":"/execution-contexts/9043c21d-150c-4de1-bee5-7e992ebd922d","ms":12.763604,"status":200,"ip":"***HIDDEN***","xRequestID":"1e09deef-872c-4a4e-b6d5-373493a47621","size":27,"xForwardedFor":[],"userAgent":["axios/0.21.4"],"time":"2023-11-21T15:53:31Z","message":"request"}
{"level":"info","method":"GET","path":"/execution-contexts/9043c21d-150c-4de1-bee5-7e992ebd922d","ms":14.774425,"status":200,"ip":"***HIDDEN***","xRequestID":"b710dc46-9a0b-4652-8913-0961cde9f787","size":27,"xForwardedFor":[],"userAgent":["axios/0.21.4"],"time":"2023-11-21T15:53:34Z","message":"request"}
{"level":"info","method":"GET","path":"/execution-contexts/9043c21d-150c-4de1-bee5-7e992ebd922d","ms":13.298854,"status":200,"ip":"***HIDDEN***","xRequestID":"b8fa86ae-3e0e-410b-9555-8516a3c9ab7a","size":27,"xForwardedFor":[],"userAgent":["axios/0.21.4"],"time":"2023-11-21T15:53:37Z","message":"request"}
{"level":"info","method":"GET","path":"/execution-contexts/9043c21d-150c-4de1-bee5-7e992ebd922d","ms":13.341003,"status":200,"ip":"***HIDDEN***","xRequestID":"4f91b6ee-f6cf-46eb-b87c-4c177826abf1","size":27,"xForwardedFor":[],"userAgent":["axios/0.21.4"],"time":"2023-11-21T15:53:40Z","message":"request"}
{"level":"info","method":"GET","path":"/execution-contexts/9043c21d-150c-4de1-bee5-7e992ebd922d","ms":25.769968,"status":200,"ip":"***HIDDEN***","xRequestID":"ad1a85d3-9671-4f12-8fd3-987f25e646b9","size":27,"xForwardedFor":[],"userAgent":["axios/0.21.4"],"time":"2023-11-21T15:53:44Z","message":"request"}
{"level":"info","method":"GET","path":"/execution-contexts/9043c21d-150c-4de1-bee5-7e992ebd922d","ms":13.28161,"status":200,"ip":"***HIDDEN***","xRequestID":"1c62e1cb-e65d-4ed7-9d2a-eb2651346e05","size":27,"xForwardedFor":[],"userAgent":["axios/0.21.4"],"time":"2023-11-21T15:53:47Z","message":"request"}
{"level":"info","method":"GET","path":"/execution-contexts/9043c21d-150c-4de1-bee5-7e992ebd922d","ms":12.887387,"status":200,"ip":"***HIDDEN***","xRequestID":"e1659464-21c0-40a2-b06e-ad8c8acd1fc5","size":27,"xForwardedFor":[],"userAgent":["axios/0.21.4"],"time":"2023-11-21T15:53:50Z","message":"request"}
{"level":"info","method":"GET","path":"/execution-contexts/9043c21d-150c-4de1-bee5-7e992ebd922d","ms":12.697378,"status":200,"ip":"***HIDDEN***","xRequestID":"6c12a97d-0588-491a-bccf-ebf6011c9190","size":27,"xForwardedFor":[],"userAgent":["axios/0.21.4"],"time":"2023-11-21T15:53:53Z","message":"request"}
{"level":"info","method":"GET","path":"/execution-contexts/9043c21d-150c-4de1-bee5-7e992ebd922d","ms":12.616184,"status":200,"ip":"***HIDDEN***","xRequestID":"6b24ab67-38ac-4c21-96ea-0f97478d3c8d","size":27,"xForwardedFor":[],"userAgent":["axios/0.21.4"],"time":"2023-11-21T15:53:56Z","message":"request"}
{"level":"info","method":"GET","path":"/execution-contexts/9043c21d-150c-4de1-bee5-7e992ebd922d","ms":13.190203,"status":200,"ip":"***HIDDEN***","xRequestID":"6e56f421-5cf9-4636-aabf-8fa1975e676e","size":27,"xForwardedFor":[],"userAgent":["axios/0.21.4"],"time":"2023-11-21T15:53:59Z","message":"request"}
{"level":"info","method":"GET","path":"/execution-contexts/9043c21d-150c-4de1-bee5-7e992ebd922d","ms":13.130429,"status":200,"ip":"***HIDDEN***","xRequestID":"1afe8202-4dd3-47b3-803f-762482f934f4","size":27,"xForwardedFor":[],"userAgent":["axios/0.21.4"],"time":"2023-11-21T15:54:02Z","message":"request"}
{"level":"info","method":"GET","path":"/execution-contexts/9043c21d-150c-4de1-bee5-7e992ebd922d","ms":13.356998,"status":200,"ip":"***HIDDEN***","xRequestID":"2dd4c9e8-c229-9b17-b370-9f17cdcdee19","size":27,"xForwardedFor":[],"userAgent":["axios/0.21.4"],"time":"2023-11-21T15:54:05Z","message":"request"}
{"level":"info","method":"GET","path":"/execution-contexts/9043c21d-150c-4de1-bee5-7e992ebd922d","ms":12.593186,"status":200,"ip":"***HIDDEN***","xRequestID":"bbe67394-e072-4556-9788-1afed23ce0b6","size":27,"xForwardedFor":[],"userAgent":["axios/0.21.4"],"time":"2023-11-21T15:54:08Z","message":"request"}
{"level":"info","method":"GET","path":"/execution-contexts/9043c21d-150c-4de1-bee5-7e992ebd922d","ms":12.973425,"status":200,"ip":"***HIDDEN***","xRequestID":"1bd92185-787b-4ef2-a53e-81df06180497","size":27,"xForwardedFor":[],"userAgent":["axios/0.21.4"],"time":"2023-11-21T15:54:11Z","message":"request"}
{"level":"info","method":"GET","path":"/execution-contexts/9043c21d-150c-4de1-bee5-7e992ebd922d","ms":12.706362,"status":200,"ip":"***HIDDEN***","xRequestID":"17a81e12-a87a-424e-ad62-735bba3c2dae","size":27,"xForwardedFor":[],"userAgent":["axios/0.21.4"],"time":"2023-11-21T15:54:14Z","message":"request"}
{"level":"info","method":"GET","path":"/execution-contexts/9043c21d-150c-4de1-bee5-7e992ebd922d","ms":12.831675,"status":200,"ip":"***HIDDEN***","xRequestID":"c218480b-58a9-4250-8eee-a2f75f0a41e1","size":27,"xForwardedFor":[],"userAgent":["axios/0.21.4"],"time":"2023-11-21T15:54:17Z","message":"request"}
{"level":"info","method":"GET","path":"/execution-contexts/9043c21d-150c-4de1-bee5-7e992ebd922d","ms":14.832231,"status":200,"ip":"***HIDDEN***","xRequestID":"81e304e1-684c-4ed4-beaf-fd37a786756b","size":27,"xForwardedFor":[],"userAgent":["axios/0.21.4"],"time":"2023-11-21T15:54:21Z","message":"request"}
{"level":"info","method":"GET","path":"/execution-contexts/9043c21d-150c-4de1-bee5-7e992ebd922d","ms":16.804154,"status":200,"ip":"***HIDDEN***","xRequestID":"420429ba-1beb-4aff-bf40-e202b8255f52","size":27,"xForwardedFor":[],"userAgent":["axios/0.21.4"],"time":"2023-11-21T15:54:24Z","message":"request"}
{"level":"info","method":"GET","path":"/execution-contexts/9043c21d-150c-4de1-bee5-7e992ebd922d","ms":12.425315,"status":200,"ip":"***HIDDEN***","xRequestID":"0d442db3-3837-4893-b94b-22c1c508b23a","size":27,"xForwardedFor":[],"userAgent":["axios/0.21.4"],"time":"2023-11-21T15:54:27Z","message":"request"}
{"level":"info","method":"GET","path":"/execution-contexts/9043c21d-150c-4de1-bee5-7e992ebd922d","ms":12.614472,"status":200,"ip":"***HIDDEN***","xRequestID":"23672fe2-fe7b-4766-a285-44eeb505e871","size":27,"xForwardedFor":[],"userAgent":["axios/0.21.4"],"time":"2023-11-21T15:54:30Z","message":"request"}
{"level":"info","method":"GET","path":"/execution-contexts/9043c21d-150c-4de1-bee5-7e992ebd922d","ms":12.289955,"status":200,"ip":"***HIDDEN***","xRequestID":"9554f745-316c-486b-af33-9cee92551a2a","size":27,"xForwardedFor":[],"userAgent":["axios/0.21.4"],"time":"2023-11-21T15:54:33Z","message":"request"}
{"level":"info","method":"GET","path":"/execution-contexts/9043c21d-150c-4de1-bee5-7e992ebd922d","ms":12.961505,"status":200,"ip":"***HIDDEN***","xRequestID":"19c17995-77bf-4746-9517-301157b01209","size":27,"xForwardedFor":[],"userAgent":["axios/0.21.4"],"time":"2023-11-21T15:54:36Z","message":"request"}
{"level":"info","method":"GET","path":"/execution-contexts/9043c21d-150c-4de1-bee5-7e992ebd922d","ms":13.150954,"status":200,"ip":"***HIDDEN***","xRequestID":"f5209a0c-fb17-4f54-94e7-b2e2a45e5b18","size":27,"xForwardedFor":[],"userAgent":["axios/0.21.4"],"time":"2023-11-21T15:54:39Z","message":"request"}
{"level":"info","method":"GET","path":"/execution-contexts/9043c21d-150c-4de1-bee5-7e992ebd922d","ms":12.921307,"status":200,"ip":"***HIDDEN***","xRequestID":"0889694d-7ce0-4dad-aa48-6eae81c4bfc9","size":27,"xForwardedFor":[],"userAgent":["axios/0.21.4"],"time":"2023-11-21T15:54:42Z","message":"request"}
{"level":"info","method":"GET","path":"/execution-contexts/9043c21d-150c-4de1-bee5-7e992ebd922d","ms":13.70855,"status":200,"ip":"***HIDDEN***","xRequestID":"d2baa9f7-0ed3-423e-8d85-1c51a7c3dcaf","size":27,"xForwardedFor":[],"userAgent":["axios/0.21.4"],"time":"2023-11-21T15:54:45Z","message":"request"}
{"level":"info","method":"GET","path":"/execution-contexts/9043c21d-150c-4de1-bee5-7e992ebd922d","ms":13.232828,"status":200,"ip":"***HIDDEN***","xRequestID":"abb8d33b-9ed0-4e3c-b2f8-ecebf1be1f98","size":27,"xForwardedFor":[],"userAgent":["axios/0.21.4"],"time":"2023-11-21T15:54:48Z","message":"request"}
{"level":"info","method":"GET","path":"/execution-contexts/9043c21d-150c-4de1-bee5-7e992ebd922d","ms":13.674171,"status":200,"ip":"***HIDDEN***","xRequestID":"e267bea8-fb63-4134-b1cb-bd752282e1a8","size":27,"xForwardedFor":[],"userAgent":["axios/0.21.4"],"time":"2023-11-21T15:54:51Z","message":"request"}
{"level":"info","method":"GET","path":"/execution-contexts/9043c21d-150c-4de1-bee5-7e992ebd922d","ms":12.913908,"status":200,"ip":"***HIDDEN***","xRequestID":"ff4672a6-3e68-4daf-bd1c-6cffafe3af9a","size":27,"xForwardedFor":[],"userAgent":["axios/0.21.4"],"time":"2023-11-21T15:54:55Z","message":"request"}
{"level":"info","method":"GET","path":"/execution-contexts/9043c21d-150c-4de1-bee5-7e992ebd922d","ms":13.998485,"status":200,"ip":"***HIDDEN***","xRequestID":"6a232f2f-101a-4937-808d-616cdae086c9","size":27,"xForwardedFor":[],"userAgent":["axios/0.21.4"],"time":"2023-11-21T15:54:58Z","message":"request"}
{"level":"info","method":"GET","path":"/execution-contexts/9043c21d-150c-4de1-bee5-7e992ebd922d","ms":12.784628,"status":200,"ip":"***HIDDEN***","xRequestID":"13ee6f0e-8eb2-4cb6-bdad-c3f3cabf081c","size":27,"xForwardedFor":[],"userAgent":["axios/0.21.4"],"time":"2023-11-21T15:55:01Z","message":"request"}
{"level":"info","method":"GET","path":"/execution-contexts/9043c21d-150c-4de1-bee5-7e992ebd922d","ms":13.783548,"status":200,"ip":"***HIDDEN***","xRequestID":"f10325d2-ca40-4634-88b6-c020f6f30e36","size":27,"xForwardedFor":[],"userAgent":["axios/0.21.4"],"time":"2023-11-21T15:55:04Z","message":"request"}
{"level":"info","method":"GET","path":"/execution-contexts/9043c21d-150c-4de1-bee5-7e992ebd922d","ms":13.06913,"status":200,"ip":"***HIDDEN***","xRequestID":"97950a30-49cd-4ad7-8efb-33723375e602","size":27,"xForwardedFor":[],"userAgent":["axios/0.21.4"],"time":"2023-11-21T15:55:07Z","message":"request"}
{"level":"info","method":"GET","path":"/execution-contexts/9043c21d-150c-4de1-bee5-7e992ebd922d","ms":13.44448,"status":200,"ip":"***HIDDEN***","xRequestID":"03f7461b-44d2-4292-828d-99d00299cd54","size":27,"xForwardedFor":[],"userAgent":["axios/0.21.4"],"time":"2023-11-21T15:55:10Z","message":"request"}
{"level":"info","method":"GET","path":"/execution-contexts/9043c21d-150c-4de1-bee5-7e992ebd922d","ms":13.344579,"status":200,"ip":"***HIDDEN***","xRequestID":"714e7239-0a1a-43ac-9301-2a3f5af37e23","size":27,"xForwardedFor":[],"userAgent":["axios/0.21.4"],"time":"2023-11-21T15:55:13Z","message":"request"}
{"level":"info","method":"GET","path":"/execution-contexts/9043c21d-150c-4de1-bee5-7e992ebd922d","ms":12.946121,"status":200,"ip":"***HIDDEN***","xRequestID":"ecef5dfc-c0de-46b5-b7f4-bb45f27c3eee","size":27,"xForwardedFor":[],"userAgent":["axios/0.21.4"],"time":"2023-11-21T15:55:16Z","message":"request"}
{"level":"info","method":"GET","path":"/execution-contexts/9043c21d-150c-4de1-bee5-7e992ebd922d","ms":15.384502,"status":200,"ip":"***HIDDEN***","xRequestID":"3b3694a6-cac5-4c74-9928-7cf31c1b464a","size":27,"xForwardedFor":[],"userAgent":["axios/0.21.4"],"time":"2023-11-21T15:55:19Z","message":"request"}
{"level":"info","method":"GET","path":"/execution-contexts/9043c21d-150c-4de1-bee5-7e992ebd922d","ms":11.993836,"status":200,"ip":"***HIDDEN***","xRequestID":"80718c54-ffad-42ad-bd82-4cb6e25c622b","size":27,"xForwardedFor":[],"userAgent":["axios/0.21.4"],"time":"2023-11-21T15:55:22Z","message":"request"}
{"level":"info","method":"GET","path":"/execution-contexts/9043c21d-150c-4de1-bee5-7e992ebd922d","ms":12.720332,"status":200,"ip":"***HIDDEN***","xRequestID":"853401ad-aee7-4240-881a-5c8fbd022cf0","size":27,"xForwardedFor":[],"userAgent":["axios/0.21.4"],"time":"2023-11-21T15:55:25Z","message":"request"}
{"level":"info","method":"GET","path":"/execution-contexts/9043c21d-150c-4de1-bee5-7e992ebd922d","ms":13.452933,"status":200,"ip":"***HIDDEN***","xRequestID":"372447e6-01ec-4e36-aa9d-698dafad3e11","size":27,"xForwardedFor":[],"userAgent":["axios/0.21.4"],"time":"2023-11-21T15:55:29Z","message":"request"}
{"level":"info","method":"GET","path":"/execution-contexts/9043c21d-150c-4de1-bee5-7e992ebd922d","ms":14.027723,"status":200,"ip":"***HIDDEN***","xRequestID":"bc3d95b5-196d-4442-819d-1abb19c5e996","size":27,"xForwardedFor":[],"userAgent":["axios/0.21.4"],"time":"2023-11-21T15:55:32Z","message":"request"}
{"level":"info","method":"GET","path":"/execution-contexts/9043c21d-150c-4de1-bee5-7e992ebd922d","ms":12.9655,"status":200,"ip":"***HIDDEN***","xRequestID":"3608bf55-38ac-4292-a894-8712659ac946","size":27,"xForwardedFor":[],"userAgent":["axios/0.21.4"],"time":"2023-11-21T15:55:35Z","message":"request"}
{"level":"info","method":"GET","path":"/execution-contexts/9043c21d-150c-4de1-bee5-7e992ebd922d","ms":13.205393,"status":200,"ip":"***HIDDEN***","xRequestID":"dd234a0a-453a-4cf0-9bab-9baa3d0a4f7c","size":27,"xForwardedFor":[],"userAgent":["axios/0.21.4"],"time":"2023-11-21T15:55:38Z","message":"request"}
{"level":"info","method":"GET","path":"/execution-contexts/9043c21d-150c-4de1-bee5-7e992ebd922d","ms":49.60319,"status":200,"ip":"***HIDDEN***","xRequestID":"4e3dba8d-ba39-471c-a6f5-bdb3b04c12cc","size":27,"xForwardedFor":[],"userAgent":["axios/0.21.4"],"time":"2023-11-21T16:01:17Z","message":"request"}
{"level":"info","method":"GET","path":"/execution-contexts/9043c21d-150c-4de1-bee5-7e992ebd922d","ms":12.53122,"status":200,"ip":"***HIDDEN***","xRequestID":"cfc2cee4-f2ab-47f9-8921-e11a53397791","size":27,"xForwardedFor":[],"userAgent":["axios/0.21.4"],"time":"2023-11-21T16:01:20Z","message":"request"}
{"level":"info","method":"GET","path":"/execution-contexts/9043c21d-150c-4de1-bee5-7e992ebd922d","ms":13.309759,"status":200,"ip":"***HIDDEN***","xRequestID":"43b9b7b9-0e58-40b1-8591-8518e87ab7f8","size":27,"xForwardedFor":[],"userAgent":["axios/0.21.4"],"time":"2023-11-21T16:01:23Z","message":"request"}
{"level":"info","method":"GET","path":"/execution-contexts/9043c21d-150c-4de1-bee5-7e992ebd922d","ms":12.599976,"status":200,"ip":"***HIDDEN***","xRequestID":"4fe4de7a-7f59-4cda-b2b6-5dc794abac88","size":27,"xForwardedFor":[],"userAgent":["axios/0.21.4"],"time":"2023-11-21T16:01:26Z","message":"request"}
{"level":"info","method":"GET","path":"/execution-contexts/9043c21d-150c-4de1-bee5-7e992ebd922d","ms":12.795292,"status":200,"ip":"***HIDDEN***","xRequestID":"059ed5b8-7102-4632-bbc6-3ad4787197b5","size":27,"xForwardedFor":[],"userAgent":["axios/0.21.4"],"time":"2023-11-21T16:01:30Z","message":"request"}
{"level":"info","method":"GET","path":"/execution-contexts/9043c21d-150c-4de1-bee5-7e992ebd922d","ms":16.144954,"status":200,"ip":"***HIDDEN***","xRequestID":"905127f4-a683-4421-8799-5bf2de12be81","size":27,"xForwardedFor":[],"userAgent":["axios/0.21.4"],"time":"2023-11-21T16:01:33Z","message":"request"}
{"level":"info","method":"GET","path":"/execution-contexts/9043c21d-150c-4de1-bee5-7e992ebd922d","ms":13.134036,"status":200,"ip":"***HIDDEN***","xRequestID":"9e86f0af-566b-4640-a2d1-2253d9c9a9e4","size":27,"xForwardedFor":[],"userAgent":["axios/0.21.4"],"time":"2023-11-21T16:01:36Z","message":"request"}
{"level":"info","method":"GET","path":"/execution-contexts/9043c21d-150c-4de1-bee5-7e992ebd922d","ms":15.804508,"status":200,"ip":"***HIDDEN***","xRequestID":"759c547a-4999-4017-8142-c1792447aab9","size":27,"xForwardedFor":[],"userAgent":["axios/0.21.4"],"time":"2023-11-21T16:01:39Z","message":"request"}
{"level":"info","method":"GET","path":"/execution-contexts/9043c21d-150c-4de1-bee5-7e992ebd922d","ms":12.921577,"status":200,"ip":"***HIDDEN***","xRequestID":"95c772a3-1017-40cd-a1ef-7136f69756e9","size":27,"xForwardedFor":[],"userAgent":["axios/0.21.4"],"time":"2023-11-21T16:01:42Z","message":"request"}
{"level":"info","method":"GET","path":"/execution-contexts/9043c21d-150c-4de1-bee5-7e992ebd922d","ms":13.031501,"status":200,"ip":"***HIDDEN***","xRequestID":"1715f7ac-01de-43af-b6cd-cf2bbd78c968","size":27,"xForwardedFor":[],"userAgent":["axios/0.21.4"],"time":"2023-11-21T16:01:45Z","message":"request"}
{"level":"info","method":"GET","path":"/execution-contexts/9043c21d-150c-4de1-bee5-7e992ebd922d","ms":13.49078,"status":200,"ip":"***HIDDEN***","xRequestID":"bcdad29b-746b-4d1f-856f-50f00c72b52a","size":27,"xForwardedFor":[],"userAgent":["axios/0.21.4"],"time":"2023-11-21T16:01:48Z","message":"request"}
{"level":"info","method":"GET","path":"/execution-contexts/d7eec3d2-77ab-413a-9609-ccb8d4124108","ms":11.082777,"status":200,"ip":"***HIDDEN***","xRequestID":"7ed01a89-6782-4cca-ab72-c39ea81f8a78","size":31,"xForwardedFor":["***HIDDEN***,***HIDDEN***"],"userAgent":["Mozilla/5.0 (Macintosh; Intel Mac OS X 10_15_7) AppleWebKit/537.36 (KHTML, like Gecko) Chrome/***HIDDEN*** Safari/537.36"],"time":"2023-11-21T16:01:48Z","message":"request"}
{"level":"info","method":"GET","path":"/execution-contexts/9043c21d-150c-4de1-bee5-7e992ebd922d","ms":12.364971,"status":200,"ip":"***HIDDEN***","xRequestID":"01debb4b-04df-47e3-b3dd-cc519ebd0ae6","size":27,"xForwardedFor":[],"userAgent":["axios/0.21.4"],"time":"2023-11-21T16:01:51Z","message":"request"}
{"level":"info","method":"GET","path":"/execution-contexts/d7eec3d2-77ab-413a-9609-ccb8d4124108","ms":12.37019,"status":200,"ip":"***HIDDEN***","xRequestID":"cfb1a87e-7b49-44a7-a1f9-d665b19a8f8d","size":31,"xForwardedFor":[],"userAgent":["axios/0.21.4"],"time":"2023-11-21T16:01:51Z","message":"request"}
{"level":"info","method":"GET","path":"/execution-contexts/d7eec3d2-77ab-413a-9609-ccb8d4124108","ms":16.855065,"status":200,"ip":"***HIDDEN***","xRequestID":"d051321f-4bef-46ee-89b1-585c759998e1","size":31,"xForwardedFor":[],"userAgent":["axios/0.21.4"],"time":"2023-11-21T16:01:54Z","message":"request"}
{"level":"info","method":"GET","path":"/execution-contexts/9043c21d-150c-4de1-bee5-7e992ebd922d","ms":17.206406,"status":200,"ip":"***HIDDEN***","xRequestID":"eaa7151f-f3bd-49a9-85c2-446cb9f25792","size":27,"xForwardedFor":[],"userAgent":["axios/0.21.4"],"time":"2023-11-21T16:01:54Z","message":"request"}
{"level":"info","method":"GET","path":"/execution-contexts/9043c21d-150c-4de1-bee5-7e992ebd922d","ms":13.004843,"status":200,"ip":"***HIDDEN***","xRequestID":"b0a6acd1-1b16-4696-9d76-1f821df115e9","size":27,"xForwardedFor":[],"userAgent":["axios/0.21.4"],"time":"2023-11-21T16:01:57Z","message":"request"}
{"level":"info","method":"GET","path":"/execution-contexts/d7eec3d2-77ab-413a-9609-ccb8d4124108","ms":12.029458,"status":200,"ip":"***HIDDEN***","xRequestID":"0d99486f-8201-42fb-a4e3-f94e1e2f1f72","size":31,"xForwardedFor":[],"userAgent":["axios/0.21.4"],"time":"2023-11-21T16:01:57Z","message":"request"}
{"level":"info","method":"GET","path":"/execution-contexts/d7eec3d2-77ab-413a-9609-ccb8d4124108","ms":12.972744,"status":200,"ip":"***HIDDEN***","xRequestID":"2638a201-6a53-4bb3-b039-c5b973e4f590","size":31,"xForwardedFor":[],"userAgent":["axios/0.21.4"],"time":"2023-11-21T16:02:00Z","message":"request"}
{"level":"info","method":"GET","path":"/execution-contexts/9043c21d-150c-4de1-bee5-7e992ebd922d","ms":13.156723,"status":200,"ip":"***HIDDEN***","xRequestID":"fed4957f-6f38-4550-b321-9ac77044f45b","size":27,"xForwardedFor":[],"userAgent":["axios/0.21.4"],"time":"2023-11-21T16:02:00Z","message":"request"}
{"level":"info","method":"GET","path":"/execution-contexts/d7eec3d2-77ab-413a-9609-ccb8d4124108","ms":12.776374,"status":200,"ip":"***HIDDEN***","xRequestID":"2a4e4779-a83b-4bdb-8959-404c4b017667","size":31,"xForwardedFor":[],"userAgent":["axios/0.21.4"],"time":"2023-11-21T16:02:03Z","message":"request"}
{"level":"info","method":"GET","path":"/execution-contexts/9043c21d-150c-4de1-bee5-7e992ebd922d","ms":13.01319,"status":200,"ip":"***HIDDEN***","xRequestID":"e706c619-c90f-4370-a714-123e6b20e104","size":27,"xForwardedFor":[],"userAgent":["axios/0.21.4"],"time":"2023-11-21T16:02:03Z","message":"request"}
{"level":"info","method":"GET","path":"/execution-contexts/9043c21d-150c-4de1-bee5-7e992ebd922d","ms":15.85224,"status":200,"ip":"***HIDDEN***","xRequestID":"752cd7ec-bd42-42c2-b697-98a43c337ede","size":27,"xForwardedFor":[],"userAgent":["axios/0.21.4"],"time":"2023-11-21T16:02:07Z","message":"request"}
{"level":"info","method":"GET","path":"/execution-contexts/d7eec3d2-77ab-413a-9609-ccb8d4124108","ms":15.753803,"status":200,"ip":"***HIDDEN***","xRequestID":"e4aace8d-98cc-4ab1-850d-44ba9ad3cf95","size":31,"xForwardedFor":[],"userAgent":["axios/0.21.4"],"time":"2023-11-21T16:02:07Z","message":"request"}
{"level":"info","method":"GET","path":"/execution-contexts/d7eec3d2-77ab-413a-9609-ccb8d4124108","ms":11.559613,"status":200,"ip":"***HIDDEN***","xRequestID":"a1b06dc1-fd58-49ed-85d0-cbbc4bd9da1d","size":31,"xForwardedFor":[],"userAgent":["axios/0.21.4"],"time":"2023-11-21T16:02:10Z","message":"request"}
{"level":"info","method":"GET","path":"/execution-contexts/9043c21d-150c-4de1-bee5-7e992ebd922d","ms":12.438164,"status":200,"ip":"***HIDDEN***","xRequestID":"bc742a24-4809-4455-9ec4-7c5b64b94942","size":27,"xForwardedFor":[],"userAgent":["axios/0.21.4"],"time":"2023-11-21T16:02:10Z","message":"request"}
{"level":"info","method":"GET","path":"/execution-contexts/d7eec3d2-77ab-413a-9609-ccb8d4124108","ms":11.641111,"status":200,"ip":"***HIDDEN***","xRequestID":"c4001446-fb05-4785-bcd6-aa9dce1ef31b","size":31,"xForwardedFor":[],"userAgent":["axios/0.21.4"],"time":"2023-11-21T16:02:13Z","message":"request"}
{"level":"info","method":"GET","path":"/execution-contexts/9043c21d-150c-4de1-bee5-7e992ebd922d","ms":11.833731,"status":200,"ip":"***HIDDEN***","xRequestID":"27039df7-631c-4783-a1a1-76d68a4693cc","size":27,"xForwardedFor":[],"userAgent":["axios/0.21.4"],"time":"2023-11-21T16:02:13Z","message":"request"}
{"level":"info","method":"GET","path":"/execution-contexts/d7eec3d2-77ab-413a-9609-ccb8d4124108","ms":14.033161,"status":200,"ip":"***HIDDEN***","xRequestID":"449c090f-4fc5-4c33-b295-f557cd627a9b","size":31,"xForwardedFor":[],"userAgent":["axios/0.21.4"],"time":"2023-11-21T16:02:16Z","message":"request"}
{"level":"info","method":"GET","path":"/execution-contexts/9043c21d-150c-4de1-bee5-7e992ebd922d","ms":14.196911,"status":200,"ip":"***HIDDEN***","xRequestID":"9d4c3a19-7e7a-4247-af6e-d3aa61b9333f","size":27,"xForwardedFor":[],"userAgent":["axios/0.21.4"],"time":"2023-11-21T16:02:16Z","message":"request"}
{"level":"info","method":"GET","path":"/execution-contexts/9043c21d-150c-4de1-bee5-7e992ebd922d","ms":13.401533,"status":200,"ip":"***HIDDEN***","xRequestID":"df16e316-33e5-49b2-8115-245e7409516e","size":27,"xForwardedFor":[],"userAgent":["axios/0.21.4"],"time":"2023-11-21T16:02:19Z","message":"request"}
{"level":"info","method":"GET","path":"/execution-contexts/d7eec3d2-77ab-413a-9609-ccb8d4124108","ms":13.275757,"status":200,"ip":"***HIDDEN***","xRequestID":"8353abac-d0df-4e95-a1fa-d7b518ac1e3c","size":31,"xForwardedFor":[],"userAgent":["axios/0.21.4"],"time":"2023-11-21T16:02:19Z","message":"request"}
{"level":"info","method":"GET","path":"/execution-contexts/9043c21d-150c-4de1-bee5-7e992ebd922d","ms":14.733976,"status":200,"ip":"***HIDDEN***","xRequestID":"a7bcf269-f2de-4fc1-ad4f-7fb520c805ae","size":27,"xForwardedFor":[],"userAgent":["axios/0.21.4"],"time":"2023-11-21T16:02:22Z","message":"request"}
{"level":"info","method":"GET","path":"/execution-contexts/d7eec3d2-77ab-413a-9609-ccb8d4124108","ms":14.742764,"status":200,"ip":"***HIDDEN***","xRequestID":"01d52eee-ccfb-418f-837e-afe82a8ffd4d","size":31,"xForwardedFor":[],"userAgent":["axios/0.21.4"],"time":"2023-11-21T16:02:22Z","message":"request"}
{"level":"info","method":"GET","path":"/execution-contexts/9043c21d-150c-4de1-bee5-7e992ebd922d","ms":13.891352,"status":200,"ip":"***HIDDEN***","xRequestID":"6b8a7145-6185-448e-8a36-97f379bb34ca","size":27,"xForwardedFor":[],"userAgent":["axios/0.21.4"],"time":"2023-11-21T16:02:25Z","message":"request"}
{"level":"info","method":"GET","path":"/execution-contexts/d7eec3d2-77ab-413a-9609-ccb8d4124108","ms":13.883026,"status":200,"ip":"***HIDDEN***","xRequestID":"defe5f3d-2ac4-4145-b80b-ca7c0584b71d","size":31,"xForwardedFor":[],"userAgent":["axios/0.21.4"],"time":"2023-11-21T16:02:25Z","message":"request"}
{"level":"info","method":"GET","path":"/execution-contexts/9043c21d-150c-4de1-bee5-7e992ebd922d","ms":12.926983,"status":200,"ip":"***HIDDEN***","xRequestID":"7fbe2fc8-93f0-41c5-9c83-7199332beb88","size":27,"xForwardedFor":[],"userAgent":["axios/0.21.4"],"time":"2023-11-21T16:02:28Z","message":"request"}
{"level":"info","method":"GET","path":"/execution-contexts/d7eec3d2-77ab-413a-9609-ccb8d4124108","ms":12.574931,"status":200,"ip":"***HIDDEN***","xRequestID":"e79d0cf2-4f34-4a93-a0df-a8b6ba25d012","size":31,"xForwardedFor":[],"userAgent":["axios/0.21.4"],"time":"2023-11-21T16:02:28Z","message":"request"}
{"level":"info","method":"GET","path":"/execution-contexts/d7eec3d2-77ab-413a-9609-ccb8d4124108","ms":12.970623,"status":200,"ip":"***HIDDEN***","xRequestID":"c6a7aa55-5f26-4e5c-9a42-68421c0bff4e","size":31,"xForwardedFor":[],"userAgent":["axios/0.21.4"],"time":"2023-11-21T16:02:31Z","message":"request"}
{"level":"info","method":"GET","path":"/execution-contexts/9043c21d-150c-4de1-bee5-7e992ebd922d","ms":13.005011,"status":200,"ip":"***HIDDEN***","xRequestID":"b81dfbbe-cb3f-4a6d-8c5e-935c12214fdc","size":27,"xForwardedFor":[],"userAgent":["axios/0.21.4"],"time":"2023-11-21T16:02:31Z","message":"request"}
{"level":"info","method":"GET","path":"/execution-contexts/d7eec3d2-77ab-413a-9609-ccb8d4124108","ms":13.834061,"status":200,"ip":"***HIDDEN***","xRequestID":"65de2394-7951-48e3-8931-30c04ad462b9","size":31,"xForwardedFor":[],"userAgent":["axios/0.21.4"],"time":"2023-11-21T16:02:34Z","message":"request"}
{"level":"info","method":"GET","path":"/execution-contexts/9043c21d-150c-4de1-bee5-7e992ebd922d","ms":14.12363,"status":200,"ip":"***HIDDEN***","xRequestID":"62851154-3be6-4441-a9eb-582d202b0300","size":27,"xForwardedFor":[],"userAgent":["axios/0.21.4"],"time":"2023-11-21T16:02:34Z","message":"request"}
{"level":"info","method":"GET","path":"/execution-contexts/9043c21d-150c-4de1-bee5-7e992ebd922d","ms":13.533537,"status":200,"ip":"***HIDDEN***","xRequestID":"346f186c-bd74-454a-b982-d44db7960bbe","size":27,"xForwardedFor":[],"userAgent":["axios/0.21.4"],"time":"2023-11-21T16:02:37Z","message":"request"}
{"level":"info","method":"GET","path":"/execution-contexts/d7eec3d2-77ab-413a-9609-ccb8d4124108","ms":13.660827,"status":200,"ip":"***HIDDEN***","xRequestID":"5f0f1616-dde9-4bba-95d7-27f5fdf3c48c","size":31,"xForwardedFor":[],"userAgent":["axios/0.21.4"],"time":"2023-11-21T16:02:37Z","message":"request"}
{"level":"info","method":"GET","path":"/execution-contexts/9043c21d-150c-4de1-bee5-7e992ebd922d","ms":12.552164,"status":200,"ip":"***HIDDEN***","xRequestID":"ae51220a-739f-4e33-9561-1be7eab52e84","size":27,"xForwardedFor":[],"userAgent":["axios/0.21.4"],"time":"2023-11-21T16:02:40Z","message":"request"}
{"level":"info","method":"GET","path":"/execution-contexts/d7eec3d2-77ab-413a-9609-ccb8d4124108","ms":11.932314,"status":200,"ip":"***HIDDEN***","xRequestID":"1ec95085-128e-4cd8-a5cb-223306d358d8","size":31,"xForwardedFor":[],"userAgent":["axios/0.21.4"],"time":"2023-11-21T16:02:40Z","message":"request"}
{"level":"info","method":"GET","path":"/execution-contexts/d7eec3d2-77ab-413a-9609-ccb8d4124108","ms":13.153776,"status":200,"ip":"***HIDDEN***","xRequestID":"a0f904d0-8cd4-4cb9-a7a9-4f7bfa753ca9","size":31,"xForwardedFor":[],"userAgent":["axios/0.21.4"],"time":"2023-11-21T16:02:44Z","message":"request"}
{"level":"info","method":"GET","path":"/execution-contexts/9043c21d-150c-4de1-bee5-7e992ebd922d","ms":13.275256,"status":200,"ip":"***HIDDEN***","xRequestID":"839846fb-2760-4393-b8e9-89a2e357eb7b","size":27,"xForwardedFor":[],"userAgent":["axios/0.21.4"],"time":"2023-11-21T16:02:44Z","message":"request"}
{"level":"info","method":"GET","path":"/execution-contexts/d7eec3d2-77ab-413a-9609-ccb8d4124108","ms":12.666938,"status":200,"ip":"***HIDDEN***","xRequestID":"579a99a0-bfd6-4a3e-acea-c08849e32e9c","size":31,"xForwardedFor":[],"userAgent":["axios/0.21.4"],"time":"2023-11-21T16:02:47Z","message":"request"}
{"level":"info","method":"GET","path":"/execution-contexts/9043c21d-150c-4de1-bee5-7e992ebd922d","ms":12.821379,"status":200,"ip":"***HIDDEN***","xRequestID":"165f6a93-db1f-4b70-b900-1921fdbcdcbb","size":27,"xForwardedFor":[],"userAgent":["axios/0.21.4"],"time":"2023-11-21T16:02:47Z","message":"request"}
{"level":"info","method":"GET","path":"/execution-contexts/d7eec3d2-77ab-413a-9609-ccb8d4124108","ms":13.072731,"status":200,"ip":"***HIDDEN***","xRequestID":"26b591f1-c40c-48c9-a99d-88cf9f1a702c","size":31,"xForwardedFor":[],"userAgent":["axios/0.21.4"],"time":"2023-11-21T16:02:50Z","message":"request"}
{"level":"info","method":"GET","path":"/execution-contexts/9043c21d-150c-4de1-bee5-7e992ebd922d","ms":13.289146,"status":200,"ip":"***HIDDEN***","xRequestID":"b69dd13f-8da4-46e2-90cd-274fc7926cec","size":27,"xForwardedFor":[],"userAgent":["axios/0.21.4"],"time":"2023-11-21T16:02:50Z","message":"request"}
{"level":"info","method":"GET","path":"/execution-contexts/9043c21d-150c-4de1-bee5-7e992ebd922d","ms":12.387506,"status":200,"ip":"***HIDDEN***","xRequestID":"a4f74b03-ff1a-9c61-b1db-2030cfea0c29","size":27,"xForwardedFor":[],"userAgent":["axios/0.21.4"],"time":"2023-11-21T16:02:53Z","message":"request"}
{"level":"info","method":"GET","path":"/execution-contexts/d7eec3d2-77ab-413a-9609-ccb8d4124108","ms":11.433336,"status":200,"ip":"***HIDDEN***","xRequestID":"589ceea9-2225-4cde-96c4-a8e2b94c8c64","size":31,"xForwardedFor":[],"userAgent":["axios/0.21.4"],"time":"2023-11-21T16:02:53Z","message":"request"}
{"level":"info","method":"GET","path":"/execution-contexts/d7eec3d2-77ab-413a-9609-ccb8d4124108","ms":12.236067,"status":200,"ip":"***HIDDEN***","xRequestID":"25677ba3-272e-4f38-97aa-7f28e83d88b2","size":31,"xForwardedFor":[],"userAgent":["axios/0.21.4"],"time":"2023-11-21T16:02:56Z","message":"request"}
{"level":"info","method":"GET","path":"/execution-contexts/9043c21d-150c-4de1-bee5-7e992ebd922d","ms":12.40447,"status":200,"ip":"***HIDDEN***","xRequestID":"25013475-bce4-47ec-b2aa-9ed3c235b894","size":27,"xForwardedFor":[],"userAgent":["axios/0.21.4"],"time":"2023-11-21T16:02:56Z","message":"request"}
{"level":"info","method":"GET","path":"/execution-contexts/9043c21d-150c-4de1-bee5-7e992ebd922d","ms":15.397132,"status":200,"ip":"***HIDDEN***","xRequestID":"84035370-8474-4816-a1f4-5689718247be","size":27,"xForwardedFor":[],"userAgent":["axios/0.21.4"],"time":"2023-11-21T16:02:59Z","message":"request"}
{"level":"info","method":"GET","path":"/execution-contexts/d7eec3d2-77ab-413a-9609-ccb8d4124108","ms":15.06824,"status":200,"ip":"***HIDDEN***","xRequestID":"e9a585cb-3d31-41d1-ad00-69046f5463a4","size":31,"xForwardedFor":[],"userAgent":["axios/0.21.4"],"time":"2023-11-21T16:02:59Z","message":"request"}
{"level":"info","method":"GET","path":"/execution-contexts/9043c21d-150c-4de1-bee5-7e992ebd922d","ms":12.517821,"status":200,"ip":"***HIDDEN***","xRequestID":"1c06b93f-53a2-4e50-9b65-6ee38b3997fe","size":27,"xForwardedFor":[],"userAgent":["axios/0.21.4"],"time":"2023-11-21T16:03:02Z","message":"request"}
{"level":"info","method":"GET","path":"/execution-contexts/d7eec3d2-77ab-413a-9609-ccb8d4124108","ms":12.325093,"status":200,"ip":"***HIDDEN***","xRequestID":"5ff05339-c087-493f-ad67-dc920775c510","size":31,"xForwardedFor":[],"userAgent":["axios/0.21.4"],"time":"2023-11-21T16:03:02Z","message":"request"}
{"level":"info","method":"GET","path":"/execution-contexts/d7eec3d2-77ab-413a-9609-ccb8d4124108","ms":12.853445,"status":200,"ip":"***HIDDEN***","xRequestID":"5d11636a-15b5-48f9-bdff-65b3f9403bc5","size":31,"xForwardedFor":[],"userAgent":["axios/0.21.4"],"time":"2023-11-21T16:03:05Z","message":"request"}
{"level":"info","method":"GET","path":"/execution-contexts/9043c21d-150c-4de1-bee5-7e992ebd922d","ms":13.441436,"status":200,"ip":"***HIDDEN***","xRequestID":"9c44a855-392e-4787-9b48-4a5db1e073ea","size":27,"xForwardedFor":[],"userAgent":["axios/0.21.4"],"time":"2023-11-21T16:03:05Z","message":"request"}
{"level":"info","method":"GET","path":"/execution-contexts/9043c21d-150c-4de1-bee5-7e992ebd922d","ms":13.286358,"status":200,"ip":"***HIDDEN***","xRequestID":"eabb8297-4234-4347-9990-4307fb3a6dfa","size":27,"xForwardedFor":[],"userAgent":["axios/0.21.4"],"time":"2023-11-21T16:03:08Z","message":"request"}
{"level":"info","method":"GET","path":"/execution-contexts/d7eec3d2-77ab-413a-9609-ccb8d4124108","ms":13.339468,"status":200,"ip":"***HIDDEN***","xRequestID":"2d5654cc-d91d-4fa0-8439-4088c20de257","size":31,"xForwardedFor":[],"userAgent":["axios/0.21.4"],"time":"2023-11-21T16:03:08Z","message":"request"}
{"level":"info","method":"GET","path":"/execution-contexts/d7eec3d2-77ab-413a-9609-ccb8d4124108","ms":12.893895,"status":200,"ip":"***HIDDEN***","xRequestID":"6678a15c-8afa-4234-a03d-e7e8f53aa974","size":31,"xForwardedFor":[],"userAgent":["axios/0.21.4"],"time":"2023-11-21T16:03:11Z","message":"request"}
{"level":"info","method":"GET","path":"/execution-contexts/9043c21d-150c-4de1-bee5-7e992ebd922d","ms":12.945488,"status":200,"ip":"***HIDDEN***","xRequestID":"a3343fbc-7767-40e4-b5ce-7ab0ce5fdc8d","size":27,"xForwardedFor":[],"userAgent":["axios/0.21.4"],"time":"2023-11-21T16:03:11Z","message":"request"}
{"level":"info","method":"GET","path":"/execution-contexts/d7eec3d2-77ab-413a-9609-ccb8d4124108","ms":12.766664,"status":200,"ip":"***HIDDEN***","xRequestID":"ad52c6bc-f91f-473b-ad32-c0df9dba0401","size":31,"xForwardedFor":[],"userAgent":["axios/0.21.4"],"time":"2023-11-21T16:03:14Z","message":"request"}
{"level":"info","method":"GET","path":"/execution-contexts/9043c21d-150c-4de1-bee5-7e992ebd922d","ms":12.805866,"status":200,"ip":"***HIDDEN***","xRequestID":"8bcdbc5e-fed4-45e1-8315-03dd43510e9e","size":27,"xForwardedFor":[],"userAgent":["axios/0.21.4"],"time":"2023-11-21T16:03:14Z","message":"request"}
{"level":"info","method":"GET","path":"/execution-contexts/d7eec3d2-77ab-413a-9609-ccb8d4124108","ms":11.5384,"status":200,"ip":"***HIDDEN***","xRequestID":"5129028a-98b4-41b3-912b-db8985b4d4f4","size":31,"xForwardedFor":[],"userAgent":["axios/0.21.4"],"time":"2023-11-21T16:03:17Z","message":"request"}
{"level":"info","method":"GET","path":"/execution-contexts/9043c21d-150c-4de1-bee5-7e992ebd922d","ms":11.774792,"status":200,"ip":"***HIDDEN***","xRequestID":"e75e8a9d-1fe3-4d93-9a22-1412c58474b8","size":27,"xForwardedFor":[],"userAgent":["axios/0.21.4"],"time":"2023-11-21T16:03:17Z","message":"request"}
{"level":"info","method":"PUT","path":"/execution-contexts/d7eec3d2-77ab-413a-9609-ccb8d4124108/stop","ms":22.300862,"status":200,"ip":"***HIDDEN***","xRequestID":"069c558a-9d92-4b63-9eed-46c170e58da2","size":-1,"xForwardedFor":["***HIDDEN***,***HIDDEN***"],"userAgent":["Mozilla/5.0 (Macintosh; Intel Mac OS X 10_15_7) AppleWebKit/537.36 (KHTML, like Gecko) Chrome/***HIDDEN*** Safari/537.36"],"time":"2023-11-21T16:03:20Z","message":"request"}
{"level":"info","method":"GET","path":"/execution-contexts/d7eec3d2-77ab-413a-9609-ccb8d4124108","ms":12.297712,"status":200,"ip":"***HIDDEN***","xRequestID":"8748efa7-0c16-4e40-bada-cab4456eff45","size":27,"xForwardedFor":["***HIDDEN***,***HIDDEN***"],"userAgent":["Mozilla/5.0 (Macintosh; Intel Mac OS X 10_15_7) AppleWebKit/537.36 (KHTML, like Gecko) Chrome/***HIDDEN*** Safari/537.36"],"time":"2023-11-21T16:03:20Z","message":"request"}
{"level":"info","method":"GET","path":"/execution-contexts/9043c21d-150c-4de1-bee5-7e992ebd922d","ms":12.337553,"status":200,"ip":"***HIDDEN***","xRequestID":"d32db843-d619-4462-ae5d-7fd7e8ca3f4d","size":27,"xForwardedFor":[],"userAgent":["axios/0.21.4"],"time":"2023-11-21T16:03:21Z","message":"request"}
{"level":"info","method":"GET","path":"/execution-contexts/d7eec3d2-77ab-413a-9609-ccb8d4124108","ms":12.277017,"status":200,"ip":"***HIDDEN***","xRequestID":"2a5912ce-abfe-4e96-b780-856bfaece233","size":27,"xForwardedFor":[],"userAgent":["axios/0.21.4"],"time":"2023-11-21T16:03:21Z","message":"request"}
{"level":"info","method":"GET","path":"/execution-contexts/9043c21d-150c-4de1-bee5-7e992ebd922d","ms":12.138069,"status":200,"ip":"***HIDDEN***","xRequestID":"cd15b0cb-c853-4a19-96ba-7baf4c4ab381","size":27,"xForwardedFor":[],"userAgent":["axios/0.21.4"],"time":"2023-11-21T16:03:24Z","message":"request"}
{"level":"info","method":"GET","path":"/execution-contexts/d7eec3d2-77ab-413a-9609-ccb8d4124108","ms":11.969866,"status":200,"ip":"***HIDDEN***","xRequestID":"1dd4ec26-2a62-46e0-bc73-82990f6818e1","size":27,"xForwardedFor":[],"userAgent":["axios/0.21.4"],"time":"2023-11-21T16:03:24Z","message":"request"}
{"level":"info","method":"GET","path":"/execution-contexts/d7eec3d2-77ab-413a-9609-ccb8d4124108","ms":12.931129,"status":200,"ip":"***HIDDEN***","xRequestID":"4749f54e-1554-43b2-a3b7-78c29e6ac1d1","size":27,"xForwardedFor":[],"userAgent":["axios/0.21.4"],"time":"2023-11-21T16:03:27Z","message":"request"}
{"level":"info","method":"GET","path":"/execution-contexts/9043c21d-150c-4de1-bee5-7e992ebd922d","ms":12.840547,"status":200,"ip":"***HIDDEN***","xRequestID":"25318763-e1b2-4142-bc70-8f7f9426fa5b","size":27,"xForwardedFor":[],"userAgent":["axios/0.21.4"],"time":"2023-11-21T16:03:27Z","message":"request"}
{"level":"info","method":"GET","path":"/execution-contexts/9043c21d-150c-4de1-bee5-7e992ebd922d","ms":12.388263,"status":200,"ip":"***HIDDEN***","xRequestID":"f49b3970-fed9-4162-9e01-8afc8385a745","size":27,"xForwardedFor":[],"userAgent":["axios/0.21.4"],"time":"2023-11-21T16:03:30Z","message":"request"}
{"level":"info","method":"GET","path":"/execution-contexts/d7eec3d2-77ab-413a-9609-ccb8d4124108","ms":12.421475,"status":200,"ip":"***HIDDEN***","xRequestID":"a65fd85d-01b9-45da-b2c7-6747697ef42c","size":27,"xForwardedFor":[],"userAgent":["axios/0.21.4"],"time":"2023-11-21T16:03:30Z","message":"request"}
{"level":"info","method":"GET","path":"/execution-contexts/9043c21d-150c-4de1-bee5-7e992ebd922d","ms":11.931854,"status":200,"ip":"***HIDDEN***","xRequestID":"638602a8-2275-4ec2-9189-0e9b082c0658","size":27,"xForwardedFor":[],"userAgent":["axios/0.21.4"],"time":"2023-11-21T16:03:33Z","message":"request"}
{"level":"info","executionContextID":"d7eec3d2-77ab-413a-9609-ccb8d4124108","executionContext":{"ApiVersion":"hub.knime.com/v1alpha1","Kind":"ExecutionContext","Metadata":{"Name":"d7eec3d2-77ab-413a-9609-ccb8d4124108","Namespace":"hub-execution","ResourceVersion":"762231","Uid":"4cf8922c-f98f-4505-a2b9-1da51063074e"},"Spec":{"EnablementStatus":"GracefullyStopped","AutoStart":{"Enabled":false},"AutoStop":{"Enabled":false,"IdleTime":"PT10M"},"Executor":{"ReplicaCount":1}},"Status":{"GeneralStatus":"Stopped","RunningSince":""}},"time":"2023-11-21T16:03:34Z","message":"auto-start: removing from ECs monitored by autoStart"}
{"level":"info","executionContextID":"d7eec3d2-77ab-413a-9609-ccb8d4124108","executionContext":{"ApiVersion":"hub.knime.com/v1alpha1","Kind":"ExecutionContext","Metadata":{"Name":"d7eec3d2-77ab-413a-9609-ccb8d4124108","Namespace":"hub-execution","ResourceVersion":"762231","Uid":"4cf8922c-f98f-4505-a2b9-1da51063074e"},"Spec":{"EnablementStatus":"GracefullyStopped","AutoStart":{"Enabled":false},"AutoStop":{"Enabled":false,"IdleTime":"PT10M"},"Executor":{"ReplicaCount":1}},"Status":{"GeneralStatus":"Stopped","RunningSince":""}},"time":"2023-11-21T16:03:34Z","message":"auto-stop: removing from ECs monitored by autoStop"}
{"level":"info","method":"GET","path":"/execution-contexts/9043c21d-150c-4de1-bee5-7e992ebd922d","ms":11.943016,"status":200,"ip":"***HIDDEN***","xRequestID":"7bb1f458-ab88-4bd4-a375-9a52346850ca","size":27,"xForwardedFor":[],"userAgent":["axios/0.21.4"],"time":"2023-11-21T16:03:36Z","message":"request"}
{"level":"info","method":"GET","path":"/execution-contexts/9043c21d-150c-4de1-bee5-7e992ebd922d","ms":12.678508,"status":200,"ip":"***HIDDEN***","xRequestID":"065dca94-0a6e-995a-b1d1-ba2628e86890","size":27,"xForwardedFor":[],"userAgent":["axios/0.21.4"],"time":"2023-11-21T16:03:39Z","message":"request"}
{"level":"info","method":"GET","path":"/execution-contexts/9043c21d-150c-4de1-bee5-7e992ebd922d","ms":12.902416,"status":200,"ip":"***HIDDEN***","xRequestID":"83d12849-5f01-45ce-adb1-3f64b032f06b","size":27,"xForwardedFor":[],"userAgent":["axios/0.21.4"],"time":"2023-11-21T16:03:42Z","message":"request"}
{"level":"info","method":"GET","path":"/execution-contexts/9043c21d-150c-4de1-bee5-7e992ebd922d","ms":11.716399,"status":200,"ip":"***HIDDEN***","xRequestID":"34df8837-de46-4aa8-86f6-9552bedbf89e","size":27,"xForwardedFor":[],"userAgent":["axios/0.21.4"],"time":"2023-11-21T16:03:45Z","message":"request"}
{"level":"info","method":"GET","path":"/execution-contexts/9043c21d-150c-4de1-bee5-7e992ebd922d","ms":11.686594,"status":200,"ip":"***HIDDEN***","xRequestID":"9ee5cc1c-5ba6-413b-98d5-6e9b1f423954","size":27,"xForwardedFor":[],"userAgent":["axios/0.21.4"],"time":"2023-11-21T16:03:48Z","message":"request"}
{"level":"info","method":"GET","path":"/execution-contexts/9043c21d-150c-4de1-bee5-7e992ebd922d","ms":11.299044,"status":200,"ip":"***HIDDEN***","xRequestID":"73549671-877a-4f35-866b-c8a22b315ced","size":27,"xForwardedFor":[],"userAgent":["axios/0.21.4"],"time":"2023-11-21T16:03:51Z","message":"request"}
{"level":"info","method":"GET","path":"/execution-contexts/9043c21d-150c-4de1-bee5-7e992ebd922d","ms":12.099778,"status":200,"ip":"***HIDDEN***","xRequestID":"fc6f5571-9852-4b53-afda-4847500e4ff3","size":27,"xForwardedFor":[],"userAgent":["axios/0.21.4"],"time":"2023-11-21T16:03:54Z","message":"request"}
{"level":"info","method":"GET","path":"/execution-contexts/9043c21d-150c-4de1-bee5-7e992ebd922d","ms":11.854184,"status":200,"ip":"***HIDDEN***","xRequestID":"0a5505e6-2bcd-41b8-8abf-a483a56bbbf2","size":27,"xForwardedFor":[],"userAgent":["axios/0.21.4"],"time":"2023-11-21T16:03:58Z","message":"request"}
{"level":"info","method":"GET","path":"/execution-contexts/9043c21d-150c-4de1-bee5-7e992ebd922d","ms":39.196419,"status":200,"ip":"***HIDDEN***","xRequestID":"bb9c1b61-6d59-9a74-8486-681dc5742344","size":27,"xForwardedFor":[],"userAgent":["axios/0.21.4"],"time":"2023-11-21T16:04:01Z","message":"request"}
{"level":"info","method":"GET","path":"/execution-contexts/9043c21d-150c-4de1-bee5-7e992ebd922d","ms":11.654193,"status":200,"ip":"***HIDDEN***","xRequestID":"ffedb382-5b83-4263-b6b4-9e52bfb16f1a","size":27,"xForwardedFor":[],"userAgent":["axios/0.21.4"],"time":"2023-11-21T16:04:04Z","message":"request"}
{"level":"info","method":"GET","path":"/execution-contexts/9043c21d-150c-4de1-bee5-7e992ebd922d","ms":12.296153,"status":200,"ip":"***HIDDEN***","xRequestID":"8784cf67-4d38-4197-b270-7eb97d5845f5","size":27,"xForwardedFor":[],"userAgent":["axios/0.21.4"],"time":"2023-11-21T16:04:07Z","message":"request"}
{"level":"info","method":"GET","path":"/execution-contexts/9043c21d-150c-4de1-bee5-7e992ebd922d","ms":12.704021,"status":200,"ip":"***HIDDEN***","xRequestID":"7adb2e45-8f37-4515-880d-6797938a7b74","size":27,"xForwardedFor":[],"userAgent":["axios/0.21.4"],"time":"2023-11-21T16:04:10Z","message":"request"}
{"level":"info","method":"GET","path":"/execution-contexts/9043c21d-150c-4de1-bee5-7e992ebd922d","ms":13.294578,"status":200,"ip":"***HIDDEN***","xRequestID":"abc30ca7-26e2-4588-95f9-aa904001d6ef","size":27,"xForwardedFor":[],"userAgent":["axios/0.21.4"],"time":"2023-11-21T16:04:13Z","message":"request"}
{"level":"info","method":"GET","path":"/execution-contexts/9043c21d-150c-4de1-bee5-7e992ebd922d","ms":12.11526,"status":200,"ip":"***HIDDEN***","xRequestID":"1164f7ad-63c3-4ab1-835f-64df4c12ebe2","size":27,"xForwardedFor":[],"userAgent":["axios/0.21.4"],"time":"2023-11-21T16:04:16Z","message":"request"}
{"level":"info","method":"GET","path":"/execution-contexts/9043c21d-150c-4de1-bee5-7e992ebd922d","ms":11.747975,"status":200,"ip":"***HIDDEN***","xRequestID":"c3211a3d-6045-4d92-94da-2b8ca9b0b3c7","size":27,"xForwardedFor":[],"userAgent":["axios/0.21.4"],"time":"2023-11-21T16:04:19Z","message":"request"}
{"level":"info","method":"GET","path":"/execution-contexts/9043c21d-150c-4de1-bee5-7e992ebd922d","ms":11.797055,"status":200,"ip":"***HIDDEN***","xRequestID":"fa473f4a-2c44-4972-94bc-25179d51de04","size":27,"xForwardedFor":[],"userAgent":["axios/0.21.4"],"time":"2023-11-21T16:04:22Z","message":"request"}
{"level":"info","method":"GET","path":"/execution-contexts/9043c21d-150c-4de1-bee5-7e992ebd922d","ms":11.441967,"status":200,"ip":"***HIDDEN***","xRequestID":"ef684b68-91d1-4311-a80e-890378584655","size":27,"xForwardedFor":[],"userAgent":["axios/0.21.4"],"time":"2023-11-21T16:04:25Z","message":"request"}
{"level":"info","method":"GET","path":"/execution-contexts/9043c21d-150c-4de1-bee5-7e992ebd922d","ms":11.471142,"status":200,"ip":"***HIDDEN***","xRequestID":"4329d8d8-f6ea-47fb-9287-e0094b268f41","size":27,"xForwardedFor":[],"userAgent":["axios/0.21.4"],"time":"2023-11-21T16:04:28Z","message":"request"}
{"level":"info","method":"GET","path":"/execution-contexts/9043c21d-150c-4de1-bee5-7e992ebd922d","ms":12.273965,"status":200,"ip":"***HIDDEN***","xRequestID":"e2f3f1c6-3b62-4c4f-bf9b-d283c9898ada","size":27,"xForwardedFor":[],"userAgent":["axios/0.21.4"],"time":"2023-11-21T16:04:31Z","message":"request"}
{"level":"info","method":"GET","path":"/execution-contexts/9043c21d-150c-4de1-bee5-7e992ebd922d","ms":11.300639,"status":200,"ip":"***HIDDEN***","xRequestID":"5a2e6b64-9016-4a59-8cff-e4637bf61104","size":27,"xForwardedFor":[],"userAgent":["axios/0.21.4"],"time":"2023-11-21T16:04:35Z","message":"request"}
{"level":"info","method":"GET","path":"/execution-contexts/9043c21d-150c-4de1-bee5-7e992ebd922d","ms":11.825187,"status":200,"ip":"***HIDDEN***","xRequestID":"a7cb4182-78c3-4602-ba60-e27b0ee9fcbe","size":27,"xForwardedFor":[],"userAgent":["axios/0.21.4"],"time":"2023-11-21T16:04:38Z","message":"request"}
{"level":"info","method":"GET","path":"/execution-contexts/9043c21d-150c-4de1-bee5-7e992ebd922d","ms":11.71326,"status":200,"ip":"***HIDDEN***","xRequestID":"aaf9ad5c-48b0-4680-a9eb-43cc3710d29b","size":27,"xForwardedFor":[],"userAgent":["axios/0.21.4"],"time":"2023-11-21T16:04:41Z","message":"request"}
{"level":"info","method":"GET","path":"/execution-contexts/9043c21d-150c-4de1-bee5-7e992ebd922d","ms":14.101579,"status":200,"ip":"***HIDDEN***","xRequestID":"f4dec93a-dafa-4ce5-b725-da3b9633042d","size":27,"xForwardedFor":[],"userAgent":["axios/0.21.4"],"time":"2023-11-21T16:04:44Z","message":"request"}
{"level":"info","method":"GET","path":"/execution-contexts/9043c21d-150c-4de1-bee5-7e992ebd922d","ms":12.585834,"status":200,"ip":"***HIDDEN***","xRequestID":"d63cc0c4-5c0c-4c71-a73e-c5683d4f678a","size":27,"xForwardedFor":[],"userAgent":["axios/0.21.4"],"time":"2023-11-21T16:05:03Z","message":"request"}
{"level":"info","method":"GET","path":"/execution-contexts/9043c21d-150c-4de1-bee5-7e992ebd922d","ms":11.367243,"status":200,"ip":"***HIDDEN***","xRequestID":"e53e97e4-f249-43b6-9dc0-3deaa0f8aaea","size":27,"xForwardedFor":[],"userAgent":["axios/0.21.4"],"time":"2023-11-21T16:05:06Z","message":"request"}
{"level":"info","method":"GET","path":"/execution-contexts/9043c21d-150c-4de1-bee5-7e992ebd922d","ms":11.445393,"status":200,"ip":"***HIDDEN***","xRequestID":"fe78a235-8ff0-407b-bc68-432e2d68304c","size":27,"xForwardedFor":[],"userAgent":["axios/0.21.4"],"time":"2023-11-21T16:05:09Z","message":"request"}
{"level":"info","method":"GET","path":"/execution-contexts/9043c21d-150c-4de1-bee5-7e992ebd922d","ms":11.203071,"status":200,"ip":"***HIDDEN***","xRequestID":"7e1a61a8-3a2d-4121-906c-d6413e1ee1ad","size":27,"xForwardedFor":[],"userAgent":["axios/0.21.4"],"time":"2023-11-21T16:05:12Z","message":"request"}
{"level":"info","method":"GET","path":"/execution-contexts/9043c21d-150c-4de1-bee5-7e992ebd922d","ms":11.841192,"status":200,"ip":"***HIDDEN***","xRequestID":"8601fb4a-57fe-4e04-94fc-c56cd74e8b10","size":27,"xForwardedFor":[],"userAgent":["axios/0.21.4"],"time":"2023-11-21T16:05:15Z","message":"request"}
{"level":"info","method":"GET","path":"/execution-contexts/9043c21d-150c-4de1-bee5-7e992ebd922d","ms":11.564616,"status":200,"ip":"***HIDDEN***","xRequestID":"f58c3935-b261-4786-ab25-cbceb0e5d4e1","size":27,"xForwardedFor":[],"userAgent":["axios/0.21.4"],"time":"2023-11-21T16:05:18Z","message":"request"}
{"level":"info","method":"GET","path":"/execution-contexts/9043c21d-150c-4de1-bee5-7e992ebd922d","ms":12.941303,"status":200,"ip":"***HIDDEN***","xRequestID":"b13c0c2e-5c26-41cc-84c3-a368af543340","size":27,"xForwardedFor":[],"userAgent":["axios/0.21.4"],"time":"2023-11-21T16:05:21Z","message":"request"}
{"level":"info","method":"GET","path":"/execution-contexts/9043c21d-150c-4de1-bee5-7e992ebd922d","ms":13.033744,"status":200,"ip":"***HIDDEN***","xRequestID":"d47c02a5-bea4-408c-b855-4415a62b501d","size":27,"xForwardedFor":[],"userAgent":["axios/0.21.4"],"time":"2023-11-21T16:05:25Z","message":"request"}
{"level":"info","method":"GET","path":"/execution-contexts/9043c21d-150c-4de1-bee5-7e992ebd922d","ms":12.356526,"status":200,"ip":"***HIDDEN***","xRequestID":"f435d304-f5d7-4fbb-90f8-3441dc7bbd01","size":27,"xForwardedFor":[],"userAgent":["axios/0.21.4"],"time":"2023-11-21T16:05:28Z","message":"request"}
{"level":"info","method":"GET","path":"/execution-contexts/9043c21d-150c-4de1-bee5-7e992ebd922d","ms":12.197012,"status":200,"ip":"***HIDDEN***","xRequestID":"132ce547-f55e-4c3d-b88a-2053690cbf23","size":27,"xForwardedFor":[],"userAgent":["axios/0.21.4"],"time":"2023-11-21T16:05:31Z","message":"request"}
{"level":"info","method":"GET","path":"/execution-contexts/31904678-6c80-48b0-a21d-73778e52546a","ms":10.775115,"status":200,"ip":"***HIDDEN***","xRequestID":"9a50da8d-19a0-9364-a255-80730cd0edde","size":31,"xForwardedFor":["***HIDDEN***,***HIDDEN***"],"userAgent":["Mozilla/5.0 (Macintosh; Intel Mac OS X 10_15_7) AppleWebKit/537.36 (KHTML, like Gecko) Chrome/***HIDDEN*** Safari/537.36"],"time":"2023-11-21T16:05:32Z","message":"request"}
{"level":"info","method":"GET","path":"/execution-contexts/9043c21d-150c-4de1-bee5-7e992ebd922d","ms":11.60226,"status":200,"ip":"***HIDDEN***","xRequestID":"3ec6c24c-ad26-4ff5-b7e8-93774da3b35f","size":27,"xForwardedFor":[],"userAgent":["axios/0.21.4"],"time":"2023-11-21T16:05:34Z","message":"request"}
{"level":"info","method":"GET","path":"/execution-contexts/31904678-6c80-48b0-a21d-73778e52546a","ms":14.146994,"status":200,"ip":"***HIDDEN***","xRequestID":"b2d8d54c-84ad-415d-8c4d-ee9acdd6bdb8","size":31,"xForwardedFor":[],"userAgent":["axios/0.21.4"],"time":"2023-11-21T16:05:34Z","message":"request"}
{"level":"info","method":"GET","path":"/execution-contexts/9043c21d-150c-4de1-bee5-7e992ebd922d","ms":12.592179,"status":200,"ip":"***HIDDEN***","xRequestID":"6c839dd0-76d5-44d6-bd65-fd5ad98ce9f7","size":27,"xForwardedFor":[],"userAgent":["axios/0.21.4"],"time":"2023-11-21T16:05:37Z","message":"request"}
{"level":"info","method":"GET","path":"/execution-contexts/31904678-6c80-48b0-a21d-73778e52546a","ms":12.452844,"status":200,"ip":"***HIDDEN***","xRequestID":"34fcee30-e943-4844-8b8d-5c5f03856a50","size":31,"xForwardedFor":[],"userAgent":["axios/0.21.4"],"time":"2023-11-21T16:05:37Z","message":"request"}
{"level":"info","method":"GET","path":"/execution-contexts/9043c21d-150c-4de1-bee5-7e992ebd922d","ms":17.902943,"status":200,"ip":"***HIDDEN***","xRequestID":"0b8f6fb1-c8b7-4498-a8e7-7e97fecf6605","size":27,"xForwardedFor":[],"userAgent":["axios/0.21.4"],"time":"2023-11-21T16:05:40Z","message":"request"}
{"level":"info","method":"GET","path":"/execution-contexts/31904678-6c80-48b0-a21d-73778e52546a","ms":18.614575,"status":200,"ip":"***HIDDEN***","xRequestID":"ab0f600c-fa60-47ee-b688-46c67793ff98","size":31,"xForwardedFor":[],"userAgent":["axios/0.21.4"],"time":"2023-11-21T16:05:40Z","message":"request"}
{"level":"info","method":"GET","path":"/execution-contexts/31904678-6c80-48b0-a21d-73778e52546a","ms":12.011669,"status":200,"ip":"***HIDDEN***","xRequestID":"ac56ddc1-d672-4f67-bb68-9badc353a7f0","size":31,"xForwardedFor":[],"userAgent":["axios/0.21.4"],"time":"2023-11-21T16:05:43Z","message":"request"}
{"level":"info","method":"GET","path":"/execution-contexts/9043c21d-150c-4de1-bee5-7e992ebd922d","ms":12.063593,"status":200,"ip":"***HIDDEN***","xRequestID":"7de1fcd9-40b2-4567-b74f-9c6afed1006e","size":27,"xForwardedFor":[],"userAgent":["axios/0.21.4"],"time":"2023-11-21T16:05:43Z","message":"request"}
{"level":"info","method":"GET","path":"/execution-contexts/9043c21d-150c-4de1-bee5-7e992ebd922d","ms":26.68314,"status":200,"ip":"***HIDDEN***","xRequestID":"e8a5d8b7-1a56-4e4e-9e51-166f73ccfca7","size":27,"xForwardedFor":[],"userAgent":["axios/0.21.4"],"time":"2023-11-21T16:05:46Z","message":"request"}
{"level":"info","method":"GET","path":"/execution-contexts/31904678-6c80-48b0-a21d-73778e52546a","ms":26.731036,"status":200,"ip":"***HIDDEN***","xRequestID":"cf63cd37-e8a1-4b4b-b4b7-f1773fe95225","size":31,"xForwardedFor":[],"userAgent":["axios/0.21.4"],"time":"2023-11-21T16:05:46Z","message":"request"}
{"level":"info","method":"GET","path":"/execution-contexts/9043c21d-150c-4de1-bee5-7e992ebd922d","ms":12.362537,"status":200,"ip":"***HIDDEN***","xRequestID":"2b226a8e-b847-498e-867d-bfc19862703c","size":27,"xForwardedFor":[],"userAgent":["axios/0.21.4"],"time":"2023-11-21T16:05:49Z","message":"request"}
{"level":"info","method":"GET","path":"/execution-contexts/31904678-6c80-48b0-a21d-73778e52546a","ms":13.338159,"status":200,"ip":"***HIDDEN***","xRequestID":"5b340098-2536-4aa1-8fe8-90a42e84737d","size":31,"xForwardedFor":[],"userAgent":["axios/0.21.4"],"time":"2023-11-21T16:05:49Z","message":"request"}
{"level":"info","method":"GET","path":"/execution-contexts/31904678-6c80-48b0-a21d-73778e52546a","ms":11.651219,"status":200,"ip":"***HIDDEN***","xRequestID":"242eface-f61c-4828-9baf-198a51d4928f","size":31,"xForwardedFor":[],"userAgent":["axios/0.21.4"],"time":"2023-11-21T16:05:52Z","message":"request"}
{"level":"info","method":"GET","path":"/execution-contexts/9043c21d-150c-4de1-bee5-7e992ebd922d","ms":12.395039,"status":200,"ip":"***HIDDEN***","xRequestID":"f79e20b2-7ede-4dd2-ac6b-9ae578d1b1cd","size":27,"xForwardedFor":[],"userAgent":["axios/0.21.4"],"time":"2023-11-21T16:05:52Z","message":"request"}
{"level":"info","method":"GET","path":"/execution-contexts/9043c21d-150c-4de1-bee5-7e992ebd922d","ms":12.034487,"status":200,"ip":"***HIDDEN***","xRequestID":"57b62d8d-b7ac-4004-b499-22ffb79dc199","size":27,"xForwardedFor":[],"userAgent":["axios/0.21.4"],"time":"2023-11-21T16:05:55Z","message":"request"}
{"level":"info","method":"GET","path":"/execution-contexts/31904678-6c80-48b0-a21d-73778e52546a","ms":11.952543,"status":200,"ip":"***HIDDEN***","xRequestID":"7a3ff3c2-7eaa-4c52-84ca-a1fc54b0bca5","size":31,"xForwardedFor":[],"userAgent":["axios/0.21.4"],"time":"2023-11-21T16:05:55Z","message":"request"}
{"level":"info","method":"GET","path":"/execution-contexts/31904678-6c80-48b0-a21d-73778e52546a","ms":11.500895,"status":200,"ip":"***HIDDEN***","xRequestID":"2c7b5fd9-ebb7-48c2-8e6c-14eb89b03435","size":31,"xForwardedFor":[],"userAgent":["axios/0.21.4"],"time":"2023-11-21T16:05:59Z","message":"request"}
{"level":"info","method":"GET","path":"/execution-contexts/9043c21d-150c-4de1-bee5-7e992ebd922d","ms":12.378022,"status":200,"ip":"***HIDDEN***","xRequestID":"962198f7-4466-4295-adbb-010ab041649e","size":27,"xForwardedFor":[],"userAgent":["axios/0.21.4"],"time":"2023-11-21T16:05:59Z","message":"request"}
{"level":"info","method":"GET","path":"/execution-contexts/31904678-6c80-48b0-a21d-73778e52546a","ms":12.036047,"status":200,"ip":"***HIDDEN***","xRequestID":"10aa8c6b-31bf-4ad1-af26-663e61124c40","size":31,"xForwardedFor":[],"userAgent":["axios/0.21.4"],"time":"2023-11-21T16:06:02Z","message":"request"}
{"level":"info","method":"GET","path":"/execution-contexts/9043c21d-150c-4de1-bee5-7e992ebd922d","ms":12.853406,"status":200,"ip":"***HIDDEN***","xRequestID":"54e7991f-b150-42df-86fd-5511ebbd8f60","size":27,"xForwardedFor":[],"userAgent":["axios/0.21.4"],"time":"2023-11-21T16:06:02Z","message":"request"}
{"level":"info","method":"GET","path":"/execution-contexts/9043c21d-150c-4de1-bee5-7e992ebd922d","ms":12.705496,"status":200,"ip":"***HIDDEN***","xRequestID":"842540b2-58dd-4103-a824-dc023982cb64","size":27,"xForwardedFor":[],"userAgent":["axios/0.21.4"],"time":"2023-11-21T16:06:05Z","message":"request"}
{"level":"info","method":"GET","path":"/execution-contexts/31904678-6c80-48b0-a21d-73778e52546a","ms":12.57815,"status":200,"ip":"***HIDDEN***","xRequestID":"0c8a617a-148f-4810-bf38-a4280e17fa00","size":31,"xForwardedFor":[],"userAgent":["axios/0.21.4"],"time":"2023-11-21T16:06:05Z","message":"request"}
{"level":"info","method":"GET","path":"/execution-contexts/9043c21d-150c-4de1-bee5-7e992ebd922d","ms":31.359862,"status":200,"ip":"***HIDDEN***","xRequestID":"96f3b568-921f-419f-a48a-8c2a78671756","size":27,"xForwardedFor":[],"userAgent":["axios/0.21.4"],"time":"2023-11-21T16:06:08Z","message":"request"}
{"level":"info","method":"GET","path":"/execution-contexts/31904678-6c80-48b0-a21d-73778e52546a","ms":44.97743,"status":200,"ip":"***HIDDEN***","xRequestID":"e1574f02-147e-4737-a7f6-a1150aac3271","size":31,"xForwardedFor":[],"userAgent":["axios/0.21.4"],"time":"2023-11-21T16:06:08Z","message":"request"}
{"level":"info","method":"GET","path":"/execution-contexts/9043c21d-150c-4de1-bee5-7e992ebd922d","ms":15.530147,"status":200,"ip":"***HIDDEN***","xRequestID":"22b4cb3f-8a83-4cac-b5a0-cb6381715237","size":27,"xForwardedFor":[],"userAgent":["axios/0.21.4"],"time":"2023-11-21T16:06:11Z","message":"request"}
{"level":"info","method":"GET","path":"/execution-contexts/31904678-6c80-48b0-a21d-73778e52546a","ms":15.535975,"status":200,"ip":"***HIDDEN***","xRequestID":"6a87c5a5-7445-40e2-8bdf-7f7a300a55fd","size":31,"xForwardedFor":[],"userAgent":["axios/0.21.4"],"time":"2023-11-21T16:06:11Z","message":"request"}
{"level":"info","method":"GET","path":"/execution-contexts/31904678-6c80-48b0-a21d-73778e52546a","ms":11.66907,"status":200,"ip":"***HIDDEN***","xRequestID":"9e28ba19-870a-41d4-978f-eb9fe08ff125","size":31,"xForwardedFor":[],"userAgent":["axios/0.21.4"],"time":"2023-11-21T16:06:14Z","message":"request"}
{"level":"info","method":"GET","path":"/execution-contexts/9043c21d-150c-4de1-bee5-7e992ebd922d","ms":13.344057,"status":200,"ip":"***HIDDEN***","xRequestID":"28a67a10-7dcb-4f13-817a-c364d0c710df","size":27,"xForwardedFor":[],"userAgent":["axios/0.21.4"],"time":"2023-11-21T16:06:14Z","message":"request"}
{"level":"info","method":"GET","path":"/execution-contexts/9043c21d-150c-4de1-bee5-7e992ebd922d","ms":12.686413,"status":200,"ip":"***HIDDEN***","xRequestID":"f68cdf51-ec53-4ca6-9a71-ba67fd3dc15f","size":27,"xForwardedFor":[],"userAgent":["axios/0.21.4"],"time":"2023-11-21T16:06:17Z","message":"request"}
{"level":"info","method":"GET","path":"/execution-contexts/31904678-6c80-48b0-a21d-73778e52546a","ms":12.699672,"status":200,"ip":"***HIDDEN***","xRequestID":"e82521a0-85f4-414c-a392-71cc312ed8db","size":31,"xForwardedFor":[],"userAgent":["axios/0.21.4"],"time":"2023-11-21T16:06:17Z","message":"request"}
{"level":"info","method":"GET","path":"/execution-contexts/31904678-6c80-48b0-a21d-73778e52546a","ms":22.509651,"status":200,"ip":"***HIDDEN***","xRequestID":"2a8d11c2-2e99-427f-af80-b217f2ba0d60","size":31,"xForwardedFor":[],"userAgent":["axios/0.21.4"],"time":"2023-11-21T16:06:20Z","message":"request"}
{"level":"info","method":"GET","path":"/execution-contexts/9043c21d-150c-4de1-bee5-7e992ebd922d","ms":22.932839,"status":200,"ip":"***HIDDEN***","xRequestID":"e1646d1f-ae46-408e-a946-3e2eecf70692","size":27,"xForwardedFor":[],"userAgent":["axios/0.21.4"],"time":"2023-11-21T16:06:20Z","message":"request"}
{"level":"info","method":"GET","path":"/execution-contexts/9043c21d-150c-4de1-bee5-7e992ebd922d","ms":13.567075,"status":200,"ip":"***HIDDEN***","xRequestID":"17979fdc-4079-49b0-9e8f-2ea6210c11b2","size":27,"xForwardedFor":[],"userAgent":["axios/0.21.4"],"time":"2023-11-21T16:06:31Z","message":"request"}
{"level":"info","method":"GET","path":"/execution-contexts/31904678-6c80-48b0-a21d-73778e52546a","ms":13.76291,"status":200,"ip":"***HIDDEN***","xRequestID":"4baa8eb2-d685-4a9e-bf07-8db5adfee56d","size":31,"xForwardedFor":[],"userAgent":["axios/0.21.4"],"time":"2023-11-21T16:06:31Z","message":"request"}
{"level":"info","method":"GET","path":"/execution-contexts/9043c21d-150c-4de1-bee5-7e992ebd922d","ms":11.348332,"status":200,"ip":"***HIDDEN***","xRequestID":"6836ee36-6a49-488f-983b-b920970f9971","size":27,"xForwardedFor":[],"userAgent":["axios/0.21.4"],"time":"2023-11-21T16:06:34Z","message":"request"}
{"level":"info","method":"GET","path":"/execution-contexts/31904678-6c80-48b0-a21d-73778e52546a","ms":12.341348,"status":200,"ip":"***HIDDEN***","xRequestID":"65f53bec-4936-4cbd-b5bb-50b7738708ab","size":31,"xForwardedFor":[],"userAgent":["axios/0.21.4"],"time":"2023-11-21T16:06:34Z","message":"request"}
{"level":"info","method":"GET","path":"/execution-contexts/31904678-6c80-48b0-a21d-73778e52546a","ms":11.667611,"status":200,"ip":"***HIDDEN***","xRequestID":"0e3d6b7c-f4c0-427e-b9ca-30b841e8096c","size":31,"xForwardedFor":[],"userAgent":["axios/0.21.4"],"time":"2023-11-21T16:06:37Z","message":"request"}
{"level":"info","method":"GET","path":"/execution-contexts/9043c21d-150c-4de1-bee5-7e992ebd922d","ms":12.477402,"status":200,"ip":"***HIDDEN***","xRequestID":"4f122f84-2da8-40d9-bbbc-9a88447c563b","size":27,"xForwardedFor":[],"userAgent":["axios/0.21.4"],"time":"2023-11-21T16:06:37Z","message":"request"}
{"level":"info","method":"GET","path":"/execution-contexts/31904678-6c80-48b0-a21d-73778e52546a","ms":11.075706,"status":200,"ip":"***HIDDEN***","xRequestID":"4defa2f6-b76e-445d-80ac-6afd2c7fe30e","size":31,"xForwardedFor":[],"userAgent":["axios/0.21.4"],"time":"2023-11-21T16:06:40Z","message":"request"}
{"level":"info","method":"GET","path":"/execution-contexts/9043c21d-150c-4de1-bee5-7e992ebd922d","ms":12.056522,"status":200,"ip":"***HIDDEN***","xRequestID":"1b4b53db-127a-4da1-9580-c774913c140e","size":27,"xForwardedFor":[],"userAgent":["axios/0.21.4"],"time":"2023-11-21T16:06:40Z","message":"request"}
{"level":"info","method":"GET","path":"/execution-contexts/31904678-6c80-48b0-a21d-73778e52546a","ms":11.725559,"status":200,"ip":"***HIDDEN***","xRequestID":"f428125a-3043-4252-a7d8-ff078870b3eb","size":31,"xForwardedFor":[],"userAgent":["axios/0.21.4"],"time":"2023-11-21T16:06:44Z","message":"request"}
{"level":"info","method":"GET","path":"/execution-contexts/9043c21d-150c-4de1-bee5-7e992ebd922d","ms":11.901957,"status":200,"ip":"***HIDDEN***","xRequestID":"d876f5cf-9a2c-46bf-a81f-31d6d9388d66","size":27,"xForwardedFor":[],"userAgent":["axios/0.21.4"],"time":"2023-11-21T16:06:44Z","message":"request"}
{"level":"info","method":"GET","path":"/execution-contexts/9043c21d-150c-4de1-bee5-7e992ebd922d","ms":12.233723,"status":200,"ip":"***HIDDEN***","xRequestID":"51cb2f70-74f6-4e86-8935-9178a1517c88","size":27,"xForwardedFor":[],"userAgent":["axios/0.21.4"],"time":"2023-11-21T16:06:47Z","message":"request"}
{"level":"info","method":"GET","path":"/execution-contexts/31904678-6c80-48b0-a21d-73778e52546a","ms":12.114912,"status":200,"ip":"***HIDDEN***","xRequestID":"c85d007e-c6ac-4143-8a4c-52420e96a933","size":31,"xForwardedFor":[],"userAgent":["axios/0.21.4"],"time":"2023-11-21T16:06:47Z","message":"request"}
{"level":"info","method":"GET","path":"/execution-contexts/9043c21d-150c-4de1-bee5-7e992ebd922d","ms":14.284689,"status":200,"ip":"***HIDDEN***","xRequestID":"b1432120-ae1d-4c7d-b369-2818216ef8ee","size":27,"xForwardedFor":[],"userAgent":["axios/0.21.4"],"time":"2023-11-21T16:06:50Z","message":"request"}
{"level":"info","method":"GET","path":"/execution-contexts/31904678-6c80-48b0-a21d-73778e52546a","ms":13.387087,"status":200,"ip":"***HIDDEN***","xRequestID":"60227a45-41dd-4658-bdf3-aef2efb407ed","size":31,"xForwardedFor":[],"userAgent":["axios/0.21.4"],"time":"2023-11-21T16:06:50Z","message":"request"}
{"level":"info","method":"GET","path":"/execution-contexts/9043c21d-150c-4de1-bee5-7e992ebd922d","ms":11.786199,"status":200,"ip":"***HIDDEN***","xRequestID":"fadf19b0-0e76-4087-b19c-1126a3829a87","size":27,"xForwardedFor":[],"userAgent":["axios/0.21.4"],"time":"2023-11-21T16:06:53Z","message":"request"}
{"level":"info","method":"GET","path":"/execution-contexts/31904678-6c80-48b0-a21d-73778e52546a","ms":11.84313,"status":200,"ip":"***HIDDEN***","xRequestID":"d6ef0ea7-34a9-441c-a8b9-728c7d91caf4","size":31,"xForwardedFor":[],"userAgent":["axios/0.21.4"],"time":"2023-11-21T16:06:53Z","message":"request"}
{"level":"info","method":"GET","path":"/execution-contexts/9043c21d-150c-4de1-bee5-7e992ebd922d","ms":11.442701,"status":200,"ip":"***HIDDEN***","xRequestID":"b6e700d1-467e-4409-b117-ce03f751ef6b","size":27,"xForwardedFor":[],"userAgent":["axios/0.21.4"],"time":"2023-11-21T16:06:56Z","message":"request"}
{"level":"info","method":"GET","path":"/execution-contexts/31904678-6c80-48b0-a21d-73778e52546a","ms":11.402272,"status":200,"ip":"***HIDDEN***","xRequestID":"72d7d82e-56b3-467c-87db-bee975d391d7","size":31,"xForwardedFor":[],"userAgent":["axios/0.21.4"],"time":"2023-11-21T16:06:56Z","message":"request"}
{"level":"info","method":"GET","path":"/execution-contexts/9043c21d-150c-4de1-bee5-7e992ebd922d","ms":12.549457,"status":200,"ip":"***HIDDEN***","xRequestID":"9261b346-1550-4b11-962a-adf25daa9d83","size":27,"xForwardedFor":[],"userAgent":["axios/0.21.4"],"time":"2023-11-21T16:06:59Z","message":"request"}
{"level":"info","method":"GET","path":"/execution-contexts/31904678-6c80-48b0-a21d-73778e52546a","ms":13.226831,"status":200,"ip":"***HIDDEN***","xRequestID":"b4094efd-eaeb-4ad0-8c96-725e10b49b46","size":31,"xForwardedFor":[],"userAgent":["axios/0.21.4"],"time":"2023-11-21T16:06:59Z","message":"request"}
{"level":"info","method":"GET","path":"/execution-contexts/31904678-6c80-48b0-a21d-73778e52546a","ms":11.191815,"status":200,"ip":"***HIDDEN***","xRequestID":"de12c9f0-de34-4b16-9e75-fd014d28764f","size":31,"xForwardedFor":[],"userAgent":["axios/0.21.4"],"time":"2023-11-21T16:07:02Z","message":"request"}
{"level":"info","method":"GET","path":"/execution-contexts/9043c21d-150c-4de1-bee5-7e992ebd922d","ms":11.271734,"status":200,"ip":"***HIDDEN***","xRequestID":"9f0bf8af-fe3b-4032-853d-54e1746d0eff","size":27,"xForwardedFor":[],"userAgent":["axios/0.21.4"],"time":"2023-11-21T16:07:02Z","message":"request"}
{"level":"info","method":"GET","path":"/execution-contexts/9043c21d-150c-4de1-bee5-7e992ebd922d","ms":11.419306,"status":200,"ip":"***HIDDEN***","xRequestID":"436cbf87-9cbb-40e2-95d5-1e4570854893","size":27,"xForwardedFor":[],"userAgent":["axios/0.21.4"],"time":"2023-11-21T16:07:05Z","message":"request"}
{"level":"info","method":"GET","path":"/execution-contexts/31904678-6c80-48b0-a21d-73778e52546a","ms":12.023378,"status":200,"ip":"***HIDDEN***","xRequestID":"0ff69902-96ff-471d-9c13-259c8c79ee7f","size":31,"xForwardedFor":[],"userAgent":["axios/0.21.4"],"time":"2023-11-21T16:07:05Z","message":"request"}
{"level":"info","method":"GET","path":"/execution-contexts/9043c21d-150c-4de1-bee5-7e992ebd922d","ms":12.980792,"status":200,"ip":"***HIDDEN***","xRequestID":"3730a41c-a4cb-4113-afb6-030329b48b52","size":27,"xForwardedFor":[],"userAgent":["axios/0.21.4"],"time":"2023-11-21T16:07:08Z","message":"request"}
{"level":"info","method":"GET","path":"/execution-contexts/31904678-6c80-48b0-a21d-73778e52546a","ms":13.84214,"status":200,"ip":"***HIDDEN***","xRequestID":"2ee10053-aa1b-42b8-8a66-91a754c97a08","size":31,"xForwardedFor":[],"userAgent":["axios/0.21.4"],"time":"2023-11-21T16:07:08Z","message":"request"}
{"level":"info","method":"GET","path":"/execution-contexts/9043c21d-150c-4de1-bee5-7e992ebd922d","ms":11.510883,"status":200,"ip":"***HIDDEN***","xRequestID":"05d9de0f-bcea-4f61-8fe5-504bb2174d80","size":27,"xForwardedFor":[],"userAgent":["axios/0.21.4"],"time":"2023-11-21T16:07:11Z","message":"request"}
{"level":"info","method":"GET","path":"/execution-contexts/31904678-6c80-48b0-a21d-73778e52546a","ms":12.129016,"status":200,"ip":"***HIDDEN***","xRequestID":"7d521e55-4482-4179-a323-9476f9adbaf7","size":31,"xForwardedFor":[],"userAgent":["axios/0.21.4"],"time":"2023-11-21T16:07:11Z","message":"request"}
{"level":"info","method":"GET","path":"/execution-contexts/9043c21d-150c-4de1-bee5-7e992ebd922d","ms":11.857414,"status":200,"ip":"***HIDDEN***","xRequestID":"a527b9ed-4dff-44a4-8c06-4343e4659450","size":27,"xForwardedFor":[],"userAgent":["axios/0.21.4"],"time":"2023-11-21T16:07:14Z","message":"request"}
{"level":"info","method":"GET","path":"/execution-contexts/31904678-6c80-48b0-a21d-73778e52546a","ms":11.720078,"status":200,"ip":"***HIDDEN***","xRequestID":"f020054b-fba2-47fe-90e6-c2bf0356f46a","size":31,"xForwardedFor":[],"userAgent":["axios/0.21.4"],"time":"2023-11-21T16:07:14Z","message":"request"}
{"level":"info","method":"GET","path":"/execution-contexts/31904678-6c80-48b0-a21d-73778e52546a","ms":11.266718,"status":200,"ip":"***HIDDEN***","xRequestID":"81c8136e-38ba-45d2-b805-1a72645f1273","size":31,"xForwardedFor":["***HIDDEN***,***HIDDEN***"],"userAgent":["Mozilla/5.0 (Macintosh; Intel Mac OS X 10_15_7) AppleWebKit/537.36 (KHTML, like Gecko) Chrome/***HIDDEN*** Safari/537.36"],"time":"2023-11-21T16:07:17Z","message":"request"}
{"level":"info","method":"GET","path":"/execution-contexts/31904678-6c80-48b0-a21d-73778e52546a","ms":11.238501,"status":200,"ip":"***HIDDEN***","xRequestID":"62d9facf-29eb-4502-bf21-cd6647444053","size":31,"xForwardedFor":["***HIDDEN***,***HIDDEN***"],"userAgent":["Mozilla/5.0 (Macintosh; Intel Mac OS X 10_15_7) AppleWebKit/537.36 (KHTML, like Gecko) Chrome/***HIDDEN*** Safari/537.36"],"time":"2023-11-21T16:07:20Z","message":"request"}
{"level":"info","method":"GET","path":"/execution-contexts/9043c21d-150c-4de1-bee5-7e992ebd922d","ms":11.12971,"status":200,"ip":"***HIDDEN***","xRequestID":"9d3dec88-364e-4f12-b9b5-7e42a8138eb8","size":27,"xForwardedFor":[],"userAgent":["axios/0.21.4"],"time":"2023-11-21T16:07:22Z","message":"request"}
{"level":"info","method":"GET","path":"/execution-contexts/31904678-6c80-48b0-a21d-73778e52546a","ms":12.405924,"status":200,"ip":"***HIDDEN***","xRequestID":"fefb10e4-7419-4614-b053-6e2bfd077e4b","size":31,"xForwardedFor":[],"userAgent":["axios/0.21.4"],"time":"2023-11-21T16:07:22Z","message":"request"}
{"level":"info","method":"GET","path":"/execution-contexts/31904678-6c80-48b0-a21d-73778e52546a","ms":16.859846,"status":200,"ip":"***HIDDEN***","xRequestID":"03a362aa-3cb6-46a9-8c09-725fd746235c","size":31,"xForwardedFor":[],"userAgent":["axios/0.21.4"],"time":"2023-11-21T16:07:25Z","message":"request"}
{"level":"info","method":"GET","path":"/execution-contexts/9043c21d-150c-4de1-bee5-7e992ebd922d","ms":17.017928,"status":200,"ip":"***HIDDEN***","xRequestID":"7fe86856-51ae-42bd-a050-94c3de7a5831","size":27,"xForwardedFor":[],"userAgent":["axios/0.21.4"],"time":"2023-11-21T16:07:25Z","message":"request"}
{"level":"info","method":"GET","path":"/execution-contexts/31904678-6c80-48b0-a21d-73778e52546a","ms":10.535525,"status":200,"ip":"***HIDDEN***","xRequestID":"5d731f8f-7df4-438f-9fab-0fa49aa194be","size":31,"xForwardedFor":[],"userAgent":["axios/0.21.4"],"time":"2023-11-21T16:07:28Z","message":"request"}
{"level":"info","method":"GET","path":"/execution-contexts/9043c21d-150c-4de1-bee5-7e992ebd922d","ms":10.851578,"status":200,"ip":"***HIDDEN***","xRequestID":"8e61bd7d-3fc5-494d-b448-6f1ff3529070","size":27,"xForwardedFor":[],"userAgent":["axios/0.21.4"],"time":"2023-11-21T16:07:28Z","message":"request"}
{"level":"info","method":"GET","path":"/execution-contexts/31904678-6c80-48b0-a21d-73778e52546a","ms":11.511119,"status":200,"ip":"***HIDDEN***","xRequestID":"b32e7659-02d6-4c44-a6c3-750614b112f2","size":31,"xForwardedFor":[],"userAgent":["axios/0.21.4"],"time":"2023-11-21T16:07:31Z","message":"request"}
{"level":"info","method":"GET","path":"/execution-contexts/9043c21d-150c-4de1-bee5-7e992ebd922d","ms":11.523638,"status":200,"ip":"***HIDDEN***","xRequestID":"dd9e5b9d-8bbb-4996-ba1c-604fbd5718b3","size":27,"xForwardedFor":[],"userAgent":["axios/0.21.4"],"time":"2023-11-21T16:07:31Z","message":"request"}
{"level":"info","method":"GET","path":"/execution-contexts/9043c21d-150c-4de1-bee5-7e992ebd922d","ms":10.888737,"status":200,"ip":"***HIDDEN***","xRequestID":"c0d521f1-36e0-4a8d-8d65-d7c59508ed17","size":27,"xForwardedFor":[],"userAgent":["axios/0.21.4"],"time":"2023-11-21T16:07:34Z","message":"request"}
{"level":"info","method":"GET","path":"/execution-contexts/31904678-6c80-48b0-a21d-73778e52546a","ms":9.932882,"status":200,"ip":"***HIDDEN***","xRequestID":"203ad965-86da-43a9-a5bc-da9f3e8781b3","size":31,"xForwardedFor":[],"userAgent":["axios/0.21.4"],"time":"2023-11-21T16:07:34Z","message":"request"}
{"level":"info","method":"GET","path":"/execution-contexts/9043c21d-150c-4de1-bee5-7e992ebd922d","ms":39.868028,"status":200,"ip":"***HIDDEN***","xRequestID":"f7d0676e-12bc-4ede-bea0-50a30dc209aa","size":27,"xForwardedFor":[],"userAgent":["axios/0.21.4"],"time":"2023-11-21T16:12:17Z","message":"request"}
{"level":"info","method":"GET","path":"/execution-contexts/31904678-6c80-48b0-a21d-73778e52546a","ms":39.779124,"status":200,"ip":"***HIDDEN***","xRequestID":"70f94283-256a-47b2-bfdd-3b4a8aec6906","size":31,"xForwardedFor":[],"userAgent":["axios/0.21.4"],"time":"2023-11-21T16:12:17Z","message":"request"}
{"level":"info","method":"GET","path":"/execution-contexts/9043c21d-150c-4de1-bee5-7e992ebd922d","ms":11.538597,"status":200,"ip":"***HIDDEN***","xRequestID":"0e6877d1-0887-417f-b3b4-07a202b07ad2","size":27,"xForwardedFor":[],"userAgent":["axios/0.21.4"],"time":"2023-11-21T16:12:20Z","message":"request"}
{"level":"info","method":"GET","path":"/execution-contexts/31904678-6c80-48b0-a21d-73778e52546a","ms":11.486784,"status":200,"ip":"***HIDDEN***","xRequestID":"58c386ab-a69a-4f39-883e-fcf90a5644e3","size":31,"xForwardedFor":[],"userAgent":["axios/0.21.4"],"time":"2023-11-21T16:12:20Z","message":"request"}
