VM settings:
    Max. Heap Size (Estimated): 1.93G
    Using VM: OpenJDK 64-Bit Server VM

Property settings:
    file.encoding = UTF-8
    file.separator = /
    java.class.path = quarkus-run.jar
    java.class.version = 61.0
    java.home = /opt/java/openjdk
    java.io.tmpdir = /tmp
    java.library.path = /opt/java/openjdk/lib/server
        /opt/java/openjdk/lib
        /opt/java/openjdk/../lib
        /usr/java/packages/lib
        /usr/lib64
        /lib64
        /lib
        /usr/lib
    java.runtime.name = OpenJDK Runtime Environment
    java.runtime.version = ***HIDDEN***+1
    java.specification.name = Java Platform API Specification
    java.specification.vendor = Oracle Corporation
    java.specification.version = 17
    java.util.logging.manager = org.jboss.logmanager.LogManager
    java.vendor = Eclipse Adoptium
    java.vendor.url = https://adoptium.net/
    java.vendor.url.bug = https://github.com/adoptium/adoptium-support/issues
    java.vendor.version = Temurin-***HIDDEN***+1
    java.version = ***HIDDEN***
    java.version.date = 2023-08-24
    java.vm.compressedOopsMode = 32-bit
    java.vm.info = mixed mode, sharing
    java.vm.name = OpenJDK 64-Bit Server VM
    java.vm.specification.name = Java Virtual Machine Specification
    java.vm.specification.vendor = Oracle Corporation
    java.vm.specification.version = 17
    java.vm.vendor = Eclipse Adoptium
    java.vm.version = ***HIDDEN***+1
    jdk.debug = release
    line.separator = \n 
    native.encoding = UTF-8
    os.arch = amd64
    os.name = Linux
    os.version = 6.2.0-1015-aws
    path.separator = :
    quarkus.http.host = ***HIDDEN***
    sun.arch.data.model = 64
    sun.boot.library.path = /opt/java/openjdk/lib
    sun.cpu.endian = little
    sun.io.unicode.encoding = UnicodeLittle
    sun.java.command = quarkus-run.jar
    sun.java.launcher = SUN_STANDARD
    sun.jnu.encoding = UTF-8
    sun.management.compiler = HotSpot 64-Bit Tiered Compilers
    user.country = US
    user.dir = /deployments
    user.home = ?
    user.language = en
    user.name = ?

Locale settings:
    default locale = English (United States)
    default display locale = English (United States)
    default format locale = English (United States)
    available locales = , af, af_NA, af_ZA, af_ZA_#Latn, agq, agq_CM, agq_CM_#Latn, 
        ak, ak_GH, ak_GH_#Latn, am, am_ET, am_ET_#Ethi, ar, ar_001, 
        ar_AE, ar_BH, ar_DJ, ar_DZ, ar_EG, ar_EG_#Arab, ar_EH, ar_ER, 
        ar_IL, ar_IQ, ar_JO, ar_KM, ar_KW, ar_LB, ar_LY, ar_MA, 
        ar_MR, ar_OM, ar_PS, ar_QA, ar_SA, ar_SD, ar_SO, ar_SS, 
        ar_SY, ar_TD, ar_TN, ar_YE, as, as_IN, as_IN_#Beng, asa, 
        asa_TZ, asa_TZ_#Latn, ast, ast_ES, ast_ES_#Latn, az, az_AZ, az_AZ_#Cyrl, 
        az_AZ_#Latn, az__#Cyrl, az__#Latn, bas, bas_CM, bas_CM_#Latn, be, be_BY, 
        be_BY_#Cyrl, bem, bem_ZM, bem_ZM_#Latn, bez, bez_TZ, bez_TZ_#Latn, bg, 
        bg_BG, bg_BG_#Cyrl, bm, bm_ML, bm_ML_#Latn, bn, bn_BD, bn_BD_#Beng, 
        bn_IN, bo, bo_CN, bo_CN_#Tibt, bo_IN, br, br_FR, br_FR_#Latn, 
        brx, brx_IN, brx_IN_#Deva, bs, bs_BA, bs_BA_#Cyrl, bs_BA_#Latn, bs__#Cyrl, 
        bs__#Latn, ca, ca_AD, ca_ES, ca_ES_#Latn, ca_ES_VALENCIA, ca_FR, ca_IT, 
        ccp, ccp_BD, ccp_BD_#Cakm, ccp_IN, ce, ce_RU, ce_RU_#Cyrl, ceb, 
        ceb_PH, ceb_PH_#Latn, cgg, cgg_UG, cgg_UG_#Latn, chr, chr_US, chr_US_#Cher, 
        ckb, ckb_IQ, ckb_IQ_#Arab, ckb_IR, cs, cs_CZ, cs_CZ_#Latn, cy, 
        cy_GB, cy_GB_#Latn, da, da_DK, da_DK_#Latn, da_GL, dav, dav_KE, 
        dav_KE_#Latn, de, de_AT, de_BE, de_CH, de_DE, de_DE_#Latn, de_IT, 
        de_LI, de_LU, dje, dje_NE, dje_NE_#Latn, doi, doi_IN, doi_IN_#Deva, 
        dsb, dsb_DE, dsb_DE_#Latn, dua, dua_CM, dua_CM_#Latn, dyo, dyo_SN, 
        dyo_SN_#Latn, dz, dz_BT, dz_BT_#Tibt, ebu, ebu_KE, ebu_KE_#Latn, ee, 
        ee_GH, ee_GH_#Latn, ee_TG, el, el_CY, el_GR, el_GR_#Grek, en, 
        en_001, en_150, en_AE, en_AG, en_AI, en_AS, en_AT, en_AU, 
        en_BB, en_BE, en_BI, en_BM, en_BS, en_BW, en_BZ, en_CA, 
        en_CC, en_CH, en_CK, en_CM, en_CX, en_CY, en_DE, en_DG, 
        en_DK, en_DM, en_ER, en_FI, en_FJ, en_FK, en_FM, en_GB, 
        en_GD, en_GG, en_GH, en_GI, en_GM, en_GU, en_GY, en_HK, 
        en_IE, en_IL, en_IM, en_IN, en_IO, en_JE, en_JM, en_KE, 
        en_KI, en_KN, en_KY, en_LC, en_LR, en_LS, en_MG, en_MH, 
        en_MO, en_MP, en_MS, en_MT, en_MU, en_MW, en_MY, en_NA, 
        en_NF, en_NG, en_NL, en_NR, en_NU, en_NZ, en_PG, en_PH, 
        en_PK, en_PN, en_PR, en_PW, en_RW, en_SB, en_SC, en_SD, 
        en_SE, en_SG, en_SH, en_SI, en_SL, en_SS, en_SX, en_SZ, 
        en_TC, en_TK, en_TO, en_TT, en_TV, en_TZ, en_UG, en_UM, 
        en_US, en_US_#Latn, en_US_POSIX, en_VC, en_VG, en_VI, en_VU, en_WS, 
        en_ZA, en_ZM, en_ZW, eo, eo_001, eo_001_#Latn, es, es_419, 
        es_AR, es_BO, es_BR, es_BZ, es_CL, es_CO, es_CR, es_CU, 
        es_DO, es_EA, es_EC, es_ES, es_ES_#Latn, es_GQ, es_GT, es_HN, 
        es_IC, es_MX, es_NI, es_PA, es_PE, es_PH, es_PR, es_PY, 
        es_SV, es_US, es_UY, es_VE, et, et_EE, et_EE_#Latn, eu, 
        eu_ES, eu_ES_#Latn, ewo, ewo_CM, ewo_CM_#Latn, fa, fa_AF, fa_IR, 
        fa_IR_#Arab, ff, ff_BF_#Adlm, ff_BF_#Latn, ff_CM_#Adlm, ff_CM_#Latn, ff_GH_#Adlm, ff_GH_#Latn, 
        ff_GM_#Adlm, ff_GM_#Latn, ff_GN, ff_GN_#Adlm, ff_GN_#Latn, ff_GW_#Adlm, ff_GW_#Latn, ff_LR_#Adlm, 
        ff_LR_#Latn, ff_MR_#Adlm, ff_MR_#Latn, ff_NE_#Adlm, ff_NE_#Latn, ff_NG_#Adlm, ff_NG_#Latn, ff_SL_#Adlm, 
        ff_SL_#Latn, ff_SN, ff_SN_#Adlm, ff_SN_#Latn, ff__#Adlm, ff__#Latn, fi, fi_FI, 
        fi_FI_#Latn, fil, fil_PH, fil_PH_#Latn, fo, fo_DK, fo_FO, fo_FO_#Latn, 
        fr, fr_BE, fr_BF, fr_BI, fr_BJ, fr_BL, fr_CA, fr_CD, 
        fr_CF, fr_CG, fr_CH, fr_CI, fr_CM, fr_DJ, fr_DZ, fr_FR, 
        fr_FR_#Latn, fr_GA, fr_GF, fr_GN, fr_GP, fr_GQ, fr_HT, fr_KM, 
        fr_LU, fr_MA, fr_MC, fr_MF, fr_MG, fr_ML, fr_MQ, fr_MR, 
        fr_MU, fr_NC, fr_NE, fr_PF, fr_PM, fr_RE, fr_RW, fr_SC, 
        fr_SN, fr_SY, fr_TD, fr_TG, fr_TN, fr_VU, fr_WF, fr_YT, 
        fur, fur_IT, fur_IT_#Latn, fy, fy_NL, fy_NL_#Latn, ga, ga_GB, 
        ga_IE, ga_IE_#Latn, gd, gd_GB, gd_GB_#Latn, gl, gl_ES, gl_ES_#Latn, 
        gsw, gsw_CH, gsw_CH_#Latn, gsw_FR, gsw_LI, gu, gu_IN, gu_IN_#Gujr, 
        guz, guz_KE, guz_KE_#Latn, gv, gv_IM, gv_IM_#Latn, ha, ha_GH, 
        ha_NE, ha_NG, ha_NG_#Latn, haw, haw_US, haw_US_#Latn, he, he_IL, 
        he_IL_#Hebr, hi, hi_IN, hi_IN_#Deva, hr, hr_BA, hr_HR, hr_HR_#Latn, 
        hsb, hsb_DE, hsb_DE_#Latn, hu, hu_HU, hu_HU_#Latn, hy, hy_AM, 
        hy_AM_#Armn, ia, ia_001, ia_001_#Latn, id, id_ID, id_ID_#Latn, ig, 
        ig_NG, ig_NG_#Latn, ii, ii_CN, ii_CN_#Yiii, is, is_IS, is_IS_#Latn, 
        it, it_CH, it_IT, it_IT_#Latn, it_SM, it_VA, ja, ja_JP, 
        ja_JP_#Jpan, ja_JP_JP_#u-ca-japanese, jgo, jgo_CM, jgo_CM_#Latn, jmc, jmc_TZ, jmc_TZ_#Latn, 
        jv, jv_ID, jv_ID_#Latn, ka, ka_GE, ka_GE_#Geor, kab, kab_DZ, 
        kab_DZ_#Latn, kam, kam_KE, kam_KE_#Latn, kde, kde_TZ, kde_TZ_#Latn, kea, 
        kea_CV, kea_CV_#Latn, khq, khq_ML, khq_ML_#Latn, ki, ki_KE, ki_KE_#Latn, 
        kk, kk_KZ, kk_KZ_#Cyrl, kkj, kkj_CM, kkj_CM_#Latn, kl, kl_GL, 
        kl_GL_#Latn, kln, kln_KE, kln_KE_#Latn, km, km_KH, km_KH_#Khmr, kn, 
        kn_IN, kn_IN_#Knda, ko, ko_KP, ko_KR, ko_KR_#Kore, kok, kok_IN, 
        kok_IN_#Deva, ks, ks_IN, ks_IN_#Arab, ks__#Arab, ksb, ksb_TZ, ksb_TZ_#Latn, 
        ksf, ksf_CM, ksf_CM_#Latn, ksh, ksh_DE, ksh_DE_#Latn, ku, ku_TR, 
        ku_TR_#Latn, kw, kw_GB, kw_GB_#Latn, ky, ky_KG, ky_KG_#Cyrl, lag, 
        lag_TZ, lag_TZ_#Latn, lb, lb_LU, lb_LU_#Latn, lg, lg_UG, lg_UG_#Latn, 
        lkt, lkt_US, lkt_US_#Latn, ln, ln_AO, ln_CD, ln_CD_#Latn, ln_CF, 
        ln_CG, lo, lo_LA, lo_LA_#Laoo, lrc, lrc_IQ, lrc_IR, lrc_IR_#Arab, 
        lt, lt_LT, lt_LT_#Latn, lu, lu_CD, lu_CD_#Latn, luo, luo_KE, 
        luo_KE_#Latn, luy, luy_KE, luy_KE_#Latn, lv, lv_LV, lv_LV_#Latn, mai, 
        mai_IN, mai_IN_#Deva, mas, mas_KE, mas_KE_#Latn, mas_TZ, mer, mer_KE, 
        mer_KE_#Latn, mfe, mfe_MU, mfe_MU_#Latn, mg, mg_MG, mg_MG_#Latn, mgh, 
        mgh_MZ, mgh_MZ_#Latn, mgo, mgo_CM, mgo_CM_#Latn, mi, mi_NZ, mi_NZ_#Latn, 
        mk, mk_MK, mk_MK_#Cyrl, ml, ml_IN, ml_IN_#Mlym, mn, mn_MN, 
        mn_MN_#Cyrl, mni, mni_IN, mni_IN_#Beng, mni__#Beng, mr, mr_IN, mr_IN_#Deva, 
        ms, ms_BN, ms_ID, ms_MY, ms_MY_#Latn, ms_SG, mt, mt_MT, 
        mt_MT_#Latn, mua, mua_CM, mua_CM_#Latn, my, my_MM, my_MM_#Mymr, mzn, 
        mzn_IR, mzn_IR_#Arab, naq, naq_NA, naq_NA_#Latn, nb, nb_NO, nb_NO_#Latn, 
        nb_SJ, nd, nd_ZW, nd_ZW_#Latn, nds, nds_DE, nds_DE_#Latn, nds_NL, 
        ne, ne_IN, ne_NP, ne_NP_#Deva, nl, nl_AW, nl_BE, nl_BQ, 
        nl_CW, nl_NL, nl_NL_#Latn, nl_SR, nl_SX, nmg, nmg_CM, nmg_CM_#Latn, 
        nn, nn_NO, nn_NO_#Latn, nnh, nnh_CM, nnh_CM_#Latn, no, no_NO, 
        no_NO_#Latn, no_NO_NY, nus, nus_SS, nus_SS_#Latn, nyn, nyn_UG, nyn_UG_#Latn, 
        om, om_ET, om_ET_#Latn, om_KE, or, or_IN, or_IN_#Orya, os, 
        os_GE, os_GE_#Cyrl, os_RU, pa, pa_IN, pa_IN_#Guru, pa_PK, pa_PK_#Arab, 
        pa__#Arab, pa__#Guru, pcm, pcm_NG, pcm_NG_#Latn, pl, pl_PL, pl_PL_#Latn, 
        ps, ps_AF, ps_AF_#Arab, ps_PK, pt, pt_AO, pt_BR, pt_BR_#Latn, 
        pt_CH, pt_CV, pt_GQ, pt_GW, pt_LU, pt_MO, pt_MZ, pt_PT, 
        pt_ST, pt_TL, qu, qu_BO, qu_EC, qu_PE, qu_PE_#Latn, rm, 
        rm_CH, rm_CH_#Latn, rn, rn_BI, rn_BI_#Latn, ro, ro_MD, ro_RO, 
        ro_RO_#Latn, rof, rof_TZ, rof_TZ_#Latn, ru, ru_BY, ru_KG, ru_KZ, 
        ru_MD, ru_RU, ru_RU_#Cyrl, ru_UA, rw, rw_RW, rw_RW_#Latn, rwk, 
        rwk_TZ, rwk_TZ_#Latn, sa, sa_IN, sa_IN_#Deva, sah, sah_RU, sah_RU_#Cyrl, 
        saq, saq_KE, saq_KE_#Latn, sat, sat_IN, sat_IN_#Olck, sat__#Olck, sbp, 
        sbp_TZ, sbp_TZ_#Latn, sd, sd_IN, sd_IN_#Deva, sd_PK, sd_PK_#Arab, sd__#Arab, 
        sd__#Deva, se, se_FI, se_NO, se_NO_#Latn, se_SE, seh, seh_MZ, 
        seh_MZ_#Latn, ses, ses_ML, ses_ML_#Latn, sg, sg_CF, sg_CF_#Latn, shi, 
        shi_MA, shi_MA_#Latn, shi_MA_#Tfng, shi__#Latn, shi__#Tfng, si, si_LK, si_LK_#Sinh, 
        sk, sk_SK, sk_SK_#Latn, sl, sl_SI, sl_SI_#Latn, smn, smn_FI, 
        smn_FI_#Latn, sn, sn_ZW, sn_ZW_#Latn, so, so_DJ, so_ET, so_KE, 
        so_SO, so_SO_#Latn, sq, sq_AL, sq_AL_#Latn, sq_MK, sq_XK, sr, 
        sr_BA, sr_BA_#Cyrl, sr_BA_#Latn, sr_CS, sr_ME, sr_ME_#Cyrl, sr_ME_#Latn, sr_RS, 
        sr_RS_#Cyrl, sr_RS_#Latn, sr_XK_#Cyrl, sr_XK_#Latn, sr__#Cyrl, sr__#Latn, su, su_ID, 
        su_ID_#Latn, su__#Latn, sv, sv_AX, sv_FI, sv_SE, sv_SE_#Latn, sw, 
        sw_CD, sw_KE, sw_TZ, sw_TZ_#Latn, sw_UG, ta, ta_IN, ta_IN_#Taml, 
        ta_LK, ta_MY, ta_SG, te, te_IN, te_IN_#Telu, teo, teo_KE, 
        teo_UG, teo_UG_#Latn, tg, tg_TJ, tg_TJ_#Cyrl, th, th_TH, th_TH_#Thai, 
        th_TH_TH_#u-nu-thai, ti, ti_ER, ti_ET, ti_ET_#Ethi, tk, tk_TM, tk_TM_#Latn, 
        to, to_TO, to_TO_#Latn, tr, tr_CY, tr_TR, tr_TR_#Latn, tt, 
        tt_RU, tt_RU_#Cyrl, twq, twq_NE, twq_NE_#Latn, tzm, tzm_MA, tzm_MA_#Latn, 
        ug, ug_CN, ug_CN_#Arab, uk, uk_UA, uk_UA_#Cyrl, ur, ur_IN, 
        ur_PK, ur_PK_#Arab, uz, uz_AF, uz_AF_#Arab, uz_UZ, uz_UZ_#Cyrl, uz_UZ_#Latn, 
        uz__#Arab, uz__#Cyrl, uz__#Latn, vai, vai_LR, vai_LR_#Latn, vai_LR_#Vaii, vai__#Latn, 
        vai__#Vaii, vi, vi_VN, vi_VN_#Latn, vun, vun_TZ, vun_TZ_#Latn, wae, 
        wae_CH, wae_CH_#Latn, wo, wo_SN, wo_SN_#Latn, xh, xh_ZA, xh_ZA_#Latn, 
        xog, xog_UG, xog_UG_#Latn, yav, yav_CM, yav_CM_#Latn, yi, yi_001, 
        yi_001_#Hebr, yo, yo_BJ, yo_NG, yo_NG_#Latn, yue, yue_CN, yue_CN_#Hans, 
        yue_HK, yue_HK_#Hant, yue__#Hans, yue__#Hant, zgh, zgh_MA, zgh_MA_#Tfng, zh, 
        zh_CN, zh_CN_#Hans, zh_HK, zh_HK_#Hans, zh_HK_#Hant, zh_MO, zh_MO_#Hans, zh_MO_#Hant, 
        zh_SG, zh_SG_#Hans, zh_TW, zh_TW_#Hant, zh__#Hans, zh__#Hant, zu, zu_ZA, 
        zu_ZA_#Latn
Operating System Metrics:
    Provider: cgroupv2
    Effective CPU Count: 1
    CPU Period: 100000us
    CPU Quota: 100000us
    CPU Shares: 1024us
    List of Processors: N/A
    List of Effective Processors, 16 total: 
    0 1 2 3 4 5 6 7 8 9 10 11 12 13 14 15 
    List of Memory Nodes: N/A
    List of Available Memory Nodes, 1 total: 
    0 
    Memory Limit: 2.50G
    Memory Soft Limit: 0.00K
    Memory & Swap Limit: 2.50G
    Maximum Processes Limit: 37525

{"timestamp":"2023-11-20T12:57:34.598Z","sequence":429,"loggerClassName":"org.jboss.logging.Logger","loggerName":"com.knime.enterprise.cloud.services.searchsync.impl.SearchSyncInitializer","level":"INFO","message":"SearchSyncInitializer has been initialized.","threadName":"main","threadId":1,"mdc":{},"ndc":"","hostName":"search-sync-service-67d9ffbff9-96j49","processName":"quarkus-run.jar","processId":1}
{"timestamp":"2023-11-20T12:57:35.377Z","sequence":430,"loggerClassName":"org.jboss.logging.Logger","loggerName":"io.quarkus","level":"INFO","message":"impl 2.1.0.0011-64da0cf on JVM (powered by Quarkus 3.2.6.Final) started in 4.883s. Listening on: http://***HIDDEN***:9080","threadName":"main","threadId":1,"mdc":{},"ndc":"","hostName":"search-sync-service-67d9ffbff9-96j49","processName":"quarkus-run.jar","processId":1}
{"timestamp":"2023-11-20T12:57:35.377Z","sequence":431,"loggerClassName":"org.jboss.logging.Logger","loggerName":"io.quarkus","level":"INFO","message":"Profile prod activated. ","threadName":"main","threadId":1,"mdc":{},"ndc":"","hostName":"search-sync-service-67d9ffbff9-96j49","processName":"quarkus-run.jar","processId":1}
{"timestamp":"2023-11-20T12:57:35.378Z","sequence":432,"loggerClassName":"org.jboss.logging.Logger","loggerName":"io.quarkus","level":"INFO","message":"Installed features: [artemis-jms, cdi, oidc-client, oidc-client-filter, reactive-routes, rest-client, rest-client-jackson, resteasy, resteasy-jackson, scheduler, security, smallrye-context-propagation, smallrye-health, smallrye-jwt, smallrye-openapi, swagger-ui, vertx]","threadName":"main","threadId":1,"mdc":{},"ndc":"","hostName":"search-sync-service-67d9ffbff9-96j49","processName":"quarkus-run.jar","processId":1}
{"timestamp":"2023-11-20T12:57:35.554Z","sequence":433,"loggerClassName":"org.jboss.logging.Logger","loggerName":"com.knime.enterprise.cloud.services.searchsync.impl.events.AbstractTopicConsumer","level":"INFO","message":"Started listening to messages from queue:catalog.nodes","threadName":"Thread-3","threadId":35,"mdc":{},"ndc":"","hostName":"search-sync-service-67d9ffbff9-96j49","processName":"quarkus-run.jar","processId":1}
{"timestamp":"2023-11-20T12:57:35.555Z","sequence":434,"loggerClassName":"org.jboss.logging.Logger","loggerName":"com.knime.enterprise.cloud.services.searchsync.impl.events.AbstractTopicConsumer","level":"INFO","message":"Started listening to messages from queue:account-events.users","threadName":"Thread-3","threadId":35,"mdc":{},"ndc":"","hostName":"search-sync-service-67d9ffbff9-96j49","processName":"quarkus-run.jar","processId":1}
{"timestamp":"2023-11-20T12:57:35.555Z","sequence":435,"loggerClassName":"org.jboss.logging.Logger","loggerName":"com.knime.enterprise.cloud.services.searchsync.impl.events.AbstractTopicConsumer","level":"INFO","message":"Started listening to messages from queue:account-events.teams","threadName":"Thread-3","threadId":35,"mdc":{},"ndc":"","hostName":"search-sync-service-67d9ffbff9-96j49","processName":"quarkus-run.jar","processId":1}
{"timestamp":"2023-11-20T12:57:35.555Z","sequence":436,"loggerClassName":"org.jboss.logging.Logger","loggerName":"com.knime.enterprise.cloud.services.searchsync.impl.events.AbstractTopicConsumer","level":"INFO","message":"Started listening to messages from queue:catalog-items","threadName":"Thread-3","threadId":35,"mdc":{},"ndc":"","hostName":"search-sync-service-67d9ffbff9-96j49","processName":"quarkus-run.jar","processId":1}
{"timestamp":"2023-11-20T12:57:35.555Z","sequence":437,"loggerClassName":"org.jboss.logging.Logger","loggerName":"com.knime.enterprise.cloud.services.searchsync.impl.events.AbstractTopicConsumer","level":"INFO","message":"Started listening to messages from queue:catalog.collections","threadName":"Thread-3","threadId":35,"mdc":{},"ndc":"","hostName":"search-sync-service-67d9ffbff9-96j49","processName":"quarkus-run.jar","processId":1}
{"timestamp":"2023-11-20T12:57:35.555Z","sequence":438,"loggerClassName":"org.jboss.logging.Logger","loggerName":"com.knime.enterprise.cloud.services.searchsync.impl.events.AbstractTopicConsumer","level":"INFO","message":"Started listening to messages from queue:catalog.extensions","threadName":"Thread-3","threadId":35,"mdc":{},"ndc":"","hostName":"search-sync-service-67d9ffbff9-96j49","processName":"quarkus-run.jar","processId":1}
{"timestamp":"2023-11-20T12:57:35.556Z","sequence":439,"loggerClassName":"org.jboss.logging.Logger","loggerName":"com.knime.enterprise.cloud.services.searchsync.impl.events.AbstractTopicConsumer","level":"INFO","message":"Started listening to messages from queue:catalog.repository-items","threadName":"Thread-3","threadId":35,"mdc":{},"ndc":"","hostName":"search-sync-service-67d9ffbff9-96j49","processName":"quarkus-run.jar","processId":1}
{"timestamp":"2023-11-20T13:07:36.074Z","sequence":440,"loggerClassName":"org.jboss.logging.Logger","loggerName":"com.knime.enterprise.cloud.services.searchsync.impl.FullSyncService","level":"INFO","message":"Start creation of new index for type: EXTERNAL_GROUP","threadName":"executor-thread-2","threadId":36,"mdc":{},"ndc":"","hostName":"search-sync-service-67d9ffbff9-96j49","processName":"quarkus-run.jar","processId":1}
{"timestamp":"2023-11-20T13:07:36.074Z","sequence":441,"loggerClassName":"org.jboss.logging.Logger","loggerName":"com.knime.enterprise.cloud.services.searchsync.impl.FullSyncService","level":"INFO","message":"Start creation of new index for type: TAG","threadName":"executor-thread-3","threadId":41,"mdc":{},"ndc":"","hostName":"search-sync-service-67d9ffbff9-96j49","processName":"quarkus-run.jar","processId":1}
{"timestamp":"2023-11-20T13:07:36.074Z","sequence":442,"loggerClassName":"org.jboss.logging.Logger","loggerName":"com.knime.enterprise.cloud.services.searchsync.impl.FullSyncService","level":"INFO","message":"Attempting to clean indices of type 'EXTERNAL_GROUP'.","threadName":"executor-thread-2","threadId":36,"mdc":{},"ndc":"","hostName":"search-sync-service-67d9ffbff9-96j49","processName":"quarkus-run.jar","processId":1}
{"timestamp":"2023-11-20T13:07:36.074Z","sequence":443,"loggerClassName":"org.jboss.logging.Logger","loggerName":"com.knime.enterprise.cloud.services.searchsync.impl.FullSyncService","level":"INFO","message":"Attempting to clean indices of type 'TAG'.","threadName":"executor-thread-3","threadId":41,"mdc":{},"ndc":"","hostName":"search-sync-service-67d9ffbff9-96j49","processName":"quarkus-run.jar","processId":1}
{"timestamp":"2023-11-20T13:07:36.28Z","sequence":444,"loggerClassName":"org.jboss.logging.Logger","loggerName":"com.knime.enterprise.cloud.services.searchsync.impl.FullSyncService","level":"INFO","message":"Nothing to clean.","threadName":"executor-thread-2","threadId":36,"mdc":{},"ndc":"","hostName":"search-sync-service-67d9ffbff9-96j49","processName":"quarkus-run.jar","processId":1}
{"timestamp":"2023-11-20T13:07:36.28Z","sequence":445,"loggerClassName":"org.jboss.logging.Logger","loggerName":"com.knime.enterprise.cloud.services.searchsync.impl.FullSyncService","level":"INFO","message":"Nothing to clean.","threadName":"executor-thread-3","threadId":41,"mdc":{},"ndc":"","hostName":"search-sync-service-67d9ffbff9-96j49","processName":"quarkus-run.jar","processId":1}
{"timestamp":"2023-11-20T13:07:36.292Z","sequence":447,"loggerClassName":"org.jboss.logging.Logger","loggerName":"com.knime.enterprise.cloud.services.searchsync.impl.FullSyncService","level":"INFO","message":"Requesting creation of index of type 'TAG'.","threadName":"executor-thread-3","threadId":41,"mdc":{},"ndc":"","hostName":"search-sync-service-67d9ffbff9-96j49","processName":"quarkus-run.jar","processId":1}
{"timestamp":"2023-11-20T13:07:36.292Z","sequence":446,"loggerClassName":"org.jboss.logging.Logger","loggerName":"com.knime.enterprise.cloud.services.searchsync.impl.FullSyncService","level":"INFO","message":"Requesting creation of index of type 'EXTERNAL_GROUP'.","threadName":"executor-thread-2","threadId":36,"mdc":{},"ndc":"","hostName":"search-sync-service-67d9ffbff9-96j49","processName":"quarkus-run.jar","processId":1}
{"timestamp":"2023-11-20T13:07:36.466Z","sequence":448,"loggerClassName":"org.jboss.logging.Logger","loggerName":"com.knime.enterprise.cloud.services.searchsync.impl.FullSyncService","level":"INFO","message":"Index of type 'EXTERNAL_GROUP' successfully created: 'external_groups1700485656071'.","threadName":"executor-thread-2","threadId":36,"mdc":{},"ndc":"","hostName":"search-sync-service-67d9ffbff9-96j49","processName":"quarkus-run.jar","processId":1}
{"timestamp":"2023-11-20T13:07:36.492Z","sequence":449,"loggerClassName":"org.jboss.logging.Logger","loggerName":"com.knime.enterprise.cloud.services.searchsync.impl.FullSyncService","level":"INFO","message":"Index of type 'TAG' successfully created: 'tags1700485656071'.","threadName":"executor-thread-3","threadId":41,"mdc":{},"ndc":"","hostName":"search-sync-service-67d9ffbff9-96j49","processName":"quarkus-run.jar","processId":1}
{"timestamp":"2023-11-20T13:07:36.994Z","sequence":450,"loggerClassName":"org.jboss.logging.Logger","loggerName":"com.knime.enterprise.cloud.services.searchsync.impl.FullSyncService","level":"INFO","message":"Accounts service retrieved the hub global account.","threadName":"executor-thread-2","threadId":36,"mdc":{},"ndc":"","hostName":"search-sync-service-67d9ffbff9-96j49","processName":"quarkus-run.jar","processId":1}
{"timestamp":"2023-11-20T13:07:36.994Z","sequence":451,"loggerClassName":"org.jboss.logging.Logger","loggerName":"com.knime.enterprise.cloud.services.searchsync.impl.FullSyncService","level":"INFO","message":"Accounts service returned 0 external groups.","threadName":"executor-thread-2","threadId":36,"mdc":{},"ndc":"","hostName":"search-sync-service-67d9ffbff9-96j49","processName":"quarkus-run.jar","processId":1}
{"timestamp":"2023-11-20T13:07:36.994Z","sequence":452,"loggerClassName":"org.jboss.logging.Logger","loggerName":"com.knime.enterprise.cloud.services.searchsync.impl.FullSyncService","level":"INFO","message":"Start bulk index of :'external_groups1700485656071'","threadName":"executor-thread-2","threadId":36,"mdc":{},"ndc":"","hostName":"search-sync-service-67d9ffbff9-96j49","processName":"quarkus-run.jar","processId":1}
{"timestamp":"2023-11-20T13:07:37.18Z","sequence":453,"loggerClassName":"org.jboss.logging.Logger","loggerName":"com.knime.enterprise.cloud.services.searchsync.impl.FullSyncService","level":"INFO","message":"0 items has been added to 'external_groups' index (out of 0 items retrieved).","threadName":"executor-thread-2","threadId":36,"mdc":{},"ndc":"","hostName":"search-sync-service-67d9ffbff9-96j49","processName":"quarkus-run.jar","processId":1}
{"timestamp":"2023-11-20T13:07:37.212Z","sequence":454,"loggerClassName":"org.jboss.logging.Logger","loggerName":"com.knime.enterprise.cloud.services.searchsync.impl.FullSyncService","level":"INFO","message":"Requesting to add alias for new index with name 'external_groups1700485656071'.","threadName":"executor-thread-2","threadId":36,"mdc":{},"ndc":"","hostName":"search-sync-service-67d9ffbff9-96j49","processName":"quarkus-run.jar","processId":1}
{"timestamp":"2023-11-20T13:07:37.267Z","sequence":455,"loggerClassName":"org.jboss.logging.Logger","loggerName":"com.knime.enterprise.cloud.services.searchsync.impl.FullSyncService","level":"INFO","message":"Index with name 'external_groups1700485656071' successfully created and aliased.","threadName":"executor-thread-2","threadId":36,"mdc":{},"ndc":"","hostName":"search-sync-service-67d9ffbff9-96j49","processName":"quarkus-run.jar","processId":1}
{"timestamp":"2023-11-20T13:07:37.269Z","sequence":456,"loggerClassName":"org.jboss.logging.Logger","loggerName":"com.knime.enterprise.cloud.services.searchsync.impl.FullSyncService","level":"INFO","message":"Attempting to clean indices of type 'EXTERNAL_GROUP'.","threadName":"executor-thread-2","threadId":36,"mdc":{},"ndc":"","hostName":"search-sync-service-67d9ffbff9-96j49","processName":"quarkus-run.jar","processId":1}
{"timestamp":"2023-11-20T13:07:37.273Z","sequence":457,"loggerClassName":"org.jboss.logging.Logger","loggerName":"com.knime.enterprise.cloud.services.searchsync.impl.FullSyncService","level":"INFO","message":"Nothing to clean.","threadName":"executor-thread-2","threadId":36,"mdc":{},"ndc":"","hostName":"search-sync-service-67d9ffbff9-96j49","processName":"quarkus-run.jar","processId":1}
{"timestamp":"2023-11-20T13:07:37.414Z","sequence":458,"loggerClassName":"org.jboss.logging.Logger","loggerName":"com.knime.enterprise.cloud.services.searchsync.impl.FullSyncService","level":"INFO","message":"Starting bulk request 1.","threadName":"executor-thread-3","threadId":41,"mdc":{},"ndc":"","hostName":"search-sync-service-67d9ffbff9-96j49","processName":"quarkus-run.jar","processId":1}
{"timestamp":"2023-11-20T13:07:37.426Z","sequence":459,"loggerClassName":"org.jboss.logging.Logger","loggerName":"com.knime.enterprise.cloud.services.searchsync.impl.FullSyncService","level":"INFO","message":"Starting bulk request 2.","threadName":"executor-thread-3","threadId":41,"mdc":{},"ndc":"","hostName":"search-sync-service-67d9ffbff9-96j49","processName":"quarkus-run.jar","processId":1}
{"timestamp":"2023-11-20T13:07:37.499Z","sequence":460,"loggerClassName":"org.jboss.logging.Logger","loggerName":"com.knime.enterprise.cloud.services.searchsync.impl.FullSyncService","level":"INFO","message":"Finished bulk request 1: OK","threadName":"I/O dispatcher 1","threadId":38,"mdc":{},"ndc":"","hostName":"search-sync-service-67d9ffbff9-96j49","processName":"quarkus-run.jar","processId":1}
{"timestamp":"2023-11-20T13:07:37.507Z","sequence":461,"loggerClassName":"org.jboss.logging.Logger","loggerName":"com.knime.enterprise.cloud.services.searchsync.impl.FullSyncService","level":"INFO","message":"Starting bulk request 3.","threadName":"executor-thread-3","threadId":41,"mdc":{},"ndc":"","hostName":"search-sync-service-67d9ffbff9-96j49","processName":"quarkus-run.jar","processId":1}
{"timestamp":"2023-11-20T13:07:37.535Z","sequence":462,"loggerClassName":"org.jboss.logging.Logger","loggerName":"com.knime.enterprise.cloud.services.searchsync.impl.FullSyncService","level":"INFO","message":"Finished bulk request 2: OK","threadName":"I/O dispatcher 1","threadId":38,"mdc":{},"ndc":"","hostName":"search-sync-service-67d9ffbff9-96j49","processName":"quarkus-run.jar","processId":1}
{"timestamp":"2023-11-20T13:07:37.542Z","sequence":463,"loggerClassName":"org.jboss.logging.Logger","loggerName":"com.knime.enterprise.cloud.services.searchsync.impl.FullSyncService","level":"INFO","message":"Starting bulk request 4.","threadName":"executor-thread-3","threadId":41,"mdc":{},"ndc":"","hostName":"search-sync-service-67d9ffbff9-96j49","processName":"quarkus-run.jar","processId":1}
{"timestamp":"2023-11-20T13:07:37.575Z","sequence":464,"loggerClassName":"org.jboss.logging.Logger","loggerName":"com.knime.enterprise.cloud.services.searchsync.impl.FullSyncService","level":"INFO","message":"Finished bulk request 3: OK","threadName":"I/O dispatcher 1","threadId":38,"mdc":{},"ndc":"","hostName":"search-sync-service-67d9ffbff9-96j49","processName":"quarkus-run.jar","processId":1}
{"timestamp":"2023-11-20T13:07:37.581Z","sequence":465,"loggerClassName":"org.jboss.logging.Logger","loggerName":"com.knime.enterprise.cloud.services.searchsync.impl.FullSyncService","level":"INFO","message":"Starting bulk request 5.","threadName":"executor-thread-3","threadId":41,"mdc":{},"ndc":"","hostName":"search-sync-service-67d9ffbff9-96j49","processName":"quarkus-run.jar","processId":1}
{"timestamp":"2023-11-20T13:07:37.602Z","sequence":466,"loggerClassName":"org.jboss.logging.Logger","loggerName":"com.knime.enterprise.cloud.services.searchsync.impl.FullSyncService","level":"INFO","message":"Finished bulk request 4: OK","threadName":"I/O dispatcher 1","threadId":38,"mdc":{},"ndc":"","hostName":"search-sync-service-67d9ffbff9-96j49","processName":"quarkus-run.jar","processId":1}
{"timestamp":"2023-11-20T13:07:37.608Z","sequence":467,"loggerClassName":"org.jboss.logging.Logger","loggerName":"com.knime.enterprise.cloud.services.searchsync.impl.FullSyncService","level":"INFO","message":"Starting bulk request 6.","threadName":"executor-thread-3","threadId":41,"mdc":{},"ndc":"","hostName":"search-sync-service-67d9ffbff9-96j49","processName":"quarkus-run.jar","processId":1}
{"timestamp":"2023-11-20T13:07:37.627Z","sequence":468,"loggerClassName":"org.jboss.logging.Logger","loggerName":"com.knime.enterprise.cloud.services.searchsync.impl.FullSyncService","level":"INFO","message":"Finished bulk request 5: OK","threadName":"I/O dispatcher 1","threadId":38,"mdc":{},"ndc":"","hostName":"search-sync-service-67d9ffbff9-96j49","processName":"quarkus-run.jar","processId":1}
{"timestamp":"2023-11-20T13:07:37.632Z","sequence":469,"loggerClassName":"org.jboss.logging.Logger","loggerName":"com.knime.enterprise.cloud.services.searchsync.impl.FullSyncService","level":"INFO","message":"Starting bulk request 7.","threadName":"executor-thread-3","threadId":41,"mdc":{},"ndc":"","hostName":"search-sync-service-67d9ffbff9-96j49","processName":"quarkus-run.jar","processId":1}
{"timestamp":"2023-11-20T13:07:37.65Z","sequence":470,"loggerClassName":"org.jboss.logging.Logger","loggerName":"com.knime.enterprise.cloud.services.searchsync.impl.FullSyncService","level":"INFO","message":"Finished bulk request 6: OK","threadName":"I/O dispatcher 1","threadId":38,"mdc":{},"ndc":"","hostName":"search-sync-service-67d9ffbff9-96j49","processName":"quarkus-run.jar","processId":1}
{"timestamp":"2023-11-20T13:07:37.654Z","sequence":471,"loggerClassName":"org.jboss.logging.Logger","loggerName":"com.knime.enterprise.cloud.services.searchsync.impl.FullSyncService","level":"INFO","message":"Starting bulk request 8.","threadName":"executor-thread-3","threadId":41,"mdc":{},"ndc":"","hostName":"search-sync-service-67d9ffbff9-96j49","processName":"quarkus-run.jar","processId":1}
{"timestamp":"2023-11-20T13:07:37.673Z","sequence":472,"loggerClassName":"org.jboss.logging.Logger","loggerName":"com.knime.enterprise.cloud.services.searchsync.impl.FullSyncService","level":"INFO","message":"Finished bulk request 7: OK","threadName":"I/O dispatcher 1","threadId":38,"mdc":{},"ndc":"","hostName":"search-sync-service-67d9ffbff9-96j49","processName":"quarkus-run.jar","processId":1}
{"timestamp":"2023-11-20T13:07:37.677Z","sequence":473,"loggerClassName":"org.jboss.logging.Logger","loggerName":"com.knime.enterprise.cloud.services.searchsync.impl.FullSyncService","level":"INFO","message":"Starting bulk request 9.","threadName":"executor-thread-3","threadId":41,"mdc":{},"ndc":"","hostName":"search-sync-service-67d9ffbff9-96j49","processName":"quarkus-run.jar","processId":1}
{"timestamp":"2023-11-20T13:07:37.696Z","sequence":474,"loggerClassName":"org.jboss.logging.Logger","loggerName":"com.knime.enterprise.cloud.services.searchsync.impl.FullSyncService","level":"INFO","message":"Finished bulk request 8: OK","threadName":"I/O dispatcher 1","threadId":38,"mdc":{},"ndc":"","hostName":"search-sync-service-67d9ffbff9-96j49","processName":"quarkus-run.jar","processId":1}
{"timestamp":"2023-11-20T13:07:37.7Z","sequence":475,"loggerClassName":"org.jboss.logging.Logger","loggerName":"com.knime.enterprise.cloud.services.searchsync.impl.FullSyncService","level":"INFO","message":"Starting bulk request 10.","threadName":"executor-thread-3","threadId":41,"mdc":{},"ndc":"","hostName":"search-sync-service-67d9ffbff9-96j49","processName":"quarkus-run.jar","processId":1}
{"timestamp":"2023-11-20T13:07:37.754Z","sequence":476,"loggerClassName":"org.jboss.logging.Logger","loggerName":"com.knime.enterprise.cloud.services.searchsync.impl.FullSyncService","level":"INFO","message":"Finished bulk request 9: OK","threadName":"I/O dispatcher 1","threadId":38,"mdc":{},"ndc":"","hostName":"search-sync-service-67d9ffbff9-96j49","processName":"quarkus-run.jar","processId":1}
{"timestamp":"2023-11-20T13:07:37.777Z","sequence":477,"loggerClassName":"org.jboss.logging.Logger","loggerName":"com.knime.enterprise.cloud.services.searchsync.impl.FullSyncService","level":"INFO","message":"Finished bulk request 10: OK","threadName":"I/O dispatcher 1","threadId":38,"mdc":{},"ndc":"","hostName":"search-sync-service-67d9ffbff9-96j49","processName":"quarkus-run.jar","processId":1}
{"timestamp":"2023-11-20T13:07:37.891Z","sequence":478,"loggerClassName":"org.jboss.logging.Logger","loggerName":"com.knime.enterprise.cloud.services.searchsync.impl.FullSyncService","level":"INFO","message":"Requesting to add alias for new index with name 'tags1700485656071'.","threadName":"executor-thread-3","threadId":41,"mdc":{},"ndc":"","hostName":"search-sync-service-67d9ffbff9-96j49","processName":"quarkus-run.jar","processId":1}
{"timestamp":"2023-11-20T13:07:37.958Z","sequence":479,"loggerClassName":"org.jboss.logging.Logger","loggerName":"com.knime.enterprise.cloud.services.searchsync.impl.FullSyncService","level":"INFO","message":"Index with name 'tags1700485656071' successfully created and aliased.","threadName":"executor-thread-3","threadId":41,"mdc":{},"ndc":"","hostName":"search-sync-service-67d9ffbff9-96j49","processName":"quarkus-run.jar","processId":1}
{"timestamp":"2023-11-20T13:07:37.958Z","sequence":480,"loggerClassName":"org.jboss.logging.Logger","loggerName":"com.knime.enterprise.cloud.services.searchsync.impl.FullSyncService","level":"INFO","message":"Attempting to clean indices of type 'TAG'.","threadName":"executor-thread-3","threadId":41,"mdc":{},"ndc":"","hostName":"search-sync-service-67d9ffbff9-96j49","processName":"quarkus-run.jar","processId":1}
{"timestamp":"2023-11-20T13:07:37.962Z","sequence":481,"loggerClassName":"org.jboss.logging.Logger","loggerName":"com.knime.enterprise.cloud.services.searchsync.impl.FullSyncService","level":"INFO","message":"Nothing to clean.","threadName":"executor-thread-3","threadId":41,"mdc":{},"ndc":"","hostName":"search-sync-service-67d9ffbff9-96j49","processName":"quarkus-run.jar","processId":1}
{"timestamp":"2023-11-20T13:17:37Z","sequence":482,"loggerClassName":"org.jboss.logging.Logger","loggerName":"com.knime.enterprise.cloud.services.searchsync.impl.FullSyncService","level":"INFO","message":"Start creation of new index for type: EXTERNAL_GROUP","threadName":"executor-thread-3","threadId":41,"mdc":{},"ndc":"","hostName":"search-sync-service-67d9ffbff9-96j49","processName":"quarkus-run.jar","processId":1}
{"timestamp":"2023-11-20T13:17:37Z","sequence":483,"loggerClassName":"org.jboss.logging.Logger","loggerName":"com.knime.enterprise.cloud.services.searchsync.impl.FullSyncService","level":"INFO","message":"Attempting to clean indices of type 'EXTERNAL_GROUP'.","threadName":"executor-thread-3","threadId":41,"mdc":{},"ndc":"","hostName":"search-sync-service-67d9ffbff9-96j49","processName":"quarkus-run.jar","processId":1}
{"timestamp":"2023-11-20T13:17:37Z","sequence":484,"loggerClassName":"org.jboss.logging.Logger","loggerName":"com.knime.enterprise.cloud.services.searchsync.impl.FullSyncService","level":"INFO","message":"Start creation of new index for type: TAG","threadName":"executor-thread-4","threadId":43,"mdc":{},"ndc":"","hostName":"search-sync-service-67d9ffbff9-96j49","processName":"quarkus-run.jar","processId":1}
{"timestamp":"2023-11-20T13:17:37Z","sequence":485,"loggerClassName":"org.jboss.logging.Logger","loggerName":"com.knime.enterprise.cloud.services.searchsync.impl.FullSyncService","level":"INFO","message":"Attempting to clean indices of type 'TAG'.","threadName":"executor-thread-4","threadId":43,"mdc":{},"ndc":"","hostName":"search-sync-service-67d9ffbff9-96j49","processName":"quarkus-run.jar","processId":1}
{"timestamp":"2023-11-20T13:17:37.004Z","sequence":486,"loggerClassName":"org.jboss.logging.Logger","loggerName":"com.knime.enterprise.cloud.services.searchsync.impl.FullSyncService","level":"INFO","message":"Nothing to clean.","threadName":"executor-thread-3","threadId":41,"mdc":{},"ndc":"","hostName":"search-sync-service-67d9ffbff9-96j49","processName":"quarkus-run.jar","processId":1}
{"timestamp":"2023-11-20T13:17:37.004Z","sequence":487,"loggerClassName":"org.jboss.logging.Logger","loggerName":"com.knime.enterprise.cloud.services.searchsync.impl.FullSyncService","level":"INFO","message":"Nothing to clean.","threadName":"executor-thread-4","threadId":43,"mdc":{},"ndc":"","hostName":"search-sync-service-67d9ffbff9-96j49","processName":"quarkus-run.jar","processId":1}
{"timestamp":"2023-11-20T13:17:37.004Z","sequence":488,"loggerClassName":"org.jboss.logging.Logger","loggerName":"com.knime.enterprise.cloud.services.searchsync.impl.FullSyncService","level":"INFO","message":"Requesting creation of index of type 'EXTERNAL_GROUP'.","threadName":"executor-thread-3","threadId":41,"mdc":{},"ndc":"","hostName":"search-sync-service-67d9ffbff9-96j49","processName":"quarkus-run.jar","processId":1}
{"timestamp":"2023-11-20T13:17:37.005Z","sequence":489,"loggerClassName":"org.jboss.logging.Logger","loggerName":"com.knime.enterprise.cloud.services.searchsync.impl.FullSyncService","level":"INFO","message":"Requesting creation of index of type 'TAG'.","threadName":"executor-thread-4","threadId":43,"mdc":{},"ndc":"","hostName":"search-sync-service-67d9ffbff9-96j49","processName":"quarkus-run.jar","processId":1}
{"timestamp":"2023-11-20T13:17:37.127Z","sequence":490,"loggerClassName":"org.jboss.logging.Logger","loggerName":"com.knime.enterprise.cloud.services.searchsync.impl.FullSyncService","level":"INFO","message":"Index of type 'EXTERNAL_GROUP' successfully created: 'external_groups1700486257000'.","threadName":"executor-thread-3","threadId":41,"mdc":{},"ndc":"","hostName":"search-sync-service-67d9ffbff9-96j49","processName":"quarkus-run.jar","processId":1}
{"timestamp":"2023-11-20T13:17:37.158Z","sequence":491,"loggerClassName":"org.jboss.logging.Logger","loggerName":"com.knime.enterprise.cloud.services.searchsync.impl.FullSyncService","level":"INFO","message":"Index of type 'TAG' successfully created: 'tags1700486257000'.","threadName":"executor-thread-4","threadId":43,"mdc":{},"ndc":"","hostName":"search-sync-service-67d9ffbff9-96j49","processName":"quarkus-run.jar","processId":1}
{"timestamp":"2023-11-20T13:17:37.174Z","sequence":492,"loggerClassName":"org.jboss.logging.Logger","loggerName":"com.knime.enterprise.cloud.services.searchsync.impl.FullSyncService","level":"INFO","message":"Accounts service retrieved the hub global account.","threadName":"executor-thread-3","threadId":41,"mdc":{},"ndc":"","hostName":"search-sync-service-67d9ffbff9-96j49","processName":"quarkus-run.jar","processId":1}
{"timestamp":"2023-11-20T13:17:37.174Z","sequence":493,"loggerClassName":"org.jboss.logging.Logger","loggerName":"com.knime.enterprise.cloud.services.searchsync.impl.FullSyncService","level":"INFO","message":"Accounts service returned 0 external groups.","threadName":"executor-thread-3","threadId":41,"mdc":{},"ndc":"","hostName":"search-sync-service-67d9ffbff9-96j49","processName":"quarkus-run.jar","processId":1}
{"timestamp":"2023-11-20T13:17:37.174Z","sequence":494,"loggerClassName":"org.jboss.logging.Logger","loggerName":"com.knime.enterprise.cloud.services.searchsync.impl.FullSyncService","level":"INFO","message":"Start bulk index of :'external_groups1700486257000'","threadName":"executor-thread-3","threadId":41,"mdc":{},"ndc":"","hostName":"search-sync-service-67d9ffbff9-96j49","processName":"quarkus-run.jar","processId":1}
{"timestamp":"2023-11-20T13:17:37.175Z","sequence":495,"loggerClassName":"org.jboss.logging.Logger","loggerName":"com.knime.enterprise.cloud.services.searchsync.impl.FullSyncService","level":"INFO","message":"0 items has been added to 'external_groups' index (out of 0 items retrieved).","threadName":"executor-thread-3","threadId":41,"mdc":{},"ndc":"","hostName":"search-sync-service-67d9ffbff9-96j49","processName":"quarkus-run.jar","processId":1}
{"timestamp":"2023-11-20T13:17:37.18Z","sequence":496,"loggerClassName":"org.jboss.logging.Logger","loggerName":"com.knime.enterprise.cloud.services.searchsync.impl.FullSyncService","level":"INFO","message":"Requesting to add alias for new index with name 'external_groups1700486257000'.","threadName":"executor-thread-3","threadId":41,"mdc":{},"ndc":"","hostName":"search-sync-service-67d9ffbff9-96j49","processName":"quarkus-run.jar","processId":1}
{"timestamp":"2023-11-20T13:17:37.181Z","sequence":497,"loggerClassName":"org.jboss.logging.Logger","loggerName":"com.knime.enterprise.cloud.services.searchsync.impl.FullSyncService","level":"INFO","message":"Starting bulk request 1.","threadName":"executor-thread-4","threadId":43,"mdc":{},"ndc":"","hostName":"search-sync-service-67d9ffbff9-96j49","processName":"quarkus-run.jar","processId":1}
{"timestamp":"2023-11-20T13:17:37.183Z","sequence":498,"loggerClassName":"org.jboss.logging.Logger","loggerName":"com.knime.enterprise.cloud.services.searchsync.impl.FullSyncService","level":"INFO","message":"Starting bulk request 2.","threadName":"executor-thread-4","threadId":43,"mdc":{},"ndc":"","hostName":"search-sync-service-67d9ffbff9-96j49","processName":"quarkus-run.jar","processId":1}
{"timestamp":"2023-11-20T13:17:37.206Z","sequence":499,"loggerClassName":"org.jboss.logging.Logger","loggerName":"com.knime.enterprise.cloud.services.searchsync.impl.FullSyncService","level":"INFO","message":"Finished bulk request 1: OK","threadName":"I/O dispatcher 1","threadId":38,"mdc":{},"ndc":"","hostName":"search-sync-service-67d9ffbff9-96j49","processName":"quarkus-run.jar","processId":1}
{"timestamp":"2023-11-20T13:17:37.208Z","sequence":500,"loggerClassName":"org.jboss.logging.Logger","loggerName":"com.knime.enterprise.cloud.services.searchsync.impl.FullSyncService","level":"INFO","message":"Starting bulk request 3.","threadName":"executor-thread-4","threadId":43,"mdc":{},"ndc":"","hostName":"search-sync-service-67d9ffbff9-96j49","processName":"quarkus-run.jar","processId":1}
{"timestamp":"2023-11-20T13:17:37.225Z","sequence":501,"loggerClassName":"org.jboss.logging.Logger","loggerName":"com.knime.enterprise.cloud.services.searchsync.impl.FullSyncService","level":"INFO","message":"Index with name 'external_groups1700486257000' successfully created and aliased.","threadName":"executor-thread-3","threadId":41,"mdc":{},"ndc":"","hostName":"search-sync-service-67d9ffbff9-96j49","processName":"quarkus-run.jar","processId":1}
{"timestamp":"2023-11-20T13:17:37.225Z","sequence":502,"loggerClassName":"org.jboss.logging.Logger","loggerName":"com.knime.enterprise.cloud.services.searchsync.impl.FullSyncService","level":"INFO","message":"Attempting to clean indices of type 'EXTERNAL_GROUP'.","threadName":"executor-thread-3","threadId":41,"mdc":{},"ndc":"","hostName":"search-sync-service-67d9ffbff9-96j49","processName":"quarkus-run.jar","processId":1}
{"timestamp":"2023-11-20T13:17:37.225Z","sequence":503,"loggerClassName":"org.jboss.logging.Logger","loggerName":"com.knime.enterprise.cloud.services.searchsync.impl.FullSyncService","level":"INFO","message":"Finished bulk request 2: OK","threadName":"I/O dispatcher 1","threadId":38,"mdc":{},"ndc":"","hostName":"search-sync-service-67d9ffbff9-96j49","processName":"quarkus-run.jar","processId":1}
{"timestamp":"2023-11-20T13:17:37.227Z","sequence":504,"loggerClassName":"org.jboss.logging.Logger","loggerName":"com.knime.enterprise.cloud.services.searchsync.impl.FullSyncService","level":"INFO","message":"Starting bulk request 4.","threadName":"executor-thread-4","threadId":43,"mdc":{},"ndc":"","hostName":"search-sync-service-67d9ffbff9-96j49","processName":"quarkus-run.jar","processId":1}
{"timestamp":"2023-11-20T13:17:37.228Z","sequence":505,"loggerClassName":"org.jboss.logging.Logger","loggerName":"com.knime.enterprise.cloud.services.searchsync.impl.FullSyncService","level":"INFO","message":"Nothing to clean.","threadName":"executor-thread-3","threadId":41,"mdc":{},"ndc":"","hostName":"search-sync-service-67d9ffbff9-96j49","processName":"quarkus-run.jar","processId":1}
{"timestamp":"2023-11-20T13:17:37.268Z","sequence":506,"loggerClassName":"org.jboss.logging.Logger","loggerName":"com.knime.enterprise.cloud.services.searchsync.impl.FullSyncService","level":"INFO","message":"Finished bulk request 3: OK","threadName":"I/O dispatcher 1","threadId":38,"mdc":{},"ndc":"","hostName":"search-sync-service-67d9ffbff9-96j49","processName":"quarkus-run.jar","processId":1}
{"timestamp":"2023-11-20T13:17:37.27Z","sequence":507,"loggerClassName":"org.jboss.logging.Logger","loggerName":"com.knime.enterprise.cloud.services.searchsync.impl.FullSyncService","level":"INFO","message":"Starting bulk request 5.","threadName":"executor-thread-4","threadId":43,"mdc":{},"ndc":"","hostName":"search-sync-service-67d9ffbff9-96j49","processName":"quarkus-run.jar","processId":1}
{"timestamp":"2023-11-20T13:17:37.285Z","sequence":508,"loggerClassName":"org.jboss.logging.Logger","loggerName":"com.knime.enterprise.cloud.services.searchsync.impl.FullSyncService","level":"INFO","message":"Finished bulk request 4: OK","threadName":"I/O dispatcher 1","threadId":38,"mdc":{},"ndc":"","hostName":"search-sync-service-67d9ffbff9-96j49","processName":"quarkus-run.jar","processId":1}
{"timestamp":"2023-11-20T13:17:37.287Z","sequence":509,"loggerClassName":"org.jboss.logging.Logger","loggerName":"com.knime.enterprise.cloud.services.searchsync.impl.FullSyncService","level":"INFO","message":"Starting bulk request 6.","threadName":"executor-thread-4","threadId":43,"mdc":{},"ndc":"","hostName":"search-sync-service-67d9ffbff9-96j49","processName":"quarkus-run.jar","processId":1}
{"timestamp":"2023-11-20T13:17:37.302Z","sequence":510,"loggerClassName":"org.jboss.logging.Logger","loggerName":"com.knime.enterprise.cloud.services.searchsync.impl.FullSyncService","level":"INFO","message":"Finished bulk request 5: OK","threadName":"I/O dispatcher 1","threadId":38,"mdc":{},"ndc":"","hostName":"search-sync-service-67d9ffbff9-96j49","processName":"quarkus-run.jar","processId":1}
{"timestamp":"2023-11-20T13:17:37.304Z","sequence":511,"loggerClassName":"org.jboss.logging.Logger","loggerName":"com.knime.enterprise.cloud.services.searchsync.impl.FullSyncService","level":"INFO","message":"Starting bulk request 7.","threadName":"executor-thread-4","threadId":43,"mdc":{},"ndc":"","hostName":"search-sync-service-67d9ffbff9-96j49","processName":"quarkus-run.jar","processId":1}
{"timestamp":"2023-11-20T13:17:37.319Z","sequence":512,"loggerClassName":"org.jboss.logging.Logger","loggerName":"com.knime.enterprise.cloud.services.searchsync.impl.FullSyncService","level":"INFO","message":"Finished bulk request 6: OK","threadName":"I/O dispatcher 1","threadId":38,"mdc":{},"ndc":"","hostName":"search-sync-service-67d9ffbff9-96j49","processName":"quarkus-run.jar","processId":1}
{"timestamp":"2023-11-20T13:17:37.321Z","sequence":513,"loggerClassName":"org.jboss.logging.Logger","loggerName":"com.knime.enterprise.cloud.services.searchsync.impl.FullSyncService","level":"INFO","message":"Starting bulk request 8.","threadName":"executor-thread-4","threadId":43,"mdc":{},"ndc":"","hostName":"search-sync-service-67d9ffbff9-96j49","processName":"quarkus-run.jar","processId":1}
{"timestamp":"2023-11-20T13:17:37.335Z","sequence":514,"loggerClassName":"org.jboss.logging.Logger","loggerName":"com.knime.enterprise.cloud.services.searchsync.impl.FullSyncService","level":"INFO","message":"Finished bulk request 7: OK","threadName":"I/O dispatcher 1","threadId":38,"mdc":{},"ndc":"","hostName":"search-sync-service-67d9ffbff9-96j49","processName":"quarkus-run.jar","processId":1}
{"timestamp":"2023-11-20T13:17:37.336Z","sequence":515,"loggerClassName":"org.jboss.logging.Logger","loggerName":"com.knime.enterprise.cloud.services.searchsync.impl.FullSyncService","level":"INFO","message":"Starting bulk request 9.","threadName":"executor-thread-4","threadId":43,"mdc":{},"ndc":"","hostName":"search-sync-service-67d9ffbff9-96j49","processName":"quarkus-run.jar","processId":1}
{"timestamp":"2023-11-20T13:17:37.367Z","sequence":516,"loggerClassName":"org.jboss.logging.Logger","loggerName":"com.knime.enterprise.cloud.services.searchsync.impl.FullSyncService","level":"INFO","message":"Finished bulk request 8: OK","threadName":"I/O dispatcher 1","threadId":38,"mdc":{},"ndc":"","hostName":"search-sync-service-67d9ffbff9-96j49","processName":"quarkus-run.jar","processId":1}
{"timestamp":"2023-11-20T13:17:37.369Z","sequence":517,"loggerClassName":"org.jboss.logging.Logger","loggerName":"com.knime.enterprise.cloud.services.searchsync.impl.FullSyncService","level":"INFO","message":"Starting bulk request 10.","threadName":"executor-thread-4","threadId":43,"mdc":{},"ndc":"","hostName":"search-sync-service-67d9ffbff9-96j49","processName":"quarkus-run.jar","processId":1}
{"timestamp":"2023-11-20T13:17:37.383Z","sequence":518,"loggerClassName":"org.jboss.logging.Logger","loggerName":"com.knime.enterprise.cloud.services.searchsync.impl.FullSyncService","level":"INFO","message":"Finished bulk request 9: OK","threadName":"I/O dispatcher 1","threadId":38,"mdc":{},"ndc":"","hostName":"search-sync-service-67d9ffbff9-96j49","processName":"quarkus-run.jar","processId":1}
{"timestamp":"2023-11-20T13:17:37.396Z","sequence":519,"loggerClassName":"org.jboss.logging.Logger","loggerName":"com.knime.enterprise.cloud.services.searchsync.impl.FullSyncService","level":"INFO","message":"Finished bulk request 10: OK","threadName":"I/O dispatcher 1","threadId":38,"mdc":{},"ndc":"","hostName":"search-sync-service-67d9ffbff9-96j49","processName":"quarkus-run.jar","processId":1}
{"timestamp":"2023-11-20T13:17:37.46Z","sequence":520,"loggerClassName":"org.jboss.logging.Logger","loggerName":"com.knime.enterprise.cloud.services.searchsync.impl.FullSyncService","level":"INFO","message":"Requesting to add alias for new index with name 'tags1700486257000'.","threadName":"executor-thread-4","threadId":43,"mdc":{},"ndc":"","hostName":"search-sync-service-67d9ffbff9-96j49","processName":"quarkus-run.jar","processId":1}
{"timestamp":"2023-11-20T13:17:37.501Z","sequence":521,"loggerClassName":"org.jboss.logging.Logger","loggerName":"com.knime.enterprise.cloud.services.searchsync.impl.FullSyncService","level":"INFO","message":"Index with name 'tags1700486257000' successfully created and aliased.","threadName":"executor-thread-4","threadId":43,"mdc":{},"ndc":"","hostName":"search-sync-service-67d9ffbff9-96j49","processName":"quarkus-run.jar","processId":1}
{"timestamp":"2023-11-20T13:17:37.501Z","sequence":522,"loggerClassName":"org.jboss.logging.Logger","loggerName":"com.knime.enterprise.cloud.services.searchsync.impl.FullSyncService","level":"INFO","message":"Attempting to clean indices of type 'TAG'.","threadName":"executor-thread-4","threadId":43,"mdc":{},"ndc":"","hostName":"search-sync-service-67d9ffbff9-96j49","processName":"quarkus-run.jar","processId":1}
{"timestamp":"2023-11-20T13:17:37.504Z","sequence":523,"loggerClassName":"org.jboss.logging.Logger","loggerName":"com.knime.enterprise.cloud.services.searchsync.impl.FullSyncService","level":"INFO","message":"Nothing to clean.","threadName":"executor-thread-4","threadId":43,"mdc":{},"ndc":"","hostName":"search-sync-service-67d9ffbff9-96j49","processName":"quarkus-run.jar","processId":1}
{"timestamp":"2023-11-20T13:27:37Z","sequence":524,"loggerClassName":"org.jboss.logging.Logger","loggerName":"com.knime.enterprise.cloud.services.searchsync.impl.FullSyncService","level":"INFO","message":"Start creation of new index for type: EXTERNAL_GROUP","threadName":"executor-thread-4","threadId":43,"mdc":{},"ndc":"","hostName":"search-sync-service-67d9ffbff9-96j49","processName":"quarkus-run.jar","processId":1}
{"timestamp":"2023-11-20T13:27:37Z","sequence":525,"loggerClassName":"org.jboss.logging.Logger","loggerName":"com.knime.enterprise.cloud.services.searchsync.impl.FullSyncService","level":"INFO","message":"Attempting to clean indices of type 'EXTERNAL_GROUP'.","threadName":"executor-thread-4","threadId":43,"mdc":{},"ndc":"","hostName":"search-sync-service-67d9ffbff9-96j49","processName":"quarkus-run.jar","processId":1}
{"timestamp":"2023-11-20T13:27:37Z","sequence":526,"loggerClassName":"org.jboss.logging.Logger","loggerName":"com.knime.enterprise.cloud.services.searchsync.impl.FullSyncService","level":"INFO","message":"Start creation of new index for type: TAG","threadName":"executor-thread-5","threadId":44,"mdc":{},"ndc":"","hostName":"search-sync-service-67d9ffbff9-96j49","processName":"quarkus-run.jar","processId":1}
{"timestamp":"2023-11-20T13:27:37Z","sequence":527,"loggerClassName":"org.jboss.logging.Logger","loggerName":"com.knime.enterprise.cloud.services.searchsync.impl.FullSyncService","level":"INFO","message":"Attempting to clean indices of type 'TAG'.","threadName":"executor-thread-5","threadId":44,"mdc":{},"ndc":"","hostName":"search-sync-service-67d9ffbff9-96j49","processName":"quarkus-run.jar","processId":1}
{"timestamp":"2023-11-20T13:27:37.003Z","sequence":528,"loggerClassName":"org.jboss.logging.Logger","loggerName":"com.knime.enterprise.cloud.services.searchsync.impl.FullSyncService","level":"INFO","message":"Nothing to clean.","threadName":"executor-thread-4","threadId":43,"mdc":{},"ndc":"","hostName":"search-sync-service-67d9ffbff9-96j49","processName":"quarkus-run.jar","processId":1}
{"timestamp":"2023-11-20T13:27:37.004Z","sequence":529,"loggerClassName":"org.jboss.logging.Logger","loggerName":"com.knime.enterprise.cloud.services.searchsync.impl.FullSyncService","level":"INFO","message":"Nothing to clean.","threadName":"executor-thread-5","threadId":44,"mdc":{},"ndc":"","hostName":"search-sync-service-67d9ffbff9-96j49","processName":"quarkus-run.jar","processId":1}
{"timestamp":"2023-11-20T13:27:37.004Z","sequence":530,"loggerClassName":"org.jboss.logging.Logger","loggerName":"com.knime.enterprise.cloud.services.searchsync.impl.FullSyncService","level":"INFO","message":"Requesting creation of index of type 'EXTERNAL_GROUP'.","threadName":"executor-thread-4","threadId":43,"mdc":{},"ndc":"","hostName":"search-sync-service-67d9ffbff9-96j49","processName":"quarkus-run.jar","processId":1}
{"timestamp":"2023-11-20T13:27:37.004Z","sequence":531,"loggerClassName":"org.jboss.logging.Logger","loggerName":"com.knime.enterprise.cloud.services.searchsync.impl.FullSyncService","level":"INFO","message":"Requesting creation of index of type 'TAG'.","threadName":"executor-thread-5","threadId":44,"mdc":{},"ndc":"","hostName":"search-sync-service-67d9ffbff9-96j49","processName":"quarkus-run.jar","processId":1}
{"timestamp":"2023-11-20T13:27:37.117Z","sequence":532,"loggerClassName":"org.jboss.logging.Logger","loggerName":"com.knime.enterprise.cloud.services.searchsync.impl.FullSyncService","level":"INFO","message":"Index of type 'EXTERNAL_GROUP' successfully created: 'external_groups1700486857000'.","threadName":"executor-thread-4","threadId":43,"mdc":{},"ndc":"","hostName":"search-sync-service-67d9ffbff9-96j49","processName":"quarkus-run.jar","processId":1}
{"timestamp":"2023-11-20T13:27:37.146Z","sequence":533,"loggerClassName":"org.jboss.logging.Logger","loggerName":"com.knime.enterprise.cloud.services.searchsync.impl.FullSyncService","level":"INFO","message":"Index of type 'TAG' successfully created: 'tags1700486857000'.","threadName":"executor-thread-5","threadId":44,"mdc":{},"ndc":"","hostName":"search-sync-service-67d9ffbff9-96j49","processName":"quarkus-run.jar","processId":1}
{"timestamp":"2023-11-20T13:27:37.153Z","sequence":534,"loggerClassName":"org.jboss.logging.Logger","loggerName":"com.knime.enterprise.cloud.services.searchsync.impl.FullSyncService","level":"INFO","message":"Starting bulk request 1.","threadName":"executor-thread-5","threadId":44,"mdc":{},"ndc":"","hostName":"search-sync-service-67d9ffbff9-96j49","processName":"quarkus-run.jar","processId":1}
{"timestamp":"2023-11-20T13:27:37.154Z","sequence":535,"loggerClassName":"org.jboss.logging.Logger","loggerName":"com.knime.enterprise.cloud.services.searchsync.impl.FullSyncService","level":"INFO","message":"Starting bulk request 2.","threadName":"executor-thread-5","threadId":44,"mdc":{},"ndc":"","hostName":"search-sync-service-67d9ffbff9-96j49","processName":"quarkus-run.jar","processId":1}
{"timestamp":"2023-11-20T13:27:37.165Z","sequence":536,"loggerClassName":"org.jboss.logging.Logger","loggerName":"com.knime.enterprise.cloud.services.searchsync.impl.FullSyncService","level":"INFO","message":"Accounts service retrieved the hub global account.","threadName":"executor-thread-4","threadId":43,"mdc":{},"ndc":"","hostName":"search-sync-service-67d9ffbff9-96j49","processName":"quarkus-run.jar","processId":1}
{"timestamp":"2023-11-20T13:27:37.165Z","sequence":537,"loggerClassName":"org.jboss.logging.Logger","loggerName":"com.knime.enterprise.cloud.services.searchsync.impl.FullSyncService","level":"INFO","message":"Accounts service returned 0 external groups.","threadName":"executor-thread-4","threadId":43,"mdc":{},"ndc":"","hostName":"search-sync-service-67d9ffbff9-96j49","processName":"quarkus-run.jar","processId":1}
{"timestamp":"2023-11-20T13:27:37.165Z","sequence":538,"loggerClassName":"org.jboss.logging.Logger","loggerName":"com.knime.enterprise.cloud.services.searchsync.impl.FullSyncService","level":"INFO","message":"Start bulk index of :'external_groups1700486857000'","threadName":"executor-thread-4","threadId":43,"mdc":{},"ndc":"","hostName":"search-sync-service-67d9ffbff9-96j49","processName":"quarkus-run.jar","processId":1}
{"timestamp":"2023-11-20T13:27:37.165Z","sequence":539,"loggerClassName":"org.jboss.logging.Logger","loggerName":"com.knime.enterprise.cloud.services.searchsync.impl.FullSyncService","level":"INFO","message":"0 items has been added to 'external_groups' index (out of 0 items retrieved).","threadName":"executor-thread-4","threadId":43,"mdc":{},"ndc":"","hostName":"search-sync-service-67d9ffbff9-96j49","processName":"quarkus-run.jar","processId":1}
{"timestamp":"2023-11-20T13:27:37.186Z","sequence":540,"loggerClassName":"org.jboss.logging.Logger","loggerName":"com.knime.enterprise.cloud.services.searchsync.impl.FullSyncService","level":"INFO","message":"Requesting to add alias for new index with name 'external_groups1700486857000'.","threadName":"executor-thread-4","threadId":43,"mdc":{},"ndc":"","hostName":"search-sync-service-67d9ffbff9-96j49","processName":"quarkus-run.jar","processId":1}
{"timestamp":"2023-11-20T13:27:37.19Z","sequence":541,"loggerClassName":"org.jboss.logging.Logger","loggerName":"com.knime.enterprise.cloud.services.searchsync.impl.FullSyncService","level":"INFO","message":"Finished bulk request 1: OK","threadName":"I/O dispatcher 1","threadId":38,"mdc":{},"ndc":"","hostName":"search-sync-service-67d9ffbff9-96j49","processName":"quarkus-run.jar","processId":1}
{"timestamp":"2023-11-20T13:27:37.191Z","sequence":542,"loggerClassName":"org.jboss.logging.Logger","loggerName":"com.knime.enterprise.cloud.services.searchsync.impl.FullSyncService","level":"INFO","message":"Starting bulk request 3.","threadName":"executor-thread-5","threadId":44,"mdc":{},"ndc":"","hostName":"search-sync-service-67d9ffbff9-96j49","processName":"quarkus-run.jar","processId":1}
{"timestamp":"2023-11-20T13:27:37.204Z","sequence":543,"loggerClassName":"org.jboss.logging.Logger","loggerName":"com.knime.enterprise.cloud.services.searchsync.impl.FullSyncService","level":"INFO","message":"Finished bulk request 2: OK","threadName":"I/O dispatcher 1","threadId":38,"mdc":{},"ndc":"","hostName":"search-sync-service-67d9ffbff9-96j49","processName":"quarkus-run.jar","processId":1}
{"timestamp":"2023-11-20T13:27:37.206Z","sequence":544,"loggerClassName":"org.jboss.logging.Logger","loggerName":"com.knime.enterprise.cloud.services.searchsync.impl.FullSyncService","level":"INFO","message":"Starting bulk request 4.","threadName":"executor-thread-5","threadId":44,"mdc":{},"ndc":"","hostName":"search-sync-service-67d9ffbff9-96j49","processName":"quarkus-run.jar","processId":1}
{"timestamp":"2023-11-20T13:27:37.216Z","sequence":545,"loggerClassName":"org.jboss.logging.Logger","loggerName":"com.knime.enterprise.cloud.services.searchsync.impl.FullSyncService","level":"INFO","message":"Finished bulk request 3: OK","threadName":"I/O dispatcher 1","threadId":38,"mdc":{},"ndc":"","hostName":"search-sync-service-67d9ffbff9-96j49","processName":"quarkus-run.jar","processId":1}
{"timestamp":"2023-11-20T13:27:37.217Z","sequence":546,"loggerClassName":"org.jboss.logging.Logger","loggerName":"com.knime.enterprise.cloud.services.searchsync.impl.FullSyncService","level":"INFO","message":"Starting bulk request 5.","threadName":"executor-thread-5","threadId":44,"mdc":{},"ndc":"","hostName":"search-sync-service-67d9ffbff9-96j49","processName":"quarkus-run.jar","processId":1}
{"timestamp":"2023-11-20T13:27:37.225Z","sequence":547,"loggerClassName":"org.jboss.logging.Logger","loggerName":"com.knime.enterprise.cloud.services.searchsync.impl.FullSyncService","level":"INFO","message":"Index with name 'external_groups1700486857000' successfully created and aliased.","threadName":"executor-thread-4","threadId":43,"mdc":{},"ndc":"","hostName":"search-sync-service-67d9ffbff9-96j49","processName":"quarkus-run.jar","processId":1}
{"timestamp":"2023-11-20T13:27:37.225Z","sequence":548,"loggerClassName":"org.jboss.logging.Logger","loggerName":"com.knime.enterprise.cloud.services.searchsync.impl.FullSyncService","level":"INFO","message":"Attempting to clean indices of type 'EXTERNAL_GROUP'.","threadName":"executor-thread-4","threadId":43,"mdc":{},"ndc":"","hostName":"search-sync-service-67d9ffbff9-96j49","processName":"quarkus-run.jar","processId":1}
{"timestamp":"2023-11-20T13:27:37.228Z","sequence":549,"loggerClassName":"org.jboss.logging.Logger","loggerName":"com.knime.enterprise.cloud.services.searchsync.impl.FullSyncService","level":"INFO","message":"Nothing to clean.","threadName":"executor-thread-4","threadId":43,"mdc":{},"ndc":"","hostName":"search-sync-service-67d9ffbff9-96j49","processName":"quarkus-run.jar","processId":1}
{"timestamp":"2023-11-20T13:27:37.228Z","sequence":550,"loggerClassName":"org.jboss.logging.Logger","loggerName":"com.knime.enterprise.cloud.services.searchsync.impl.FullSyncService","level":"INFO","message":"Finished bulk request 4: OK","threadName":"I/O dispatcher 1","threadId":38,"mdc":{},"ndc":"","hostName":"search-sync-service-67d9ffbff9-96j49","processName":"quarkus-run.jar","processId":1}
{"timestamp":"2023-11-20T13:27:37.229Z","sequence":551,"loggerClassName":"org.jboss.logging.Logger","loggerName":"com.knime.enterprise.cloud.services.searchsync.impl.FullSyncService","level":"INFO","message":"Starting bulk request 6.","threadName":"executor-thread-5","threadId":44,"mdc":{},"ndc":"","hostName":"search-sync-service-67d9ffbff9-96j49","processName":"quarkus-run.jar","processId":1}
{"timestamp":"2023-11-20T13:27:37.239Z","sequence":552,"loggerClassName":"org.jboss.logging.Logger","loggerName":"com.knime.enterprise.cloud.services.searchsync.impl.FullSyncService","level":"INFO","message":"Finished bulk request 5: OK","threadName":"I/O dispatcher 1","threadId":38,"mdc":{},"ndc":"","hostName":"search-sync-service-67d9ffbff9-96j49","processName":"quarkus-run.jar","processId":1}
{"timestamp":"2023-11-20T13:27:37.24Z","sequence":553,"loggerClassName":"org.jboss.logging.Logger","loggerName":"com.knime.enterprise.cloud.services.searchsync.impl.FullSyncService","level":"INFO","message":"Starting bulk request 7.","threadName":"executor-thread-5","threadId":44,"mdc":{},"ndc":"","hostName":"search-sync-service-67d9ffbff9-96j49","processName":"quarkus-run.jar","processId":1}
{"timestamp":"2023-11-20T13:27:37.261Z","sequence":554,"loggerClassName":"org.jboss.logging.Logger","loggerName":"com.knime.enterprise.cloud.services.searchsync.impl.FullSyncService","level":"INFO","message":"Finished bulk request 6: OK","threadName":"I/O dispatcher 1","threadId":38,"mdc":{},"ndc":"","hostName":"search-sync-service-67d9ffbff9-96j49","processName":"quarkus-run.jar","processId":1}
{"timestamp":"2023-11-20T13:27:37.262Z","sequence":555,"loggerClassName":"org.jboss.logging.Logger","loggerName":"com.knime.enterprise.cloud.services.searchsync.impl.FullSyncService","level":"INFO","message":"Starting bulk request 8.","threadName":"executor-thread-5","threadId":44,"mdc":{},"ndc":"","hostName":"search-sync-service-67d9ffbff9-96j49","processName":"quarkus-run.jar","processId":1}
{"timestamp":"2023-11-20T13:27:37.271Z","sequence":556,"loggerClassName":"org.jboss.logging.Logger","loggerName":"com.knime.enterprise.cloud.services.searchsync.impl.FullSyncService","level":"INFO","message":"Finished bulk request 7: OK","threadName":"I/O dispatcher 1","threadId":38,"mdc":{},"ndc":"","hostName":"search-sync-service-67d9ffbff9-96j49","processName":"quarkus-run.jar","processId":1}
{"timestamp":"2023-11-20T13:27:37.275Z","sequence":557,"loggerClassName":"org.jboss.logging.Logger","loggerName":"com.knime.enterprise.cloud.services.searchsync.impl.FullSyncService","level":"INFO","message":"Starting bulk request 9.","threadName":"executor-thread-5","threadId":44,"mdc":{},"ndc":"","hostName":"search-sync-service-67d9ffbff9-96j49","processName":"quarkus-run.jar","processId":1}
{"timestamp":"2023-11-20T13:27:37.281Z","sequence":558,"loggerClassName":"org.jboss.logging.Logger","loggerName":"com.knime.enterprise.cloud.services.searchsync.impl.FullSyncService","level":"INFO","message":"Finished bulk request 8: OK","threadName":"I/O dispatcher 1","threadId":38,"mdc":{},"ndc":"","hostName":"search-sync-service-67d9ffbff9-96j49","processName":"quarkus-run.jar","processId":1}
{"timestamp":"2023-11-20T13:27:37.282Z","sequence":559,"loggerClassName":"org.jboss.logging.Logger","loggerName":"com.knime.enterprise.cloud.services.searchsync.impl.FullSyncService","level":"INFO","message":"Starting bulk request 10.","threadName":"executor-thread-5","threadId":44,"mdc":{},"ndc":"","hostName":"search-sync-service-67d9ffbff9-96j49","processName":"quarkus-run.jar","processId":1}
{"timestamp":"2023-11-20T13:27:37.292Z","sequence":560,"loggerClassName":"org.jboss.logging.Logger","loggerName":"com.knime.enterprise.cloud.services.searchsync.impl.FullSyncService","level":"INFO","message":"Finished bulk request 9: OK","threadName":"I/O dispatcher 1","threadId":38,"mdc":{},"ndc":"","hostName":"search-sync-service-67d9ffbff9-96j49","processName":"quarkus-run.jar","processId":1}
{"timestamp":"2023-11-20T13:27:37.301Z","sequence":561,"loggerClassName":"org.jboss.logging.Logger","loggerName":"com.knime.enterprise.cloud.services.searchsync.impl.FullSyncService","level":"INFO","message":"Finished bulk request 10: OK","threadName":"I/O dispatcher 1","threadId":38,"mdc":{},"ndc":"","hostName":"search-sync-service-67d9ffbff9-96j49","processName":"quarkus-run.jar","processId":1}
{"timestamp":"2023-11-20T13:27:37.348Z","sequence":562,"loggerClassName":"org.jboss.logging.Logger","loggerName":"com.knime.enterprise.cloud.services.searchsync.impl.FullSyncService","level":"INFO","message":"Requesting to add alias for new index with name 'tags1700486857000'.","threadName":"executor-thread-5","threadId":44,"mdc":{},"ndc":"","hostName":"search-sync-service-67d9ffbff9-96j49","processName":"quarkus-run.jar","processId":1}
{"timestamp":"2023-11-20T13:27:37.383Z","sequence":563,"loggerClassName":"org.jboss.logging.Logger","loggerName":"com.knime.enterprise.cloud.services.searchsync.impl.FullSyncService","level":"INFO","message":"Index with name 'tags1700486857000' successfully created and aliased.","threadName":"executor-thread-5","threadId":44,"mdc":{},"ndc":"","hostName":"search-sync-service-67d9ffbff9-96j49","processName":"quarkus-run.jar","processId":1}
{"timestamp":"2023-11-20T13:27:37.383Z","sequence":564,"loggerClassName":"org.jboss.logging.Logger","loggerName":"com.knime.enterprise.cloud.services.searchsync.impl.FullSyncService","level":"INFO","message":"Attempting to clean indices of type 'TAG'.","threadName":"executor-thread-5","threadId":44,"mdc":{},"ndc":"","hostName":"search-sync-service-67d9ffbff9-96j49","processName":"quarkus-run.jar","processId":1}
{"timestamp":"2023-11-20T13:27:37.386Z","sequence":565,"loggerClassName":"org.jboss.logging.Logger","loggerName":"com.knime.enterprise.cloud.services.searchsync.impl.FullSyncService","level":"INFO","message":"Nothing to clean.","threadName":"executor-thread-5","threadId":44,"mdc":{},"ndc":"","hostName":"search-sync-service-67d9ffbff9-96j49","processName":"quarkus-run.jar","processId":1}
{"timestamp":"2023-11-20T13:37:37Z","sequence":566,"loggerClassName":"org.jboss.logging.Logger","loggerName":"com.knime.enterprise.cloud.services.searchsync.impl.FullSyncService","level":"INFO","message":"Start creation of new index for type: EXTERNAL_GROUP","threadName":"executor-thread-5","threadId":44,"mdc":{},"ndc":"","hostName":"search-sync-service-67d9ffbff9-96j49","processName":"quarkus-run.jar","processId":1}
{"timestamp":"2023-11-20T13:37:37Z","sequence":567,"loggerClassName":"org.jboss.logging.Logger","loggerName":"com.knime.enterprise.cloud.services.searchsync.impl.FullSyncService","level":"INFO","message":"Attempting to clean indices of type 'EXTERNAL_GROUP'.","threadName":"executor-thread-5","threadId":44,"mdc":{},"ndc":"","hostName":"search-sync-service-67d9ffbff9-96j49","processName":"quarkus-run.jar","processId":1}
{"timestamp":"2023-11-20T13:37:37Z","sequence":568,"loggerClassName":"org.jboss.logging.Logger","loggerName":"com.knime.enterprise.cloud.services.searchsync.impl.FullSyncService","level":"INFO","message":"Start creation of new index for type: TAG","threadName":"executor-thread-6","threadId":45,"mdc":{},"ndc":"","hostName":"search-sync-service-67d9ffbff9-96j49","processName":"quarkus-run.jar","processId":1}
{"timestamp":"2023-11-20T13:37:37Z","sequence":569,"loggerClassName":"org.jboss.logging.Logger","loggerName":"com.knime.enterprise.cloud.services.searchsync.impl.FullSyncService","level":"INFO","message":"Attempting to clean indices of type 'TAG'.","threadName":"executor-thread-6","threadId":45,"mdc":{},"ndc":"","hostName":"search-sync-service-67d9ffbff9-96j49","processName":"quarkus-run.jar","processId":1}
{"timestamp":"2023-11-20T13:37:37.003Z","sequence":570,"loggerClassName":"org.jboss.logging.Logger","loggerName":"com.knime.enterprise.cloud.services.searchsync.impl.FullSyncService","level":"INFO","message":"Nothing to clean.","threadName":"executor-thread-5","threadId":44,"mdc":{},"ndc":"","hostName":"search-sync-service-67d9ffbff9-96j49","processName":"quarkus-run.jar","processId":1}
{"timestamp":"2023-11-20T13:37:37.004Z","sequence":571,"loggerClassName":"org.jboss.logging.Logger","loggerName":"com.knime.enterprise.cloud.services.searchsync.impl.FullSyncService","level":"INFO","message":"Requesting creation of index of type 'EXTERNAL_GROUP'.","threadName":"executor-thread-5","threadId":44,"mdc":{},"ndc":"","hostName":"search-sync-service-67d9ffbff9-96j49","processName":"quarkus-run.jar","processId":1}
{"timestamp":"2023-11-20T13:37:37.004Z","sequence":572,"loggerClassName":"org.jboss.logging.Logger","loggerName":"com.knime.enterprise.cloud.services.searchsync.impl.FullSyncService","level":"INFO","message":"Nothing to clean.","threadName":"executor-thread-6","threadId":45,"mdc":{},"ndc":"","hostName":"search-sync-service-67d9ffbff9-96j49","processName":"quarkus-run.jar","processId":1}
{"timestamp":"2023-11-20T13:37:37.005Z","sequence":573,"loggerClassName":"org.jboss.logging.Logger","loggerName":"com.knime.enterprise.cloud.services.searchsync.impl.FullSyncService","level":"INFO","message":"Requesting creation of index of type 'TAG'.","threadName":"executor-thread-6","threadId":45,"mdc":{},"ndc":"","hostName":"search-sync-service-67d9ffbff9-96j49","processName":"quarkus-run.jar","processId":1}
{"timestamp":"2023-11-20T13:37:37.116Z","sequence":574,"loggerClassName":"org.jboss.logging.Logger","loggerName":"com.knime.enterprise.cloud.services.searchsync.impl.FullSyncService","level":"INFO","message":"Index of type 'EXTERNAL_GROUP' successfully created: 'external_groups1700487457000'.","threadName":"executor-thread-5","threadId":44,"mdc":{},"ndc":"","hostName":"search-sync-service-67d9ffbff9-96j49","processName":"quarkus-run.jar","processId":1}
{"timestamp":"2023-11-20T13:37:37.147Z","sequence":575,"loggerClassName":"org.jboss.logging.Logger","loggerName":"com.knime.enterprise.cloud.services.searchsync.impl.FullSyncService","level":"INFO","message":"Index of type 'TAG' successfully created: 'tags1700487457000'.","threadName":"executor-thread-6","threadId":45,"mdc":{},"ndc":"","hostName":"search-sync-service-67d9ffbff9-96j49","processName":"quarkus-run.jar","processId":1}
{"timestamp":"2023-11-20T13:37:37.156Z","sequence":576,"loggerClassName":"org.jboss.logging.Logger","loggerName":"com.knime.enterprise.cloud.services.searchsync.impl.FullSyncService","level":"INFO","message":"Starting bulk request 1.","threadName":"executor-thread-6","threadId":45,"mdc":{},"ndc":"","hostName":"search-sync-service-67d9ffbff9-96j49","processName":"quarkus-run.jar","processId":1}
{"timestamp":"2023-11-20T13:37:37.157Z","sequence":577,"loggerClassName":"org.jboss.logging.Logger","loggerName":"com.knime.enterprise.cloud.services.searchsync.impl.FullSyncService","level":"INFO","message":"Starting bulk request 2.","threadName":"executor-thread-6","threadId":45,"mdc":{},"ndc":"","hostName":"search-sync-service-67d9ffbff9-96j49","processName":"quarkus-run.jar","processId":1}
{"timestamp":"2023-11-20T13:37:37.166Z","sequence":578,"loggerClassName":"org.jboss.logging.Logger","loggerName":"com.knime.enterprise.cloud.services.searchsync.impl.FullSyncService","level":"INFO","message":"Accounts service retrieved the hub global account.","threadName":"executor-thread-5","threadId":44,"mdc":{},"ndc":"","hostName":"search-sync-service-67d9ffbff9-96j49","processName":"quarkus-run.jar","processId":1}
{"timestamp":"2023-11-20T13:37:37.166Z","sequence":579,"loggerClassName":"org.jboss.logging.Logger","loggerName":"com.knime.enterprise.cloud.services.searchsync.impl.FullSyncService","level":"INFO","message":"Accounts service returned 0 external groups.","threadName":"executor-thread-5","threadId":44,"mdc":{},"ndc":"","hostName":"search-sync-service-67d9ffbff9-96j49","processName":"quarkus-run.jar","processId":1}
{"timestamp":"2023-11-20T13:37:37.166Z","sequence":580,"loggerClassName":"org.jboss.logging.Logger","loggerName":"com.knime.enterprise.cloud.services.searchsync.impl.FullSyncService","level":"INFO","message":"Start bulk index of :'external_groups1700487457000'","threadName":"executor-thread-5","threadId":44,"mdc":{},"ndc":"","hostName":"search-sync-service-67d9ffbff9-96j49","processName":"quarkus-run.jar","processId":1}
{"timestamp":"2023-11-20T13:37:37.166Z","sequence":581,"loggerClassName":"org.jboss.logging.Logger","loggerName":"com.knime.enterprise.cloud.services.searchsync.impl.FullSyncService","level":"INFO","message":"0 items has been added to 'external_groups' index (out of 0 items retrieved).","threadName":"executor-thread-5","threadId":44,"mdc":{},"ndc":"","hostName":"search-sync-service-67d9ffbff9-96j49","processName":"quarkus-run.jar","processId":1}
{"timestamp":"2023-11-20T13:37:37.168Z","sequence":582,"loggerClassName":"org.jboss.logging.Logger","loggerName":"com.knime.enterprise.cloud.services.searchsync.impl.FullSyncService","level":"INFO","message":"Finished bulk request 1: OK","threadName":"I/O dispatcher 1","threadId":38,"mdc":{},"ndc":"","hostName":"search-sync-service-67d9ffbff9-96j49","processName":"quarkus-run.jar","processId":1}
{"timestamp":"2023-11-20T13:37:37.169Z","sequence":583,"loggerClassName":"org.jboss.logging.Logger","loggerName":"com.knime.enterprise.cloud.services.searchsync.impl.FullSyncService","level":"INFO","message":"Starting bulk request 3.","threadName":"executor-thread-6","threadId":45,"mdc":{},"ndc":"","hostName":"search-sync-service-67d9ffbff9-96j49","processName":"quarkus-run.jar","processId":1}
{"timestamp":"2023-11-20T13:37:37.17Z","sequence":584,"loggerClassName":"org.jboss.logging.Logger","loggerName":"com.knime.enterprise.cloud.services.searchsync.impl.FullSyncService","level":"INFO","message":"Requesting to add alias for new index with name 'external_groups1700487457000'.","threadName":"executor-thread-5","threadId":44,"mdc":{},"ndc":"","hostName":"search-sync-service-67d9ffbff9-96j49","processName":"quarkus-run.jar","processId":1}
{"timestamp":"2023-11-20T13:37:37.178Z","sequence":585,"loggerClassName":"org.jboss.logging.Logger","loggerName":"com.knime.enterprise.cloud.services.searchsync.impl.FullSyncService","level":"INFO","message":"Finished bulk request 2: OK","threadName":"I/O dispatcher 1","threadId":38,"mdc":{},"ndc":"","hostName":"search-sync-service-67d9ffbff9-96j49","processName":"quarkus-run.jar","processId":1}
{"timestamp":"2023-11-20T13:37:37.179Z","sequence":586,"loggerClassName":"org.jboss.logging.Logger","loggerName":"com.knime.enterprise.cloud.services.searchsync.impl.FullSyncService","level":"INFO","message":"Starting bulk request 4.","threadName":"executor-thread-6","threadId":45,"mdc":{},"ndc":"","hostName":"search-sync-service-67d9ffbff9-96j49","processName":"quarkus-run.jar","processId":1}
{"timestamp":"2023-11-20T13:37:37.188Z","sequence":587,"loggerClassName":"org.jboss.logging.Logger","loggerName":"com.knime.enterprise.cloud.services.searchsync.impl.FullSyncService","level":"INFO","message":"Finished bulk request 3: OK","threadName":"I/O dispatcher 1","threadId":38,"mdc":{},"ndc":"","hostName":"search-sync-service-67d9ffbff9-96j49","processName":"quarkus-run.jar","processId":1}
{"timestamp":"2023-11-20T13:37:37.189Z","sequence":588,"loggerClassName":"org.jboss.logging.Logger","loggerName":"com.knime.enterprise.cloud.services.searchsync.impl.FullSyncService","level":"INFO","message":"Starting bulk request 5.","threadName":"executor-thread-6","threadId":45,"mdc":{},"ndc":"","hostName":"search-sync-service-67d9ffbff9-96j49","processName":"quarkus-run.jar","processId":1}
{"timestamp":"2023-11-20T13:37:37.198Z","sequence":589,"loggerClassName":"org.jboss.logging.Logger","loggerName":"com.knime.enterprise.cloud.services.searchsync.impl.FullSyncService","level":"INFO","message":"Finished bulk request 4: OK","threadName":"I/O dispatcher 1","threadId":38,"mdc":{},"ndc":"","hostName":"search-sync-service-67d9ffbff9-96j49","processName":"quarkus-run.jar","processId":1}
{"timestamp":"2023-11-20T13:37:37.199Z","sequence":590,"loggerClassName":"org.jboss.logging.Logger","loggerName":"com.knime.enterprise.cloud.services.searchsync.impl.FullSyncService","level":"INFO","message":"Starting bulk request 6.","threadName":"executor-thread-6","threadId":45,"mdc":{},"ndc":"","hostName":"search-sync-service-67d9ffbff9-96j49","processName":"quarkus-run.jar","processId":1}
{"timestamp":"2023-11-20T13:37:37.204Z","sequence":591,"loggerClassName":"org.jboss.logging.Logger","loggerName":"com.knime.enterprise.cloud.services.searchsync.impl.FullSyncService","level":"INFO","message":"Index with name 'external_groups1700487457000' successfully created and aliased.","threadName":"executor-thread-5","threadId":44,"mdc":{},"ndc":"","hostName":"search-sync-service-67d9ffbff9-96j49","processName":"quarkus-run.jar","processId":1}
{"timestamp":"2023-11-20T13:37:37.204Z","sequence":592,"loggerClassName":"org.jboss.logging.Logger","loggerName":"com.knime.enterprise.cloud.services.searchsync.impl.FullSyncService","level":"INFO","message":"Attempting to clean indices of type 'EXTERNAL_GROUP'.","threadName":"executor-thread-5","threadId":44,"mdc":{},"ndc":"","hostName":"search-sync-service-67d9ffbff9-96j49","processName":"quarkus-run.jar","processId":1}
{"timestamp":"2023-11-20T13:37:37.207Z","sequence":593,"loggerClassName":"org.jboss.logging.Logger","loggerName":"com.knime.enterprise.cloud.services.searchsync.impl.FullSyncService","level":"INFO","message":"Nothing to clean.","threadName":"executor-thread-5","threadId":44,"mdc":{},"ndc":"","hostName":"search-sync-service-67d9ffbff9-96j49","processName":"quarkus-run.jar","processId":1}
{"timestamp":"2023-11-20T13:37:37.208Z","sequence":594,"loggerClassName":"org.jboss.logging.Logger","loggerName":"com.knime.enterprise.cloud.services.searchsync.impl.FullSyncService","level":"INFO","message":"Finished bulk request 5: OK","threadName":"I/O dispatcher 1","threadId":38,"mdc":{},"ndc":"","hostName":"search-sync-service-67d9ffbff9-96j49","processName":"quarkus-run.jar","processId":1}
{"timestamp":"2023-11-20T13:37:37.209Z","sequence":595,"loggerClassName":"org.jboss.logging.Logger","loggerName":"com.knime.enterprise.cloud.services.searchsync.impl.FullSyncService","level":"INFO","message":"Starting bulk request 7.","threadName":"executor-thread-6","threadId":45,"mdc":{},"ndc":"","hostName":"search-sync-service-67d9ffbff9-96j49","processName":"quarkus-run.jar","processId":1}
{"timestamp":"2023-11-20T13:37:37.217Z","sequence":596,"loggerClassName":"org.jboss.logging.Logger","loggerName":"com.knime.enterprise.cloud.services.searchsync.impl.FullSyncService","level":"INFO","message":"Finished bulk request 6: OK","threadName":"I/O dispatcher 1","threadId":38,"mdc":{},"ndc":"","hostName":"search-sync-service-67d9ffbff9-96j49","processName":"quarkus-run.jar","processId":1}
{"timestamp":"2023-11-20T13:37:37.219Z","sequence":597,"loggerClassName":"org.jboss.logging.Logger","loggerName":"com.knime.enterprise.cloud.services.searchsync.impl.FullSyncService","level":"INFO","message":"Starting bulk request 8.","threadName":"executor-thread-6","threadId":45,"mdc":{},"ndc":"","hostName":"search-sync-service-67d9ffbff9-96j49","processName":"quarkus-run.jar","processId":1}
{"timestamp":"2023-11-20T13:37:37.227Z","sequence":598,"loggerClassName":"org.jboss.logging.Logger","loggerName":"com.knime.enterprise.cloud.services.searchsync.impl.FullSyncService","level":"INFO","message":"Finished bulk request 7: OK","threadName":"I/O dispatcher 1","threadId":38,"mdc":{},"ndc":"","hostName":"search-sync-service-67d9ffbff9-96j49","processName":"quarkus-run.jar","processId":1}
{"timestamp":"2023-11-20T13:37:37.228Z","sequence":599,"loggerClassName":"org.jboss.logging.Logger","loggerName":"com.knime.enterprise.cloud.services.searchsync.impl.FullSyncService","level":"INFO","message":"Starting bulk request 9.","threadName":"executor-thread-6","threadId":45,"mdc":{},"ndc":"","hostName":"search-sync-service-67d9ffbff9-96j49","processName":"quarkus-run.jar","processId":1}
{"timestamp":"2023-11-20T13:37:37.262Z","sequence":600,"loggerClassName":"org.jboss.logging.Logger","loggerName":"com.knime.enterprise.cloud.services.searchsync.impl.FullSyncService","level":"INFO","message":"Finished bulk request 8: OK","threadName":"I/O dispatcher 1","threadId":38,"mdc":{},"ndc":"","hostName":"search-sync-service-67d9ffbff9-96j49","processName":"quarkus-run.jar","processId":1}
{"timestamp":"2023-11-20T13:37:37.264Z","sequence":601,"loggerClassName":"org.jboss.logging.Logger","loggerName":"com.knime.enterprise.cloud.services.searchsync.impl.FullSyncService","level":"INFO","message":"Starting bulk request 10.","threadName":"executor-thread-6","threadId":45,"mdc":{},"ndc":"","hostName":"search-sync-service-67d9ffbff9-96j49","processName":"quarkus-run.jar","processId":1}
{"timestamp":"2023-11-20T13:37:37.272Z","sequence":602,"loggerClassName":"org.jboss.logging.Logger","loggerName":"com.knime.enterprise.cloud.services.searchsync.impl.FullSyncService","level":"INFO","message":"Finished bulk request 9: OK","threadName":"I/O dispatcher 1","threadId":38,"mdc":{},"ndc":"","hostName":"search-sync-service-67d9ffbff9-96j49","processName":"quarkus-run.jar","processId":1}
{"timestamp":"2023-11-20T13:37:37.281Z","sequence":603,"loggerClassName":"org.jboss.logging.Logger","loggerName":"com.knime.enterprise.cloud.services.searchsync.impl.FullSyncService","level":"INFO","message":"Finished bulk request 10: OK","threadName":"I/O dispatcher 1","threadId":38,"mdc":{},"ndc":"","hostName":"search-sync-service-67d9ffbff9-96j49","processName":"quarkus-run.jar","processId":1}
{"timestamp":"2023-11-20T13:37:37.334Z","sequence":604,"loggerClassName":"org.jboss.logging.Logger","loggerName":"com.knime.enterprise.cloud.services.searchsync.impl.FullSyncService","level":"INFO","message":"Requesting to add alias for new index with name 'tags1700487457000'.","threadName":"executor-thread-6","threadId":45,"mdc":{},"ndc":"","hostName":"search-sync-service-67d9ffbff9-96j49","processName":"quarkus-run.jar","processId":1}
{"timestamp":"2023-11-20T13:37:37.37Z","sequence":605,"loggerClassName":"org.jboss.logging.Logger","loggerName":"com.knime.enterprise.cloud.services.searchsync.impl.FullSyncService","level":"INFO","message":"Index with name 'tags1700487457000' successfully created and aliased.","threadName":"executor-thread-6","threadId":45,"mdc":{},"ndc":"","hostName":"search-sync-service-67d9ffbff9-96j49","processName":"quarkus-run.jar","processId":1}
{"timestamp":"2023-11-20T13:37:37.37Z","sequence":606,"loggerClassName":"org.jboss.logging.Logger","loggerName":"com.knime.enterprise.cloud.services.searchsync.impl.FullSyncService","level":"INFO","message":"Attempting to clean indices of type 'TAG'.","threadName":"executor-thread-6","threadId":45,"mdc":{},"ndc":"","hostName":"search-sync-service-67d9ffbff9-96j49","processName":"quarkus-run.jar","processId":1}
{"timestamp":"2023-11-20T13:37:37.372Z","sequence":607,"loggerClassName":"org.jboss.logging.Logger","loggerName":"com.knime.enterprise.cloud.services.searchsync.impl.FullSyncService","level":"INFO","message":"Nothing to clean.","threadName":"executor-thread-6","threadId":45,"mdc":{},"ndc":"","hostName":"search-sync-service-67d9ffbff9-96j49","processName":"quarkus-run.jar","processId":1}
{"timestamp":"2023-11-20T13:47:37Z","sequence":608,"loggerClassName":"org.jboss.logging.Logger","loggerName":"com.knime.enterprise.cloud.services.searchsync.impl.FullSyncService","level":"INFO","message":"Start creation of new index for type: EXTERNAL_GROUP","threadName":"executor-thread-6","threadId":45,"mdc":{},"ndc":"","hostName":"search-sync-service-67d9ffbff9-96j49","processName":"quarkus-run.jar","processId":1}
{"timestamp":"2023-11-20T13:47:37Z","sequence":609,"loggerClassName":"org.jboss.logging.Logger","loggerName":"com.knime.enterprise.cloud.services.searchsync.impl.FullSyncService","level":"INFO","message":"Attempting to clean indices of type 'EXTERNAL_GROUP'.","threadName":"executor-thread-6","threadId":45,"mdc":{},"ndc":"","hostName":"search-sync-service-67d9ffbff9-96j49","processName":"quarkus-run.jar","processId":1}
{"timestamp":"2023-11-20T13:47:37Z","sequence":610,"loggerClassName":"org.jboss.logging.Logger","loggerName":"com.knime.enterprise.cloud.services.searchsync.impl.FullSyncService","level":"INFO","message":"Start creation of new index for type: TAG","threadName":"executor-thread-7","threadId":46,"mdc":{},"ndc":"","hostName":"search-sync-service-67d9ffbff9-96j49","processName":"quarkus-run.jar","processId":1}
{"timestamp":"2023-11-20T13:47:37Z","sequence":611,"loggerClassName":"org.jboss.logging.Logger","loggerName":"com.knime.enterprise.cloud.services.searchsync.impl.FullSyncService","level":"INFO","message":"Attempting to clean indices of type 'TAG'.","threadName":"executor-thread-7","threadId":46,"mdc":{},"ndc":"","hostName":"search-sync-service-67d9ffbff9-96j49","processName":"quarkus-run.jar","processId":1}
{"timestamp":"2023-11-20T13:47:37.003Z","sequence":612,"loggerClassName":"org.jboss.logging.Logger","loggerName":"com.knime.enterprise.cloud.services.searchsync.impl.FullSyncService","level":"INFO","message":"Nothing to clean.","threadName":"executor-thread-6","threadId":45,"mdc":{},"ndc":"","hostName":"search-sync-service-67d9ffbff9-96j49","processName":"quarkus-run.jar","processId":1}
{"timestamp":"2023-11-20T13:47:37.003Z","sequence":613,"loggerClassName":"org.jboss.logging.Logger","loggerName":"com.knime.enterprise.cloud.services.searchsync.impl.FullSyncService","level":"INFO","message":"Requesting creation of index of type 'EXTERNAL_GROUP'.","threadName":"executor-thread-6","threadId":45,"mdc":{},"ndc":"","hostName":"search-sync-service-67d9ffbff9-96j49","processName":"quarkus-run.jar","processId":1}
{"timestamp":"2023-11-20T13:47:37.003Z","sequence":614,"loggerClassName":"org.jboss.logging.Logger","loggerName":"com.knime.enterprise.cloud.services.searchsync.impl.FullSyncService","level":"INFO","message":"Nothing to clean.","threadName":"executor-thread-7","threadId":46,"mdc":{},"ndc":"","hostName":"search-sync-service-67d9ffbff9-96j49","processName":"quarkus-run.jar","processId":1}
{"timestamp":"2023-11-20T13:47:37.004Z","sequence":615,"loggerClassName":"org.jboss.logging.Logger","loggerName":"com.knime.enterprise.cloud.services.searchsync.impl.FullSyncService","level":"INFO","message":"Requesting creation of index of type 'TAG'.","threadName":"executor-thread-7","threadId":46,"mdc":{},"ndc":"","hostName":"search-sync-service-67d9ffbff9-96j49","processName":"quarkus-run.jar","processId":1}
{"timestamp":"2023-11-20T13:47:37.114Z","sequence":616,"loggerClassName":"org.jboss.logging.Logger","loggerName":"com.knime.enterprise.cloud.services.searchsync.impl.FullSyncService","level":"INFO","message":"Index of type 'EXTERNAL_GROUP' successfully created: 'external_groups1700488057000'.","threadName":"executor-thread-6","threadId":45,"mdc":{},"ndc":"","hostName":"search-sync-service-67d9ffbff9-96j49","processName":"quarkus-run.jar","processId":1}
{"timestamp":"2023-11-20T13:47:37.143Z","sequence":617,"loggerClassName":"org.jboss.logging.Logger","loggerName":"com.knime.enterprise.cloud.services.searchsync.impl.FullSyncService","level":"INFO","message":"Index of type 'TAG' successfully created: 'tags1700488057000'.","threadName":"executor-thread-7","threadId":46,"mdc":{},"ndc":"","hostName":"search-sync-service-67d9ffbff9-96j49","processName":"quarkus-run.jar","processId":1}
{"timestamp":"2023-11-20T13:47:37.149Z","sequence":618,"loggerClassName":"org.jboss.logging.Logger","loggerName":"com.knime.enterprise.cloud.services.searchsync.impl.FullSyncService","level":"INFO","message":"Starting bulk request 1.","threadName":"executor-thread-7","threadId":46,"mdc":{},"ndc":"","hostName":"search-sync-service-67d9ffbff9-96j49","processName":"quarkus-run.jar","processId":1}
{"timestamp":"2023-11-20T13:47:37.15Z","sequence":619,"loggerClassName":"org.jboss.logging.Logger","loggerName":"com.knime.enterprise.cloud.services.searchsync.impl.FullSyncService","level":"INFO","message":"Starting bulk request 2.","threadName":"executor-thread-7","threadId":46,"mdc":{},"ndc":"","hostName":"search-sync-service-67d9ffbff9-96j49","processName":"quarkus-run.jar","processId":1}
{"timestamp":"2023-11-20T13:47:37.153Z","sequence":620,"loggerClassName":"org.jboss.logging.Logger","loggerName":"com.knime.enterprise.cloud.services.searchsync.impl.FullSyncService","level":"INFO","message":"Accounts service retrieved the hub global account.","threadName":"executor-thread-6","threadId":45,"mdc":{},"ndc":"","hostName":"search-sync-service-67d9ffbff9-96j49","processName":"quarkus-run.jar","processId":1}
{"timestamp":"2023-11-20T13:47:37.153Z","sequence":621,"loggerClassName":"org.jboss.logging.Logger","loggerName":"com.knime.enterprise.cloud.services.searchsync.impl.FullSyncService","level":"INFO","message":"Accounts service returned 0 external groups.","threadName":"executor-thread-6","threadId":45,"mdc":{},"ndc":"","hostName":"search-sync-service-67d9ffbff9-96j49","processName":"quarkus-run.jar","processId":1}
{"timestamp":"2023-11-20T13:47:37.153Z","sequence":622,"loggerClassName":"org.jboss.logging.Logger","loggerName":"com.knime.enterprise.cloud.services.searchsync.impl.FullSyncService","level":"INFO","message":"Start bulk index of :'external_groups1700488057000'","threadName":"executor-thread-6","threadId":45,"mdc":{},"ndc":"","hostName":"search-sync-service-67d9ffbff9-96j49","processName":"quarkus-run.jar","processId":1}
{"timestamp":"2023-11-20T13:47:37.153Z","sequence":623,"loggerClassName":"org.jboss.logging.Logger","loggerName":"com.knime.enterprise.cloud.services.searchsync.impl.FullSyncService","level":"INFO","message":"0 items has been added to 'external_groups' index (out of 0 items retrieved).","threadName":"executor-thread-6","threadId":45,"mdc":{},"ndc":"","hostName":"search-sync-service-67d9ffbff9-96j49","processName":"quarkus-run.jar","processId":1}
{"timestamp":"2023-11-20T13:47:37.157Z","sequence":624,"loggerClassName":"org.jboss.logging.Logger","loggerName":"com.knime.enterprise.cloud.services.searchsync.impl.FullSyncService","level":"INFO","message":"Requesting to add alias for new index with name 'external_groups1700488057000'.","threadName":"executor-thread-6","threadId":45,"mdc":{},"ndc":"","hostName":"search-sync-service-67d9ffbff9-96j49","processName":"quarkus-run.jar","processId":1}
{"timestamp":"2023-11-20T13:47:37.161Z","sequence":625,"loggerClassName":"org.jboss.logging.Logger","loggerName":"com.knime.enterprise.cloud.services.searchsync.impl.FullSyncService","level":"INFO","message":"Finished bulk request 1: OK","threadName":"I/O dispatcher 1","threadId":38,"mdc":{},"ndc":"","hostName":"search-sync-service-67d9ffbff9-96j49","processName":"quarkus-run.jar","processId":1}
{"timestamp":"2023-11-20T13:47:37.162Z","sequence":626,"loggerClassName":"org.jboss.logging.Logger","loggerName":"com.knime.enterprise.cloud.services.searchsync.impl.FullSyncService","level":"INFO","message":"Starting bulk request 3.","threadName":"executor-thread-7","threadId":46,"mdc":{},"ndc":"","hostName":"search-sync-service-67d9ffbff9-96j49","processName":"quarkus-run.jar","processId":1}
{"timestamp":"2023-11-20T13:47:37.171Z","sequence":627,"loggerClassName":"org.jboss.logging.Logger","loggerName":"com.knime.enterprise.cloud.services.searchsync.impl.FullSyncService","level":"INFO","message":"Finished bulk request 2: OK","threadName":"I/O dispatcher 1","threadId":38,"mdc":{},"ndc":"","hostName":"search-sync-service-67d9ffbff9-96j49","processName":"quarkus-run.jar","processId":1}
{"timestamp":"2023-11-20T13:47:37.172Z","sequence":628,"loggerClassName":"org.jboss.logging.Logger","loggerName":"com.knime.enterprise.cloud.services.searchsync.impl.FullSyncService","level":"INFO","message":"Starting bulk request 4.","threadName":"executor-thread-7","threadId":46,"mdc":{},"ndc":"","hostName":"search-sync-service-67d9ffbff9-96j49","processName":"quarkus-run.jar","processId":1}
{"timestamp":"2023-11-20T13:47:37.18Z","sequence":629,"loggerClassName":"org.jboss.logging.Logger","loggerName":"com.knime.enterprise.cloud.services.searchsync.impl.FullSyncService","level":"INFO","message":"Finished bulk request 3: OK","threadName":"I/O dispatcher 1","threadId":38,"mdc":{},"ndc":"","hostName":"search-sync-service-67d9ffbff9-96j49","processName":"quarkus-run.jar","processId":1}
{"timestamp":"2023-11-20T13:47:37.181Z","sequence":630,"loggerClassName":"org.jboss.logging.Logger","loggerName":"com.knime.enterprise.cloud.services.searchsync.impl.FullSyncService","level":"INFO","message":"Starting bulk request 5.","threadName":"executor-thread-7","threadId":46,"mdc":{},"ndc":"","hostName":"search-sync-service-67d9ffbff9-96j49","processName":"quarkus-run.jar","processId":1}
{"timestamp":"2023-11-20T13:47:37.189Z","sequence":631,"loggerClassName":"org.jboss.logging.Logger","loggerName":"com.knime.enterprise.cloud.services.searchsync.impl.FullSyncService","level":"INFO","message":"Finished bulk request 4: OK","threadName":"I/O dispatcher 1","threadId":38,"mdc":{},"ndc":"","hostName":"search-sync-service-67d9ffbff9-96j49","processName":"quarkus-run.jar","processId":1}
{"timestamp":"2023-11-20T13:47:37.19Z","sequence":632,"loggerClassName":"org.jboss.logging.Logger","loggerName":"com.knime.enterprise.cloud.services.searchsync.impl.FullSyncService","level":"INFO","message":"Starting bulk request 6.","threadName":"executor-thread-7","threadId":46,"mdc":{},"ndc":"","hostName":"search-sync-service-67d9ffbff9-96j49","processName":"quarkus-run.jar","processId":1}
{"timestamp":"2023-11-20T13:47:37.195Z","sequence":633,"loggerClassName":"org.jboss.logging.Logger","loggerName":"com.knime.enterprise.cloud.services.searchsync.impl.FullSyncService","level":"INFO","message":"Index with name 'external_groups1700488057000' successfully created and aliased.","threadName":"executor-thread-6","threadId":45,"mdc":{},"ndc":"","hostName":"search-sync-service-67d9ffbff9-96j49","processName":"quarkus-run.jar","processId":1}
{"timestamp":"2023-11-20T13:47:37.195Z","sequence":634,"loggerClassName":"org.jboss.logging.Logger","loggerName":"com.knime.enterprise.cloud.services.searchsync.impl.FullSyncService","level":"INFO","message":"Attempting to clean indices of type 'EXTERNAL_GROUP'.","threadName":"executor-thread-6","threadId":45,"mdc":{},"ndc":"","hostName":"search-sync-service-67d9ffbff9-96j49","processName":"quarkus-run.jar","processId":1}
{"timestamp":"2023-11-20T13:47:37.197Z","sequence":635,"loggerClassName":"org.jboss.logging.Logger","loggerName":"com.knime.enterprise.cloud.services.searchsync.impl.FullSyncService","level":"INFO","message":"Nothing to clean.","threadName":"executor-thread-6","threadId":45,"mdc":{},"ndc":"","hostName":"search-sync-service-67d9ffbff9-96j49","processName":"quarkus-run.jar","processId":1}
{"timestamp":"2023-11-20T13:47:37.205Z","sequence":636,"loggerClassName":"org.jboss.logging.Logger","loggerName":"com.knime.enterprise.cloud.services.searchsync.impl.FullSyncService","level":"INFO","message":"Finished bulk request 5: OK","threadName":"I/O dispatcher 1","threadId":38,"mdc":{},"ndc":"","hostName":"search-sync-service-67d9ffbff9-96j49","processName":"quarkus-run.jar","processId":1}
{"timestamp":"2023-11-20T13:47:37.206Z","sequence":637,"loggerClassName":"org.jboss.logging.Logger","loggerName":"com.knime.enterprise.cloud.services.searchsync.impl.FullSyncService","level":"INFO","message":"Starting bulk request 7.","threadName":"executor-thread-7","threadId":46,"mdc":{},"ndc":"","hostName":"search-sync-service-67d9ffbff9-96j49","processName":"quarkus-run.jar","processId":1}
{"timestamp":"2023-11-20T13:47:37.214Z","sequence":638,"loggerClassName":"org.jboss.logging.Logger","loggerName":"com.knime.enterprise.cloud.services.searchsync.impl.FullSyncService","level":"INFO","message":"Finished bulk request 6: OK","threadName":"I/O dispatcher 1","threadId":38,"mdc":{},"ndc":"","hostName":"search-sync-service-67d9ffbff9-96j49","processName":"quarkus-run.jar","processId":1}
{"timestamp":"2023-11-20T13:47:37.215Z","sequence":639,"loggerClassName":"org.jboss.logging.Logger","loggerName":"com.knime.enterprise.cloud.services.searchsync.impl.FullSyncService","level":"INFO","message":"Starting bulk request 8.","threadName":"executor-thread-7","threadId":46,"mdc":{},"ndc":"","hostName":"search-sync-service-67d9ffbff9-96j49","processName":"quarkus-run.jar","processId":1}
{"timestamp":"2023-11-20T13:47:37.224Z","sequence":640,"loggerClassName":"org.jboss.logging.Logger","loggerName":"com.knime.enterprise.cloud.services.searchsync.impl.FullSyncService","level":"INFO","message":"Finished bulk request 7: OK","threadName":"I/O dispatcher 1","threadId":38,"mdc":{},"ndc":"","hostName":"search-sync-service-67d9ffbff9-96j49","processName":"quarkus-run.jar","processId":1}
{"timestamp":"2023-11-20T13:47:37.224Z","sequence":641,"loggerClassName":"org.jboss.logging.Logger","loggerName":"com.knime.enterprise.cloud.services.searchsync.impl.FullSyncService","level":"INFO","message":"Starting bulk request 9.","threadName":"executor-thread-7","threadId":46,"mdc":{},"ndc":"","hostName":"search-sync-service-67d9ffbff9-96j49","processName":"quarkus-run.jar","processId":1}
{"timestamp":"2023-11-20T13:47:37.24Z","sequence":642,"loggerClassName":"org.jboss.logging.Logger","loggerName":"com.knime.enterprise.cloud.services.searchsync.impl.FullSyncService","level":"INFO","message":"Finished bulk request 8: OK","threadName":"I/O dispatcher 1","threadId":38,"mdc":{},"ndc":"","hostName":"search-sync-service-67d9ffbff9-96j49","processName":"quarkus-run.jar","processId":1}
{"timestamp":"2023-11-20T13:47:37.241Z","sequence":643,"loggerClassName":"org.jboss.logging.Logger","loggerName":"com.knime.enterprise.cloud.services.searchsync.impl.FullSyncService","level":"INFO","message":"Starting bulk request 10.","threadName":"executor-thread-7","threadId":46,"mdc":{},"ndc":"","hostName":"search-sync-service-67d9ffbff9-96j49","processName":"quarkus-run.jar","processId":1}
{"timestamp":"2023-11-20T13:47:37.249Z","sequence":644,"loggerClassName":"org.jboss.logging.Logger","loggerName":"com.knime.enterprise.cloud.services.searchsync.impl.FullSyncService","level":"INFO","message":"Finished bulk request 9: OK","threadName":"I/O dispatcher 1","threadId":38,"mdc":{},"ndc":"","hostName":"search-sync-service-67d9ffbff9-96j49","processName":"quarkus-run.jar","processId":1}
{"timestamp":"2023-11-20T13:47:37.258Z","sequence":645,"loggerClassName":"org.jboss.logging.Logger","loggerName":"com.knime.enterprise.cloud.services.searchsync.impl.FullSyncService","level":"INFO","message":"Finished bulk request 10: OK","threadName":"I/O dispatcher 1","threadId":38,"mdc":{},"ndc":"","hostName":"search-sync-service-67d9ffbff9-96j49","processName":"quarkus-run.jar","processId":1}
{"timestamp":"2023-11-20T13:47:37.322Z","sequence":646,"loggerClassName":"org.jboss.logging.Logger","loggerName":"com.knime.enterprise.cloud.services.searchsync.impl.FullSyncService","level":"INFO","message":"Requesting to add alias for new index with name 'tags1700488057000'.","threadName":"executor-thread-7","threadId":46,"mdc":{},"ndc":"","hostName":"search-sync-service-67d9ffbff9-96j49","processName":"quarkus-run.jar","processId":1}
{"timestamp":"2023-11-20T13:47:37.374Z","sequence":647,"loggerClassName":"org.jboss.logging.Logger","loggerName":"com.knime.enterprise.cloud.services.searchsync.impl.FullSyncService","level":"INFO","message":"Index with name 'tags1700488057000' successfully created and aliased.","threadName":"executor-thread-7","threadId":46,"mdc":{},"ndc":"","hostName":"search-sync-service-67d9ffbff9-96j49","processName":"quarkus-run.jar","processId":1}
{"timestamp":"2023-11-20T13:47:37.375Z","sequence":648,"loggerClassName":"org.jboss.logging.Logger","loggerName":"com.knime.enterprise.cloud.services.searchsync.impl.FullSyncService","level":"INFO","message":"Attempting to clean indices of type 'TAG'.","threadName":"executor-thread-7","threadId":46,"mdc":{},"ndc":"","hostName":"search-sync-service-67d9ffbff9-96j49","processName":"quarkus-run.jar","processId":1}
{"timestamp":"2023-11-20T13:47:37.377Z","sequence":649,"loggerClassName":"org.jboss.logging.Logger","loggerName":"com.knime.enterprise.cloud.services.searchsync.impl.FullSyncService","level":"INFO","message":"Nothing to clean.","threadName":"executor-thread-7","threadId":46,"mdc":{},"ndc":"","hostName":"search-sync-service-67d9ffbff9-96j49","processName":"quarkus-run.jar","processId":1}
{"timestamp":"2023-11-20T13:57:37Z","sequence":650,"loggerClassName":"org.jboss.logging.Logger","loggerName":"com.knime.enterprise.cloud.services.searchsync.impl.FullSyncService","level":"INFO","message":"Start creation of new index for type: EXTERNAL_GROUP","threadName":"executor-thread-7","threadId":46,"mdc":{},"ndc":"","hostName":"search-sync-service-67d9ffbff9-96j49","processName":"quarkus-run.jar","processId":1}
{"timestamp":"2023-11-20T13:57:37Z","sequence":651,"loggerClassName":"org.jboss.logging.Logger","loggerName":"com.knime.enterprise.cloud.services.searchsync.impl.FullSyncService","level":"INFO","message":"Attempting to clean indices of type 'EXTERNAL_GROUP'.","threadName":"executor-thread-7","threadId":46,"mdc":{},"ndc":"","hostName":"search-sync-service-67d9ffbff9-96j49","processName":"quarkus-run.jar","processId":1}
{"timestamp":"2023-11-20T13:57:37Z","sequence":652,"loggerClassName":"org.jboss.logging.Logger","loggerName":"com.knime.enterprise.cloud.services.searchsync.impl.FullSyncService","level":"INFO","message":"Start creation of new index for type: TAG","threadName":"executor-thread-8","threadId":47,"mdc":{},"ndc":"","hostName":"search-sync-service-67d9ffbff9-96j49","processName":"quarkus-run.jar","processId":1}
{"timestamp":"2023-11-20T13:57:37Z","sequence":653,"loggerClassName":"org.jboss.logging.Logger","loggerName":"com.knime.enterprise.cloud.services.searchsync.impl.FullSyncService","level":"INFO","message":"Attempting to clean indices of type 'TAG'.","threadName":"executor-thread-8","threadId":47,"mdc":{},"ndc":"","hostName":"search-sync-service-67d9ffbff9-96j49","processName":"quarkus-run.jar","processId":1}
{"timestamp":"2023-11-20T13:57:37.003Z","sequence":654,"loggerClassName":"org.jboss.logging.Logger","loggerName":"com.knime.enterprise.cloud.services.searchsync.impl.FullSyncService","level":"INFO","message":"Nothing to clean.","threadName":"executor-thread-7","threadId":46,"mdc":{},"ndc":"","hostName":"search-sync-service-67d9ffbff9-96j49","processName":"quarkus-run.jar","processId":1}
{"timestamp":"2023-11-20T13:57:37.003Z","sequence":655,"loggerClassName":"org.jboss.logging.Logger","loggerName":"com.knime.enterprise.cloud.services.searchsync.impl.FullSyncService","level":"INFO","message":"Requesting creation of index of type 'EXTERNAL_GROUP'.","threadName":"executor-thread-7","threadId":46,"mdc":{},"ndc":"","hostName":"search-sync-service-67d9ffbff9-96j49","processName":"quarkus-run.jar","processId":1}
{"timestamp":"2023-11-20T13:57:37.003Z","sequence":656,"loggerClassName":"org.jboss.logging.Logger","loggerName":"com.knime.enterprise.cloud.services.searchsync.impl.FullSyncService","level":"INFO","message":"Nothing to clean.","threadName":"executor-thread-8","threadId":47,"mdc":{},"ndc":"","hostName":"search-sync-service-67d9ffbff9-96j49","processName":"quarkus-run.jar","processId":1}
{"timestamp":"2023-11-20T13:57:37.004Z","sequence":657,"loggerClassName":"org.jboss.logging.Logger","loggerName":"com.knime.enterprise.cloud.services.searchsync.impl.FullSyncService","level":"INFO","message":"Requesting creation of index of type 'TAG'.","threadName":"executor-thread-8","threadId":47,"mdc":{},"ndc":"","hostName":"search-sync-service-67d9ffbff9-96j49","processName":"quarkus-run.jar","processId":1}
{"timestamp":"2023-11-20T13:57:37.114Z","sequence":658,"loggerClassName":"org.jboss.logging.Logger","loggerName":"com.knime.enterprise.cloud.services.searchsync.impl.FullSyncService","level":"INFO","message":"Index of type 'EXTERNAL_GROUP' successfully created: 'external_groups1700488657000'.","threadName":"executor-thread-7","threadId":46,"mdc":{},"ndc":"","hostName":"search-sync-service-67d9ffbff9-96j49","processName":"quarkus-run.jar","processId":1}
{"timestamp":"2023-11-20T13:57:37.143Z","sequence":659,"loggerClassName":"org.jboss.logging.Logger","loggerName":"com.knime.enterprise.cloud.services.searchsync.impl.FullSyncService","level":"INFO","message":"Index of type 'TAG' successfully created: 'tags1700488657000'.","threadName":"executor-thread-8","threadId":47,"mdc":{},"ndc":"","hostName":"search-sync-service-67d9ffbff9-96j49","processName":"quarkus-run.jar","processId":1}
{"timestamp":"2023-11-20T13:57:37.149Z","sequence":660,"loggerClassName":"org.jboss.logging.Logger","loggerName":"com.knime.enterprise.cloud.services.searchsync.impl.FullSyncService","level":"INFO","message":"Starting bulk request 1.","threadName":"executor-thread-8","threadId":47,"mdc":{},"ndc":"","hostName":"search-sync-service-67d9ffbff9-96j49","processName":"quarkus-run.jar","processId":1}
{"timestamp":"2023-11-20T13:57:37.15Z","sequence":661,"loggerClassName":"org.jboss.logging.Logger","loggerName":"com.knime.enterprise.cloud.services.searchsync.impl.FullSyncService","level":"INFO","message":"Starting bulk request 2.","threadName":"executor-thread-8","threadId":47,"mdc":{},"ndc":"","hostName":"search-sync-service-67d9ffbff9-96j49","processName":"quarkus-run.jar","processId":1}
{"timestamp":"2023-11-20T13:57:37.159Z","sequence":662,"loggerClassName":"org.jboss.logging.Logger","loggerName":"com.knime.enterprise.cloud.services.searchsync.impl.FullSyncService","level":"INFO","message":"Accounts service retrieved the hub global account.","threadName":"executor-thread-7","threadId":46,"mdc":{},"ndc":"","hostName":"search-sync-service-67d9ffbff9-96j49","processName":"quarkus-run.jar","processId":1}
{"timestamp":"2023-11-20T13:57:37.159Z","sequence":663,"loggerClassName":"org.jboss.logging.Logger","loggerName":"com.knime.enterprise.cloud.services.searchsync.impl.FullSyncService","level":"INFO","message":"Accounts service returned 0 external groups.","threadName":"executor-thread-7","threadId":46,"mdc":{},"ndc":"","hostName":"search-sync-service-67d9ffbff9-96j49","processName":"quarkus-run.jar","processId":1}
{"timestamp":"2023-11-20T13:57:37.159Z","sequence":664,"loggerClassName":"org.jboss.logging.Logger","loggerName":"com.knime.enterprise.cloud.services.searchsync.impl.FullSyncService","level":"INFO","message":"Start bulk index of :'external_groups1700488657000'","threadName":"executor-thread-7","threadId":46,"mdc":{},"ndc":"","hostName":"search-sync-service-67d9ffbff9-96j49","processName":"quarkus-run.jar","processId":1}
{"timestamp":"2023-11-20T13:57:37.159Z","sequence":665,"loggerClassName":"org.jboss.logging.Logger","loggerName":"com.knime.enterprise.cloud.services.searchsync.impl.FullSyncService","level":"INFO","message":"0 items has been added to 'external_groups' index (out of 0 items retrieved).","threadName":"executor-thread-7","threadId":46,"mdc":{},"ndc":"","hostName":"search-sync-service-67d9ffbff9-96j49","processName":"quarkus-run.jar","processId":1}
{"timestamp":"2023-11-20T13:57:37.161Z","sequence":666,"loggerClassName":"org.jboss.logging.Logger","loggerName":"com.knime.enterprise.cloud.services.searchsync.impl.FullSyncService","level":"INFO","message":"Finished bulk request 1: OK","threadName":"I/O dispatcher 1","threadId":38,"mdc":{},"ndc":"","hostName":"search-sync-service-67d9ffbff9-96j49","processName":"quarkus-run.jar","processId":1}
{"timestamp":"2023-11-20T13:57:37.162Z","sequence":667,"loggerClassName":"org.jboss.logging.Logger","loggerName":"com.knime.enterprise.cloud.services.searchsync.impl.FullSyncService","level":"INFO","message":"Starting bulk request 3.","threadName":"executor-thread-8","threadId":47,"mdc":{},"ndc":"","hostName":"search-sync-service-67d9ffbff9-96j49","processName":"quarkus-run.jar","processId":1}
{"timestamp":"2023-11-20T13:57:37.162Z","sequence":668,"loggerClassName":"org.jboss.logging.Logger","loggerName":"com.knime.enterprise.cloud.services.searchsync.impl.FullSyncService","level":"INFO","message":"Requesting to add alias for new index with name 'external_groups1700488657000'.","threadName":"executor-thread-7","threadId":46,"mdc":{},"ndc":"","hostName":"search-sync-service-67d9ffbff9-96j49","processName":"quarkus-run.jar","processId":1}
{"timestamp":"2023-11-20T13:57:37.17Z","sequence":669,"loggerClassName":"org.jboss.logging.Logger","loggerName":"com.knime.enterprise.cloud.services.searchsync.impl.FullSyncService","level":"INFO","message":"Finished bulk request 2: OK","threadName":"I/O dispatcher 1","threadId":38,"mdc":{},"ndc":"","hostName":"search-sync-service-67d9ffbff9-96j49","processName":"quarkus-run.jar","processId":1}
{"timestamp":"2023-11-20T13:57:37.171Z","sequence":670,"loggerClassName":"org.jboss.logging.Logger","loggerName":"com.knime.enterprise.cloud.services.searchsync.impl.FullSyncService","level":"INFO","message":"Starting bulk request 4.","threadName":"executor-thread-8","threadId":47,"mdc":{},"ndc":"","hostName":"search-sync-service-67d9ffbff9-96j49","processName":"quarkus-run.jar","processId":1}
{"timestamp":"2023-11-20T13:57:37.18Z","sequence":671,"loggerClassName":"org.jboss.logging.Logger","loggerName":"com.knime.enterprise.cloud.services.searchsync.impl.FullSyncService","level":"INFO","message":"Finished bulk request 3: OK","threadName":"I/O dispatcher 1","threadId":38,"mdc":{},"ndc":"","hostName":"search-sync-service-67d9ffbff9-96j49","processName":"quarkus-run.jar","processId":1}
{"timestamp":"2023-11-20T13:57:37.181Z","sequence":672,"loggerClassName":"org.jboss.logging.Logger","loggerName":"com.knime.enterprise.cloud.services.searchsync.impl.FullSyncService","level":"INFO","message":"Starting bulk request 5.","threadName":"executor-thread-8","threadId":47,"mdc":{},"ndc":"","hostName":"search-sync-service-67d9ffbff9-96j49","processName":"quarkus-run.jar","processId":1}
{"timestamp":"2023-11-20T13:57:37.191Z","sequence":673,"loggerClassName":"org.jboss.logging.Logger","loggerName":"com.knime.enterprise.cloud.services.searchsync.impl.FullSyncService","level":"INFO","message":"Finished bulk request 4: OK","threadName":"I/O dispatcher 1","threadId":38,"mdc":{},"ndc":"","hostName":"search-sync-service-67d9ffbff9-96j49","processName":"quarkus-run.jar","processId":1}
{"timestamp":"2023-11-20T13:57:37.191Z","sequence":674,"loggerClassName":"org.jboss.logging.Logger","loggerName":"com.knime.enterprise.cloud.services.searchsync.impl.FullSyncService","level":"INFO","message":"Starting bulk request 6.","threadName":"executor-thread-8","threadId":47,"mdc":{},"ndc":"","hostName":"search-sync-service-67d9ffbff9-96j49","processName":"quarkus-run.jar","processId":1}
{"timestamp":"2023-11-20T13:57:37.201Z","sequence":675,"loggerClassName":"org.jboss.logging.Logger","loggerName":"com.knime.enterprise.cloud.services.searchsync.impl.FullSyncService","level":"INFO","message":"Index with name 'external_groups1700488657000' successfully created and aliased.","threadName":"executor-thread-7","threadId":46,"mdc":{},"ndc":"","hostName":"search-sync-service-67d9ffbff9-96j49","processName":"quarkus-run.jar","processId":1}
{"timestamp":"2023-11-20T13:57:37.201Z","sequence":676,"loggerClassName":"org.jboss.logging.Logger","loggerName":"com.knime.enterprise.cloud.services.searchsync.impl.FullSyncService","level":"INFO","message":"Attempting to clean indices of type 'EXTERNAL_GROUP'.","threadName":"executor-thread-7","threadId":46,"mdc":{},"ndc":"","hostName":"search-sync-service-67d9ffbff9-96j49","processName":"quarkus-run.jar","processId":1}
{"timestamp":"2023-11-20T13:57:37.202Z","sequence":677,"loggerClassName":"org.jboss.logging.Logger","loggerName":"com.knime.enterprise.cloud.services.searchsync.impl.FullSyncService","level":"INFO","message":"Finished bulk request 5: OK","threadName":"I/O dispatcher 1","threadId":38,"mdc":{},"ndc":"","hostName":"search-sync-service-67d9ffbff9-96j49","processName":"quarkus-run.jar","processId":1}
{"timestamp":"2023-11-20T13:57:37.202Z","sequence":678,"loggerClassName":"org.jboss.logging.Logger","loggerName":"com.knime.enterprise.cloud.services.searchsync.impl.FullSyncService","level":"INFO","message":"Starting bulk request 7.","threadName":"executor-thread-8","threadId":47,"mdc":{},"ndc":"","hostName":"search-sync-service-67d9ffbff9-96j49","processName":"quarkus-run.jar","processId":1}
{"timestamp":"2023-11-20T13:57:37.203Z","sequence":679,"loggerClassName":"org.jboss.logging.Logger","loggerName":"com.knime.enterprise.cloud.services.searchsync.impl.FullSyncService","level":"INFO","message":"Nothing to clean.","threadName":"executor-thread-7","threadId":46,"mdc":{},"ndc":"","hostName":"search-sync-service-67d9ffbff9-96j49","processName":"quarkus-run.jar","processId":1}
{"timestamp":"2023-11-20T13:57:37.21Z","sequence":680,"loggerClassName":"org.jboss.logging.Logger","loggerName":"com.knime.enterprise.cloud.services.searchsync.impl.FullSyncService","level":"INFO","message":"Finished bulk request 6: OK","threadName":"I/O dispatcher 1","threadId":38,"mdc":{},"ndc":"","hostName":"search-sync-service-67d9ffbff9-96j49","processName":"quarkus-run.jar","processId":1}
{"timestamp":"2023-11-20T13:57:37.211Z","sequence":681,"loggerClassName":"org.jboss.logging.Logger","loggerName":"com.knime.enterprise.cloud.services.searchsync.impl.FullSyncService","level":"INFO","message":"Starting bulk request 8.","threadName":"executor-thread-8","threadId":47,"mdc":{},"ndc":"","hostName":"search-sync-service-67d9ffbff9-96j49","processName":"quarkus-run.jar","processId":1}
{"timestamp":"2023-11-20T13:57:37.22Z","sequence":682,"loggerClassName":"org.jboss.logging.Logger","loggerName":"com.knime.enterprise.cloud.services.searchsync.impl.FullSyncService","level":"INFO","message":"Finished bulk request 7: OK","threadName":"I/O dispatcher 1","threadId":38,"mdc":{},"ndc":"","hostName":"search-sync-service-67d9ffbff9-96j49","processName":"quarkus-run.jar","processId":1}
{"timestamp":"2023-11-20T13:57:37.22Z","sequence":683,"loggerClassName":"org.jboss.logging.Logger","loggerName":"com.knime.enterprise.cloud.services.searchsync.impl.FullSyncService","level":"INFO","message":"Starting bulk request 9.","threadName":"executor-thread-8","threadId":47,"mdc":{},"ndc":"","hostName":"search-sync-service-67d9ffbff9-96j49","processName":"quarkus-run.jar","processId":1}
{"timestamp":"2023-11-20T13:57:37.23Z","sequence":684,"loggerClassName":"org.jboss.logging.Logger","loggerName":"com.knime.enterprise.cloud.services.searchsync.impl.FullSyncService","level":"INFO","message":"Finished bulk request 8: OK","threadName":"I/O dispatcher 1","threadId":38,"mdc":{},"ndc":"","hostName":"search-sync-service-67d9ffbff9-96j49","processName":"quarkus-run.jar","processId":1}
{"timestamp":"2023-11-20T13:57:37.231Z","sequence":685,"loggerClassName":"org.jboss.logging.Logger","loggerName":"com.knime.enterprise.cloud.services.searchsync.impl.FullSyncService","level":"INFO","message":"Starting bulk request 10.","threadName":"executor-thread-8","threadId":47,"mdc":{},"ndc":"","hostName":"search-sync-service-67d9ffbff9-96j49","processName":"quarkus-run.jar","processId":1}
{"timestamp":"2023-11-20T13:57:37.239Z","sequence":686,"loggerClassName":"org.jboss.logging.Logger","loggerName":"com.knime.enterprise.cloud.services.searchsync.impl.FullSyncService","level":"INFO","message":"Finished bulk request 9: OK","threadName":"I/O dispatcher 1","threadId":38,"mdc":{},"ndc":"","hostName":"search-sync-service-67d9ffbff9-96j49","processName":"quarkus-run.jar","processId":1}
{"timestamp":"2023-11-20T13:57:37.261Z","sequence":687,"loggerClassName":"org.jboss.logging.Logger","loggerName":"com.knime.enterprise.cloud.services.searchsync.impl.FullSyncService","level":"INFO","message":"Finished bulk request 10: OK","threadName":"I/O dispatcher 1","threadId":38,"mdc":{},"ndc":"","hostName":"search-sync-service-67d9ffbff9-96j49","processName":"quarkus-run.jar","processId":1}
{"timestamp":"2023-11-20T13:57:37.299Z","sequence":688,"loggerClassName":"org.jboss.logging.Logger","loggerName":"com.knime.enterprise.cloud.services.searchsync.impl.FullSyncService","level":"INFO","message":"Requesting to add alias for new index with name 'tags1700488657000'.","threadName":"executor-thread-8","threadId":47,"mdc":{},"ndc":"","hostName":"search-sync-service-67d9ffbff9-96j49","processName":"quarkus-run.jar","processId":1}
{"timestamp":"2023-11-20T13:57:37.333Z","sequence":689,"loggerClassName":"org.jboss.logging.Logger","loggerName":"com.knime.enterprise.cloud.services.searchsync.impl.FullSyncService","level":"INFO","message":"Index with name 'tags1700488657000' successfully created and aliased.","threadName":"executor-thread-8","threadId":47,"mdc":{},"ndc":"","hostName":"search-sync-service-67d9ffbff9-96j49","processName":"quarkus-run.jar","processId":1}
{"timestamp":"2023-11-20T13:57:37.333Z","sequence":690,"loggerClassName":"org.jboss.logging.Logger","loggerName":"com.knime.enterprise.cloud.services.searchsync.impl.FullSyncService","level":"INFO","message":"Attempting to clean indices of type 'TAG'.","threadName":"executor-thread-8","threadId":47,"mdc":{},"ndc":"","hostName":"search-sync-service-67d9ffbff9-96j49","processName":"quarkus-run.jar","processId":1}
{"timestamp":"2023-11-20T13:57:37.335Z","sequence":691,"loggerClassName":"org.jboss.logging.Logger","loggerName":"com.knime.enterprise.cloud.services.searchsync.impl.FullSyncService","level":"INFO","message":"Nothing to clean.","threadName":"executor-thread-8","threadId":47,"mdc":{},"ndc":"","hostName":"search-sync-service-67d9ffbff9-96j49","processName":"quarkus-run.jar","processId":1}
{"timestamp":"2023-11-20T14:07:37Z","sequence":692,"loggerClassName":"org.jboss.logging.Logger","loggerName":"com.knime.enterprise.cloud.services.searchsync.impl.FullSyncService","level":"INFO","message":"Start creation of new index for type: EXTERNAL_GROUP","threadName":"executor-thread-8","threadId":47,"mdc":{},"ndc":"","hostName":"search-sync-service-67d9ffbff9-96j49","processName":"quarkus-run.jar","processId":1}
{"timestamp":"2023-11-20T14:07:37Z","sequence":693,"loggerClassName":"org.jboss.logging.Logger","loggerName":"com.knime.enterprise.cloud.services.searchsync.impl.FullSyncService","level":"INFO","message":"Attempting to clean indices of type 'EXTERNAL_GROUP'.","threadName":"executor-thread-8","threadId":47,"mdc":{},"ndc":"","hostName":"search-sync-service-67d9ffbff9-96j49","processName":"quarkus-run.jar","processId":1}
{"timestamp":"2023-11-20T14:07:37Z","sequence":694,"loggerClassName":"org.jboss.logging.Logger","loggerName":"com.knime.enterprise.cloud.services.searchsync.impl.FullSyncService","level":"INFO","message":"Start creation of new index for type: TAG","threadName":"executor-thread-9","threadId":48,"mdc":{},"ndc":"","hostName":"search-sync-service-67d9ffbff9-96j49","processName":"quarkus-run.jar","processId":1}
{"timestamp":"2023-11-20T14:07:37Z","sequence":695,"loggerClassName":"org.jboss.logging.Logger","loggerName":"com.knime.enterprise.cloud.services.searchsync.impl.FullSyncService","level":"INFO","message":"Attempting to clean indices of type 'TAG'.","threadName":"executor-thread-9","threadId":48,"mdc":{},"ndc":"","hostName":"search-sync-service-67d9ffbff9-96j49","processName":"quarkus-run.jar","processId":1}
{"timestamp":"2023-11-20T14:07:37.003Z","sequence":696,"loggerClassName":"org.jboss.logging.Logger","loggerName":"com.knime.enterprise.cloud.services.searchsync.impl.FullSyncService","level":"INFO","message":"Nothing to clean.","threadName":"executor-thread-8","threadId":47,"mdc":{},"ndc":"","hostName":"search-sync-service-67d9ffbff9-96j49","processName":"quarkus-run.jar","processId":1}
{"timestamp":"2023-11-20T14:07:37.003Z","sequence":697,"loggerClassName":"org.jboss.logging.Logger","loggerName":"com.knime.enterprise.cloud.services.searchsync.impl.FullSyncService","level":"INFO","message":"Requesting creation of index of type 'EXTERNAL_GROUP'.","threadName":"executor-thread-8","threadId":47,"mdc":{},"ndc":"","hostName":"search-sync-service-67d9ffbff9-96j49","processName":"quarkus-run.jar","processId":1}
{"timestamp":"2023-11-20T14:07:37.003Z","sequence":698,"loggerClassName":"org.jboss.logging.Logger","loggerName":"com.knime.enterprise.cloud.services.searchsync.impl.FullSyncService","level":"INFO","message":"Nothing to clean.","threadName":"executor-thread-9","threadId":48,"mdc":{},"ndc":"","hostName":"search-sync-service-67d9ffbff9-96j49","processName":"quarkus-run.jar","processId":1}
{"timestamp":"2023-11-20T14:07:37.004Z","sequence":699,"loggerClassName":"org.jboss.logging.Logger","loggerName":"com.knime.enterprise.cloud.services.searchsync.impl.FullSyncService","level":"INFO","message":"Requesting creation of index of type 'TAG'.","threadName":"executor-thread-9","threadId":48,"mdc":{},"ndc":"","hostName":"search-sync-service-67d9ffbff9-96j49","processName":"quarkus-run.jar","processId":1}
{"timestamp":"2023-11-20T14:07:37.111Z","sequence":700,"loggerClassName":"org.jboss.logging.Logger","loggerName":"com.knime.enterprise.cloud.services.searchsync.impl.FullSyncService","level":"INFO","message":"Index of type 'EXTERNAL_GROUP' successfully created: 'external_groups1700489257000'.","threadName":"executor-thread-8","threadId":47,"mdc":{},"ndc":"","hostName":"search-sync-service-67d9ffbff9-96j49","processName":"quarkus-run.jar","processId":1}
{"timestamp":"2023-11-20T14:07:37.139Z","sequence":701,"loggerClassName":"org.jboss.logging.Logger","loggerName":"com.knime.enterprise.cloud.services.searchsync.impl.FullSyncService","level":"INFO","message":"Index of type 'TAG' successfully created: 'tags1700489257000'.","threadName":"executor-thread-9","threadId":48,"mdc":{},"ndc":"","hostName":"search-sync-service-67d9ffbff9-96j49","processName":"quarkus-run.jar","processId":1}
{"timestamp":"2023-11-20T14:07:37.145Z","sequence":702,"loggerClassName":"org.jboss.logging.Logger","loggerName":"com.knime.enterprise.cloud.services.searchsync.impl.FullSyncService","level":"INFO","message":"Starting bulk request 1.","threadName":"executor-thread-9","threadId":48,"mdc":{},"ndc":"","hostName":"search-sync-service-67d9ffbff9-96j49","processName":"quarkus-run.jar","processId":1}
{"timestamp":"2023-11-20T14:07:37.146Z","sequence":703,"loggerClassName":"org.jboss.logging.Logger","loggerName":"com.knime.enterprise.cloud.services.searchsync.impl.FullSyncService","level":"INFO","message":"Starting bulk request 2.","threadName":"executor-thread-9","threadId":48,"mdc":{},"ndc":"","hostName":"search-sync-service-67d9ffbff9-96j49","processName":"quarkus-run.jar","processId":1}
{"timestamp":"2023-11-20T14:07:37.156Z","sequence":704,"loggerClassName":"org.jboss.logging.Logger","loggerName":"com.knime.enterprise.cloud.services.searchsync.impl.FullSyncService","level":"INFO","message":"Finished bulk request 1: OK","threadName":"I/O dispatcher 1","threadId":38,"mdc":{},"ndc":"","hostName":"search-sync-service-67d9ffbff9-96j49","processName":"quarkus-run.jar","processId":1}
{"timestamp":"2023-11-20T14:07:37.158Z","sequence":705,"loggerClassName":"org.jboss.logging.Logger","loggerName":"com.knime.enterprise.cloud.services.searchsync.impl.FullSyncService","level":"INFO","message":"Starting bulk request 3.","threadName":"executor-thread-9","threadId":48,"mdc":{},"ndc":"","hostName":"search-sync-service-67d9ffbff9-96j49","processName":"quarkus-run.jar","processId":1}
{"timestamp":"2023-11-20T14:07:37.167Z","sequence":706,"loggerClassName":"org.jboss.logging.Logger","loggerName":"com.knime.enterprise.cloud.services.searchsync.impl.FullSyncService","level":"INFO","message":"Finished bulk request 2: OK","threadName":"I/O dispatcher 1","threadId":38,"mdc":{},"ndc":"","hostName":"search-sync-service-67d9ffbff9-96j49","processName":"quarkus-run.jar","processId":1}
{"timestamp":"2023-11-20T14:07:37.168Z","sequence":707,"loggerClassName":"org.jboss.logging.Logger","loggerName":"com.knime.enterprise.cloud.services.searchsync.impl.FullSyncService","level":"INFO","message":"Starting bulk request 4.","threadName":"executor-thread-9","threadId":48,"mdc":{},"ndc":"","hostName":"search-sync-service-67d9ffbff9-96j49","processName":"quarkus-run.jar","processId":1}
{"timestamp":"2023-11-20T14:07:37.172Z","sequence":708,"loggerClassName":"org.jboss.logging.Logger","loggerName":"com.knime.enterprise.cloud.services.searchsync.impl.FullSyncService","level":"INFO","message":"Accounts service retrieved the hub global account.","threadName":"executor-thread-8","threadId":47,"mdc":{},"ndc":"","hostName":"search-sync-service-67d9ffbff9-96j49","processName":"quarkus-run.jar","processId":1}
{"timestamp":"2023-11-20T14:07:37.172Z","sequence":709,"loggerClassName":"org.jboss.logging.Logger","loggerName":"com.knime.enterprise.cloud.services.searchsync.impl.FullSyncService","level":"INFO","message":"Accounts service returned 0 external groups.","threadName":"executor-thread-8","threadId":47,"mdc":{},"ndc":"","hostName":"search-sync-service-67d9ffbff9-96j49","processName":"quarkus-run.jar","processId":1}
{"timestamp":"2023-11-20T14:07:37.172Z","sequence":710,"loggerClassName":"org.jboss.logging.Logger","loggerName":"com.knime.enterprise.cloud.services.searchsync.impl.FullSyncService","level":"INFO","message":"Start bulk index of :'external_groups1700489257000'","threadName":"executor-thread-8","threadId":47,"mdc":{},"ndc":"","hostName":"search-sync-service-67d9ffbff9-96j49","processName":"quarkus-run.jar","processId":1}
{"timestamp":"2023-11-20T14:07:37.173Z","sequence":711,"loggerClassName":"org.jboss.logging.Logger","loggerName":"com.knime.enterprise.cloud.services.searchsync.impl.FullSyncService","level":"INFO","message":"0 items has been added to 'external_groups' index (out of 0 items retrieved).","threadName":"executor-thread-8","threadId":47,"mdc":{},"ndc":"","hostName":"search-sync-service-67d9ffbff9-96j49","processName":"quarkus-run.jar","processId":1}
{"timestamp":"2023-11-20T14:07:37.175Z","sequence":712,"loggerClassName":"org.jboss.logging.Logger","loggerName":"com.knime.enterprise.cloud.services.searchsync.impl.FullSyncService","level":"INFO","message":"Requesting to add alias for new index with name 'external_groups1700489257000'.","threadName":"executor-thread-8","threadId":47,"mdc":{},"ndc":"","hostName":"search-sync-service-67d9ffbff9-96j49","processName":"quarkus-run.jar","processId":1}
{"timestamp":"2023-11-20T14:07:37.176Z","sequence":713,"loggerClassName":"org.jboss.logging.Logger","loggerName":"com.knime.enterprise.cloud.services.searchsync.impl.FullSyncService","level":"INFO","message":"Finished bulk request 3: OK","threadName":"I/O dispatcher 1","threadId":38,"mdc":{},"ndc":"","hostName":"search-sync-service-67d9ffbff9-96j49","processName":"quarkus-run.jar","processId":1}
{"timestamp":"2023-11-20T14:07:37.177Z","sequence":714,"loggerClassName":"org.jboss.logging.Logger","loggerName":"com.knime.enterprise.cloud.services.searchsync.impl.FullSyncService","level":"INFO","message":"Starting bulk request 5.","threadName":"executor-thread-9","threadId":48,"mdc":{},"ndc":"","hostName":"search-sync-service-67d9ffbff9-96j49","processName":"quarkus-run.jar","processId":1}
{"timestamp":"2023-11-20T14:07:37.186Z","sequence":715,"loggerClassName":"org.jboss.logging.Logger","loggerName":"com.knime.enterprise.cloud.services.searchsync.impl.FullSyncService","level":"INFO","message":"Finished bulk request 4: OK","threadName":"I/O dispatcher 1","threadId":38,"mdc":{},"ndc":"","hostName":"search-sync-service-67d9ffbff9-96j49","processName":"quarkus-run.jar","processId":1}
{"timestamp":"2023-11-20T14:07:37.187Z","sequence":716,"loggerClassName":"org.jboss.logging.Logger","loggerName":"com.knime.enterprise.cloud.services.searchsync.impl.FullSyncService","level":"INFO","message":"Starting bulk request 6.","threadName":"executor-thread-9","threadId":48,"mdc":{},"ndc":"","hostName":"search-sync-service-67d9ffbff9-96j49","processName":"quarkus-run.jar","processId":1}
{"timestamp":"2023-11-20T14:07:37.197Z","sequence":717,"loggerClassName":"org.jboss.logging.Logger","loggerName":"com.knime.enterprise.cloud.services.searchsync.impl.FullSyncService","level":"INFO","message":"Finished bulk request 5: OK","threadName":"I/O dispatcher 1","threadId":38,"mdc":{},"ndc":"","hostName":"search-sync-service-67d9ffbff9-96j49","processName":"quarkus-run.jar","processId":1}
{"timestamp":"2023-11-20T14:07:37.197Z","sequence":718,"loggerClassName":"org.jboss.logging.Logger","loggerName":"com.knime.enterprise.cloud.services.searchsync.impl.FullSyncService","level":"INFO","message":"Starting bulk request 7.","threadName":"executor-thread-9","threadId":48,"mdc":{},"ndc":"","hostName":"search-sync-service-67d9ffbff9-96j49","processName":"quarkus-run.jar","processId":1}
{"timestamp":"2023-11-20T14:07:37.205Z","sequence":719,"loggerClassName":"org.jboss.logging.Logger","loggerName":"com.knime.enterprise.cloud.services.searchsync.impl.FullSyncService","level":"INFO","message":"Finished bulk request 6: OK","threadName":"I/O dispatcher 1","threadId":38,"mdc":{},"ndc":"","hostName":"search-sync-service-67d9ffbff9-96j49","processName":"quarkus-run.jar","processId":1}
{"timestamp":"2023-11-20T14:07:37.206Z","sequence":720,"loggerClassName":"org.jboss.logging.Logger","loggerName":"com.knime.enterprise.cloud.services.searchsync.impl.FullSyncService","level":"INFO","message":"Starting bulk request 8.","threadName":"executor-thread-9","threadId":48,"mdc":{},"ndc":"","hostName":"search-sync-service-67d9ffbff9-96j49","processName":"quarkus-run.jar","processId":1}
{"timestamp":"2023-11-20T14:07:37.213Z","sequence":721,"loggerClassName":"org.jboss.logging.Logger","loggerName":"com.knime.enterprise.cloud.services.searchsync.impl.FullSyncService","level":"INFO","message":"Index with name 'external_groups1700489257000' successfully created and aliased.","threadName":"executor-thread-8","threadId":47,"mdc":{},"ndc":"","hostName":"search-sync-service-67d9ffbff9-96j49","processName":"quarkus-run.jar","processId":1}
{"timestamp":"2023-11-20T14:07:37.213Z","sequence":722,"loggerClassName":"org.jboss.logging.Logger","loggerName":"com.knime.enterprise.cloud.services.searchsync.impl.FullSyncService","level":"INFO","message":"Attempting to clean indices of type 'EXTERNAL_GROUP'.","threadName":"executor-thread-8","threadId":47,"mdc":{},"ndc":"","hostName":"search-sync-service-67d9ffbff9-96j49","processName":"quarkus-run.jar","processId":1}
{"timestamp":"2023-11-20T14:07:37.214Z","sequence":723,"loggerClassName":"org.jboss.logging.Logger","loggerName":"com.knime.enterprise.cloud.services.searchsync.impl.FullSyncService","level":"INFO","message":"Finished bulk request 7: OK","threadName":"I/O dispatcher 1","threadId":38,"mdc":{},"ndc":"","hostName":"search-sync-service-67d9ffbff9-96j49","processName":"quarkus-run.jar","processId":1}
{"timestamp":"2023-11-20T14:07:37.215Z","sequence":724,"loggerClassName":"org.jboss.logging.Logger","loggerName":"com.knime.enterprise.cloud.services.searchsync.impl.FullSyncService","level":"INFO","message":"Starting bulk request 9.","threadName":"executor-thread-9","threadId":48,"mdc":{},"ndc":"","hostName":"search-sync-service-67d9ffbff9-96j49","processName":"quarkus-run.jar","processId":1}
{"timestamp":"2023-11-20T14:07:37.215Z","sequence":725,"loggerClassName":"org.jboss.logging.Logger","loggerName":"com.knime.enterprise.cloud.services.searchsync.impl.FullSyncService","level":"INFO","message":"Nothing to clean.","threadName":"executor-thread-8","threadId":47,"mdc":{},"ndc":"","hostName":"search-sync-service-67d9ffbff9-96j49","processName":"quarkus-run.jar","processId":1}
{"timestamp":"2023-11-20T14:07:37.223Z","sequence":726,"loggerClassName":"org.jboss.logging.Logger","loggerName":"com.knime.enterprise.cloud.services.searchsync.impl.FullSyncService","level":"INFO","message":"Finished bulk request 8: OK","threadName":"I/O dispatcher 1","threadId":38,"mdc":{},"ndc":"","hostName":"search-sync-service-67d9ffbff9-96j49","processName":"quarkus-run.jar","processId":1}
{"timestamp":"2023-11-20T14:07:37.224Z","sequence":727,"loggerClassName":"org.jboss.logging.Logger","loggerName":"com.knime.enterprise.cloud.services.searchsync.impl.FullSyncService","level":"INFO","message":"Starting bulk request 10.","threadName":"executor-thread-9","threadId":48,"mdc":{},"ndc":"","hostName":"search-sync-service-67d9ffbff9-96j49","processName":"quarkus-run.jar","processId":1}
{"timestamp":"2023-11-20T14:07:37.231Z","sequence":728,"loggerClassName":"org.jboss.logging.Logger","loggerName":"com.knime.enterprise.cloud.services.searchsync.impl.FullSyncService","level":"INFO","message":"Finished bulk request 9: OK","threadName":"I/O dispatcher 1","threadId":38,"mdc":{},"ndc":"","hostName":"search-sync-service-67d9ffbff9-96j49","processName":"quarkus-run.jar","processId":1}
{"timestamp":"2023-11-20T14:07:37.239Z","sequence":729,"loggerClassName":"org.jboss.logging.Logger","loggerName":"com.knime.enterprise.cloud.services.searchsync.impl.FullSyncService","level":"INFO","message":"Finished bulk request 10: OK","threadName":"I/O dispatcher 1","threadId":38,"mdc":{},"ndc":"","hostName":"search-sync-service-67d9ffbff9-96j49","processName":"quarkus-run.jar","processId":1}
{"timestamp":"2023-11-20T14:07:37.276Z","sequence":730,"loggerClassName":"org.jboss.logging.Logger","loggerName":"com.knime.enterprise.cloud.services.searchsync.impl.FullSyncService","level":"INFO","message":"Requesting to add alias for new index with name 'tags1700489257000'.","threadName":"executor-thread-9","threadId":48,"mdc":{},"ndc":"","hostName":"search-sync-service-67d9ffbff9-96j49","processName":"quarkus-run.jar","processId":1}
{"timestamp":"2023-11-20T14:07:37.31Z","sequence":731,"loggerClassName":"org.jboss.logging.Logger","loggerName":"com.knime.enterprise.cloud.services.searchsync.impl.FullSyncService","level":"INFO","message":"Index with name 'tags1700489257000' successfully created and aliased.","threadName":"executor-thread-9","threadId":48,"mdc":{},"ndc":"","hostName":"search-sync-service-67d9ffbff9-96j49","processName":"quarkus-run.jar","processId":1}
{"timestamp":"2023-11-20T14:07:37.31Z","sequence":732,"loggerClassName":"org.jboss.logging.Logger","loggerName":"com.knime.enterprise.cloud.services.searchsync.impl.FullSyncService","level":"INFO","message":"Attempting to clean indices of type 'TAG'.","threadName":"executor-thread-9","threadId":48,"mdc":{},"ndc":"","hostName":"search-sync-service-67d9ffbff9-96j49","processName":"quarkus-run.jar","processId":1}
{"timestamp":"2023-11-20T14:07:37.313Z","sequence":733,"loggerClassName":"org.jboss.logging.Logger","loggerName":"com.knime.enterprise.cloud.services.searchsync.impl.FullSyncService","level":"INFO","message":"Nothing to clean.","threadName":"executor-thread-9","threadId":48,"mdc":{},"ndc":"","hostName":"search-sync-service-67d9ffbff9-96j49","processName":"quarkus-run.jar","processId":1}
{"timestamp":"2023-11-20T14:17:37Z","sequence":734,"loggerClassName":"org.jboss.logging.Logger","loggerName":"com.knime.enterprise.cloud.services.searchsync.impl.FullSyncService","level":"INFO","message":"Start creation of new index for type: EXTERNAL_GROUP","threadName":"executor-thread-9","threadId":48,"mdc":{},"ndc":"","hostName":"search-sync-service-67d9ffbff9-96j49","processName":"quarkus-run.jar","processId":1}
{"timestamp":"2023-11-20T14:17:37Z","sequence":735,"loggerClassName":"org.jboss.logging.Logger","loggerName":"com.knime.enterprise.cloud.services.searchsync.impl.FullSyncService","level":"INFO","message":"Attempting to clean indices of type 'EXTERNAL_GROUP'.","threadName":"executor-thread-9","threadId":48,"mdc":{},"ndc":"","hostName":"search-sync-service-67d9ffbff9-96j49","processName":"quarkus-run.jar","processId":1}
{"timestamp":"2023-11-20T14:17:37Z","sequence":736,"loggerClassName":"org.jboss.logging.Logger","loggerName":"com.knime.enterprise.cloud.services.searchsync.impl.FullSyncService","level":"INFO","message":"Start creation of new index for type: TAG","threadName":"executor-thread-10","threadId":49,"mdc":{},"ndc":"","hostName":"search-sync-service-67d9ffbff9-96j49","processName":"quarkus-run.jar","processId":1}
{"timestamp":"2023-11-20T14:17:37Z","sequence":737,"loggerClassName":"org.jboss.logging.Logger","loggerName":"com.knime.enterprise.cloud.services.searchsync.impl.FullSyncService","level":"INFO","message":"Attempting to clean indices of type 'TAG'.","threadName":"executor-thread-10","threadId":49,"mdc":{},"ndc":"","hostName":"search-sync-service-67d9ffbff9-96j49","processName":"quarkus-run.jar","processId":1}
{"timestamp":"2023-11-20T14:17:37.003Z","sequence":738,"loggerClassName":"org.jboss.logging.Logger","loggerName":"com.knime.enterprise.cloud.services.searchsync.impl.FullSyncService","level":"INFO","message":"Nothing to clean.","threadName":"executor-thread-10","threadId":49,"mdc":{},"ndc":"","hostName":"search-sync-service-67d9ffbff9-96j49","processName":"quarkus-run.jar","processId":1}
{"timestamp":"2023-11-20T14:17:37.003Z","sequence":739,"loggerClassName":"org.jboss.logging.Logger","loggerName":"com.knime.enterprise.cloud.services.searchsync.impl.FullSyncService","level":"INFO","message":"Nothing to clean.","threadName":"executor-thread-9","threadId":48,"mdc":{},"ndc":"","hostName":"search-sync-service-67d9ffbff9-96j49","processName":"quarkus-run.jar","processId":1}
{"timestamp":"2023-11-20T14:17:37.003Z","sequence":740,"loggerClassName":"org.jboss.logging.Logger","loggerName":"com.knime.enterprise.cloud.services.searchsync.impl.FullSyncService","level":"INFO","message":"Requesting creation of index of type 'TAG'.","threadName":"executor-thread-10","threadId":49,"mdc":{},"ndc":"","hostName":"search-sync-service-67d9ffbff9-96j49","processName":"quarkus-run.jar","processId":1}
{"timestamp":"2023-11-20T14:17:37.004Z","sequence":741,"loggerClassName":"org.jboss.logging.Logger","loggerName":"com.knime.enterprise.cloud.services.searchsync.impl.FullSyncService","level":"INFO","message":"Requesting creation of index of type 'EXTERNAL_GROUP'.","threadName":"executor-thread-9","threadId":48,"mdc":{},"ndc":"","hostName":"search-sync-service-67d9ffbff9-96j49","processName":"quarkus-run.jar","processId":1}
{"timestamp":"2023-11-20T14:17:37.108Z","sequence":742,"loggerClassName":"org.jboss.logging.Logger","loggerName":"com.knime.enterprise.cloud.services.searchsync.impl.FullSyncService","level":"INFO","message":"Index of type 'TAG' successfully created: 'tags1700489857000'.","threadName":"executor-thread-10","threadId":49,"mdc":{},"ndc":"","hostName":"search-sync-service-67d9ffbff9-96j49","processName":"quarkus-run.jar","processId":1}
{"timestamp":"2023-11-20T14:17:37.113Z","sequence":743,"loggerClassName":"org.jboss.logging.Logger","loggerName":"com.knime.enterprise.cloud.services.searchsync.impl.FullSyncService","level":"INFO","message":"Starting bulk request 1.","threadName":"executor-thread-10","threadId":49,"mdc":{},"ndc":"","hostName":"search-sync-service-67d9ffbff9-96j49","processName":"quarkus-run.jar","processId":1}
{"timestamp":"2023-11-20T14:17:37.114Z","sequence":744,"loggerClassName":"org.jboss.logging.Logger","loggerName":"com.knime.enterprise.cloud.services.searchsync.impl.FullSyncService","level":"INFO","message":"Starting bulk request 2.","threadName":"executor-thread-10","threadId":49,"mdc":{},"ndc":"","hostName":"search-sync-service-67d9ffbff9-96j49","processName":"quarkus-run.jar","processId":1}
{"timestamp":"2023-11-20T14:17:37.123Z","sequence":745,"loggerClassName":"org.jboss.logging.Logger","loggerName":"com.knime.enterprise.cloud.services.searchsync.impl.FullSyncService","level":"INFO","message":"Finished bulk request 1: OK","threadName":"I/O dispatcher 1","threadId":38,"mdc":{},"ndc":"","hostName":"search-sync-service-67d9ffbff9-96j49","processName":"quarkus-run.jar","processId":1}
{"timestamp":"2023-11-20T14:17:37.124Z","sequence":746,"loggerClassName":"org.jboss.logging.Logger","loggerName":"com.knime.enterprise.cloud.services.searchsync.impl.FullSyncService","level":"INFO","message":"Starting bulk request 3.","threadName":"executor-thread-10","threadId":49,"mdc":{},"ndc":"","hostName":"search-sync-service-67d9ffbff9-96j49","processName":"quarkus-run.jar","processId":1}
{"timestamp":"2023-11-20T14:17:37.132Z","sequence":747,"loggerClassName":"org.jboss.logging.Logger","loggerName":"com.knime.enterprise.cloud.services.searchsync.impl.FullSyncService","level":"INFO","message":"Finished bulk request 2: OK","threadName":"I/O dispatcher 1","threadId":38,"mdc":{},"ndc":"","hostName":"search-sync-service-67d9ffbff9-96j49","processName":"quarkus-run.jar","processId":1}
{"timestamp":"2023-11-20T14:17:37.133Z","sequence":748,"loggerClassName":"org.jboss.logging.Logger","loggerName":"com.knime.enterprise.cloud.services.searchsync.impl.FullSyncService","level":"INFO","message":"Starting bulk request 4.","threadName":"executor-thread-10","threadId":49,"mdc":{},"ndc":"","hostName":"search-sync-service-67d9ffbff9-96j49","processName":"quarkus-run.jar","processId":1}
{"timestamp":"2023-11-20T14:17:37.144Z","sequence":749,"loggerClassName":"org.jboss.logging.Logger","loggerName":"com.knime.enterprise.cloud.services.searchsync.impl.FullSyncService","level":"INFO","message":"Finished bulk request 3: OK","threadName":"I/O dispatcher 1","threadId":38,"mdc":{},"ndc":"","hostName":"search-sync-service-67d9ffbff9-96j49","processName":"quarkus-run.jar","processId":1}
{"timestamp":"2023-11-20T14:17:37.144Z","sequence":750,"loggerClassName":"org.jboss.logging.Logger","loggerName":"com.knime.enterprise.cloud.services.searchsync.impl.FullSyncService","level":"INFO","message":"Index of type 'EXTERNAL_GROUP' successfully created: 'external_groups1700489857000'.","threadName":"executor-thread-9","threadId":48,"mdc":{},"ndc":"","hostName":"search-sync-service-67d9ffbff9-96j49","processName":"quarkus-run.jar","processId":1}
{"timestamp":"2023-11-20T14:17:37.144Z","sequence":751,"loggerClassName":"org.jboss.logging.Logger","loggerName":"com.knime.enterprise.cloud.services.searchsync.impl.FullSyncService","level":"INFO","message":"Starting bulk request 5.","threadName":"executor-thread-10","threadId":49,"mdc":{},"ndc":"","hostName":"search-sync-service-67d9ffbff9-96j49","processName":"quarkus-run.jar","processId":1}
{"timestamp":"2023-11-20T14:17:37.153Z","sequence":752,"loggerClassName":"org.jboss.logging.Logger","loggerName":"com.knime.enterprise.cloud.services.searchsync.impl.FullSyncService","level":"INFO","message":"Finished bulk request 4: OK","threadName":"I/O dispatcher 1","threadId":38,"mdc":{},"ndc":"","hostName":"search-sync-service-67d9ffbff9-96j49","processName":"quarkus-run.jar","processId":1}
{"timestamp":"2023-11-20T14:17:37.154Z","sequence":753,"loggerClassName":"org.jboss.logging.Logger","loggerName":"com.knime.enterprise.cloud.services.searchsync.impl.FullSyncService","level":"INFO","message":"Starting bulk request 6.","threadName":"executor-thread-10","threadId":49,"mdc":{},"ndc":"","hostName":"search-sync-service-67d9ffbff9-96j49","processName":"quarkus-run.jar","processId":1}
{"timestamp":"2023-11-20T14:17:37.162Z","sequence":754,"loggerClassName":"org.jboss.logging.Logger","loggerName":"com.knime.enterprise.cloud.services.searchsync.impl.FullSyncService","level":"INFO","message":"Finished bulk request 5: OK","threadName":"I/O dispatcher 1","threadId":38,"mdc":{},"ndc":"","hostName":"search-sync-service-67d9ffbff9-96j49","processName":"quarkus-run.jar","processId":1}
{"timestamp":"2023-11-20T14:17:37.163Z","sequence":755,"loggerClassName":"org.jboss.logging.Logger","loggerName":"com.knime.enterprise.cloud.services.searchsync.impl.FullSyncService","level":"INFO","message":"Starting bulk request 7.","threadName":"executor-thread-10","threadId":49,"mdc":{},"ndc":"","hostName":"search-sync-service-67d9ffbff9-96j49","processName":"quarkus-run.jar","processId":1}
{"timestamp":"2023-11-20T14:17:37.173Z","sequence":756,"loggerClassName":"org.jboss.logging.Logger","loggerName":"com.knime.enterprise.cloud.services.searchsync.impl.FullSyncService","level":"INFO","message":"Finished bulk request 6: OK","threadName":"I/O dispatcher 1","threadId":38,"mdc":{},"ndc":"","hostName":"search-sync-service-67d9ffbff9-96j49","processName":"quarkus-run.jar","processId":1}
{"timestamp":"2023-11-20T14:17:37.174Z","sequence":757,"loggerClassName":"org.jboss.logging.Logger","loggerName":"com.knime.enterprise.cloud.services.searchsync.impl.FullSyncService","level":"INFO","message":"Starting bulk request 8.","threadName":"executor-thread-10","threadId":49,"mdc":{},"ndc":"","hostName":"search-sync-service-67d9ffbff9-96j49","processName":"quarkus-run.jar","processId":1}
{"timestamp":"2023-11-20T14:17:37.183Z","sequence":758,"loggerClassName":"org.jboss.logging.Logger","loggerName":"com.knime.enterprise.cloud.services.searchsync.impl.FullSyncService","level":"INFO","message":"Finished bulk request 7: OK","threadName":"I/O dispatcher 1","threadId":38,"mdc":{},"ndc":"","hostName":"search-sync-service-67d9ffbff9-96j49","processName":"quarkus-run.jar","processId":1}
{"timestamp":"2023-11-20T14:17:37.183Z","sequence":759,"loggerClassName":"org.jboss.logging.Logger","loggerName":"com.knime.enterprise.cloud.services.searchsync.impl.FullSyncService","level":"INFO","message":"Accounts service retrieved the hub global account.","threadName":"executor-thread-9","threadId":48,"mdc":{},"ndc":"","hostName":"search-sync-service-67d9ffbff9-96j49","processName":"quarkus-run.jar","processId":1}
{"timestamp":"2023-11-20T14:17:37.183Z","sequence":760,"loggerClassName":"org.jboss.logging.Logger","loggerName":"com.knime.enterprise.cloud.services.searchsync.impl.FullSyncService","level":"INFO","message":"Accounts service returned 0 external groups.","threadName":"executor-thread-9","threadId":48,"mdc":{},"ndc":"","hostName":"search-sync-service-67d9ffbff9-96j49","processName":"quarkus-run.jar","processId":1}
{"timestamp":"2023-11-20T14:17:37.184Z","sequence":761,"loggerClassName":"org.jboss.logging.Logger","loggerName":"com.knime.enterprise.cloud.services.searchsync.impl.FullSyncService","level":"INFO","message":"Start bulk index of :'external_groups1700489857000'","threadName":"executor-thread-9","threadId":48,"mdc":{},"ndc":"","hostName":"search-sync-service-67d9ffbff9-96j49","processName":"quarkus-run.jar","processId":1}
{"timestamp":"2023-11-20T14:17:37.184Z","sequence":762,"loggerClassName":"org.jboss.logging.Logger","loggerName":"com.knime.enterprise.cloud.services.searchsync.impl.FullSyncService","level":"INFO","message":"Starting bulk request 9.","threadName":"executor-thread-10","threadId":49,"mdc":{},"ndc":"","hostName":"search-sync-service-67d9ffbff9-96j49","processName":"quarkus-run.jar","processId":1}
{"timestamp":"2023-11-20T14:17:37.184Z","sequence":763,"loggerClassName":"org.jboss.logging.Logger","loggerName":"com.knime.enterprise.cloud.services.searchsync.impl.FullSyncService","level":"INFO","message":"0 items has been added to 'external_groups' index (out of 0 items retrieved).","threadName":"executor-thread-9","threadId":48,"mdc":{},"ndc":"","hostName":"search-sync-service-67d9ffbff9-96j49","processName":"quarkus-run.jar","processId":1}
{"timestamp":"2023-11-20T14:17:37.187Z","sequence":764,"loggerClassName":"org.jboss.logging.Logger","loggerName":"com.knime.enterprise.cloud.services.searchsync.impl.FullSyncService","level":"INFO","message":"Requesting to add alias for new index with name 'external_groups1700489857000'.","threadName":"executor-thread-9","threadId":48,"mdc":{},"ndc":"","hostName":"search-sync-service-67d9ffbff9-96j49","processName":"quarkus-run.jar","processId":1}
{"timestamp":"2023-11-20T14:17:37.193Z","sequence":765,"loggerClassName":"org.jboss.logging.Logger","loggerName":"com.knime.enterprise.cloud.services.searchsync.impl.FullSyncService","level":"INFO","message":"Finished bulk request 8: OK","threadName":"I/O dispatcher 1","threadId":38,"mdc":{},"ndc":"","hostName":"search-sync-service-67d9ffbff9-96j49","processName":"quarkus-run.jar","processId":1}
{"timestamp":"2023-11-20T14:17:37.194Z","sequence":766,"loggerClassName":"org.jboss.logging.Logger","loggerName":"com.knime.enterprise.cloud.services.searchsync.impl.FullSyncService","level":"INFO","message":"Starting bulk request 10.","threadName":"executor-thread-10","threadId":49,"mdc":{},"ndc":"","hostName":"search-sync-service-67d9ffbff9-96j49","processName":"quarkus-run.jar","processId":1}
{"timestamp":"2023-11-20T14:17:37.203Z","sequence":767,"loggerClassName":"org.jboss.logging.Logger","loggerName":"com.knime.enterprise.cloud.services.searchsync.impl.FullSyncService","level":"INFO","message":"Finished bulk request 9: OK","threadName":"I/O dispatcher 1","threadId":38,"mdc":{},"ndc":"","hostName":"search-sync-service-67d9ffbff9-96j49","processName":"quarkus-run.jar","processId":1}
{"timestamp":"2023-11-20T14:17:37.211Z","sequence":768,"loggerClassName":"org.jboss.logging.Logger","loggerName":"com.knime.enterprise.cloud.services.searchsync.impl.FullSyncService","level":"INFO","message":"Finished bulk request 10: OK","threadName":"I/O dispatcher 1","threadId":38,"mdc":{},"ndc":"","hostName":"search-sync-service-67d9ffbff9-96j49","processName":"quarkus-run.jar","processId":1}
{"timestamp":"2023-11-20T14:17:37.223Z","sequence":769,"loggerClassName":"org.jboss.logging.Logger","loggerName":"com.knime.enterprise.cloud.services.searchsync.impl.FullSyncService","level":"INFO","message":"Index with name 'external_groups1700489857000' successfully created and aliased.","threadName":"executor-thread-9","threadId":48,"mdc":{},"ndc":"","hostName":"search-sync-service-67d9ffbff9-96j49","processName":"quarkus-run.jar","processId":1}
{"timestamp":"2023-11-20T14:17:37.223Z","sequence":770,"loggerClassName":"org.jboss.logging.Logger","loggerName":"com.knime.enterprise.cloud.services.searchsync.impl.FullSyncService","level":"INFO","message":"Attempting to clean indices of type 'EXTERNAL_GROUP'.","threadName":"executor-thread-9","threadId":48,"mdc":{},"ndc":"","hostName":"search-sync-service-67d9ffbff9-96j49","processName":"quarkus-run.jar","processId":1}
{"timestamp":"2023-11-20T14:17:37.225Z","sequence":771,"loggerClassName":"org.jboss.logging.Logger","loggerName":"com.knime.enterprise.cloud.services.searchsync.impl.FullSyncService","level":"INFO","message":"Nothing to clean.","threadName":"executor-thread-9","threadId":48,"mdc":{},"ndc":"","hostName":"search-sync-service-67d9ffbff9-96j49","processName":"quarkus-run.jar","processId":1}
{"timestamp":"2023-11-20T14:17:37.254Z","sequence":772,"loggerClassName":"org.jboss.logging.Logger","loggerName":"com.knime.enterprise.cloud.services.searchsync.impl.FullSyncService","level":"INFO","message":"Requesting to add alias for new index with name 'tags1700489857000'.","threadName":"executor-thread-10","threadId":49,"mdc":{},"ndc":"","hostName":"search-sync-service-67d9ffbff9-96j49","processName":"quarkus-run.jar","processId":1}
{"timestamp":"2023-11-20T14:17:37.291Z","sequence":773,"loggerClassName":"org.jboss.logging.Logger","loggerName":"com.knime.enterprise.cloud.services.searchsync.impl.FullSyncService","level":"INFO","message":"Index with name 'tags1700489857000' successfully created and aliased.","threadName":"executor-thread-10","threadId":49,"mdc":{},"ndc":"","hostName":"search-sync-service-67d9ffbff9-96j49","processName":"quarkus-run.jar","processId":1}
{"timestamp":"2023-11-20T14:17:37.291Z","sequence":774,"loggerClassName":"org.jboss.logging.Logger","loggerName":"com.knime.enterprise.cloud.services.searchsync.impl.FullSyncService","level":"INFO","message":"Attempting to clean indices of type 'TAG'.","threadName":"executor-thread-10","threadId":49,"mdc":{},"ndc":"","hostName":"search-sync-service-67d9ffbff9-96j49","processName":"quarkus-run.jar","processId":1}
{"timestamp":"2023-11-20T14:17:37.293Z","sequence":775,"loggerClassName":"org.jboss.logging.Logger","loggerName":"com.knime.enterprise.cloud.services.searchsync.impl.FullSyncService","level":"INFO","message":"Nothing to clean.","threadName":"executor-thread-10","threadId":49,"mdc":{},"ndc":"","hostName":"search-sync-service-67d9ffbff9-96j49","processName":"quarkus-run.jar","processId":1}
{"timestamp":"2023-11-20T14:27:37Z","sequence":776,"loggerClassName":"org.jboss.logging.Logger","loggerName":"com.knime.enterprise.cloud.services.searchsync.impl.FullSyncService","level":"INFO","message":"Start creation of new index for type: EXTERNAL_GROUP","threadName":"executor-thread-10","threadId":49,"mdc":{},"ndc":"","hostName":"search-sync-service-67d9ffbff9-96j49","processName":"quarkus-run.jar","processId":1}
{"timestamp":"2023-11-20T14:27:37Z","sequence":777,"loggerClassName":"org.jboss.logging.Logger","loggerName":"com.knime.enterprise.cloud.services.searchsync.impl.FullSyncService","level":"INFO","message":"Attempting to clean indices of type 'EXTERNAL_GROUP'.","threadName":"executor-thread-10","threadId":49,"mdc":{},"ndc":"","hostName":"search-sync-service-67d9ffbff9-96j49","processName":"quarkus-run.jar","processId":1}
{"timestamp":"2023-11-20T14:27:37Z","sequence":778,"loggerClassName":"org.jboss.logging.Logger","loggerName":"com.knime.enterprise.cloud.services.searchsync.impl.FullSyncService","level":"INFO","message":"Start creation of new index for type: TAG","threadName":"executor-thread-11","threadId":50,"mdc":{},"ndc":"","hostName":"search-sync-service-67d9ffbff9-96j49","processName":"quarkus-run.jar","processId":1}
{"timestamp":"2023-11-20T14:27:37Z","sequence":779,"loggerClassName":"org.jboss.logging.Logger","loggerName":"com.knime.enterprise.cloud.services.searchsync.impl.FullSyncService","level":"INFO","message":"Attempting to clean indices of type 'TAG'.","threadName":"executor-thread-11","threadId":50,"mdc":{},"ndc":"","hostName":"search-sync-service-67d9ffbff9-96j49","processName":"quarkus-run.jar","processId":1}
{"timestamp":"2023-11-20T14:27:37.002Z","sequence":780,"loggerClassName":"org.jboss.logging.Logger","loggerName":"com.knime.enterprise.cloud.services.searchsync.impl.FullSyncService","level":"INFO","message":"Nothing to clean.","threadName":"executor-thread-10","threadId":49,"mdc":{},"ndc":"","hostName":"search-sync-service-67d9ffbff9-96j49","processName":"quarkus-run.jar","processId":1}
{"timestamp":"2023-11-20T14:27:37.003Z","sequence":781,"loggerClassName":"org.jboss.logging.Logger","loggerName":"com.knime.enterprise.cloud.services.searchsync.impl.FullSyncService","level":"INFO","message":"Requesting creation of index of type 'EXTERNAL_GROUP'.","threadName":"executor-thread-10","threadId":49,"mdc":{},"ndc":"","hostName":"search-sync-service-67d9ffbff9-96j49","processName":"quarkus-run.jar","processId":1}
{"timestamp":"2023-11-20T14:27:37.003Z","sequence":782,"loggerClassName":"org.jboss.logging.Logger","loggerName":"com.knime.enterprise.cloud.services.searchsync.impl.FullSyncService","level":"INFO","message":"Nothing to clean.","threadName":"executor-thread-11","threadId":50,"mdc":{},"ndc":"","hostName":"search-sync-service-67d9ffbff9-96j49","processName":"quarkus-run.jar","processId":1}
{"timestamp":"2023-11-20T14:27:37.003Z","sequence":783,"loggerClassName":"org.jboss.logging.Logger","loggerName":"com.knime.enterprise.cloud.services.searchsync.impl.FullSyncService","level":"INFO","message":"Requesting creation of index of type 'TAG'.","threadName":"executor-thread-11","threadId":50,"mdc":{},"ndc":"","hostName":"search-sync-service-67d9ffbff9-96j49","processName":"quarkus-run.jar","processId":1}
{"timestamp":"2023-11-20T14:27:37.109Z","sequence":784,"loggerClassName":"org.jboss.logging.Logger","loggerName":"com.knime.enterprise.cloud.services.searchsync.impl.FullSyncService","level":"INFO","message":"Index of type 'EXTERNAL_GROUP' successfully created: 'external_groups1700490457000'.","threadName":"executor-thread-10","threadId":49,"mdc":{},"ndc":"","hostName":"search-sync-service-67d9ffbff9-96j49","processName":"quarkus-run.jar","processId":1}
{"timestamp":"2023-11-20T14:27:37.14Z","sequence":785,"loggerClassName":"org.jboss.logging.Logger","loggerName":"com.knime.enterprise.cloud.services.searchsync.impl.FullSyncService","level":"INFO","message":"Index of type 'TAG' successfully created: 'tags1700490457000'.","threadName":"executor-thread-11","threadId":50,"mdc":{},"ndc":"","hostName":"search-sync-service-67d9ffbff9-96j49","processName":"quarkus-run.jar","processId":1}
{"timestamp":"2023-11-20T14:27:37.146Z","sequence":786,"loggerClassName":"org.jboss.logging.Logger","loggerName":"com.knime.enterprise.cloud.services.searchsync.impl.FullSyncService","level":"INFO","message":"Starting bulk request 1.","threadName":"executor-thread-11","threadId":50,"mdc":{},"ndc":"","hostName":"search-sync-service-67d9ffbff9-96j49","processName":"quarkus-run.jar","processId":1}
{"timestamp":"2023-11-20T14:27:37.147Z","sequence":787,"loggerClassName":"org.jboss.logging.Logger","loggerName":"com.knime.enterprise.cloud.services.searchsync.impl.FullSyncService","level":"INFO","message":"Starting bulk request 2.","threadName":"executor-thread-11","threadId":50,"mdc":{},"ndc":"","hostName":"search-sync-service-67d9ffbff9-96j49","processName":"quarkus-run.jar","processId":1}
{"timestamp":"2023-11-20T14:27:37.15Z","sequence":788,"loggerClassName":"org.jboss.logging.Logger","loggerName":"com.knime.enterprise.cloud.services.searchsync.impl.FullSyncService","level":"INFO","message":"Accounts service retrieved the hub global account.","threadName":"executor-thread-10","threadId":49,"mdc":{},"ndc":"","hostName":"search-sync-service-67d9ffbff9-96j49","processName":"quarkus-run.jar","processId":1}
{"timestamp":"2023-11-20T14:27:37.15Z","sequence":789,"loggerClassName":"org.jboss.logging.Logger","loggerName":"com.knime.enterprise.cloud.services.searchsync.impl.FullSyncService","level":"INFO","message":"Accounts service returned 0 external groups.","threadName":"executor-thread-10","threadId":49,"mdc":{},"ndc":"","hostName":"search-sync-service-67d9ffbff9-96j49","processName":"quarkus-run.jar","processId":1}
{"timestamp":"2023-11-20T14:27:37.15Z","sequence":790,"loggerClassName":"org.jboss.logging.Logger","loggerName":"com.knime.enterprise.cloud.services.searchsync.impl.FullSyncService","level":"INFO","message":"Start bulk index of :'external_groups1700490457000'","threadName":"executor-thread-10","threadId":49,"mdc":{},"ndc":"","hostName":"search-sync-service-67d9ffbff9-96j49","processName":"quarkus-run.jar","processId":1}
{"timestamp":"2023-11-20T14:27:37.15Z","sequence":791,"loggerClassName":"org.jboss.logging.Logger","loggerName":"com.knime.enterprise.cloud.services.searchsync.impl.FullSyncService","level":"INFO","message":"0 items has been added to 'external_groups' index (out of 0 items retrieved).","threadName":"executor-thread-10","threadId":49,"mdc":{},"ndc":"","hostName":"search-sync-service-67d9ffbff9-96j49","processName":"quarkus-run.jar","processId":1}
{"timestamp":"2023-11-20T14:27:37.153Z","sequence":792,"loggerClassName":"org.jboss.logging.Logger","loggerName":"com.knime.enterprise.cloud.services.searchsync.impl.FullSyncService","level":"INFO","message":"Requesting to add alias for new index with name 'external_groups1700490457000'.","threadName":"executor-thread-10","threadId":49,"mdc":{},"ndc":"","hostName":"search-sync-service-67d9ffbff9-96j49","processName":"quarkus-run.jar","processId":1}
{"timestamp":"2023-11-20T14:27:37.156Z","sequence":793,"loggerClassName":"org.jboss.logging.Logger","loggerName":"com.knime.enterprise.cloud.services.searchsync.impl.FullSyncService","level":"INFO","message":"Finished bulk request 1: OK","threadName":"I/O dispatcher 1","threadId":38,"mdc":{},"ndc":"","hostName":"search-sync-service-67d9ffbff9-96j49","processName":"quarkus-run.jar","processId":1}
{"timestamp":"2023-11-20T14:27:37.157Z","sequence":794,"loggerClassName":"org.jboss.logging.Logger","loggerName":"com.knime.enterprise.cloud.services.searchsync.impl.FullSyncService","level":"INFO","message":"Starting bulk request 3.","threadName":"executor-thread-11","threadId":50,"mdc":{},"ndc":"","hostName":"search-sync-service-67d9ffbff9-96j49","processName":"quarkus-run.jar","processId":1}
{"timestamp":"2023-11-20T14:27:37.165Z","sequence":795,"loggerClassName":"org.jboss.logging.Logger","loggerName":"com.knime.enterprise.cloud.services.searchsync.impl.FullSyncService","level":"INFO","message":"Finished bulk request 2: OK","threadName":"I/O dispatcher 1","threadId":38,"mdc":{},"ndc":"","hostName":"search-sync-service-67d9ffbff9-96j49","processName":"quarkus-run.jar","processId":1}
{"timestamp":"2023-11-20T14:27:37.165Z","sequence":796,"loggerClassName":"org.jboss.logging.Logger","loggerName":"com.knime.enterprise.cloud.services.searchsync.impl.FullSyncService","level":"INFO","message":"Starting bulk request 4.","threadName":"executor-thread-11","threadId":50,"mdc":{},"ndc":"","hostName":"search-sync-service-67d9ffbff9-96j49","processName":"quarkus-run.jar","processId":1}
{"timestamp":"2023-11-20T14:27:37.173Z","sequence":797,"loggerClassName":"org.jboss.logging.Logger","loggerName":"com.knime.enterprise.cloud.services.searchsync.impl.FullSyncService","level":"INFO","message":"Finished bulk request 3: OK","threadName":"I/O dispatcher 1","threadId":38,"mdc":{},"ndc":"","hostName":"search-sync-service-67d9ffbff9-96j49","processName":"quarkus-run.jar","processId":1}
{"timestamp":"2023-11-20T14:27:37.174Z","sequence":798,"loggerClassName":"org.jboss.logging.Logger","loggerName":"com.knime.enterprise.cloud.services.searchsync.impl.FullSyncService","level":"INFO","message":"Starting bulk request 5.","threadName":"executor-thread-11","threadId":50,"mdc":{},"ndc":"","hostName":"search-sync-service-67d9ffbff9-96j49","processName":"quarkus-run.jar","processId":1}
{"timestamp":"2023-11-20T14:27:37.182Z","sequence":799,"loggerClassName":"org.jboss.logging.Logger","loggerName":"com.knime.enterprise.cloud.services.searchsync.impl.FullSyncService","level":"INFO","message":"Finished bulk request 4: OK","threadName":"I/O dispatcher 1","threadId":38,"mdc":{},"ndc":"","hostName":"search-sync-service-67d9ffbff9-96j49","processName":"quarkus-run.jar","processId":1}
{"timestamp":"2023-11-20T14:27:37.183Z","sequence":800,"loggerClassName":"org.jboss.logging.Logger","loggerName":"com.knime.enterprise.cloud.services.searchsync.impl.FullSyncService","level":"INFO","message":"Starting bulk request 6.","threadName":"executor-thread-11","threadId":50,"mdc":{},"ndc":"","hostName":"search-sync-service-67d9ffbff9-96j49","processName":"quarkus-run.jar","processId":1}
{"timestamp":"2023-11-20T14:27:37.188Z","sequence":801,"loggerClassName":"org.jboss.logging.Logger","loggerName":"com.knime.enterprise.cloud.services.searchsync.impl.FullSyncService","level":"INFO","message":"Index with name 'external_groups1700490457000' successfully created and aliased.","threadName":"executor-thread-10","threadId":49,"mdc":{},"ndc":"","hostName":"search-sync-service-67d9ffbff9-96j49","processName":"quarkus-run.jar","processId":1}
{"timestamp":"2023-11-20T14:27:37.188Z","sequence":802,"loggerClassName":"org.jboss.logging.Logger","loggerName":"com.knime.enterprise.cloud.services.searchsync.impl.FullSyncService","level":"INFO","message":"Attempting to clean indices of type 'EXTERNAL_GROUP'.","threadName":"executor-thread-10","threadId":49,"mdc":{},"ndc":"","hostName":"search-sync-service-67d9ffbff9-96j49","processName":"quarkus-run.jar","processId":1}
{"timestamp":"2023-11-20T14:27:37.189Z","sequence":803,"loggerClassName":"org.jboss.logging.Logger","loggerName":"com.knime.enterprise.cloud.services.searchsync.impl.FullSyncService","level":"INFO","message":"Nothing to clean.","threadName":"executor-thread-10","threadId":49,"mdc":{},"ndc":"","hostName":"search-sync-service-67d9ffbff9-96j49","processName":"quarkus-run.jar","processId":1}
{"timestamp":"2023-11-20T14:27:37.19Z","sequence":804,"loggerClassName":"org.jboss.logging.Logger","loggerName":"com.knime.enterprise.cloud.services.searchsync.impl.FullSyncService","level":"INFO","message":"Finished bulk request 5: OK","threadName":"I/O dispatcher 1","threadId":38,"mdc":{},"ndc":"","hostName":"search-sync-service-67d9ffbff9-96j49","processName":"quarkus-run.jar","processId":1}
{"timestamp":"2023-11-20T14:27:37.191Z","sequence":805,"loggerClassName":"org.jboss.logging.Logger","loggerName":"com.knime.enterprise.cloud.services.searchsync.impl.FullSyncService","level":"INFO","message":"Starting bulk request 7.","threadName":"executor-thread-11","threadId":50,"mdc":{},"ndc":"","hostName":"search-sync-service-67d9ffbff9-96j49","processName":"quarkus-run.jar","processId":1}
{"timestamp":"2023-11-20T14:27:37.197Z","sequence":806,"loggerClassName":"org.jboss.logging.Logger","loggerName":"com.knime.enterprise.cloud.services.searchsync.impl.FullSyncService","level":"INFO","message":"Finished bulk request 6: OK","threadName":"I/O dispatcher 1","threadId":38,"mdc":{},"ndc":"","hostName":"search-sync-service-67d9ffbff9-96j49","processName":"quarkus-run.jar","processId":1}
{"timestamp":"2023-11-20T14:27:37.198Z","sequence":807,"loggerClassName":"org.jboss.logging.Logger","loggerName":"com.knime.enterprise.cloud.services.searchsync.impl.FullSyncService","level":"INFO","message":"Starting bulk request 8.","threadName":"executor-thread-11","threadId":50,"mdc":{},"ndc":"","hostName":"search-sync-service-67d9ffbff9-96j49","processName":"quarkus-run.jar","processId":1}
{"timestamp":"2023-11-20T14:27:37.205Z","sequence":808,"loggerClassName":"org.jboss.logging.Logger","loggerName":"com.knime.enterprise.cloud.services.searchsync.impl.FullSyncService","level":"INFO","message":"Finished bulk request 7: OK","threadName":"I/O dispatcher 1","threadId":38,"mdc":{},"ndc":"","hostName":"search-sync-service-67d9ffbff9-96j49","processName":"quarkus-run.jar","processId":1}
{"timestamp":"2023-11-20T14:27:37.206Z","sequence":809,"loggerClassName":"org.jboss.logging.Logger","loggerName":"com.knime.enterprise.cloud.services.searchsync.impl.FullSyncService","level":"INFO","message":"Starting bulk request 9.","threadName":"executor-thread-11","threadId":50,"mdc":{},"ndc":"","hostName":"search-sync-service-67d9ffbff9-96j49","processName":"quarkus-run.jar","processId":1}
{"timestamp":"2023-11-20T14:27:37.213Z","sequence":810,"loggerClassName":"org.jboss.logging.Logger","loggerName":"com.knime.enterprise.cloud.services.searchsync.impl.FullSyncService","level":"INFO","message":"Finished bulk request 8: OK","threadName":"I/O dispatcher 1","threadId":38,"mdc":{},"ndc":"","hostName":"search-sync-service-67d9ffbff9-96j49","processName":"quarkus-run.jar","processId":1}
{"timestamp":"2023-11-20T14:27:37.214Z","sequence":811,"loggerClassName":"org.jboss.logging.Logger","loggerName":"com.knime.enterprise.cloud.services.searchsync.impl.FullSyncService","level":"INFO","message":"Starting bulk request 10.","threadName":"executor-thread-11","threadId":50,"mdc":{},"ndc":"","hostName":"search-sync-service-67d9ffbff9-96j49","processName":"quarkus-run.jar","processId":1}
{"timestamp":"2023-11-20T14:27:37.222Z","sequence":812,"loggerClassName":"org.jboss.logging.Logger","loggerName":"com.knime.enterprise.cloud.services.searchsync.impl.FullSyncService","level":"INFO","message":"Finished bulk request 9: OK","threadName":"I/O dispatcher 1","threadId":38,"mdc":{},"ndc":"","hostName":"search-sync-service-67d9ffbff9-96j49","processName":"quarkus-run.jar","processId":1}
{"timestamp":"2023-11-20T14:27:37.229Z","sequence":813,"loggerClassName":"org.jboss.logging.Logger","loggerName":"com.knime.enterprise.cloud.services.searchsync.impl.FullSyncService","level":"INFO","message":"Finished bulk request 10: OK","threadName":"I/O dispatcher 1","threadId":38,"mdc":{},"ndc":"","hostName":"search-sync-service-67d9ffbff9-96j49","processName":"quarkus-run.jar","processId":1}
{"timestamp":"2023-11-20T14:27:37.267Z","sequence":814,"loggerClassName":"org.jboss.logging.Logger","loggerName":"com.knime.enterprise.cloud.services.searchsync.impl.FullSyncService","level":"INFO","message":"Requesting to add alias for new index with name 'tags1700490457000'.","threadName":"executor-thread-11","threadId":50,"mdc":{},"ndc":"","hostName":"search-sync-service-67d9ffbff9-96j49","processName":"quarkus-run.jar","processId":1}
{"timestamp":"2023-11-20T14:27:37.3Z","sequence":815,"loggerClassName":"org.jboss.logging.Logger","loggerName":"com.knime.enterprise.cloud.services.searchsync.impl.FullSyncService","level":"INFO","message":"Index with name 'tags1700490457000' successfully created and aliased.","threadName":"executor-thread-11","threadId":50,"mdc":{},"ndc":"","hostName":"search-sync-service-67d9ffbff9-96j49","processName":"quarkus-run.jar","processId":1}
{"timestamp":"2023-11-20T14:27:37.3Z","sequence":816,"loggerClassName":"org.jboss.logging.Logger","loggerName":"com.knime.enterprise.cloud.services.searchsync.impl.FullSyncService","level":"INFO","message":"Attempting to clean indices of type 'TAG'.","threadName":"executor-thread-11","threadId":50,"mdc":{},"ndc":"","hostName":"search-sync-service-67d9ffbff9-96j49","processName":"quarkus-run.jar","processId":1}
{"timestamp":"2023-11-20T14:27:37.302Z","sequence":817,"loggerClassName":"org.jboss.logging.Logger","loggerName":"com.knime.enterprise.cloud.services.searchsync.impl.FullSyncService","level":"INFO","message":"Nothing to clean.","threadName":"executor-thread-11","threadId":50,"mdc":{},"ndc":"","hostName":"search-sync-service-67d9ffbff9-96j49","processName":"quarkus-run.jar","processId":1}
{"timestamp":"2023-11-20T14:37:37Z","sequence":818,"loggerClassName":"org.jboss.logging.Logger","loggerName":"com.knime.enterprise.cloud.services.searchsync.impl.FullSyncService","level":"INFO","message":"Start creation of new index for type: EXTERNAL_GROUP","threadName":"executor-thread-11","threadId":50,"mdc":{},"ndc":"","hostName":"search-sync-service-67d9ffbff9-96j49","processName":"quarkus-run.jar","processId":1}
{"timestamp":"2023-11-20T14:37:37Z","sequence":819,"loggerClassName":"org.jboss.logging.Logger","loggerName":"com.knime.enterprise.cloud.services.searchsync.impl.FullSyncService","level":"INFO","message":"Attempting to clean indices of type 'EXTERNAL_GROUP'.","threadName":"executor-thread-11","threadId":50,"mdc":{},"ndc":"","hostName":"search-sync-service-67d9ffbff9-96j49","processName":"quarkus-run.jar","processId":1}
{"timestamp":"2023-11-20T14:37:37Z","sequence":820,"loggerClassName":"org.jboss.logging.Logger","loggerName":"com.knime.enterprise.cloud.services.searchsync.impl.FullSyncService","level":"INFO","message":"Start creation of new index for type: TAG","threadName":"executor-thread-12","threadId":51,"mdc":{},"ndc":"","hostName":"search-sync-service-67d9ffbff9-96j49","processName":"quarkus-run.jar","processId":1}
{"timestamp":"2023-11-20T14:37:37Z","sequence":821,"loggerClassName":"org.jboss.logging.Logger","loggerName":"com.knime.enterprise.cloud.services.searchsync.impl.FullSyncService","level":"INFO","message":"Attempting to clean indices of type 'TAG'.","threadName":"executor-thread-12","threadId":51,"mdc":{},"ndc":"","hostName":"search-sync-service-67d9ffbff9-96j49","processName":"quarkus-run.jar","processId":1}
{"timestamp":"2023-11-20T14:37:37.002Z","sequence":822,"loggerClassName":"org.jboss.logging.Logger","loggerName":"com.knime.enterprise.cloud.services.searchsync.impl.FullSyncService","level":"INFO","message":"Nothing to clean.","threadName":"executor-thread-11","threadId":50,"mdc":{},"ndc":"","hostName":"search-sync-service-67d9ffbff9-96j49","processName":"quarkus-run.jar","processId":1}
{"timestamp":"2023-11-20T14:37:37.003Z","sequence":823,"loggerClassName":"org.jboss.logging.Logger","loggerName":"com.knime.enterprise.cloud.services.searchsync.impl.FullSyncService","level":"INFO","message":"Requesting creation of index of type 'EXTERNAL_GROUP'.","threadName":"executor-thread-11","threadId":50,"mdc":{},"ndc":"","hostName":"search-sync-service-67d9ffbff9-96j49","processName":"quarkus-run.jar","processId":1}
{"timestamp":"2023-11-20T14:37:37.003Z","sequence":824,"loggerClassName":"org.jboss.logging.Logger","loggerName":"com.knime.enterprise.cloud.services.searchsync.impl.FullSyncService","level":"INFO","message":"Nothing to clean.","threadName":"executor-thread-12","threadId":51,"mdc":{},"ndc":"","hostName":"search-sync-service-67d9ffbff9-96j49","processName":"quarkus-run.jar","processId":1}
{"timestamp":"2023-11-20T14:37:37.003Z","sequence":825,"loggerClassName":"org.jboss.logging.Logger","loggerName":"com.knime.enterprise.cloud.services.searchsync.impl.FullSyncService","level":"INFO","message":"Requesting creation of index of type 'TAG'.","threadName":"executor-thread-12","threadId":51,"mdc":{},"ndc":"","hostName":"search-sync-service-67d9ffbff9-96j49","processName":"quarkus-run.jar","processId":1}
{"timestamp":"2023-11-20T14:37:37.113Z","sequence":826,"loggerClassName":"org.jboss.logging.Logger","loggerName":"com.knime.enterprise.cloud.services.searchsync.impl.FullSyncService","level":"INFO","message":"Index of type 'EXTERNAL_GROUP' successfully created: 'external_groups1700491057000'.","threadName":"executor-thread-11","threadId":50,"mdc":{},"ndc":"","hostName":"search-sync-service-67d9ffbff9-96j49","processName":"quarkus-run.jar","processId":1}
{"timestamp":"2023-11-20T14:37:37.143Z","sequence":827,"loggerClassName":"org.jboss.logging.Logger","loggerName":"com.knime.enterprise.cloud.services.searchsync.impl.FullSyncService","level":"INFO","message":"Index of type 'TAG' successfully created: 'tags1700491057000'.","threadName":"executor-thread-12","threadId":51,"mdc":{},"ndc":"","hostName":"search-sync-service-67d9ffbff9-96j49","processName":"quarkus-run.jar","processId":1}
{"timestamp":"2023-11-20T14:37:37.149Z","sequence":828,"loggerClassName":"org.jboss.logging.Logger","loggerName":"com.knime.enterprise.cloud.services.searchsync.impl.FullSyncService","level":"INFO","message":"Starting bulk request 1.","threadName":"executor-thread-12","threadId":51,"mdc":{},"ndc":"","hostName":"search-sync-service-67d9ffbff9-96j49","processName":"quarkus-run.jar","processId":1}
{"timestamp":"2023-11-20T14:37:37.15Z","sequence":829,"loggerClassName":"org.jboss.logging.Logger","loggerName":"com.knime.enterprise.cloud.services.searchsync.impl.FullSyncService","level":"INFO","message":"Starting bulk request 2.","threadName":"executor-thread-12","threadId":51,"mdc":{},"ndc":"","hostName":"search-sync-service-67d9ffbff9-96j49","processName":"quarkus-run.jar","processId":1}
{"timestamp":"2023-11-20T14:37:37.155Z","sequence":830,"loggerClassName":"org.jboss.logging.Logger","loggerName":"com.knime.enterprise.cloud.services.searchsync.impl.FullSyncService","level":"INFO","message":"Accounts service retrieved the hub global account.","threadName":"executor-thread-11","threadId":50,"mdc":{},"ndc":"","hostName":"search-sync-service-67d9ffbff9-96j49","processName":"quarkus-run.jar","processId":1}
{"timestamp":"2023-11-20T14:37:37.155Z","sequence":831,"loggerClassName":"org.jboss.logging.Logger","loggerName":"com.knime.enterprise.cloud.services.searchsync.impl.FullSyncService","level":"INFO","message":"Accounts service returned 0 external groups.","threadName":"executor-thread-11","threadId":50,"mdc":{},"ndc":"","hostName":"search-sync-service-67d9ffbff9-96j49","processName":"quarkus-run.jar","processId":1}
{"timestamp":"2023-11-20T14:37:37.155Z","sequence":832,"loggerClassName":"org.jboss.logging.Logger","loggerName":"com.knime.enterprise.cloud.services.searchsync.impl.FullSyncService","level":"INFO","message":"Start bulk index of :'external_groups1700491057000'","threadName":"executor-thread-11","threadId":50,"mdc":{},"ndc":"","hostName":"search-sync-service-67d9ffbff9-96j49","processName":"quarkus-run.jar","processId":1}
{"timestamp":"2023-11-20T14:37:37.155Z","sequence":833,"loggerClassName":"org.jboss.logging.Logger","loggerName":"com.knime.enterprise.cloud.services.searchsync.impl.FullSyncService","level":"INFO","message":"0 items has been added to 'external_groups' index (out of 0 items retrieved).","threadName":"executor-thread-11","threadId":50,"mdc":{},"ndc":"","hostName":"search-sync-service-67d9ffbff9-96j49","processName":"quarkus-run.jar","processId":1}
{"timestamp":"2023-11-20T14:37:37.158Z","sequence":834,"loggerClassName":"org.jboss.logging.Logger","loggerName":"com.knime.enterprise.cloud.services.searchsync.impl.FullSyncService","level":"INFO","message":"Requesting to add alias for new index with name 'external_groups1700491057000'.","threadName":"executor-thread-11","threadId":50,"mdc":{},"ndc":"","hostName":"search-sync-service-67d9ffbff9-96j49","processName":"quarkus-run.jar","processId":1}
{"timestamp":"2023-11-20T14:37:37.161Z","sequence":835,"loggerClassName":"org.jboss.logging.Logger","loggerName":"com.knime.enterprise.cloud.services.searchsync.impl.FullSyncService","level":"INFO","message":"Finished bulk request 1: OK","threadName":"I/O dispatcher 1","threadId":38,"mdc":{},"ndc":"","hostName":"search-sync-service-67d9ffbff9-96j49","processName":"quarkus-run.jar","processId":1}
{"timestamp":"2023-11-20T14:37:37.161Z","sequence":836,"loggerClassName":"org.jboss.logging.Logger","loggerName":"com.knime.enterprise.cloud.services.searchsync.impl.FullSyncService","level":"INFO","message":"Starting bulk request 3.","threadName":"executor-thread-12","threadId":51,"mdc":{},"ndc":"","hostName":"search-sync-service-67d9ffbff9-96j49","processName":"quarkus-run.jar","processId":1}
{"timestamp":"2023-11-20T14:37:37.171Z","sequence":837,"loggerClassName":"org.jboss.logging.Logger","loggerName":"com.knime.enterprise.cloud.services.searchsync.impl.FullSyncService","level":"INFO","message":"Finished bulk request 2: OK","threadName":"I/O dispatcher 1","threadId":38,"mdc":{},"ndc":"","hostName":"search-sync-service-67d9ffbff9-96j49","processName":"quarkus-run.jar","processId":1}
{"timestamp":"2023-11-20T14:37:37.171Z","sequence":838,"loggerClassName":"org.jboss.logging.Logger","loggerName":"com.knime.enterprise.cloud.services.searchsync.impl.FullSyncService","level":"INFO","message":"Starting bulk request 4.","threadName":"executor-thread-12","threadId":51,"mdc":{},"ndc":"","hostName":"search-sync-service-67d9ffbff9-96j49","processName":"quarkus-run.jar","processId":1}
{"timestamp":"2023-11-20T14:37:37.18Z","sequence":839,"loggerClassName":"org.jboss.logging.Logger","loggerName":"com.knime.enterprise.cloud.services.searchsync.impl.FullSyncService","level":"INFO","message":"Finished bulk request 3: OK","threadName":"I/O dispatcher 1","threadId":38,"mdc":{},"ndc":"","hostName":"search-sync-service-67d9ffbff9-96j49","processName":"quarkus-run.jar","processId":1}
{"timestamp":"2023-11-20T14:37:37.18Z","sequence":840,"loggerClassName":"org.jboss.logging.Logger","loggerName":"com.knime.enterprise.cloud.services.searchsync.impl.FullSyncService","level":"INFO","message":"Starting bulk request 5.","threadName":"executor-thread-12","threadId":51,"mdc":{},"ndc":"","hostName":"search-sync-service-67d9ffbff9-96j49","processName":"quarkus-run.jar","processId":1}
{"timestamp":"2023-11-20T14:37:37.188Z","sequence":841,"loggerClassName":"org.jboss.logging.Logger","loggerName":"com.knime.enterprise.cloud.services.searchsync.impl.FullSyncService","level":"INFO","message":"Finished bulk request 4: OK","threadName":"I/O dispatcher 1","threadId":38,"mdc":{},"ndc":"","hostName":"search-sync-service-67d9ffbff9-96j49","processName":"quarkus-run.jar","processId":1}
{"timestamp":"2023-11-20T14:37:37.189Z","sequence":842,"loggerClassName":"org.jboss.logging.Logger","loggerName":"com.knime.enterprise.cloud.services.searchsync.impl.FullSyncService","level":"INFO","message":"Starting bulk request 6.","threadName":"executor-thread-12","threadId":51,"mdc":{},"ndc":"","hostName":"search-sync-service-67d9ffbff9-96j49","processName":"quarkus-run.jar","processId":1}
{"timestamp":"2023-11-20T14:37:37.196Z","sequence":843,"loggerClassName":"org.jboss.logging.Logger","loggerName":"com.knime.enterprise.cloud.services.searchsync.impl.FullSyncService","level":"INFO","message":"Index with name 'external_groups1700491057000' successfully created and aliased.","threadName":"executor-thread-11","threadId":50,"mdc":{},"ndc":"","hostName":"search-sync-service-67d9ffbff9-96j49","processName":"quarkus-run.jar","processId":1}
{"timestamp":"2023-11-20T14:37:37.196Z","sequence":844,"loggerClassName":"org.jboss.logging.Logger","loggerName":"com.knime.enterprise.cloud.services.searchsync.impl.FullSyncService","level":"INFO","message":"Attempting to clean indices of type 'EXTERNAL_GROUP'.","threadName":"executor-thread-11","threadId":50,"mdc":{},"ndc":"","hostName":"search-sync-service-67d9ffbff9-96j49","processName":"quarkus-run.jar","processId":1}
{"timestamp":"2023-11-20T14:37:37.196Z","sequence":845,"loggerClassName":"org.jboss.logging.Logger","loggerName":"com.knime.enterprise.cloud.services.searchsync.impl.FullSyncService","level":"INFO","message":"Finished bulk request 5: OK","threadName":"I/O dispatcher 1","threadId":38,"mdc":{},"ndc":"","hostName":"search-sync-service-67d9ffbff9-96j49","processName":"quarkus-run.jar","processId":1}
{"timestamp":"2023-11-20T14:37:37.197Z","sequence":846,"loggerClassName":"org.jboss.logging.Logger","loggerName":"com.knime.enterprise.cloud.services.searchsync.impl.FullSyncService","level":"INFO","message":"Starting bulk request 7.","threadName":"executor-thread-12","threadId":51,"mdc":{},"ndc":"","hostName":"search-sync-service-67d9ffbff9-96j49","processName":"quarkus-run.jar","processId":1}
{"timestamp":"2023-11-20T14:37:37.198Z","sequence":847,"loggerClassName":"org.jboss.logging.Logger","loggerName":"com.knime.enterprise.cloud.services.searchsync.impl.FullSyncService","level":"INFO","message":"Nothing to clean.","threadName":"executor-thread-11","threadId":50,"mdc":{},"ndc":"","hostName":"search-sync-service-67d9ffbff9-96j49","processName":"quarkus-run.jar","processId":1}
{"timestamp":"2023-11-20T14:37:37.204Z","sequence":848,"loggerClassName":"org.jboss.logging.Logger","loggerName":"com.knime.enterprise.cloud.services.searchsync.impl.FullSyncService","level":"INFO","message":"Finished bulk request 6: OK","threadName":"I/O dispatcher 1","threadId":38,"mdc":{},"ndc":"","hostName":"search-sync-service-67d9ffbff9-96j49","processName":"quarkus-run.jar","processId":1}
{"timestamp":"2023-11-20T14:37:37.205Z","sequence":849,"loggerClassName":"org.jboss.logging.Logger","loggerName":"com.knime.enterprise.cloud.services.searchsync.impl.FullSyncService","level":"INFO","message":"Starting bulk request 8.","threadName":"executor-thread-12","threadId":51,"mdc":{},"ndc":"","hostName":"search-sync-service-67d9ffbff9-96j49","processName":"quarkus-run.jar","processId":1}
{"timestamp":"2023-11-20T14:37:37.212Z","sequence":850,"loggerClassName":"org.jboss.logging.Logger","loggerName":"com.knime.enterprise.cloud.services.searchsync.impl.FullSyncService","level":"INFO","message":"Finished bulk request 7: OK","threadName":"I/O dispatcher 1","threadId":38,"mdc":{},"ndc":"","hostName":"search-sync-service-67d9ffbff9-96j49","processName":"quarkus-run.jar","processId":1}
{"timestamp":"2023-11-20T14:37:37.213Z","sequence":851,"loggerClassName":"org.jboss.logging.Logger","loggerName":"com.knime.enterprise.cloud.services.searchsync.impl.FullSyncService","level":"INFO","message":"Starting bulk request 9.","threadName":"executor-thread-12","threadId":51,"mdc":{},"ndc":"","hostName":"search-sync-service-67d9ffbff9-96j49","processName":"quarkus-run.jar","processId":1}
{"timestamp":"2023-11-20T14:37:37.22Z","sequence":852,"loggerClassName":"org.jboss.logging.Logger","loggerName":"com.knime.enterprise.cloud.services.searchsync.impl.FullSyncService","level":"INFO","message":"Finished bulk request 8: OK","threadName":"I/O dispatcher 1","threadId":38,"mdc":{},"ndc":"","hostName":"search-sync-service-67d9ffbff9-96j49","processName":"quarkus-run.jar","processId":1}
{"timestamp":"2023-11-20T14:37:37.221Z","sequence":853,"loggerClassName":"org.jboss.logging.Logger","loggerName":"com.knime.enterprise.cloud.services.searchsync.impl.FullSyncService","level":"INFO","message":"Starting bulk request 10.","threadName":"executor-thread-12","threadId":51,"mdc":{},"ndc":"","hostName":"search-sync-service-67d9ffbff9-96j49","processName":"quarkus-run.jar","processId":1}
{"timestamp":"2023-11-20T14:37:37.228Z","sequence":854,"loggerClassName":"org.jboss.logging.Logger","loggerName":"com.knime.enterprise.cloud.services.searchsync.impl.FullSyncService","level":"INFO","message":"Finished bulk request 9: OK","threadName":"I/O dispatcher 1","threadId":38,"mdc":{},"ndc":"","hostName":"search-sync-service-67d9ffbff9-96j49","processName":"quarkus-run.jar","processId":1}
{"timestamp":"2023-11-20T14:37:37.237Z","sequence":855,"loggerClassName":"org.jboss.logging.Logger","loggerName":"com.knime.enterprise.cloud.services.searchsync.impl.FullSyncService","level":"INFO","message":"Finished bulk request 10: OK","threadName":"I/O dispatcher 1","threadId":38,"mdc":{},"ndc":"","hostName":"search-sync-service-67d9ffbff9-96j49","processName":"quarkus-run.jar","processId":1}
{"timestamp":"2023-11-20T14:37:37.276Z","sequence":856,"loggerClassName":"org.jboss.logging.Logger","loggerName":"com.knime.enterprise.cloud.services.searchsync.impl.FullSyncService","level":"INFO","message":"Requesting to add alias for new index with name 'tags1700491057000'.","threadName":"executor-thread-12","threadId":51,"mdc":{},"ndc":"","hostName":"search-sync-service-67d9ffbff9-96j49","processName":"quarkus-run.jar","processId":1}
{"timestamp":"2023-11-20T14:37:37.314Z","sequence":857,"loggerClassName":"org.jboss.logging.Logger","loggerName":"com.knime.enterprise.cloud.services.searchsync.impl.FullSyncService","level":"INFO","message":"Index with name 'tags1700491057000' successfully created and aliased.","threadName":"executor-thread-12","threadId":51,"mdc":{},"ndc":"","hostName":"search-sync-service-67d9ffbff9-96j49","processName":"quarkus-run.jar","processId":1}
{"timestamp":"2023-11-20T14:37:37.315Z","sequence":858,"loggerClassName":"org.jboss.logging.Logger","loggerName":"com.knime.enterprise.cloud.services.searchsync.impl.FullSyncService","level":"INFO","message":"Attempting to clean indices of type 'TAG'.","threadName":"executor-thread-12","threadId":51,"mdc":{},"ndc":"","hostName":"search-sync-service-67d9ffbff9-96j49","processName":"quarkus-run.jar","processId":1}
{"timestamp":"2023-11-20T14:37:37.317Z","sequence":859,"loggerClassName":"org.jboss.logging.Logger","loggerName":"com.knime.enterprise.cloud.services.searchsync.impl.FullSyncService","level":"INFO","message":"Nothing to clean.","threadName":"executor-thread-12","threadId":51,"mdc":{},"ndc":"","hostName":"search-sync-service-67d9ffbff9-96j49","processName":"quarkus-run.jar","processId":1}
{"timestamp":"2023-11-20T14:47:37Z","sequence":860,"loggerClassName":"org.jboss.logging.Logger","loggerName":"com.knime.enterprise.cloud.services.searchsync.impl.FullSyncService","level":"INFO","message":"Start creation of new index for type: EXTERNAL_GROUP","threadName":"executor-thread-12","threadId":51,"mdc":{},"ndc":"","hostName":"search-sync-service-67d9ffbff9-96j49","processName":"quarkus-run.jar","processId":1}
{"timestamp":"2023-11-20T14:47:37Z","sequence":861,"loggerClassName":"org.jboss.logging.Logger","loggerName":"com.knime.enterprise.cloud.services.searchsync.impl.FullSyncService","level":"INFO","message":"Attempting to clean indices of type 'EXTERNAL_GROUP'.","threadName":"executor-thread-12","threadId":51,"mdc":{},"ndc":"","hostName":"search-sync-service-67d9ffbff9-96j49","processName":"quarkus-run.jar","processId":1}
{"timestamp":"2023-11-20T14:47:37Z","sequence":862,"loggerClassName":"org.jboss.logging.Logger","loggerName":"com.knime.enterprise.cloud.services.searchsync.impl.FullSyncService","level":"INFO","message":"Start creation of new index for type: TAG","threadName":"executor-thread-13","threadId":52,"mdc":{},"ndc":"","hostName":"search-sync-service-67d9ffbff9-96j49","processName":"quarkus-run.jar","processId":1}
{"timestamp":"2023-11-20T14:47:37Z","sequence":863,"loggerClassName":"org.jboss.logging.Logger","loggerName":"com.knime.enterprise.cloud.services.searchsync.impl.FullSyncService","level":"INFO","message":"Attempting to clean indices of type 'TAG'.","threadName":"executor-thread-13","threadId":52,"mdc":{},"ndc":"","hostName":"search-sync-service-67d9ffbff9-96j49","processName":"quarkus-run.jar","processId":1}
{"timestamp":"2023-11-20T14:47:37.003Z","sequence":864,"loggerClassName":"org.jboss.logging.Logger","loggerName":"com.knime.enterprise.cloud.services.searchsync.impl.FullSyncService","level":"INFO","message":"Nothing to clean.","threadName":"executor-thread-13","threadId":52,"mdc":{},"ndc":"","hostName":"search-sync-service-67d9ffbff9-96j49","processName":"quarkus-run.jar","processId":1}
{"timestamp":"2023-11-20T14:47:37.003Z","sequence":865,"loggerClassName":"org.jboss.logging.Logger","loggerName":"com.knime.enterprise.cloud.services.searchsync.impl.FullSyncService","level":"INFO","message":"Nothing to clean.","threadName":"executor-thread-12","threadId":51,"mdc":{},"ndc":"","hostName":"search-sync-service-67d9ffbff9-96j49","processName":"quarkus-run.jar","processId":1}
{"timestamp":"2023-11-20T14:47:37.003Z","sequence":866,"loggerClassName":"org.jboss.logging.Logger","loggerName":"com.knime.enterprise.cloud.services.searchsync.impl.FullSyncService","level":"INFO","message":"Requesting creation of index of type 'TAG'.","threadName":"executor-thread-13","threadId":52,"mdc":{},"ndc":"","hostName":"search-sync-service-67d9ffbff9-96j49","processName":"quarkus-run.jar","processId":1}
{"timestamp":"2023-11-20T14:47:37.003Z","sequence":867,"loggerClassName":"org.jboss.logging.Logger","loggerName":"com.knime.enterprise.cloud.services.searchsync.impl.FullSyncService","level":"INFO","message":"Requesting creation of index of type 'EXTERNAL_GROUP'.","threadName":"executor-thread-12","threadId":51,"mdc":{},"ndc":"","hostName":"search-sync-service-67d9ffbff9-96j49","processName":"quarkus-run.jar","processId":1}
{"timestamp":"2023-11-20T14:47:37.11Z","sequence":868,"loggerClassName":"org.jboss.logging.Logger","loggerName":"com.knime.enterprise.cloud.services.searchsync.impl.FullSyncService","level":"INFO","message":"Index of type 'EXTERNAL_GROUP' successfully created: 'external_groups1700491657000'.","threadName":"executor-thread-12","threadId":51,"mdc":{},"ndc":"","hostName":"search-sync-service-67d9ffbff9-96j49","processName":"quarkus-run.jar","processId":1}
{"timestamp":"2023-11-20T14:47:37.141Z","sequence":869,"loggerClassName":"org.jboss.logging.Logger","loggerName":"com.knime.enterprise.cloud.services.searchsync.impl.FullSyncService","level":"INFO","message":"Index of type 'TAG' successfully created: 'tags1700491657000'.","threadName":"executor-thread-13","threadId":52,"mdc":{},"ndc":"","hostName":"search-sync-service-67d9ffbff9-96j49","processName":"quarkus-run.jar","processId":1}
{"timestamp":"2023-11-20T14:47:37.147Z","sequence":870,"loggerClassName":"org.jboss.logging.Logger","loggerName":"com.knime.enterprise.cloud.services.searchsync.impl.FullSyncService","level":"INFO","message":"Starting bulk request 1.","threadName":"executor-thread-13","threadId":52,"mdc":{},"ndc":"","hostName":"search-sync-service-67d9ffbff9-96j49","processName":"quarkus-run.jar","processId":1}
{"timestamp":"2023-11-20T14:47:37.148Z","sequence":871,"loggerClassName":"org.jboss.logging.Logger","loggerName":"com.knime.enterprise.cloud.services.searchsync.impl.FullSyncService","level":"INFO","message":"Starting bulk request 2.","threadName":"executor-thread-13","threadId":52,"mdc":{},"ndc":"","hostName":"search-sync-service-67d9ffbff9-96j49","processName":"quarkus-run.jar","processId":1}
{"timestamp":"2023-11-20T14:47:37.153Z","sequence":872,"loggerClassName":"org.jboss.logging.Logger","loggerName":"com.knime.enterprise.cloud.services.searchsync.impl.FullSyncService","level":"INFO","message":"Accounts service retrieved the hub global account.","threadName":"executor-thread-12","threadId":51,"mdc":{},"ndc":"","hostName":"search-sync-service-67d9ffbff9-96j49","processName":"quarkus-run.jar","processId":1}
{"timestamp":"2023-11-20T14:47:37.153Z","sequence":873,"loggerClassName":"org.jboss.logging.Logger","loggerName":"com.knime.enterprise.cloud.services.searchsync.impl.FullSyncService","level":"INFO","message":"Accounts service returned 0 external groups.","threadName":"executor-thread-12","threadId":51,"mdc":{},"ndc":"","hostName":"search-sync-service-67d9ffbff9-96j49","processName":"quarkus-run.jar","processId":1}
{"timestamp":"2023-11-20T14:47:37.153Z","sequence":874,"loggerClassName":"org.jboss.logging.Logger","loggerName":"com.knime.enterprise.cloud.services.searchsync.impl.FullSyncService","level":"INFO","message":"Start bulk index of :'external_groups1700491657000'","threadName":"executor-thread-12","threadId":51,"mdc":{},"ndc":"","hostName":"search-sync-service-67d9ffbff9-96j49","processName":"quarkus-run.jar","processId":1}
{"timestamp":"2023-11-20T14:47:37.153Z","sequence":875,"loggerClassName":"org.jboss.logging.Logger","loggerName":"com.knime.enterprise.cloud.services.searchsync.impl.FullSyncService","level":"INFO","message":"0 items has been added to 'external_groups' index (out of 0 items retrieved).","threadName":"executor-thread-12","threadId":51,"mdc":{},"ndc":"","hostName":"search-sync-service-67d9ffbff9-96j49","processName":"quarkus-run.jar","processId":1}
{"timestamp":"2023-11-20T14:47:37.156Z","sequence":876,"loggerClassName":"org.jboss.logging.Logger","loggerName":"com.knime.enterprise.cloud.services.searchsync.impl.FullSyncService","level":"INFO","message":"Requesting to add alias for new index with name 'external_groups1700491657000'.","threadName":"executor-thread-12","threadId":51,"mdc":{},"ndc":"","hostName":"search-sync-service-67d9ffbff9-96j49","processName":"quarkus-run.jar","processId":1}
{"timestamp":"2023-11-20T14:47:37.157Z","sequence":877,"loggerClassName":"org.jboss.logging.Logger","loggerName":"com.knime.enterprise.cloud.services.searchsync.impl.FullSyncService","level":"INFO","message":"Finished bulk request 1: OK","threadName":"I/O dispatcher 1","threadId":38,"mdc":{},"ndc":"","hostName":"search-sync-service-67d9ffbff9-96j49","processName":"quarkus-run.jar","processId":1}
{"timestamp":"2023-11-20T14:47:37.157Z","sequence":878,"loggerClassName":"org.jboss.logging.Logger","loggerName":"com.knime.enterprise.cloud.services.searchsync.impl.FullSyncService","level":"INFO","message":"Starting bulk request 3.","threadName":"executor-thread-13","threadId":52,"mdc":{},"ndc":"","hostName":"search-sync-service-67d9ffbff9-96j49","processName":"quarkus-run.jar","processId":1}
{"timestamp":"2023-11-20T14:47:37.165Z","sequence":879,"loggerClassName":"org.jboss.logging.Logger","loggerName":"com.knime.enterprise.cloud.services.searchsync.impl.FullSyncService","level":"INFO","message":"Finished bulk request 2: OK","threadName":"I/O dispatcher 1","threadId":38,"mdc":{},"ndc":"","hostName":"search-sync-service-67d9ffbff9-96j49","processName":"quarkus-run.jar","processId":1}
{"timestamp":"2023-11-20T14:47:37.166Z","sequence":880,"loggerClassName":"org.jboss.logging.Logger","loggerName":"com.knime.enterprise.cloud.services.searchsync.impl.FullSyncService","level":"INFO","message":"Starting bulk request 4.","threadName":"executor-thread-13","threadId":52,"mdc":{},"ndc":"","hostName":"search-sync-service-67d9ffbff9-96j49","processName":"quarkus-run.jar","processId":1}
{"timestamp":"2023-11-20T14:47:37.173Z","sequence":881,"loggerClassName":"org.jboss.logging.Logger","loggerName":"com.knime.enterprise.cloud.services.searchsync.impl.FullSyncService","level":"INFO","message":"Finished bulk request 3: OK","threadName":"I/O dispatcher 1","threadId":38,"mdc":{},"ndc":"","hostName":"search-sync-service-67d9ffbff9-96j49","processName":"quarkus-run.jar","processId":1}
{"timestamp":"2023-11-20T14:47:37.174Z","sequence":882,"loggerClassName":"org.jboss.logging.Logger","loggerName":"com.knime.enterprise.cloud.services.searchsync.impl.FullSyncService","level":"INFO","message":"Starting bulk request 5.","threadName":"executor-thread-13","threadId":52,"mdc":{},"ndc":"","hostName":"search-sync-service-67d9ffbff9-96j49","processName":"quarkus-run.jar","processId":1}
{"timestamp":"2023-11-20T14:47:37.182Z","sequence":883,"loggerClassName":"org.jboss.logging.Logger","loggerName":"com.knime.enterprise.cloud.services.searchsync.impl.FullSyncService","level":"INFO","message":"Finished bulk request 4: OK","threadName":"I/O dispatcher 1","threadId":38,"mdc":{},"ndc":"","hostName":"search-sync-service-67d9ffbff9-96j49","processName":"quarkus-run.jar","processId":1}
{"timestamp":"2023-11-20T14:47:37.183Z","sequence":884,"loggerClassName":"org.jboss.logging.Logger","loggerName":"com.knime.enterprise.cloud.services.searchsync.impl.FullSyncService","level":"INFO","message":"Starting bulk request 6.","threadName":"executor-thread-13","threadId":52,"mdc":{},"ndc":"","hostName":"search-sync-service-67d9ffbff9-96j49","processName":"quarkus-run.jar","processId":1}
{"timestamp":"2023-11-20T14:47:37.19Z","sequence":885,"loggerClassName":"org.jboss.logging.Logger","loggerName":"com.knime.enterprise.cloud.services.searchsync.impl.FullSyncService","level":"INFO","message":"Index with name 'external_groups1700491657000' successfully created and aliased.","threadName":"executor-thread-12","threadId":51,"mdc":{},"ndc":"","hostName":"search-sync-service-67d9ffbff9-96j49","processName":"quarkus-run.jar","processId":1}
{"timestamp":"2023-11-20T14:47:37.19Z","sequence":886,"loggerClassName":"org.jboss.logging.Logger","loggerName":"com.knime.enterprise.cloud.services.searchsync.impl.FullSyncService","level":"INFO","message":"Attempting to clean indices of type 'EXTERNAL_GROUP'.","threadName":"executor-thread-12","threadId":51,"mdc":{},"ndc":"","hostName":"search-sync-service-67d9ffbff9-96j49","processName":"quarkus-run.jar","processId":1}
{"timestamp":"2023-11-20T14:47:37.191Z","sequence":887,"loggerClassName":"org.jboss.logging.Logger","loggerName":"com.knime.enterprise.cloud.services.searchsync.impl.FullSyncService","level":"INFO","message":"Finished bulk request 5: OK","threadName":"I/O dispatcher 1","threadId":38,"mdc":{},"ndc":"","hostName":"search-sync-service-67d9ffbff9-96j49","processName":"quarkus-run.jar","processId":1}
{"timestamp":"2023-11-20T14:47:37.192Z","sequence":888,"loggerClassName":"org.jboss.logging.Logger","loggerName":"com.knime.enterprise.cloud.services.searchsync.impl.FullSyncService","level":"INFO","message":"Starting bulk request 7.","threadName":"executor-thread-13","threadId":52,"mdc":{},"ndc":"","hostName":"search-sync-service-67d9ffbff9-96j49","processName":"quarkus-run.jar","processId":1}
{"timestamp":"2023-11-20T14:47:37.193Z","sequence":889,"loggerClassName":"org.jboss.logging.Logger","loggerName":"com.knime.enterprise.cloud.services.searchsync.impl.FullSyncService","level":"INFO","message":"Nothing to clean.","threadName":"executor-thread-12","threadId":51,"mdc":{},"ndc":"","hostName":"search-sync-service-67d9ffbff9-96j49","processName":"quarkus-run.jar","processId":1}
{"timestamp":"2023-11-20T14:47:37.199Z","sequence":890,"loggerClassName":"org.jboss.logging.Logger","loggerName":"com.knime.enterprise.cloud.services.searchsync.impl.FullSyncService","level":"INFO","message":"Finished bulk request 6: OK","threadName":"I/O dispatcher 1","threadId":38,"mdc":{},"ndc":"","hostName":"search-sync-service-67d9ffbff9-96j49","processName":"quarkus-run.jar","processId":1}
{"timestamp":"2023-11-20T14:47:37.2Z","sequence":891,"loggerClassName":"org.jboss.logging.Logger","loggerName":"com.knime.enterprise.cloud.services.searchsync.impl.FullSyncService","level":"INFO","message":"Starting bulk request 8.","threadName":"executor-thread-13","threadId":52,"mdc":{},"ndc":"","hostName":"search-sync-service-67d9ffbff9-96j49","processName":"quarkus-run.jar","processId":1}
{"timestamp":"2023-11-20T14:47:37.208Z","sequence":892,"loggerClassName":"org.jboss.logging.Logger","loggerName":"com.knime.enterprise.cloud.services.searchsync.impl.FullSyncService","level":"INFO","message":"Finished bulk request 7: OK","threadName":"I/O dispatcher 1","threadId":38,"mdc":{},"ndc":"","hostName":"search-sync-service-67d9ffbff9-96j49","processName":"quarkus-run.jar","processId":1}
{"timestamp":"2023-11-20T14:47:37.209Z","sequence":893,"loggerClassName":"org.jboss.logging.Logger","loggerName":"com.knime.enterprise.cloud.services.searchsync.impl.FullSyncService","level":"INFO","message":"Starting bulk request 9.","threadName":"executor-thread-13","threadId":52,"mdc":{},"ndc":"","hostName":"search-sync-service-67d9ffbff9-96j49","processName":"quarkus-run.jar","processId":1}
{"timestamp":"2023-11-20T14:47:37.216Z","sequence":894,"loggerClassName":"org.jboss.logging.Logger","loggerName":"com.knime.enterprise.cloud.services.searchsync.impl.FullSyncService","level":"INFO","message":"Finished bulk request 8: OK","threadName":"I/O dispatcher 1","threadId":38,"mdc":{},"ndc":"","hostName":"search-sync-service-67d9ffbff9-96j49","processName":"quarkus-run.jar","processId":1}
{"timestamp":"2023-11-20T14:47:37.217Z","sequence":895,"loggerClassName":"org.jboss.logging.Logger","loggerName":"com.knime.enterprise.cloud.services.searchsync.impl.FullSyncService","level":"INFO","message":"Starting bulk request 10.","threadName":"executor-thread-13","threadId":52,"mdc":{},"ndc":"","hostName":"search-sync-service-67d9ffbff9-96j49","processName":"quarkus-run.jar","processId":1}
{"timestamp":"2023-11-20T14:47:37.224Z","sequence":896,"loggerClassName":"org.jboss.logging.Logger","loggerName":"com.knime.enterprise.cloud.services.searchsync.impl.FullSyncService","level":"INFO","message":"Finished bulk request 9: OK","threadName":"I/O dispatcher 1","threadId":38,"mdc":{},"ndc":"","hostName":"search-sync-service-67d9ffbff9-96j49","processName":"quarkus-run.jar","processId":1}
{"timestamp":"2023-11-20T14:47:37.231Z","sequence":897,"loggerClassName":"org.jboss.logging.Logger","loggerName":"com.knime.enterprise.cloud.services.searchsync.impl.FullSyncService","level":"INFO","message":"Finished bulk request 10: OK","threadName":"I/O dispatcher 1","threadId":38,"mdc":{},"ndc":"","hostName":"search-sync-service-67d9ffbff9-96j49","processName":"quarkus-run.jar","processId":1}
{"timestamp":"2023-11-20T14:47:37.29Z","sequence":898,"loggerClassName":"org.jboss.logging.Logger","loggerName":"com.knime.enterprise.cloud.services.searchsync.impl.FullSyncService","level":"INFO","message":"Requesting to add alias for new index with name 'tags1700491657000'.","threadName":"executor-thread-13","threadId":52,"mdc":{},"ndc":"","hostName":"search-sync-service-67d9ffbff9-96j49","processName":"quarkus-run.jar","processId":1}
{"timestamp":"2023-11-20T14:47:37.363Z","sequence":899,"loggerClassName":"org.jboss.logging.Logger","loggerName":"com.knime.enterprise.cloud.services.searchsync.impl.FullSyncService","level":"INFO","message":"Index with name 'tags1700491657000' successfully created and aliased.","threadName":"executor-thread-13","threadId":52,"mdc":{},"ndc":"","hostName":"search-sync-service-67d9ffbff9-96j49","processName":"quarkus-run.jar","processId":1}
{"timestamp":"2023-11-20T14:47:37.363Z","sequence":900,"loggerClassName":"org.jboss.logging.Logger","loggerName":"com.knime.enterprise.cloud.services.searchsync.impl.FullSyncService","level":"INFO","message":"Attempting to clean indices of type 'TAG'.","threadName":"executor-thread-13","threadId":52,"mdc":{},"ndc":"","hostName":"search-sync-service-67d9ffbff9-96j49","processName":"quarkus-run.jar","processId":1}
{"timestamp":"2023-11-20T14:47:37.365Z","sequence":901,"loggerClassName":"org.jboss.logging.Logger","loggerName":"com.knime.enterprise.cloud.services.searchsync.impl.FullSyncService","level":"INFO","message":"Nothing to clean.","threadName":"executor-thread-13","threadId":52,"mdc":{},"ndc":"","hostName":"search-sync-service-67d9ffbff9-96j49","processName":"quarkus-run.jar","processId":1}
{"timestamp":"2023-11-20T14:57:37Z","sequence":902,"loggerClassName":"org.jboss.logging.Logger","loggerName":"com.knime.enterprise.cloud.services.searchsync.impl.FullSyncService","level":"INFO","message":"Start creation of new index for type: EXTERNAL_GROUP","threadName":"executor-thread-13","threadId":52,"mdc":{},"ndc":"","hostName":"search-sync-service-67d9ffbff9-96j49","processName":"quarkus-run.jar","processId":1}
{"timestamp":"2023-11-20T14:57:37Z","sequence":903,"loggerClassName":"org.jboss.logging.Logger","loggerName":"com.knime.enterprise.cloud.services.searchsync.impl.FullSyncService","level":"INFO","message":"Attempting to clean indices of type 'EXTERNAL_GROUP'.","threadName":"executor-thread-13","threadId":52,"mdc":{},"ndc":"","hostName":"search-sync-service-67d9ffbff9-96j49","processName":"quarkus-run.jar","processId":1}
{"timestamp":"2023-11-20T14:57:37Z","sequence":904,"loggerClassName":"org.jboss.logging.Logger","loggerName":"com.knime.enterprise.cloud.services.searchsync.impl.FullSyncService","level":"INFO","message":"Start creation of new index for type: TAG","threadName":"executor-thread-14","threadId":53,"mdc":{},"ndc":"","hostName":"search-sync-service-67d9ffbff9-96j49","processName":"quarkus-run.jar","processId":1}
{"timestamp":"2023-11-20T14:57:37Z","sequence":905,"loggerClassName":"org.jboss.logging.Logger","loggerName":"com.knime.enterprise.cloud.services.searchsync.impl.FullSyncService","level":"INFO","message":"Attempting to clean indices of type 'TAG'.","threadName":"executor-thread-14","threadId":53,"mdc":{},"ndc":"","hostName":"search-sync-service-67d9ffbff9-96j49","processName":"quarkus-run.jar","processId":1}
{"timestamp":"2023-11-20T14:57:37.002Z","sequence":906,"loggerClassName":"org.jboss.logging.Logger","loggerName":"com.knime.enterprise.cloud.services.searchsync.impl.FullSyncService","level":"INFO","message":"Nothing to clean.","threadName":"executor-thread-13","threadId":52,"mdc":{},"ndc":"","hostName":"search-sync-service-67d9ffbff9-96j49","processName":"quarkus-run.jar","processId":1}
{"timestamp":"2023-11-20T14:57:37.003Z","sequence":907,"loggerClassName":"org.jboss.logging.Logger","loggerName":"com.knime.enterprise.cloud.services.searchsync.impl.FullSyncService","level":"INFO","message":"Requesting creation of index of type 'EXTERNAL_GROUP'.","threadName":"executor-thread-13","threadId":52,"mdc":{},"ndc":"","hostName":"search-sync-service-67d9ffbff9-96j49","processName":"quarkus-run.jar","processId":1}
{"timestamp":"2023-11-20T14:57:37.003Z","sequence":908,"loggerClassName":"org.jboss.logging.Logger","loggerName":"com.knime.enterprise.cloud.services.searchsync.impl.FullSyncService","level":"INFO","message":"Nothing to clean.","threadName":"executor-thread-14","threadId":53,"mdc":{},"ndc":"","hostName":"search-sync-service-67d9ffbff9-96j49","processName":"quarkus-run.jar","processId":1}
{"timestamp":"2023-11-20T14:57:37.003Z","sequence":909,"loggerClassName":"org.jboss.logging.Logger","loggerName":"com.knime.enterprise.cloud.services.searchsync.impl.FullSyncService","level":"INFO","message":"Requesting creation of index of type 'TAG'.","threadName":"executor-thread-14","threadId":53,"mdc":{},"ndc":"","hostName":"search-sync-service-67d9ffbff9-96j49","processName":"quarkus-run.jar","processId":1}
{"timestamp":"2023-11-20T14:57:37.105Z","sequence":910,"loggerClassName":"org.jboss.logging.Logger","loggerName":"com.knime.enterprise.cloud.services.searchsync.impl.FullSyncService","level":"INFO","message":"Index of type 'EXTERNAL_GROUP' successfully created: 'external_groups1700492257000'.","threadName":"executor-thread-13","threadId":52,"mdc":{},"ndc":"","hostName":"search-sync-service-67d9ffbff9-96j49","processName":"quarkus-run.jar","processId":1}
{"timestamp":"2023-11-20T14:57:37.133Z","sequence":911,"loggerClassName":"org.jboss.logging.Logger","loggerName":"com.knime.enterprise.cloud.services.searchsync.impl.FullSyncService","level":"INFO","message":"Index of type 'TAG' successfully created: 'tags1700492257000'.","threadName":"executor-thread-14","threadId":53,"mdc":{},"ndc":"","hostName":"search-sync-service-67d9ffbff9-96j49","processName":"quarkus-run.jar","processId":1}
{"timestamp":"2023-11-20T14:57:37.138Z","sequence":912,"loggerClassName":"org.jboss.logging.Logger","loggerName":"com.knime.enterprise.cloud.services.searchsync.impl.FullSyncService","level":"INFO","message":"Starting bulk request 1.","threadName":"executor-thread-14","threadId":53,"mdc":{},"ndc":"","hostName":"search-sync-service-67d9ffbff9-96j49","processName":"quarkus-run.jar","processId":1}
{"timestamp":"2023-11-20T14:57:37.138Z","sequence":913,"loggerClassName":"org.jboss.logging.Logger","loggerName":"com.knime.enterprise.cloud.services.searchsync.impl.FullSyncService","level":"INFO","message":"Starting bulk request 2.","threadName":"executor-thread-14","threadId":53,"mdc":{},"ndc":"","hostName":"search-sync-service-67d9ffbff9-96j49","processName":"quarkus-run.jar","processId":1}
{"timestamp":"2023-11-20T14:57:37.145Z","sequence":914,"loggerClassName":"org.jboss.logging.Logger","loggerName":"com.knime.enterprise.cloud.services.searchsync.impl.FullSyncService","level":"INFO","message":"Accounts service retrieved the hub global account.","threadName":"executor-thread-13","threadId":52,"mdc":{},"ndc":"","hostName":"search-sync-service-67d9ffbff9-96j49","processName":"quarkus-run.jar","processId":1}
{"timestamp":"2023-11-20T14:57:37.145Z","sequence":915,"loggerClassName":"org.jboss.logging.Logger","loggerName":"com.knime.enterprise.cloud.services.searchsync.impl.FullSyncService","level":"INFO","message":"Accounts service returned 0 external groups.","threadName":"executor-thread-13","threadId":52,"mdc":{},"ndc":"","hostName":"search-sync-service-67d9ffbff9-96j49","processName":"quarkus-run.jar","processId":1}
{"timestamp":"2023-11-20T14:57:37.145Z","sequence":916,"loggerClassName":"org.jboss.logging.Logger","loggerName":"com.knime.enterprise.cloud.services.searchsync.impl.FullSyncService","level":"INFO","message":"Start bulk index of :'external_groups1700492257000'","threadName":"executor-thread-13","threadId":52,"mdc":{},"ndc":"","hostName":"search-sync-service-67d9ffbff9-96j49","processName":"quarkus-run.jar","processId":1}
{"timestamp":"2023-11-20T14:57:37.145Z","sequence":917,"loggerClassName":"org.jboss.logging.Logger","loggerName":"com.knime.enterprise.cloud.services.searchsync.impl.FullSyncService","level":"INFO","message":"0 items has been added to 'external_groups' index (out of 0 items retrieved).","threadName":"executor-thread-13","threadId":52,"mdc":{},"ndc":"","hostName":"search-sync-service-67d9ffbff9-96j49","processName":"quarkus-run.jar","processId":1}
{"timestamp":"2023-11-20T14:57:37.148Z","sequence":918,"loggerClassName":"org.jboss.logging.Logger","loggerName":"com.knime.enterprise.cloud.services.searchsync.impl.FullSyncService","level":"INFO","message":"Requesting to add alias for new index with name 'external_groups1700492257000'.","threadName":"executor-thread-13","threadId":52,"mdc":{},"ndc":"","hostName":"search-sync-service-67d9ffbff9-96j49","processName":"quarkus-run.jar","processId":1}
{"timestamp":"2023-11-20T14:57:37.148Z","sequence":919,"loggerClassName":"org.jboss.logging.Logger","loggerName":"com.knime.enterprise.cloud.services.searchsync.impl.FullSyncService","level":"INFO","message":"Finished bulk request 1: OK","threadName":"I/O dispatcher 1","threadId":38,"mdc":{},"ndc":"","hostName":"search-sync-service-67d9ffbff9-96j49","processName":"quarkus-run.jar","processId":1}
{"timestamp":"2023-11-20T14:57:37.149Z","sequence":920,"loggerClassName":"org.jboss.logging.Logger","loggerName":"com.knime.enterprise.cloud.services.searchsync.impl.FullSyncService","level":"INFO","message":"Starting bulk request 3.","threadName":"executor-thread-14","threadId":53,"mdc":{},"ndc":"","hostName":"search-sync-service-67d9ffbff9-96j49","processName":"quarkus-run.jar","processId":1}
{"timestamp":"2023-11-20T14:57:37.156Z","sequence":921,"loggerClassName":"org.jboss.logging.Logger","loggerName":"com.knime.enterprise.cloud.services.searchsync.impl.FullSyncService","level":"INFO","message":"Finished bulk request 2: OK","threadName":"I/O dispatcher 1","threadId":38,"mdc":{},"ndc":"","hostName":"search-sync-service-67d9ffbff9-96j49","processName":"quarkus-run.jar","processId":1}
{"timestamp":"2023-11-20T14:57:37.156Z","sequence":922,"loggerClassName":"org.jboss.logging.Logger","loggerName":"com.knime.enterprise.cloud.services.searchsync.impl.FullSyncService","level":"INFO","message":"Starting bulk request 4.","threadName":"executor-thread-14","threadId":53,"mdc":{},"ndc":"","hostName":"search-sync-service-67d9ffbff9-96j49","processName":"quarkus-run.jar","processId":1}
{"timestamp":"2023-11-20T14:57:37.166Z","sequence":923,"loggerClassName":"org.jboss.logging.Logger","loggerName":"com.knime.enterprise.cloud.services.searchsync.impl.FullSyncService","level":"INFO","message":"Finished bulk request 3: OK","threadName":"I/O dispatcher 1","threadId":38,"mdc":{},"ndc":"","hostName":"search-sync-service-67d9ffbff9-96j49","processName":"quarkus-run.jar","processId":1}
{"timestamp":"2023-11-20T14:57:37.166Z","sequence":924,"loggerClassName":"org.jboss.logging.Logger","loggerName":"com.knime.enterprise.cloud.services.searchsync.impl.FullSyncService","level":"INFO","message":"Starting bulk request 5.","threadName":"executor-thread-14","threadId":53,"mdc":{},"ndc":"","hostName":"search-sync-service-67d9ffbff9-96j49","processName":"quarkus-run.jar","processId":1}
{"timestamp":"2023-11-20T14:57:37.174Z","sequence":925,"loggerClassName":"org.jboss.logging.Logger","loggerName":"com.knime.enterprise.cloud.services.searchsync.impl.FullSyncService","level":"INFO","message":"Finished bulk request 4: OK","threadName":"I/O dispatcher 1","threadId":38,"mdc":{},"ndc":"","hostName":"search-sync-service-67d9ffbff9-96j49","processName":"quarkus-run.jar","processId":1}
{"timestamp":"2023-11-20T14:57:37.175Z","sequence":926,"loggerClassName":"org.jboss.logging.Logger","loggerName":"com.knime.enterprise.cloud.services.searchsync.impl.FullSyncService","level":"INFO","message":"Starting bulk request 6.","threadName":"executor-thread-14","threadId":53,"mdc":{},"ndc":"","hostName":"search-sync-service-67d9ffbff9-96j49","processName":"quarkus-run.jar","processId":1}
{"timestamp":"2023-11-20T14:57:37.182Z","sequence":927,"loggerClassName":"org.jboss.logging.Logger","loggerName":"com.knime.enterprise.cloud.services.searchsync.impl.FullSyncService","level":"INFO","message":"Index with name 'external_groups1700492257000' successfully created and aliased.","threadName":"executor-thread-13","threadId":52,"mdc":{},"ndc":"","hostName":"search-sync-service-67d9ffbff9-96j49","processName":"quarkus-run.jar","processId":1}
{"timestamp":"2023-11-20T14:57:37.182Z","sequence":928,"loggerClassName":"org.jboss.logging.Logger","loggerName":"com.knime.enterprise.cloud.services.searchsync.impl.FullSyncService","level":"INFO","message":"Attempting to clean indices of type 'EXTERNAL_GROUP'.","threadName":"executor-thread-13","threadId":52,"mdc":{},"ndc":"","hostName":"search-sync-service-67d9ffbff9-96j49","processName":"quarkus-run.jar","processId":1}
{"timestamp":"2023-11-20T14:57:37.182Z","sequence":929,"loggerClassName":"org.jboss.logging.Logger","loggerName":"com.knime.enterprise.cloud.services.searchsync.impl.FullSyncService","level":"INFO","message":"Finished bulk request 5: OK","threadName":"I/O dispatcher 1","threadId":38,"mdc":{},"ndc":"","hostName":"search-sync-service-67d9ffbff9-96j49","processName":"quarkus-run.jar","processId":1}
{"timestamp":"2023-11-20T14:57:37.183Z","sequence":930,"loggerClassName":"org.jboss.logging.Logger","loggerName":"com.knime.enterprise.cloud.services.searchsync.impl.FullSyncService","level":"INFO","message":"Starting bulk request 7.","threadName":"executor-thread-14","threadId":53,"mdc":{},"ndc":"","hostName":"search-sync-service-67d9ffbff9-96j49","processName":"quarkus-run.jar","processId":1}
{"timestamp":"2023-11-20T14:57:37.184Z","sequence":931,"loggerClassName":"org.jboss.logging.Logger","loggerName":"com.knime.enterprise.cloud.services.searchsync.impl.FullSyncService","level":"INFO","message":"Nothing to clean.","threadName":"executor-thread-13","threadId":52,"mdc":{},"ndc":"","hostName":"search-sync-service-67d9ffbff9-96j49","processName":"quarkus-run.jar","processId":1}
{"timestamp":"2023-11-20T14:57:37.19Z","sequence":932,"loggerClassName":"org.jboss.logging.Logger","loggerName":"com.knime.enterprise.cloud.services.searchsync.impl.FullSyncService","level":"INFO","message":"Finished bulk request 6: OK","threadName":"I/O dispatcher 1","threadId":38,"mdc":{},"ndc":"","hostName":"search-sync-service-67d9ffbff9-96j49","processName":"quarkus-run.jar","processId":1}
{"timestamp":"2023-11-20T14:57:37.191Z","sequence":933,"loggerClassName":"org.jboss.logging.Logger","loggerName":"com.knime.enterprise.cloud.services.searchsync.impl.FullSyncService","level":"INFO","message":"Starting bulk request 8.","threadName":"executor-thread-14","threadId":53,"mdc":{},"ndc":"","hostName":"search-sync-service-67d9ffbff9-96j49","processName":"quarkus-run.jar","processId":1}
{"timestamp":"2023-11-20T14:57:37.198Z","sequence":934,"loggerClassName":"org.jboss.logging.Logger","loggerName":"com.knime.enterprise.cloud.services.searchsync.impl.FullSyncService","level":"INFO","message":"Finished bulk request 7: OK","threadName":"I/O dispatcher 1","threadId":38,"mdc":{},"ndc":"","hostName":"search-sync-service-67d9ffbff9-96j49","processName":"quarkus-run.jar","processId":1}
{"timestamp":"2023-11-20T14:57:37.198Z","sequence":935,"loggerClassName":"org.jboss.logging.Logger","loggerName":"com.knime.enterprise.cloud.services.searchsync.impl.FullSyncService","level":"INFO","message":"Starting bulk request 9.","threadName":"executor-thread-14","threadId":53,"mdc":{},"ndc":"","hostName":"search-sync-service-67d9ffbff9-96j49","processName":"quarkus-run.jar","processId":1}
{"timestamp":"2023-11-20T14:57:37.205Z","sequence":936,"loggerClassName":"org.jboss.logging.Logger","loggerName":"com.knime.enterprise.cloud.services.searchsync.impl.FullSyncService","level":"INFO","message":"Finished bulk request 8: OK","threadName":"I/O dispatcher 1","threadId":38,"mdc":{},"ndc":"","hostName":"search-sync-service-67d9ffbff9-96j49","processName":"quarkus-run.jar","processId":1}
{"timestamp":"2023-11-20T14:57:37.205Z","sequence":937,"loggerClassName":"org.jboss.logging.Logger","loggerName":"com.knime.enterprise.cloud.services.searchsync.impl.FullSyncService","level":"INFO","message":"Starting bulk request 10.","threadName":"executor-thread-14","threadId":53,"mdc":{},"ndc":"","hostName":"search-sync-service-67d9ffbff9-96j49","processName":"quarkus-run.jar","processId":1}
{"timestamp":"2023-11-20T14:57:37.212Z","sequence":938,"loggerClassName":"org.jboss.logging.Logger","loggerName":"com.knime.enterprise.cloud.services.searchsync.impl.FullSyncService","level":"INFO","message":"Finished bulk request 9: OK","threadName":"I/O dispatcher 1","threadId":38,"mdc":{},"ndc":"","hostName":"search-sync-service-67d9ffbff9-96j49","processName":"quarkus-run.jar","processId":1}
{"timestamp":"2023-11-20T14:57:37.219Z","sequence":939,"loggerClassName":"org.jboss.logging.Logger","loggerName":"com.knime.enterprise.cloud.services.searchsync.impl.FullSyncService","level":"INFO","message":"Finished bulk request 10: OK","threadName":"I/O dispatcher 1","threadId":38,"mdc":{},"ndc":"","hostName":"search-sync-service-67d9ffbff9-96j49","processName":"quarkus-run.jar","processId":1}
{"timestamp":"2023-11-20T14:57:37.264Z","sequence":940,"loggerClassName":"org.jboss.logging.Logger","loggerName":"com.knime.enterprise.cloud.services.searchsync.impl.FullSyncService","level":"INFO","message":"Requesting to add alias for new index with name 'tags1700492257000'.","threadName":"executor-thread-14","threadId":53,"mdc":{},"ndc":"","hostName":"search-sync-service-67d9ffbff9-96j49","processName":"quarkus-run.jar","processId":1}
{"timestamp":"2023-11-20T14:57:37.297Z","sequence":941,"loggerClassName":"org.jboss.logging.Logger","loggerName":"com.knime.enterprise.cloud.services.searchsync.impl.FullSyncService","level":"INFO","message":"Index with name 'tags1700492257000' successfully created and aliased.","threadName":"executor-thread-14","threadId":53,"mdc":{},"ndc":"","hostName":"search-sync-service-67d9ffbff9-96j49","processName":"quarkus-run.jar","processId":1}
{"timestamp":"2023-11-20T14:57:37.297Z","sequence":942,"loggerClassName":"org.jboss.logging.Logger","loggerName":"com.knime.enterprise.cloud.services.searchsync.impl.FullSyncService","level":"INFO","message":"Attempting to clean indices of type 'TAG'.","threadName":"executor-thread-14","threadId":53,"mdc":{},"ndc":"","hostName":"search-sync-service-67d9ffbff9-96j49","processName":"quarkus-run.jar","processId":1}
{"timestamp":"2023-11-20T14:57:37.299Z","sequence":943,"loggerClassName":"org.jboss.logging.Logger","loggerName":"com.knime.enterprise.cloud.services.searchsync.impl.FullSyncService","level":"INFO","message":"Nothing to clean.","threadName":"executor-thread-14","threadId":53,"mdc":{},"ndc":"","hostName":"search-sync-service-67d9ffbff9-96j49","processName":"quarkus-run.jar","processId":1}
{"timestamp":"2023-11-20T15:07:37Z","sequence":944,"loggerClassName":"org.jboss.logging.Logger","loggerName":"com.knime.enterprise.cloud.services.searchsync.impl.FullSyncService","level":"INFO","message":"Start creation of new index for type: EXTERNAL_GROUP","threadName":"executor-thread-14","threadId":53,"mdc":{},"ndc":"","hostName":"search-sync-service-67d9ffbff9-96j49","processName":"quarkus-run.jar","processId":1}
{"timestamp":"2023-11-20T15:07:37Z","sequence":945,"loggerClassName":"org.jboss.logging.Logger","loggerName":"com.knime.enterprise.cloud.services.searchsync.impl.FullSyncService","level":"INFO","message":"Attempting to clean indices of type 'EXTERNAL_GROUP'.","threadName":"executor-thread-14","threadId":53,"mdc":{},"ndc":"","hostName":"search-sync-service-67d9ffbff9-96j49","processName":"quarkus-run.jar","processId":1}
{"timestamp":"2023-11-20T15:07:37Z","sequence":946,"loggerClassName":"org.jboss.logging.Logger","loggerName":"com.knime.enterprise.cloud.services.searchsync.impl.FullSyncService","level":"INFO","message":"Start creation of new index for type: TAG","threadName":"executor-thread-15","threadId":54,"mdc":{},"ndc":"","hostName":"search-sync-service-67d9ffbff9-96j49","processName":"quarkus-run.jar","processId":1}
{"timestamp":"2023-11-20T15:07:37Z","sequence":947,"loggerClassName":"org.jboss.logging.Logger","loggerName":"com.knime.enterprise.cloud.services.searchsync.impl.FullSyncService","level":"INFO","message":"Attempting to clean indices of type 'TAG'.","threadName":"executor-thread-15","threadId":54,"mdc":{},"ndc":"","hostName":"search-sync-service-67d9ffbff9-96j49","processName":"quarkus-run.jar","processId":1}
{"timestamp":"2023-11-20T15:07:37.002Z","sequence":948,"loggerClassName":"org.jboss.logging.Logger","loggerName":"com.knime.enterprise.cloud.services.searchsync.impl.FullSyncService","level":"INFO","message":"Nothing to clean.","threadName":"executor-thread-14","threadId":53,"mdc":{},"ndc":"","hostName":"search-sync-service-67d9ffbff9-96j49","processName":"quarkus-run.jar","processId":1}
{"timestamp":"2023-11-20T15:07:37.003Z","sequence":949,"loggerClassName":"org.jboss.logging.Logger","loggerName":"com.knime.enterprise.cloud.services.searchsync.impl.FullSyncService","level":"INFO","message":"Requesting creation of index of type 'EXTERNAL_GROUP'.","threadName":"executor-thread-14","threadId":53,"mdc":{},"ndc":"","hostName":"search-sync-service-67d9ffbff9-96j49","processName":"quarkus-run.jar","processId":1}
{"timestamp":"2023-11-20T15:07:37.003Z","sequence":950,"loggerClassName":"org.jboss.logging.Logger","loggerName":"com.knime.enterprise.cloud.services.searchsync.impl.FullSyncService","level":"INFO","message":"Nothing to clean.","threadName":"executor-thread-15","threadId":54,"mdc":{},"ndc":"","hostName":"search-sync-service-67d9ffbff9-96j49","processName":"quarkus-run.jar","processId":1}
{"timestamp":"2023-11-20T15:07:37.003Z","sequence":951,"loggerClassName":"org.jboss.logging.Logger","loggerName":"com.knime.enterprise.cloud.services.searchsync.impl.FullSyncService","level":"INFO","message":"Requesting creation of index of type 'TAG'.","threadName":"executor-thread-15","threadId":54,"mdc":{},"ndc":"","hostName":"search-sync-service-67d9ffbff9-96j49","processName":"quarkus-run.jar","processId":1}
{"timestamp":"2023-11-20T15:07:37.109Z","sequence":952,"loggerClassName":"org.jboss.logging.Logger","loggerName":"com.knime.enterprise.cloud.services.searchsync.impl.FullSyncService","level":"INFO","message":"Index of type 'EXTERNAL_GROUP' successfully created: 'external_groups1700492857000'.","threadName":"executor-thread-14","threadId":53,"mdc":{},"ndc":"","hostName":"search-sync-service-67d9ffbff9-96j49","processName":"quarkus-run.jar","processId":1}
{"timestamp":"2023-11-20T15:07:37.139Z","sequence":953,"loggerClassName":"org.jboss.logging.Logger","loggerName":"com.knime.enterprise.cloud.services.searchsync.impl.FullSyncService","level":"INFO","message":"Index of type 'TAG' successfully created: 'tags1700492857000'.","threadName":"executor-thread-15","threadId":54,"mdc":{},"ndc":"","hostName":"search-sync-service-67d9ffbff9-96j49","processName":"quarkus-run.jar","processId":1}
{"timestamp":"2023-11-20T15:07:37.144Z","sequence":954,"loggerClassName":"org.jboss.logging.Logger","loggerName":"com.knime.enterprise.cloud.services.searchsync.impl.FullSyncService","level":"INFO","message":"Starting bulk request 1.","threadName":"executor-thread-15","threadId":54,"mdc":{},"ndc":"","hostName":"search-sync-service-67d9ffbff9-96j49","processName":"quarkus-run.jar","processId":1}
{"timestamp":"2023-11-20T15:07:37.144Z","sequence":955,"loggerClassName":"org.jboss.logging.Logger","loggerName":"com.knime.enterprise.cloud.services.searchsync.impl.FullSyncService","level":"INFO","message":"Starting bulk request 2.","threadName":"executor-thread-15","threadId":54,"mdc":{},"ndc":"","hostName":"search-sync-service-67d9ffbff9-96j49","processName":"quarkus-run.jar","processId":1}
{"timestamp":"2023-11-20T15:07:37.15Z","sequence":956,"loggerClassName":"org.jboss.logging.Logger","loggerName":"com.knime.enterprise.cloud.services.searchsync.impl.FullSyncService","level":"INFO","message":"Accounts service retrieved the hub global account.","threadName":"executor-thread-14","threadId":53,"mdc":{},"ndc":"","hostName":"search-sync-service-67d9ffbff9-96j49","processName":"quarkus-run.jar","processId":1}
{"timestamp":"2023-11-20T15:07:37.15Z","sequence":957,"loggerClassName":"org.jboss.logging.Logger","loggerName":"com.knime.enterprise.cloud.services.searchsync.impl.FullSyncService","level":"INFO","message":"Accounts service returned 0 external groups.","threadName":"executor-thread-14","threadId":53,"mdc":{},"ndc":"","hostName":"search-sync-service-67d9ffbff9-96j49","processName":"quarkus-run.jar","processId":1}
{"timestamp":"2023-11-20T15:07:37.15Z","sequence":958,"loggerClassName":"org.jboss.logging.Logger","loggerName":"com.knime.enterprise.cloud.services.searchsync.impl.FullSyncService","level":"INFO","message":"Start bulk index of :'external_groups1700492857000'","threadName":"executor-thread-14","threadId":53,"mdc":{},"ndc":"","hostName":"search-sync-service-67d9ffbff9-96j49","processName":"quarkus-run.jar","processId":1}
{"timestamp":"2023-11-20T15:07:37.15Z","sequence":959,"loggerClassName":"org.jboss.logging.Logger","loggerName":"com.knime.enterprise.cloud.services.searchsync.impl.FullSyncService","level":"INFO","message":"0 items has been added to 'external_groups' index (out of 0 items retrieved).","threadName":"executor-thread-14","threadId":53,"mdc":{},"ndc":"","hostName":"search-sync-service-67d9ffbff9-96j49","processName":"quarkus-run.jar","processId":1}
{"timestamp":"2023-11-20T15:07:37.153Z","sequence":960,"loggerClassName":"org.jboss.logging.Logger","loggerName":"com.knime.enterprise.cloud.services.searchsync.impl.FullSyncService","level":"INFO","message":"Requesting to add alias for new index with name 'external_groups1700492857000'.","threadName":"executor-thread-14","threadId":53,"mdc":{},"ndc":"","hostName":"search-sync-service-67d9ffbff9-96j49","processName":"quarkus-run.jar","processId":1}
{"timestamp":"2023-11-20T15:07:37.153Z","sequence":961,"loggerClassName":"org.jboss.logging.Logger","loggerName":"com.knime.enterprise.cloud.services.searchsync.impl.FullSyncService","level":"INFO","message":"Finished bulk request 1: OK","threadName":"I/O dispatcher 1","threadId":38,"mdc":{},"ndc":"","hostName":"search-sync-service-67d9ffbff9-96j49","processName":"quarkus-run.jar","processId":1}
{"timestamp":"2023-11-20T15:07:37.153Z","sequence":962,"loggerClassName":"org.jboss.logging.Logger","loggerName":"com.knime.enterprise.cloud.services.searchsync.impl.FullSyncService","level":"INFO","message":"Starting bulk request 3.","threadName":"executor-thread-15","threadId":54,"mdc":{},"ndc":"","hostName":"search-sync-service-67d9ffbff9-96j49","processName":"quarkus-run.jar","processId":1}
{"timestamp":"2023-11-20T15:07:37.163Z","sequence":963,"loggerClassName":"org.jboss.logging.Logger","loggerName":"com.knime.enterprise.cloud.services.searchsync.impl.FullSyncService","level":"INFO","message":"Finished bulk request 2: OK","threadName":"I/O dispatcher 1","threadId":38,"mdc":{},"ndc":"","hostName":"search-sync-service-67d9ffbff9-96j49","processName":"quarkus-run.jar","processId":1}
{"timestamp":"2023-11-20T15:07:37.164Z","sequence":964,"loggerClassName":"org.jboss.logging.Logger","loggerName":"com.knime.enterprise.cloud.services.searchsync.impl.FullSyncService","level":"INFO","message":"Starting bulk request 4.","threadName":"executor-thread-15","threadId":54,"mdc":{},"ndc":"","hostName":"search-sync-service-67d9ffbff9-96j49","processName":"quarkus-run.jar","processId":1}
{"timestamp":"2023-11-20T15:07:37.171Z","sequence":965,"loggerClassName":"org.jboss.logging.Logger","loggerName":"com.knime.enterprise.cloud.services.searchsync.impl.FullSyncService","level":"INFO","message":"Finished bulk request 3: OK","threadName":"I/O dispatcher 1","threadId":38,"mdc":{},"ndc":"","hostName":"search-sync-service-67d9ffbff9-96j49","processName":"quarkus-run.jar","processId":1}
{"timestamp":"2023-11-20T15:07:37.171Z","sequence":966,"loggerClassName":"org.jboss.logging.Logger","loggerName":"com.knime.enterprise.cloud.services.searchsync.impl.FullSyncService","level":"INFO","message":"Starting bulk request 5.","threadName":"executor-thread-15","threadId":54,"mdc":{},"ndc":"","hostName":"search-sync-service-67d9ffbff9-96j49","processName":"quarkus-run.jar","processId":1}
{"timestamp":"2023-11-20T15:07:37.18Z","sequence":967,"loggerClassName":"org.jboss.logging.Logger","loggerName":"com.knime.enterprise.cloud.services.searchsync.impl.FullSyncService","level":"INFO","message":"Finished bulk request 4: OK","threadName":"I/O dispatcher 1","threadId":38,"mdc":{},"ndc":"","hostName":"search-sync-service-67d9ffbff9-96j49","processName":"quarkus-run.jar","processId":1}
{"timestamp":"2023-11-20T15:07:37.18Z","sequence":968,"loggerClassName":"org.jboss.logging.Logger","loggerName":"com.knime.enterprise.cloud.services.searchsync.impl.FullSyncService","level":"INFO","message":"Starting bulk request 6.","threadName":"executor-thread-15","threadId":54,"mdc":{},"ndc":"","hostName":"search-sync-service-67d9ffbff9-96j49","processName":"quarkus-run.jar","processId":1}
{"timestamp":"2023-11-20T15:07:37.188Z","sequence":969,"loggerClassName":"org.jboss.logging.Logger","loggerName":"com.knime.enterprise.cloud.services.searchsync.impl.FullSyncService","level":"INFO","message":"Index with name 'external_groups1700492857000' successfully created and aliased.","threadName":"executor-thread-14","threadId":53,"mdc":{},"ndc":"","hostName":"search-sync-service-67d9ffbff9-96j49","processName":"quarkus-run.jar","processId":1}
{"timestamp":"2023-11-20T15:07:37.189Z","sequence":970,"loggerClassName":"org.jboss.logging.Logger","loggerName":"com.knime.enterprise.cloud.services.searchsync.impl.FullSyncService","level":"INFO","message":"Attempting to clean indices of type 'EXTERNAL_GROUP'.","threadName":"executor-thread-14","threadId":53,"mdc":{},"ndc":"","hostName":"search-sync-service-67d9ffbff9-96j49","processName":"quarkus-run.jar","processId":1}
{"timestamp":"2023-11-20T15:07:37.19Z","sequence":971,"loggerClassName":"org.jboss.logging.Logger","loggerName":"com.knime.enterprise.cloud.services.searchsync.impl.FullSyncService","level":"INFO","message":"Nothing to clean.","threadName":"executor-thread-14","threadId":53,"mdc":{},"ndc":"","hostName":"search-sync-service-67d9ffbff9-96j49","processName":"quarkus-run.jar","processId":1}
{"timestamp":"2023-11-20T15:07:37.191Z","sequence":972,"loggerClassName":"org.jboss.logging.Logger","loggerName":"com.knime.enterprise.cloud.services.searchsync.impl.FullSyncService","level":"INFO","message":"Finished bulk request 5: OK","threadName":"I/O dispatcher 1","threadId":38,"mdc":{},"ndc":"","hostName":"search-sync-service-67d9ffbff9-96j49","processName":"quarkus-run.jar","processId":1}
{"timestamp":"2023-11-20T15:07:37.191Z","sequence":973,"loggerClassName":"org.jboss.logging.Logger","loggerName":"com.knime.enterprise.cloud.services.searchsync.impl.FullSyncService","level":"INFO","message":"Starting bulk request 7.","threadName":"executor-thread-15","threadId":54,"mdc":{},"ndc":"","hostName":"search-sync-service-67d9ffbff9-96j49","processName":"quarkus-run.jar","processId":1}
{"timestamp":"2023-11-20T15:07:37.199Z","sequence":974,"loggerClassName":"org.jboss.logging.Logger","loggerName":"com.knime.enterprise.cloud.services.searchsync.impl.FullSyncService","level":"INFO","message":"Finished bulk request 6: OK","threadName":"I/O dispatcher 1","threadId":38,"mdc":{},"ndc":"","hostName":"search-sync-service-67d9ffbff9-96j49","processName":"quarkus-run.jar","processId":1}
{"timestamp":"2023-11-20T15:07:37.199Z","sequence":975,"loggerClassName":"org.jboss.logging.Logger","loggerName":"com.knime.enterprise.cloud.services.searchsync.impl.FullSyncService","level":"INFO","message":"Starting bulk request 8.","threadName":"executor-thread-15","threadId":54,"mdc":{},"ndc":"","hostName":"search-sync-service-67d9ffbff9-96j49","processName":"quarkus-run.jar","processId":1}
{"timestamp":"2023-11-20T15:07:37.208Z","sequence":976,"loggerClassName":"org.jboss.logging.Logger","loggerName":"com.knime.enterprise.cloud.services.searchsync.impl.FullSyncService","level":"INFO","message":"Finished bulk request 7: OK","threadName":"I/O dispatcher 1","threadId":38,"mdc":{},"ndc":"","hostName":"search-sync-service-67d9ffbff9-96j49","processName":"quarkus-run.jar","processId":1}
{"timestamp":"2023-11-20T15:07:37.208Z","sequence":977,"loggerClassName":"org.jboss.logging.Logger","loggerName":"com.knime.enterprise.cloud.services.searchsync.impl.FullSyncService","level":"INFO","message":"Starting bulk request 9.","threadName":"executor-thread-15","threadId":54,"mdc":{},"ndc":"","hostName":"search-sync-service-67d9ffbff9-96j49","processName":"quarkus-run.jar","processId":1}
{"timestamp":"2023-11-20T15:07:37.217Z","sequence":978,"loggerClassName":"org.jboss.logging.Logger","loggerName":"com.knime.enterprise.cloud.services.searchsync.impl.FullSyncService","level":"INFO","message":"Finished bulk request 8: OK","threadName":"I/O dispatcher 1","threadId":38,"mdc":{},"ndc":"","hostName":"search-sync-service-67d9ffbff9-96j49","processName":"quarkus-run.jar","processId":1}
{"timestamp":"2023-11-20T15:07:37.217Z","sequence":979,"loggerClassName":"org.jboss.logging.Logger","loggerName":"com.knime.enterprise.cloud.services.searchsync.impl.FullSyncService","level":"INFO","message":"Starting bulk request 10.","threadName":"executor-thread-15","threadId":54,"mdc":{},"ndc":"","hostName":"search-sync-service-67d9ffbff9-96j49","processName":"quarkus-run.jar","processId":1}
{"timestamp":"2023-11-20T15:07:37.225Z","sequence":980,"loggerClassName":"org.jboss.logging.Logger","loggerName":"com.knime.enterprise.cloud.services.searchsync.impl.FullSyncService","level":"INFO","message":"Finished bulk request 9: OK","threadName":"I/O dispatcher 1","threadId":38,"mdc":{},"ndc":"","hostName":"search-sync-service-67d9ffbff9-96j49","processName":"quarkus-run.jar","processId":1}
{"timestamp":"2023-11-20T15:07:37.232Z","sequence":981,"loggerClassName":"org.jboss.logging.Logger","loggerName":"com.knime.enterprise.cloud.services.searchsync.impl.FullSyncService","level":"INFO","message":"Finished bulk request 10: OK","threadName":"I/O dispatcher 1","threadId":38,"mdc":{},"ndc":"","hostName":"search-sync-service-67d9ffbff9-96j49","processName":"quarkus-run.jar","processId":1}
{"timestamp":"2023-11-20T15:07:37.27Z","sequence":982,"loggerClassName":"org.jboss.logging.Logger","loggerName":"com.knime.enterprise.cloud.services.searchsync.impl.FullSyncService","level":"INFO","message":"Requesting to add alias for new index with name 'tags1700492857000'.","threadName":"executor-thread-15","threadId":54,"mdc":{},"ndc":"","hostName":"search-sync-service-67d9ffbff9-96j49","processName":"quarkus-run.jar","processId":1}
{"timestamp":"2023-11-20T15:07:37.302Z","sequence":983,"loggerClassName":"org.jboss.logging.Logger","loggerName":"com.knime.enterprise.cloud.services.searchsync.impl.FullSyncService","level":"INFO","message":"Index with name 'tags1700492857000' successfully created and aliased.","threadName":"executor-thread-15","threadId":54,"mdc":{},"ndc":"","hostName":"search-sync-service-67d9ffbff9-96j49","processName":"quarkus-run.jar","processId":1}
{"timestamp":"2023-11-20T15:07:37.302Z","sequence":984,"loggerClassName":"org.jboss.logging.Logger","loggerName":"com.knime.enterprise.cloud.services.searchsync.impl.FullSyncService","level":"INFO","message":"Attempting to clean indices of type 'TAG'.","threadName":"executor-thread-15","threadId":54,"mdc":{},"ndc":"","hostName":"search-sync-service-67d9ffbff9-96j49","processName":"quarkus-run.jar","processId":1}
{"timestamp":"2023-11-20T15:07:37.304Z","sequence":985,"loggerClassName":"org.jboss.logging.Logger","loggerName":"com.knime.enterprise.cloud.services.searchsync.impl.FullSyncService","level":"INFO","message":"Nothing to clean.","threadName":"executor-thread-15","threadId":54,"mdc":{},"ndc":"","hostName":"search-sync-service-67d9ffbff9-96j49","processName":"quarkus-run.jar","processId":1}
{"timestamp":"2023-11-20T15:17:37Z","sequence":986,"loggerClassName":"org.jboss.logging.Logger","loggerName":"com.knime.enterprise.cloud.services.searchsync.impl.FullSyncService","level":"INFO","message":"Start creation of new index for type: EXTERNAL_GROUP","threadName":"executor-thread-15","threadId":54,"mdc":{},"ndc":"","hostName":"search-sync-service-67d9ffbff9-96j49","processName":"quarkus-run.jar","processId":1}
{"timestamp":"2023-11-20T15:17:37Z","sequence":987,"loggerClassName":"org.jboss.logging.Logger","loggerName":"com.knime.enterprise.cloud.services.searchsync.impl.FullSyncService","level":"INFO","message":"Attempting to clean indices of type 'EXTERNAL_GROUP'.","threadName":"executor-thread-15","threadId":54,"mdc":{},"ndc":"","hostName":"search-sync-service-67d9ffbff9-96j49","processName":"quarkus-run.jar","processId":1}
{"timestamp":"2023-11-20T15:17:37Z","sequence":988,"loggerClassName":"org.jboss.logging.Logger","loggerName":"com.knime.enterprise.cloud.services.searchsync.impl.FullSyncService","level":"INFO","message":"Start creation of new index for type: TAG","threadName":"executor-thread-16","threadId":55,"mdc":{},"ndc":"","hostName":"search-sync-service-67d9ffbff9-96j49","processName":"quarkus-run.jar","processId":1}
{"timestamp":"2023-11-20T15:17:37Z","sequence":989,"loggerClassName":"org.jboss.logging.Logger","loggerName":"com.knime.enterprise.cloud.services.searchsync.impl.FullSyncService","level":"INFO","message":"Attempting to clean indices of type 'TAG'.","threadName":"executor-thread-16","threadId":55,"mdc":{},"ndc":"","hostName":"search-sync-service-67d9ffbff9-96j49","processName":"quarkus-run.jar","processId":1}
{"timestamp":"2023-11-20T15:17:37.002Z","sequence":990,"loggerClassName":"org.jboss.logging.Logger","loggerName":"com.knime.enterprise.cloud.services.searchsync.impl.FullSyncService","level":"INFO","message":"Nothing to clean.","threadName":"executor-thread-16","threadId":55,"mdc":{},"ndc":"","hostName":"search-sync-service-67d9ffbff9-96j49","processName":"quarkus-run.jar","processId":1}
{"timestamp":"2023-11-20T15:17:37.002Z","sequence":991,"loggerClassName":"org.jboss.logging.Logger","loggerName":"com.knime.enterprise.cloud.services.searchsync.impl.FullSyncService","level":"INFO","message":"Nothing to clean.","threadName":"executor-thread-15","threadId":54,"mdc":{},"ndc":"","hostName":"search-sync-service-67d9ffbff9-96j49","processName":"quarkus-run.jar","processId":1}
{"timestamp":"2023-11-20T15:17:37.003Z","sequence":992,"loggerClassName":"org.jboss.logging.Logger","loggerName":"com.knime.enterprise.cloud.services.searchsync.impl.FullSyncService","level":"INFO","message":"Requesting creation of index of type 'TAG'.","threadName":"executor-thread-16","threadId":55,"mdc":{},"ndc":"","hostName":"search-sync-service-67d9ffbff9-96j49","processName":"quarkus-run.jar","processId":1}
{"timestamp":"2023-11-20T15:17:37.003Z","sequence":993,"loggerClassName":"org.jboss.logging.Logger","loggerName":"com.knime.enterprise.cloud.services.searchsync.impl.FullSyncService","level":"INFO","message":"Requesting creation of index of type 'EXTERNAL_GROUP'.","threadName":"executor-thread-15","threadId":54,"mdc":{},"ndc":"","hostName":"search-sync-service-67d9ffbff9-96j49","processName":"quarkus-run.jar","processId":1}
{"timestamp":"2023-11-20T15:17:37.105Z","sequence":994,"loggerClassName":"org.jboss.logging.Logger","loggerName":"com.knime.enterprise.cloud.services.searchsync.impl.FullSyncService","level":"INFO","message":"Index of type 'EXTERNAL_GROUP' successfully created: 'external_groups1700493457000'.","threadName":"executor-thread-15","threadId":54,"mdc":{},"ndc":"","hostName":"search-sync-service-67d9ffbff9-96j49","processName":"quarkus-run.jar","processId":1}
{"timestamp":"2023-11-20T15:17:37.135Z","sequence":995,"loggerClassName":"org.jboss.logging.Logger","loggerName":"com.knime.enterprise.cloud.services.searchsync.impl.FullSyncService","level":"INFO","message":"Index of type 'TAG' successfully created: 'tags1700493457000'.","threadName":"executor-thread-16","threadId":55,"mdc":{},"ndc":"","hostName":"search-sync-service-67d9ffbff9-96j49","processName":"quarkus-run.jar","processId":1}
{"timestamp":"2023-11-20T15:17:37.14Z","sequence":996,"loggerClassName":"org.jboss.logging.Logger","loggerName":"com.knime.enterprise.cloud.services.searchsync.impl.FullSyncService","level":"INFO","message":"Starting bulk request 1.","threadName":"executor-thread-16","threadId":55,"mdc":{},"ndc":"","hostName":"search-sync-service-67d9ffbff9-96j49","processName":"quarkus-run.jar","processId":1}
{"timestamp":"2023-11-20T15:17:37.14Z","sequence":997,"loggerClassName":"org.jboss.logging.Logger","loggerName":"com.knime.enterprise.cloud.services.searchsync.impl.FullSyncService","level":"INFO","message":"Starting bulk request 2.","threadName":"executor-thread-16","threadId":55,"mdc":{},"ndc":"","hostName":"search-sync-service-67d9ffbff9-96j49","processName":"quarkus-run.jar","processId":1}
{"timestamp":"2023-11-20T15:17:37.149Z","sequence":998,"loggerClassName":"org.jboss.logging.Logger","loggerName":"com.knime.enterprise.cloud.services.searchsync.impl.FullSyncService","level":"INFO","message":"Finished bulk request 1: OK","threadName":"I/O dispatcher 1","threadId":38,"mdc":{},"ndc":"","hostName":"search-sync-service-67d9ffbff9-96j49","processName":"quarkus-run.jar","processId":1}
{"timestamp":"2023-11-20T15:17:37.15Z","sequence":999,"loggerClassName":"org.jboss.logging.Logger","loggerName":"com.knime.enterprise.cloud.services.searchsync.impl.FullSyncService","level":"INFO","message":"Starting bulk request 3.","threadName":"executor-thread-16","threadId":55,"mdc":{},"ndc":"","hostName":"search-sync-service-67d9ffbff9-96j49","processName":"quarkus-run.jar","processId":1}
{"timestamp":"2023-11-20T15:17:37.158Z","sequence":1000,"loggerClassName":"org.jboss.logging.Logger","loggerName":"com.knime.enterprise.cloud.services.searchsync.impl.FullSyncService","level":"INFO","message":"Finished bulk request 2: OK","threadName":"I/O dispatcher 1","threadId":38,"mdc":{},"ndc":"","hostName":"search-sync-service-67d9ffbff9-96j49","processName":"quarkus-run.jar","processId":1}
{"timestamp":"2023-11-20T15:17:37.159Z","sequence":1001,"loggerClassName":"org.jboss.logging.Logger","loggerName":"com.knime.enterprise.cloud.services.searchsync.impl.FullSyncService","level":"INFO","message":"Starting bulk request 4.","threadName":"executor-thread-16","threadId":55,"mdc":{},"ndc":"","hostName":"search-sync-service-67d9ffbff9-96j49","processName":"quarkus-run.jar","processId":1}
{"timestamp":"2023-11-20T15:17:37.164Z","sequence":1002,"loggerClassName":"org.jboss.logging.Logger","loggerName":"com.knime.enterprise.cloud.services.searchsync.impl.FullSyncService","level":"INFO","message":"Accounts service retrieved the hub global account.","threadName":"executor-thread-15","threadId":54,"mdc":{},"ndc":"","hostName":"search-sync-service-67d9ffbff9-96j49","processName":"quarkus-run.jar","processId":1}
{"timestamp":"2023-11-20T15:17:37.164Z","sequence":1003,"loggerClassName":"org.jboss.logging.Logger","loggerName":"com.knime.enterprise.cloud.services.searchsync.impl.FullSyncService","level":"INFO","message":"Accounts service returned 0 external groups.","threadName":"executor-thread-15","threadId":54,"mdc":{},"ndc":"","hostName":"search-sync-service-67d9ffbff9-96j49","processName":"quarkus-run.jar","processId":1}
{"timestamp":"2023-11-20T15:17:37.164Z","sequence":1004,"loggerClassName":"org.jboss.logging.Logger","loggerName":"com.knime.enterprise.cloud.services.searchsync.impl.FullSyncService","level":"INFO","message":"Start bulk index of :'external_groups1700493457000'","threadName":"executor-thread-15","threadId":54,"mdc":{},"ndc":"","hostName":"search-sync-service-67d9ffbff9-96j49","processName":"quarkus-run.jar","processId":1}
{"timestamp":"2023-11-20T15:17:37.164Z","sequence":1005,"loggerClassName":"org.jboss.logging.Logger","loggerName":"com.knime.enterprise.cloud.services.searchsync.impl.FullSyncService","level":"INFO","message":"0 items has been added to 'external_groups' index (out of 0 items retrieved).","threadName":"executor-thread-15","threadId":54,"mdc":{},"ndc":"","hostName":"search-sync-service-67d9ffbff9-96j49","processName":"quarkus-run.jar","processId":1}
{"timestamp":"2023-11-20T15:17:37.167Z","sequence":1006,"loggerClassName":"org.jboss.logging.Logger","loggerName":"com.knime.enterprise.cloud.services.searchsync.impl.FullSyncService","level":"INFO","message":"Finished bulk request 3: OK","threadName":"I/O dispatcher 1","threadId":38,"mdc":{},"ndc":"","hostName":"search-sync-service-67d9ffbff9-96j49","processName":"quarkus-run.jar","processId":1}
{"timestamp":"2023-11-20T15:17:37.167Z","sequence":1007,"loggerClassName":"org.jboss.logging.Logger","loggerName":"com.knime.enterprise.cloud.services.searchsync.impl.FullSyncService","level":"INFO","message":"Requesting to add alias for new index with name 'external_groups1700493457000'.","threadName":"executor-thread-15","threadId":54,"mdc":{},"ndc":"","hostName":"search-sync-service-67d9ffbff9-96j49","processName":"quarkus-run.jar","processId":1}
{"timestamp":"2023-11-20T15:17:37.167Z","sequence":1008,"loggerClassName":"org.jboss.logging.Logger","loggerName":"com.knime.enterprise.cloud.services.searchsync.impl.FullSyncService","level":"INFO","message":"Starting bulk request 5.","threadName":"executor-thread-16","threadId":55,"mdc":{},"ndc":"","hostName":"search-sync-service-67d9ffbff9-96j49","processName":"quarkus-run.jar","processId":1}
{"timestamp":"2023-11-20T15:17:37.177Z","sequence":1009,"loggerClassName":"org.jboss.logging.Logger","loggerName":"com.knime.enterprise.cloud.services.searchsync.impl.FullSyncService","level":"INFO","message":"Finished bulk request 4: OK","threadName":"I/O dispatcher 1","threadId":38,"mdc":{},"ndc":"","hostName":"search-sync-service-67d9ffbff9-96j49","processName":"quarkus-run.jar","processId":1}
{"timestamp":"2023-11-20T15:17:37.178Z","sequence":1010,"loggerClassName":"org.jboss.logging.Logger","loggerName":"com.knime.enterprise.cloud.services.searchsync.impl.FullSyncService","level":"INFO","message":"Starting bulk request 6.","threadName":"executor-thread-16","threadId":55,"mdc":{},"ndc":"","hostName":"search-sync-service-67d9ffbff9-96j49","processName":"quarkus-run.jar","processId":1}
{"timestamp":"2023-11-20T15:17:37.185Z","sequence":1011,"loggerClassName":"org.jboss.logging.Logger","loggerName":"com.knime.enterprise.cloud.services.searchsync.impl.FullSyncService","level":"INFO","message":"Finished bulk request 5: OK","threadName":"I/O dispatcher 1","threadId":38,"mdc":{},"ndc":"","hostName":"search-sync-service-67d9ffbff9-96j49","processName":"quarkus-run.jar","processId":1}
{"timestamp":"2023-11-20T15:17:37.185Z","sequence":1012,"loggerClassName":"org.jboss.logging.Logger","loggerName":"com.knime.enterprise.cloud.services.searchsync.impl.FullSyncService","level":"INFO","message":"Starting bulk request 7.","threadName":"executor-thread-16","threadId":55,"mdc":{},"ndc":"","hostName":"search-sync-service-67d9ffbff9-96j49","processName":"quarkus-run.jar","processId":1}
{"timestamp":"2023-11-20T15:17:37.194Z","sequence":1013,"loggerClassName":"org.jboss.logging.Logger","loggerName":"com.knime.enterprise.cloud.services.searchsync.impl.FullSyncService","level":"INFO","message":"Finished bulk request 6: OK","threadName":"I/O dispatcher 1","threadId":38,"mdc":{},"ndc":"","hostName":"search-sync-service-67d9ffbff9-96j49","processName":"quarkus-run.jar","processId":1}
{"timestamp":"2023-11-20T15:17:37.195Z","sequence":1014,"loggerClassName":"org.jboss.logging.Logger","loggerName":"com.knime.enterprise.cloud.services.searchsync.impl.FullSyncService","level":"INFO","message":"Starting bulk request 8.","threadName":"executor-thread-16","threadId":55,"mdc":{},"ndc":"","hostName":"search-sync-service-67d9ffbff9-96j49","processName":"quarkus-run.jar","processId":1}
{"timestamp":"2023-11-20T15:17:37.2Z","sequence":1015,"loggerClassName":"org.jboss.logging.Logger","loggerName":"com.knime.enterprise.cloud.services.searchsync.impl.FullSyncService","level":"INFO","message":"Index with name 'external_groups1700493457000' successfully created and aliased.","threadName":"executor-thread-15","threadId":54,"mdc":{},"ndc":"","hostName":"search-sync-service-67d9ffbff9-96j49","processName":"quarkus-run.jar","processId":1}
{"timestamp":"2023-11-20T15:17:37.2Z","sequence":1016,"loggerClassName":"org.jboss.logging.Logger","loggerName":"com.knime.enterprise.cloud.services.searchsync.impl.FullSyncService","level":"INFO","message":"Attempting to clean indices of type 'EXTERNAL_GROUP'.","threadName":"executor-thread-15","threadId":54,"mdc":{},"ndc":"","hostName":"search-sync-service-67d9ffbff9-96j49","processName":"quarkus-run.jar","processId":1}
{"timestamp":"2023-11-20T15:17:37.202Z","sequence":1017,"loggerClassName":"org.jboss.logging.Logger","loggerName":"com.knime.enterprise.cloud.services.searchsync.impl.FullSyncService","level":"INFO","message":"Nothing to clean.","threadName":"executor-thread-15","threadId":54,"mdc":{},"ndc":"","hostName":"search-sync-service-67d9ffbff9-96j49","processName":"quarkus-run.jar","processId":1}
{"timestamp":"2023-11-20T15:17:37.202Z","sequence":1018,"loggerClassName":"org.jboss.logging.Logger","loggerName":"com.knime.enterprise.cloud.services.searchsync.impl.FullSyncService","level":"INFO","message":"Finished bulk request 7: OK","threadName":"I/O dispatcher 1","threadId":38,"mdc":{},"ndc":"","hostName":"search-sync-service-67d9ffbff9-96j49","processName":"quarkus-run.jar","processId":1}
{"timestamp":"2023-11-20T15:17:37.203Z","sequence":1019,"loggerClassName":"org.jboss.logging.Logger","loggerName":"com.knime.enterprise.cloud.services.searchsync.impl.FullSyncService","level":"INFO","message":"Starting bulk request 9.","threadName":"executor-thread-16","threadId":55,"mdc":{},"ndc":"","hostName":"search-sync-service-67d9ffbff9-96j49","processName":"quarkus-run.jar","processId":1}
{"timestamp":"2023-11-20T15:17:37.212Z","sequence":1020,"loggerClassName":"org.jboss.logging.Logger","loggerName":"com.knime.enterprise.cloud.services.searchsync.impl.FullSyncService","level":"INFO","message":"Finished bulk request 8: OK","threadName":"I/O dispatcher 1","threadId":38,"mdc":{},"ndc":"","hostName":"search-sync-service-67d9ffbff9-96j49","processName":"quarkus-run.jar","processId":1}
{"timestamp":"2023-11-20T15:17:37.212Z","sequence":1021,"loggerClassName":"org.jboss.logging.Logger","loggerName":"com.knime.enterprise.cloud.services.searchsync.impl.FullSyncService","level":"INFO","message":"Starting bulk request 10.","threadName":"executor-thread-16","threadId":55,"mdc":{},"ndc":"","hostName":"search-sync-service-67d9ffbff9-96j49","processName":"quarkus-run.jar","processId":1}
{"timestamp":"2023-11-20T15:17:37.22Z","sequence":1022,"loggerClassName":"org.jboss.logging.Logger","loggerName":"com.knime.enterprise.cloud.services.searchsync.impl.FullSyncService","level":"INFO","message":"Finished bulk request 9: OK","threadName":"I/O dispatcher 1","threadId":38,"mdc":{},"ndc":"","hostName":"search-sync-service-67d9ffbff9-96j49","processName":"quarkus-run.jar","processId":1}
{"timestamp":"2023-11-20T15:17:37.228Z","sequence":1023,"loggerClassName":"org.jboss.logging.Logger","loggerName":"com.knime.enterprise.cloud.services.searchsync.impl.FullSyncService","level":"INFO","message":"Finished bulk request 10: OK","threadName":"I/O dispatcher 1","threadId":38,"mdc":{},"ndc":"","hostName":"search-sync-service-67d9ffbff9-96j49","processName":"quarkus-run.jar","processId":1}
{"timestamp":"2023-11-20T15:17:37.262Z","sequence":1024,"loggerClassName":"org.jboss.logging.Logger","loggerName":"com.knime.enterprise.cloud.services.searchsync.impl.FullSyncService","level":"INFO","message":"Requesting to add alias for new index with name 'tags1700493457000'.","threadName":"executor-thread-16","threadId":55,"mdc":{},"ndc":"","hostName":"search-sync-service-67d9ffbff9-96j49","processName":"quarkus-run.jar","processId":1}
{"timestamp":"2023-11-20T15:17:37.295Z","sequence":1025,"loggerClassName":"org.jboss.logging.Logger","loggerName":"com.knime.enterprise.cloud.services.searchsync.impl.FullSyncService","level":"INFO","message":"Index with name 'tags1700493457000' successfully created and aliased.","threadName":"executor-thread-16","threadId":55,"mdc":{},"ndc":"","hostName":"search-sync-service-67d9ffbff9-96j49","processName":"quarkus-run.jar","processId":1}
{"timestamp":"2023-11-20T15:17:37.295Z","sequence":1026,"loggerClassName":"org.jboss.logging.Logger","loggerName":"com.knime.enterprise.cloud.services.searchsync.impl.FullSyncService","level":"INFO","message":"Attempting to clean indices of type 'TAG'.","threadName":"executor-thread-16","threadId":55,"mdc":{},"ndc":"","hostName":"search-sync-service-67d9ffbff9-96j49","processName":"quarkus-run.jar","processId":1}
{"timestamp":"2023-11-20T15:17:37.297Z","sequence":1027,"loggerClassName":"org.jboss.logging.Logger","loggerName":"com.knime.enterprise.cloud.services.searchsync.impl.FullSyncService","level":"INFO","message":"Nothing to clean.","threadName":"executor-thread-16","threadId":55,"mdc":{},"ndc":"","hostName":"search-sync-service-67d9ffbff9-96j49","processName":"quarkus-run.jar","processId":1}
{"timestamp":"2023-11-20T15:27:37Z","sequence":1028,"loggerClassName":"org.jboss.logging.Logger","loggerName":"com.knime.enterprise.cloud.services.searchsync.impl.FullSyncService","level":"INFO","message":"Start creation of new index for type: EXTERNAL_GROUP","threadName":"executor-thread-16","threadId":55,"mdc":{},"ndc":"","hostName":"search-sync-service-67d9ffbff9-96j49","processName":"quarkus-run.jar","processId":1}
{"timestamp":"2023-11-20T15:27:37Z","sequence":1029,"loggerClassName":"org.jboss.logging.Logger","loggerName":"com.knime.enterprise.cloud.services.searchsync.impl.FullSyncService","level":"INFO","message":"Attempting to clean indices of type 'EXTERNAL_GROUP'.","threadName":"executor-thread-16","threadId":55,"mdc":{},"ndc":"","hostName":"search-sync-service-67d9ffbff9-96j49","processName":"quarkus-run.jar","processId":1}
{"timestamp":"2023-11-20T15:27:37Z","sequence":1030,"loggerClassName":"org.jboss.logging.Logger","loggerName":"com.knime.enterprise.cloud.services.searchsync.impl.FullSyncService","level":"INFO","message":"Start creation of new index for type: TAG","threadName":"executor-thread-17","threadId":56,"mdc":{},"ndc":"","hostName":"search-sync-service-67d9ffbff9-96j49","processName":"quarkus-run.jar","processId":1}
{"timestamp":"2023-11-20T15:27:37Z","sequence":1031,"loggerClassName":"org.jboss.logging.Logger","loggerName":"com.knime.enterprise.cloud.services.searchsync.impl.FullSyncService","level":"INFO","message":"Attempting to clean indices of type 'TAG'.","threadName":"executor-thread-17","threadId":56,"mdc":{},"ndc":"","hostName":"search-sync-service-67d9ffbff9-96j49","processName":"quarkus-run.jar","processId":1}
{"timestamp":"2023-11-20T15:27:37.002Z","sequence":1032,"loggerClassName":"org.jboss.logging.Logger","loggerName":"com.knime.enterprise.cloud.services.searchsync.impl.FullSyncService","level":"INFO","message":"Nothing to clean.","threadName":"executor-thread-17","threadId":56,"mdc":{},"ndc":"","hostName":"search-sync-service-67d9ffbff9-96j49","processName":"quarkus-run.jar","processId":1}
{"timestamp":"2023-11-20T15:27:37.003Z","sequence":1033,"loggerClassName":"org.jboss.logging.Logger","loggerName":"com.knime.enterprise.cloud.services.searchsync.impl.FullSyncService","level":"INFO","message":"Nothing to clean.","threadName":"executor-thread-16","threadId":55,"mdc":{},"ndc":"","hostName":"search-sync-service-67d9ffbff9-96j49","processName":"quarkus-run.jar","processId":1}
{"timestamp":"2023-11-20T15:27:37.003Z","sequence":1034,"loggerClassName":"org.jboss.logging.Logger","loggerName":"com.knime.enterprise.cloud.services.searchsync.impl.FullSyncService","level":"INFO","message":"Requesting creation of index of type 'TAG'.","threadName":"executor-thread-17","threadId":56,"mdc":{},"ndc":"","hostName":"search-sync-service-67d9ffbff9-96j49","processName":"quarkus-run.jar","processId":1}
{"timestamp":"2023-11-20T15:27:37.003Z","sequence":1035,"loggerClassName":"org.jboss.logging.Logger","loggerName":"com.knime.enterprise.cloud.services.searchsync.impl.FullSyncService","level":"INFO","message":"Requesting creation of index of type 'EXTERNAL_GROUP'.","threadName":"executor-thread-16","threadId":55,"mdc":{},"ndc":"","hostName":"search-sync-service-67d9ffbff9-96j49","processName":"quarkus-run.jar","processId":1}
{"timestamp":"2023-11-20T15:27:37.107Z","sequence":1036,"loggerClassName":"org.jboss.logging.Logger","loggerName":"com.knime.enterprise.cloud.services.searchsync.impl.FullSyncService","level":"INFO","message":"Index of type 'TAG' successfully created: 'tags1700494057000'.","threadName":"executor-thread-17","threadId":56,"mdc":{},"ndc":"","hostName":"search-sync-service-67d9ffbff9-96j49","processName":"quarkus-run.jar","processId":1}
{"timestamp":"2023-11-20T15:27:37.112Z","sequence":1037,"loggerClassName":"org.jboss.logging.Logger","loggerName":"com.knime.enterprise.cloud.services.searchsync.impl.FullSyncService","level":"INFO","message":"Starting bulk request 1.","threadName":"executor-thread-17","threadId":56,"mdc":{},"ndc":"","hostName":"search-sync-service-67d9ffbff9-96j49","processName":"quarkus-run.jar","processId":1}
{"timestamp":"2023-11-20T15:27:37.113Z","sequence":1038,"loggerClassName":"org.jboss.logging.Logger","loggerName":"com.knime.enterprise.cloud.services.searchsync.impl.FullSyncService","level":"INFO","message":"Starting bulk request 2.","threadName":"executor-thread-17","threadId":56,"mdc":{},"ndc":"","hostName":"search-sync-service-67d9ffbff9-96j49","processName":"quarkus-run.jar","processId":1}
{"timestamp":"2023-11-20T15:27:37.121Z","sequence":1039,"loggerClassName":"org.jboss.logging.Logger","loggerName":"com.knime.enterprise.cloud.services.searchsync.impl.FullSyncService","level":"INFO","message":"Finished bulk request 1: OK","threadName":"I/O dispatcher 1","threadId":38,"mdc":{},"ndc":"","hostName":"search-sync-service-67d9ffbff9-96j49","processName":"quarkus-run.jar","processId":1}
{"timestamp":"2023-11-20T15:27:37.122Z","sequence":1040,"loggerClassName":"org.jboss.logging.Logger","loggerName":"com.knime.enterprise.cloud.services.searchsync.impl.FullSyncService","level":"INFO","message":"Starting bulk request 3.","threadName":"executor-thread-17","threadId":56,"mdc":{},"ndc":"","hostName":"search-sync-service-67d9ffbff9-96j49","processName":"quarkus-run.jar","processId":1}
{"timestamp":"2023-11-20T15:27:37.129Z","sequence":1041,"loggerClassName":"org.jboss.logging.Logger","loggerName":"com.knime.enterprise.cloud.services.searchsync.impl.FullSyncService","level":"INFO","message":"Finished bulk request 2: OK","threadName":"I/O dispatcher 1","threadId":38,"mdc":{},"ndc":"","hostName":"search-sync-service-67d9ffbff9-96j49","processName":"quarkus-run.jar","processId":1}
{"timestamp":"2023-11-20T15:27:37.13Z","sequence":1042,"loggerClassName":"org.jboss.logging.Logger","loggerName":"com.knime.enterprise.cloud.services.searchsync.impl.FullSyncService","level":"INFO","message":"Starting bulk request 4.","threadName":"executor-thread-17","threadId":56,"mdc":{},"ndc":"","hostName":"search-sync-service-67d9ffbff9-96j49","processName":"quarkus-run.jar","processId":1}
{"timestamp":"2023-11-20T15:27:37.139Z","sequence":1043,"loggerClassName":"org.jboss.logging.Logger","loggerName":"com.knime.enterprise.cloud.services.searchsync.impl.FullSyncService","level":"INFO","message":"Index of type 'EXTERNAL_GROUP' successfully created: 'external_groups1700494057000'.","threadName":"executor-thread-16","threadId":55,"mdc":{},"ndc":"","hostName":"search-sync-service-67d9ffbff9-96j49","processName":"quarkus-run.jar","processId":1}
{"timestamp":"2023-11-20T15:27:37.139Z","sequence":1044,"loggerClassName":"org.jboss.logging.Logger","loggerName":"com.knime.enterprise.cloud.services.searchsync.impl.FullSyncService","level":"INFO","message":"Finished bulk request 3: OK","threadName":"I/O dispatcher 1","threadId":38,"mdc":{},"ndc":"","hostName":"search-sync-service-67d9ffbff9-96j49","processName":"quarkus-run.jar","processId":1}
{"timestamp":"2023-11-20T15:27:37.14Z","sequence":1045,"loggerClassName":"org.jboss.logging.Logger","loggerName":"com.knime.enterprise.cloud.services.searchsync.impl.FullSyncService","level":"INFO","message":"Starting bulk request 5.","threadName":"executor-thread-17","threadId":56,"mdc":{},"ndc":"","hostName":"search-sync-service-67d9ffbff9-96j49","processName":"quarkus-run.jar","processId":1}
{"timestamp":"2023-11-20T15:27:37.148Z","sequence":1046,"loggerClassName":"org.jboss.logging.Logger","loggerName":"com.knime.enterprise.cloud.services.searchsync.impl.FullSyncService","level":"INFO","message":"Finished bulk request 4: OK","threadName":"I/O dispatcher 1","threadId":38,"mdc":{},"ndc":"","hostName":"search-sync-service-67d9ffbff9-96j49","processName":"quarkus-run.jar","processId":1}
{"timestamp":"2023-11-20T15:27:37.148Z","sequence":1047,"loggerClassName":"org.jboss.logging.Logger","loggerName":"com.knime.enterprise.cloud.services.searchsync.impl.FullSyncService","level":"INFO","message":"Starting bulk request 6.","threadName":"executor-thread-17","threadId":56,"mdc":{},"ndc":"","hostName":"search-sync-service-67d9ffbff9-96j49","processName":"quarkus-run.jar","processId":1}
{"timestamp":"2023-11-20T15:27:37.155Z","sequence":1048,"loggerClassName":"org.jboss.logging.Logger","loggerName":"com.knime.enterprise.cloud.services.searchsync.impl.FullSyncService","level":"INFO","message":"Finished bulk request 5: OK","threadName":"I/O dispatcher 1","threadId":38,"mdc":{},"ndc":"","hostName":"search-sync-service-67d9ffbff9-96j49","processName":"quarkus-run.jar","processId":1}
{"timestamp":"2023-11-20T15:27:37.156Z","sequence":1049,"loggerClassName":"org.jboss.logging.Logger","loggerName":"com.knime.enterprise.cloud.services.searchsync.impl.FullSyncService","level":"INFO","message":"Starting bulk request 7.","threadName":"executor-thread-17","threadId":56,"mdc":{},"ndc":"","hostName":"search-sync-service-67d9ffbff9-96j49","processName":"quarkus-run.jar","processId":1}
{"timestamp":"2023-11-20T15:27:37.163Z","sequence":1050,"loggerClassName":"org.jboss.logging.Logger","loggerName":"com.knime.enterprise.cloud.services.searchsync.impl.FullSyncService","level":"INFO","message":"Finished bulk request 6: OK","threadName":"I/O dispatcher 1","threadId":38,"mdc":{},"ndc":"","hostName":"search-sync-service-67d9ffbff9-96j49","processName":"quarkus-run.jar","processId":1}
{"timestamp":"2023-11-20T15:27:37.164Z","sequence":1051,"loggerClassName":"org.jboss.logging.Logger","loggerName":"com.knime.enterprise.cloud.services.searchsync.impl.FullSyncService","level":"INFO","message":"Starting bulk request 8.","threadName":"executor-thread-17","threadId":56,"mdc":{},"ndc":"","hostName":"search-sync-service-67d9ffbff9-96j49","processName":"quarkus-run.jar","processId":1}
{"timestamp":"2023-11-20T15:27:37.171Z","sequence":1052,"loggerClassName":"org.jboss.logging.Logger","loggerName":"com.knime.enterprise.cloud.services.searchsync.impl.FullSyncService","level":"INFO","message":"Finished bulk request 7: OK","threadName":"I/O dispatcher 1","threadId":38,"mdc":{},"ndc":"","hostName":"search-sync-service-67d9ffbff9-96j49","processName":"quarkus-run.jar","processId":1}
{"timestamp":"2023-11-20T15:27:37.171Z","sequence":1053,"loggerClassName":"org.jboss.logging.Logger","loggerName":"com.knime.enterprise.cloud.services.searchsync.impl.FullSyncService","level":"INFO","message":"Starting bulk request 9.","threadName":"executor-thread-17","threadId":56,"mdc":{},"ndc":"","hostName":"search-sync-service-67d9ffbff9-96j49","processName":"quarkus-run.jar","processId":1}
{"timestamp":"2023-11-20T15:27:37.178Z","sequence":1054,"loggerClassName":"org.jboss.logging.Logger","loggerName":"com.knime.enterprise.cloud.services.searchsync.impl.FullSyncService","level":"INFO","message":"Accounts service retrieved the hub global account.","threadName":"executor-thread-16","threadId":55,"mdc":{},"ndc":"","hostName":"search-sync-service-67d9ffbff9-96j49","processName":"quarkus-run.jar","processId":1}
{"timestamp":"2023-11-20T15:27:37.178Z","sequence":1055,"loggerClassName":"org.jboss.logging.Logger","loggerName":"com.knime.enterprise.cloud.services.searchsync.impl.FullSyncService","level":"INFO","message":"Accounts service returned 0 external groups.","threadName":"executor-thread-16","threadId":55,"mdc":{},"ndc":"","hostName":"search-sync-service-67d9ffbff9-96j49","processName":"quarkus-run.jar","processId":1}
{"timestamp":"2023-11-20T15:27:37.178Z","sequence":1056,"loggerClassName":"org.jboss.logging.Logger","loggerName":"com.knime.enterprise.cloud.services.searchsync.impl.FullSyncService","level":"INFO","message":"Start bulk index of :'external_groups1700494057000'","threadName":"executor-thread-16","threadId":55,"mdc":{},"ndc":"","hostName":"search-sync-service-67d9ffbff9-96j49","processName":"quarkus-run.jar","processId":1}
{"timestamp":"2023-11-20T15:27:37.178Z","sequence":1057,"loggerClassName":"org.jboss.logging.Logger","loggerName":"com.knime.enterprise.cloud.services.searchsync.impl.FullSyncService","level":"INFO","message":"0 items has been added to 'external_groups' index (out of 0 items retrieved).","threadName":"executor-thread-16","threadId":55,"mdc":{},"ndc":"","hostName":"search-sync-service-67d9ffbff9-96j49","processName":"quarkus-run.jar","processId":1}
{"timestamp":"2023-11-20T15:27:37.179Z","sequence":1058,"loggerClassName":"org.jboss.logging.Logger","loggerName":"com.knime.enterprise.cloud.services.searchsync.impl.FullSyncService","level":"INFO","message":"Finished bulk request 8: OK","threadName":"I/O dispatcher 1","threadId":38,"mdc":{},"ndc":"","hostName":"search-sync-service-67d9ffbff9-96j49","processName":"quarkus-run.jar","processId":1}
{"timestamp":"2023-11-20T15:27:37.179Z","sequence":1059,"loggerClassName":"org.jboss.logging.Logger","loggerName":"com.knime.enterprise.cloud.services.searchsync.impl.FullSyncService","level":"INFO","message":"Starting bulk request 10.","threadName":"executor-thread-17","threadId":56,"mdc":{},"ndc":"","hostName":"search-sync-service-67d9ffbff9-96j49","processName":"quarkus-run.jar","processId":1}
{"timestamp":"2023-11-20T15:27:37.18Z","sequence":1060,"loggerClassName":"org.jboss.logging.Logger","loggerName":"com.knime.enterprise.cloud.services.searchsync.impl.FullSyncService","level":"INFO","message":"Requesting to add alias for new index with name 'external_groups1700494057000'.","threadName":"executor-thread-16","threadId":55,"mdc":{},"ndc":"","hostName":"search-sync-service-67d9ffbff9-96j49","processName":"quarkus-run.jar","processId":1}
{"timestamp":"2023-11-20T15:27:37.187Z","sequence":1061,"loggerClassName":"org.jboss.logging.Logger","loggerName":"com.knime.enterprise.cloud.services.searchsync.impl.FullSyncService","level":"INFO","message":"Finished bulk request 9: OK","threadName":"I/O dispatcher 1","threadId":38,"mdc":{},"ndc":"","hostName":"search-sync-service-67d9ffbff9-96j49","processName":"quarkus-run.jar","processId":1}
{"timestamp":"2023-11-20T15:27:37.195Z","sequence":1062,"loggerClassName":"org.jboss.logging.Logger","loggerName":"com.knime.enterprise.cloud.services.searchsync.impl.FullSyncService","level":"INFO","message":"Finished bulk request 10: OK","threadName":"I/O dispatcher 1","threadId":38,"mdc":{},"ndc":"","hostName":"search-sync-service-67d9ffbff9-96j49","processName":"quarkus-run.jar","processId":1}
{"timestamp":"2023-11-20T15:27:37.213Z","sequence":1063,"loggerClassName":"org.jboss.logging.Logger","loggerName":"com.knime.enterprise.cloud.services.searchsync.impl.FullSyncService","level":"INFO","message":"Index with name 'external_groups1700494057000' successfully created and aliased.","threadName":"executor-thread-16","threadId":55,"mdc":{},"ndc":"","hostName":"search-sync-service-67d9ffbff9-96j49","processName":"quarkus-run.jar","processId":1}
{"timestamp":"2023-11-20T15:27:37.213Z","sequence":1064,"loggerClassName":"org.jboss.logging.Logger","loggerName":"com.knime.enterprise.cloud.services.searchsync.impl.FullSyncService","level":"INFO","message":"Attempting to clean indices of type 'EXTERNAL_GROUP'.","threadName":"executor-thread-16","threadId":55,"mdc":{},"ndc":"","hostName":"search-sync-service-67d9ffbff9-96j49","processName":"quarkus-run.jar","processId":1}
{"timestamp":"2023-11-20T15:27:37.215Z","sequence":1065,"loggerClassName":"org.jboss.logging.Logger","loggerName":"com.knime.enterprise.cloud.services.searchsync.impl.FullSyncService","level":"INFO","message":"Nothing to clean.","threadName":"executor-thread-16","threadId":55,"mdc":{},"ndc":"","hostName":"search-sync-service-67d9ffbff9-96j49","processName":"quarkus-run.jar","processId":1}
{"timestamp":"2023-11-20T15:27:37.23Z","sequence":1066,"loggerClassName":"org.jboss.logging.Logger","loggerName":"com.knime.enterprise.cloud.services.searchsync.impl.FullSyncService","level":"INFO","message":"Requesting to add alias for new index with name 'tags1700494057000'.","threadName":"executor-thread-17","threadId":56,"mdc":{},"ndc":"","hostName":"search-sync-service-67d9ffbff9-96j49","processName":"quarkus-run.jar","processId":1}
{"timestamp":"2023-11-20T15:27:37.26Z","sequence":1067,"loggerClassName":"org.jboss.logging.Logger","loggerName":"com.knime.enterprise.cloud.services.searchsync.impl.FullSyncService","level":"INFO","message":"Index with name 'tags1700494057000' successfully created and aliased.","threadName":"executor-thread-17","threadId":56,"mdc":{},"ndc":"","hostName":"search-sync-service-67d9ffbff9-96j49","processName":"quarkus-run.jar","processId":1}
{"timestamp":"2023-11-20T15:27:37.26Z","sequence":1068,"loggerClassName":"org.jboss.logging.Logger","loggerName":"com.knime.enterprise.cloud.services.searchsync.impl.FullSyncService","level":"INFO","message":"Attempting to clean indices of type 'TAG'.","threadName":"executor-thread-17","threadId":56,"mdc":{},"ndc":"","hostName":"search-sync-service-67d9ffbff9-96j49","processName":"quarkus-run.jar","processId":1}
{"timestamp":"2023-11-20T15:27:37.262Z","sequence":1069,"loggerClassName":"org.jboss.logging.Logger","loggerName":"com.knime.enterprise.cloud.services.searchsync.impl.FullSyncService","level":"INFO","message":"Nothing to clean.","threadName":"executor-thread-17","threadId":56,"mdc":{},"ndc":"","hostName":"search-sync-service-67d9ffbff9-96j49","processName":"quarkus-run.jar","processId":1}
{"timestamp":"2023-11-20T15:37:37Z","sequence":1070,"loggerClassName":"org.jboss.logging.Logger","loggerName":"com.knime.enterprise.cloud.services.searchsync.impl.FullSyncService","level":"INFO","message":"Start creation of new index for type: EXTERNAL_GROUP","threadName":"executor-thread-17","threadId":56,"mdc":{},"ndc":"","hostName":"search-sync-service-67d9ffbff9-96j49","processName":"quarkus-run.jar","processId":1}
{"timestamp":"2023-11-20T15:37:37Z","sequence":1072,"loggerClassName":"org.jboss.logging.Logger","loggerName":"com.knime.enterprise.cloud.services.searchsync.impl.FullSyncService","level":"INFO","message":"Attempting to clean indices of type 'EXTERNAL_GROUP'.","threadName":"executor-thread-17","threadId":56,"mdc":{},"ndc":"","hostName":"search-sync-service-67d9ffbff9-96j49","processName":"quarkus-run.jar","processId":1}
{"timestamp":"2023-11-20T15:37:37Z","sequence":1071,"loggerClassName":"org.jboss.logging.Logger","loggerName":"com.knime.enterprise.cloud.services.searchsync.impl.FullSyncService","level":"INFO","message":"Start creation of new index for type: TAG","threadName":"executor-thread-18","threadId":57,"mdc":{},"ndc":"","hostName":"search-sync-service-67d9ffbff9-96j49","processName":"quarkus-run.jar","processId":1}
{"timestamp":"2023-11-20T15:37:37Z","sequence":1073,"loggerClassName":"org.jboss.logging.Logger","loggerName":"com.knime.enterprise.cloud.services.searchsync.impl.FullSyncService","level":"INFO","message":"Attempting to clean indices of type 'TAG'.","threadName":"executor-thread-18","threadId":57,"mdc":{},"ndc":"","hostName":"search-sync-service-67d9ffbff9-96j49","processName":"quarkus-run.jar","processId":1}
{"timestamp":"2023-11-20T15:37:37.002Z","sequence":1074,"loggerClassName":"org.jboss.logging.Logger","loggerName":"com.knime.enterprise.cloud.services.searchsync.impl.FullSyncService","level":"INFO","message":"Nothing to clean.","threadName":"executor-thread-17","threadId":56,"mdc":{},"ndc":"","hostName":"search-sync-service-67d9ffbff9-96j49","processName":"quarkus-run.jar","processId":1}
{"timestamp":"2023-11-20T15:37:37.002Z","sequence":1075,"loggerClassName":"org.jboss.logging.Logger","loggerName":"com.knime.enterprise.cloud.services.searchsync.impl.FullSyncService","level":"INFO","message":"Requesting creation of index of type 'EXTERNAL_GROUP'.","threadName":"executor-thread-17","threadId":56,"mdc":{},"ndc":"","hostName":"search-sync-service-67d9ffbff9-96j49","processName":"quarkus-run.jar","processId":1}
{"timestamp":"2023-11-20T15:37:37.003Z","sequence":1076,"loggerClassName":"org.jboss.logging.Logger","loggerName":"com.knime.enterprise.cloud.services.searchsync.impl.FullSyncService","level":"INFO","message":"Nothing to clean.","threadName":"executor-thread-18","threadId":57,"mdc":{},"ndc":"","hostName":"search-sync-service-67d9ffbff9-96j49","processName":"quarkus-run.jar","processId":1}
{"timestamp":"2023-11-20T15:37:37.003Z","sequence":1077,"loggerClassName":"org.jboss.logging.Logger","loggerName":"com.knime.enterprise.cloud.services.searchsync.impl.FullSyncService","level":"INFO","message":"Requesting creation of index of type 'TAG'.","threadName":"executor-thread-18","threadId":57,"mdc":{},"ndc":"","hostName":"search-sync-service-67d9ffbff9-96j49","processName":"quarkus-run.jar","processId":1}
{"timestamp":"2023-11-20T15:37:37.107Z","sequence":1078,"loggerClassName":"org.jboss.logging.Logger","loggerName":"com.knime.enterprise.cloud.services.searchsync.impl.FullSyncService","level":"INFO","message":"Index of type 'EXTERNAL_GROUP' successfully created: 'external_groups1700494657000'.","threadName":"executor-thread-17","threadId":56,"mdc":{},"ndc":"","hostName":"search-sync-service-67d9ffbff9-96j49","processName":"quarkus-run.jar","processId":1}
{"timestamp":"2023-11-20T15:37:37.135Z","sequence":1079,"loggerClassName":"org.jboss.logging.Logger","loggerName":"com.knime.enterprise.cloud.services.searchsync.impl.FullSyncService","level":"INFO","message":"Index of type 'TAG' successfully created: 'tags1700494657000'.","threadName":"executor-thread-18","threadId":57,"mdc":{},"ndc":"","hostName":"search-sync-service-67d9ffbff9-96j49","processName":"quarkus-run.jar","processId":1}
{"timestamp":"2023-11-20T15:37:37.14Z","sequence":1080,"loggerClassName":"org.jboss.logging.Logger","loggerName":"com.knime.enterprise.cloud.services.searchsync.impl.FullSyncService","level":"INFO","message":"Starting bulk request 1.","threadName":"executor-thread-18","threadId":57,"mdc":{},"ndc":"","hostName":"search-sync-service-67d9ffbff9-96j49","processName":"quarkus-run.jar","processId":1}
{"timestamp":"2023-11-20T15:37:37.141Z","sequence":1081,"loggerClassName":"org.jboss.logging.Logger","loggerName":"com.knime.enterprise.cloud.services.searchsync.impl.FullSyncService","level":"INFO","message":"Starting bulk request 2.","threadName":"executor-thread-18","threadId":57,"mdc":{},"ndc":"","hostName":"search-sync-service-67d9ffbff9-96j49","processName":"quarkus-run.jar","processId":1}
{"timestamp":"2023-11-20T15:37:37.15Z","sequence":1082,"loggerClassName":"org.jboss.logging.Logger","loggerName":"com.knime.enterprise.cloud.services.searchsync.impl.FullSyncService","level":"INFO","message":"Finished bulk request 1: OK","threadName":"I/O dispatcher 1","threadId":38,"mdc":{},"ndc":"","hostName":"search-sync-service-67d9ffbff9-96j49","processName":"quarkus-run.jar","processId":1}
{"timestamp":"2023-11-20T15:37:37.15Z","sequence":1083,"loggerClassName":"org.jboss.logging.Logger","loggerName":"com.knime.enterprise.cloud.services.searchsync.impl.FullSyncService","level":"INFO","message":"Starting bulk request 3.","threadName":"executor-thread-18","threadId":57,"mdc":{},"ndc":"","hostName":"search-sync-service-67d9ffbff9-96j49","processName":"quarkus-run.jar","processId":1}
{"timestamp":"2023-11-20T15:37:37.157Z","sequence":1084,"loggerClassName":"org.jboss.logging.Logger","loggerName":"com.knime.enterprise.cloud.services.searchsync.impl.FullSyncService","level":"INFO","message":"Finished bulk request 2: OK","threadName":"I/O dispatcher 1","threadId":38,"mdc":{},"ndc":"","hostName":"search-sync-service-67d9ffbff9-96j49","processName":"quarkus-run.jar","processId":1}
{"timestamp":"2023-11-20T15:37:37.158Z","sequence":1085,"loggerClassName":"org.jboss.logging.Logger","loggerName":"com.knime.enterprise.cloud.services.searchsync.impl.FullSyncService","level":"INFO","message":"Starting bulk request 4.","threadName":"executor-thread-18","threadId":57,"mdc":{},"ndc":"","hostName":"search-sync-service-67d9ffbff9-96j49","processName":"quarkus-run.jar","processId":1}
{"timestamp":"2023-11-20T15:37:37.158Z","sequence":1086,"loggerClassName":"org.jboss.logging.Logger","loggerName":"com.knime.enterprise.cloud.services.searchsync.impl.FullSyncService","level":"INFO","message":"Accounts service retrieved the hub global account.","threadName":"executor-thread-17","threadId":56,"mdc":{},"ndc":"","hostName":"search-sync-service-67d9ffbff9-96j49","processName":"quarkus-run.jar","processId":1}
{"timestamp":"2023-11-20T15:37:37.158Z","sequence":1087,"loggerClassName":"org.jboss.logging.Logger","loggerName":"com.knime.enterprise.cloud.services.searchsync.impl.FullSyncService","level":"INFO","message":"Accounts service returned 0 external groups.","threadName":"executor-thread-17","threadId":56,"mdc":{},"ndc":"","hostName":"search-sync-service-67d9ffbff9-96j49","processName":"quarkus-run.jar","processId":1}
{"timestamp":"2023-11-20T15:37:37.158Z","sequence":1088,"loggerClassName":"org.jboss.logging.Logger","loggerName":"com.knime.enterprise.cloud.services.searchsync.impl.FullSyncService","level":"INFO","message":"Start bulk index of :'external_groups1700494657000'","threadName":"executor-thread-17","threadId":56,"mdc":{},"ndc":"","hostName":"search-sync-service-67d9ffbff9-96j49","processName":"quarkus-run.jar","processId":1}
{"timestamp":"2023-11-20T15:37:37.159Z","sequence":1089,"loggerClassName":"org.jboss.logging.Logger","loggerName":"com.knime.enterprise.cloud.services.searchsync.impl.FullSyncService","level":"INFO","message":"0 items has been added to 'external_groups' index (out of 0 items retrieved).","threadName":"executor-thread-17","threadId":56,"mdc":{},"ndc":"","hostName":"search-sync-service-67d9ffbff9-96j49","processName":"quarkus-run.jar","processId":1}
{"timestamp":"2023-11-20T15:37:37.161Z","sequence":1090,"loggerClassName":"org.jboss.logging.Logger","loggerName":"com.knime.enterprise.cloud.services.searchsync.impl.FullSyncService","level":"INFO","message":"Requesting to add alias for new index with name 'external_groups1700494657000'.","threadName":"executor-thread-17","threadId":56,"mdc":{},"ndc":"","hostName":"search-sync-service-67d9ffbff9-96j49","processName":"quarkus-run.jar","processId":1}
{"timestamp":"2023-11-20T15:37:37.166Z","sequence":1091,"loggerClassName":"org.jboss.logging.Logger","loggerName":"com.knime.enterprise.cloud.services.searchsync.impl.FullSyncService","level":"INFO","message":"Finished bulk request 3: OK","threadName":"I/O dispatcher 1","threadId":38,"mdc":{},"ndc":"","hostName":"search-sync-service-67d9ffbff9-96j49","processName":"quarkus-run.jar","processId":1}
{"timestamp":"2023-11-20T15:37:37.166Z","sequence":1092,"loggerClassName":"org.jboss.logging.Logger","loggerName":"com.knime.enterprise.cloud.services.searchsync.impl.FullSyncService","level":"INFO","message":"Starting bulk request 5.","threadName":"executor-thread-18","threadId":57,"mdc":{},"ndc":"","hostName":"search-sync-service-67d9ffbff9-96j49","processName":"quarkus-run.jar","processId":1}
{"timestamp":"2023-11-20T15:37:37.173Z","sequence":1093,"loggerClassName":"org.jboss.logging.Logger","loggerName":"com.knime.enterprise.cloud.services.searchsync.impl.FullSyncService","level":"INFO","message":"Finished bulk request 4: OK","threadName":"I/O dispatcher 1","threadId":38,"mdc":{},"ndc":"","hostName":"search-sync-service-67d9ffbff9-96j49","processName":"quarkus-run.jar","processId":1}
{"timestamp":"2023-11-20T15:37:37.174Z","sequence":1094,"loggerClassName":"org.jboss.logging.Logger","loggerName":"com.knime.enterprise.cloud.services.searchsync.impl.FullSyncService","level":"INFO","message":"Starting bulk request 6.","threadName":"executor-thread-18","threadId":57,"mdc":{},"ndc":"","hostName":"search-sync-service-67d9ffbff9-96j49","processName":"quarkus-run.jar","processId":1}
{"timestamp":"2023-11-20T15:37:37.181Z","sequence":1095,"loggerClassName":"org.jboss.logging.Logger","loggerName":"com.knime.enterprise.cloud.services.searchsync.impl.FullSyncService","level":"INFO","message":"Finished bulk request 5: OK","threadName":"I/O dispatcher 1","threadId":38,"mdc":{},"ndc":"","hostName":"search-sync-service-67d9ffbff9-96j49","processName":"quarkus-run.jar","processId":1}
{"timestamp":"2023-11-20T15:37:37.182Z","sequence":1096,"loggerClassName":"org.jboss.logging.Logger","loggerName":"com.knime.enterprise.cloud.services.searchsync.impl.FullSyncService","level":"INFO","message":"Starting bulk request 7.","threadName":"executor-thread-18","threadId":57,"mdc":{},"ndc":"","hostName":"search-sync-service-67d9ffbff9-96j49","processName":"quarkus-run.jar","processId":1}
{"timestamp":"2023-11-20T15:37:37.189Z","sequence":1097,"loggerClassName":"org.jboss.logging.Logger","loggerName":"com.knime.enterprise.cloud.services.searchsync.impl.FullSyncService","level":"INFO","message":"Finished bulk request 6: OK","threadName":"I/O dispatcher 1","threadId":38,"mdc":{},"ndc":"","hostName":"search-sync-service-67d9ffbff9-96j49","processName":"quarkus-run.jar","processId":1}
{"timestamp":"2023-11-20T15:37:37.19Z","sequence":1098,"loggerClassName":"org.jboss.logging.Logger","loggerName":"com.knime.enterprise.cloud.services.searchsync.impl.FullSyncService","level":"INFO","message":"Starting bulk request 8.","threadName":"executor-thread-18","threadId":57,"mdc":{},"ndc":"","hostName":"search-sync-service-67d9ffbff9-96j49","processName":"quarkus-run.jar","processId":1}
{"timestamp":"2023-11-20T15:37:37.194Z","sequence":1099,"loggerClassName":"org.jboss.logging.Logger","loggerName":"com.knime.enterprise.cloud.services.searchsync.impl.FullSyncService","level":"INFO","message":"Index with name 'external_groups1700494657000' successfully created and aliased.","threadName":"executor-thread-17","threadId":56,"mdc":{},"ndc":"","hostName":"search-sync-service-67d9ffbff9-96j49","processName":"quarkus-run.jar","processId":1}
{"timestamp":"2023-11-20T15:37:37.194Z","sequence":1100,"loggerClassName":"org.jboss.logging.Logger","loggerName":"com.knime.enterprise.cloud.services.searchsync.impl.FullSyncService","level":"INFO","message":"Attempting to clean indices of type 'EXTERNAL_GROUP'.","threadName":"executor-thread-17","threadId":56,"mdc":{},"ndc":"","hostName":"search-sync-service-67d9ffbff9-96j49","processName":"quarkus-run.jar","processId":1}
{"timestamp":"2023-11-20T15:37:37.196Z","sequence":1101,"loggerClassName":"org.jboss.logging.Logger","loggerName":"com.knime.enterprise.cloud.services.searchsync.impl.FullSyncService","level":"INFO","message":"Nothing to clean.","threadName":"executor-thread-17","threadId":56,"mdc":{},"ndc":"","hostName":"search-sync-service-67d9ffbff9-96j49","processName":"quarkus-run.jar","processId":1}
{"timestamp":"2023-11-20T15:37:37.199Z","sequence":1102,"loggerClassName":"org.jboss.logging.Logger","loggerName":"com.knime.enterprise.cloud.services.searchsync.impl.FullSyncService","level":"INFO","message":"Finished bulk request 7: OK","threadName":"I/O dispatcher 1","threadId":38,"mdc":{},"ndc":"","hostName":"search-sync-service-67d9ffbff9-96j49","processName":"quarkus-run.jar","processId":1}
{"timestamp":"2023-11-20T15:37:37.2Z","sequence":1103,"loggerClassName":"org.jboss.logging.Logger","loggerName":"com.knime.enterprise.cloud.services.searchsync.impl.FullSyncService","level":"INFO","message":"Starting bulk request 9.","threadName":"executor-thread-18","threadId":57,"mdc":{},"ndc":"","hostName":"search-sync-service-67d9ffbff9-96j49","processName":"quarkus-run.jar","processId":1}
{"timestamp":"2023-11-20T15:37:37.206Z","sequence":1104,"loggerClassName":"org.jboss.logging.Logger","loggerName":"com.knime.enterprise.cloud.services.searchsync.impl.FullSyncService","level":"INFO","message":"Finished bulk request 8: OK","threadName":"I/O dispatcher 1","threadId":38,"mdc":{},"ndc":"","hostName":"search-sync-service-67d9ffbff9-96j49","processName":"quarkus-run.jar","processId":1}
{"timestamp":"2023-11-20T15:37:37.207Z","sequence":1105,"loggerClassName":"org.jboss.logging.Logger","loggerName":"com.knime.enterprise.cloud.services.searchsync.impl.FullSyncService","level":"INFO","message":"Starting bulk request 10.","threadName":"executor-thread-18","threadId":57,"mdc":{},"ndc":"","hostName":"search-sync-service-67d9ffbff9-96j49","processName":"quarkus-run.jar","processId":1}
{"timestamp":"2023-11-20T15:37:37.216Z","sequence":1106,"loggerClassName":"org.jboss.logging.Logger","loggerName":"com.knime.enterprise.cloud.services.searchsync.impl.FullSyncService","level":"INFO","message":"Finished bulk request 9: OK","threadName":"I/O dispatcher 1","threadId":38,"mdc":{},"ndc":"","hostName":"search-sync-service-67d9ffbff9-96j49","processName":"quarkus-run.jar","processId":1}
{"timestamp":"2023-11-20T15:37:37.222Z","sequence":1107,"loggerClassName":"org.jboss.logging.Logger","loggerName":"com.knime.enterprise.cloud.services.searchsync.impl.FullSyncService","level":"INFO","message":"Finished bulk request 10: OK","threadName":"I/O dispatcher 1","threadId":38,"mdc":{},"ndc":"","hostName":"search-sync-service-67d9ffbff9-96j49","processName":"quarkus-run.jar","processId":1}
{"timestamp":"2023-11-20T15:37:37.26Z","sequence":1108,"loggerClassName":"org.jboss.logging.Logger","loggerName":"com.knime.enterprise.cloud.services.searchsync.impl.FullSyncService","level":"INFO","message":"Requesting to add alias for new index with name 'tags1700494657000'.","threadName":"executor-thread-18","threadId":57,"mdc":{},"ndc":"","hostName":"search-sync-service-67d9ffbff9-96j49","processName":"quarkus-run.jar","processId":1}
{"timestamp":"2023-11-20T15:37:37.29Z","sequence":1109,"loggerClassName":"org.jboss.logging.Logger","loggerName":"com.knime.enterprise.cloud.services.searchsync.impl.FullSyncService","level":"INFO","message":"Index with name 'tags1700494657000' successfully created and aliased.","threadName":"executor-thread-18","threadId":57,"mdc":{},"ndc":"","hostName":"search-sync-service-67d9ffbff9-96j49","processName":"quarkus-run.jar","processId":1}
{"timestamp":"2023-11-20T15:37:37.291Z","sequence":1110,"loggerClassName":"org.jboss.logging.Logger","loggerName":"com.knime.enterprise.cloud.services.searchsync.impl.FullSyncService","level":"INFO","message":"Attempting to clean indices of type 'TAG'.","threadName":"executor-thread-18","threadId":57,"mdc":{},"ndc":"","hostName":"search-sync-service-67d9ffbff9-96j49","processName":"quarkus-run.jar","processId":1}
{"timestamp":"2023-11-20T15:37:37.293Z","sequence":1111,"loggerClassName":"org.jboss.logging.Logger","loggerName":"com.knime.enterprise.cloud.services.searchsync.impl.FullSyncService","level":"INFO","message":"Nothing to clean.","threadName":"executor-thread-18","threadId":57,"mdc":{},"ndc":"","hostName":"search-sync-service-67d9ffbff9-96j49","processName":"quarkus-run.jar","processId":1}
{"timestamp":"2023-11-20T15:47:37Z","sequence":1112,"loggerClassName":"org.jboss.logging.Logger","loggerName":"com.knime.enterprise.cloud.services.searchsync.impl.FullSyncService","level":"INFO","message":"Start creation of new index for type: EXTERNAL_GROUP","threadName":"executor-thread-18","threadId":57,"mdc":{},"ndc":"","hostName":"search-sync-service-67d9ffbff9-96j49","processName":"quarkus-run.jar","processId":1}
{"timestamp":"2023-11-20T15:47:37Z","sequence":1113,"loggerClassName":"org.jboss.logging.Logger","loggerName":"com.knime.enterprise.cloud.services.searchsync.impl.FullSyncService","level":"INFO","message":"Attempting to clean indices of type 'EXTERNAL_GROUP'.","threadName":"executor-thread-18","threadId":57,"mdc":{},"ndc":"","hostName":"search-sync-service-67d9ffbff9-96j49","processName":"quarkus-run.jar","processId":1}
{"timestamp":"2023-11-20T15:47:37Z","sequence":1114,"loggerClassName":"org.jboss.logging.Logger","loggerName":"com.knime.enterprise.cloud.services.searchsync.impl.FullSyncService","level":"INFO","message":"Start creation of new index for type: TAG","threadName":"executor-thread-19","threadId":58,"mdc":{},"ndc":"","hostName":"search-sync-service-67d9ffbff9-96j49","processName":"quarkus-run.jar","processId":1}
{"timestamp":"2023-11-20T15:47:37Z","sequence":1115,"loggerClassName":"org.jboss.logging.Logger","loggerName":"com.knime.enterprise.cloud.services.searchsync.impl.FullSyncService","level":"INFO","message":"Attempting to clean indices of type 'TAG'.","threadName":"executor-thread-19","threadId":58,"mdc":{},"ndc":"","hostName":"search-sync-service-67d9ffbff9-96j49","processName":"quarkus-run.jar","processId":1}
{"timestamp":"2023-11-20T15:47:37.002Z","sequence":1116,"loggerClassName":"org.jboss.logging.Logger","loggerName":"com.knime.enterprise.cloud.services.searchsync.impl.FullSyncService","level":"INFO","message":"Nothing to clean.","threadName":"executor-thread-18","threadId":57,"mdc":{},"ndc":"","hostName":"search-sync-service-67d9ffbff9-96j49","processName":"quarkus-run.jar","processId":1}
{"timestamp":"2023-11-20T15:47:37.002Z","sequence":1117,"loggerClassName":"org.jboss.logging.Logger","loggerName":"com.knime.enterprise.cloud.services.searchsync.impl.FullSyncService","level":"INFO","message":"Requesting creation of index of type 'EXTERNAL_GROUP'.","threadName":"executor-thread-18","threadId":57,"mdc":{},"ndc":"","hostName":"search-sync-service-67d9ffbff9-96j49","processName":"quarkus-run.jar","processId":1}
{"timestamp":"2023-11-20T15:47:37.002Z","sequence":1118,"loggerClassName":"org.jboss.logging.Logger","loggerName":"com.knime.enterprise.cloud.services.searchsync.impl.FullSyncService","level":"INFO","message":"Nothing to clean.","threadName":"executor-thread-19","threadId":58,"mdc":{},"ndc":"","hostName":"search-sync-service-67d9ffbff9-96j49","processName":"quarkus-run.jar","processId":1}
{"timestamp":"2023-11-20T15:47:37.003Z","sequence":1119,"loggerClassName":"org.jboss.logging.Logger","loggerName":"com.knime.enterprise.cloud.services.searchsync.impl.FullSyncService","level":"INFO","message":"Requesting creation of index of type 'TAG'.","threadName":"executor-thread-19","threadId":58,"mdc":{},"ndc":"","hostName":"search-sync-service-67d9ffbff9-96j49","processName":"quarkus-run.jar","processId":1}
{"timestamp":"2023-11-20T15:47:37.099Z","sequence":1120,"loggerClassName":"org.jboss.logging.Logger","loggerName":"com.knime.enterprise.cloud.services.searchsync.impl.FullSyncService","level":"INFO","message":"Index of type 'EXTERNAL_GROUP' successfully created: 'external_groups1700495257000'.","threadName":"executor-thread-18","threadId":57,"mdc":{},"ndc":"","hostName":"search-sync-service-67d9ffbff9-96j49","processName":"quarkus-run.jar","processId":1}
{"timestamp":"2023-11-20T15:47:37.125Z","sequence":1121,"loggerClassName":"org.jboss.logging.Logger","loggerName":"com.knime.enterprise.cloud.services.searchsync.impl.FullSyncService","level":"INFO","message":"Index of type 'TAG' successfully created: 'tags1700495257000'.","threadName":"executor-thread-19","threadId":58,"mdc":{},"ndc":"","hostName":"search-sync-service-67d9ffbff9-96j49","processName":"quarkus-run.jar","processId":1}
{"timestamp":"2023-11-20T15:47:37.13Z","sequence":1122,"loggerClassName":"org.jboss.logging.Logger","loggerName":"com.knime.enterprise.cloud.services.searchsync.impl.FullSyncService","level":"INFO","message":"Starting bulk request 1.","threadName":"executor-thread-19","threadId":58,"mdc":{},"ndc":"","hostName":"search-sync-service-67d9ffbff9-96j49","processName":"quarkus-run.jar","processId":1}
{"timestamp":"2023-11-20T15:47:37.131Z","sequence":1123,"loggerClassName":"org.jboss.logging.Logger","loggerName":"com.knime.enterprise.cloud.services.searchsync.impl.FullSyncService","level":"INFO","message":"Starting bulk request 2.","threadName":"executor-thread-19","threadId":58,"mdc":{},"ndc":"","hostName":"search-sync-service-67d9ffbff9-96j49","processName":"quarkus-run.jar","processId":1}
{"timestamp":"2023-11-20T15:47:37.138Z","sequence":1124,"loggerClassName":"org.jboss.logging.Logger","loggerName":"com.knime.enterprise.cloud.services.searchsync.impl.FullSyncService","level":"INFO","message":"Accounts service retrieved the hub global account.","threadName":"executor-thread-18","threadId":57,"mdc":{},"ndc":"","hostName":"search-sync-service-67d9ffbff9-96j49","processName":"quarkus-run.jar","processId":1}
{"timestamp":"2023-11-20T15:47:37.138Z","sequence":1125,"loggerClassName":"org.jboss.logging.Logger","loggerName":"com.knime.enterprise.cloud.services.searchsync.impl.FullSyncService","level":"INFO","message":"Accounts service returned 0 external groups.","threadName":"executor-thread-18","threadId":57,"mdc":{},"ndc":"","hostName":"search-sync-service-67d9ffbff9-96j49","processName":"quarkus-run.jar","processId":1}
{"timestamp":"2023-11-20T15:47:37.138Z","sequence":1126,"loggerClassName":"org.jboss.logging.Logger","loggerName":"com.knime.enterprise.cloud.services.searchsync.impl.FullSyncService","level":"INFO","message":"Start bulk index of :'external_groups1700495257000'","threadName":"executor-thread-18","threadId":57,"mdc":{},"ndc":"","hostName":"search-sync-service-67d9ffbff9-96j49","processName":"quarkus-run.jar","processId":1}
{"timestamp":"2023-11-20T15:47:37.138Z","sequence":1127,"loggerClassName":"org.jboss.logging.Logger","loggerName":"com.knime.enterprise.cloud.services.searchsync.impl.FullSyncService","level":"INFO","message":"0 items has been added to 'external_groups' index (out of 0 items retrieved).","threadName":"executor-thread-18","threadId":57,"mdc":{},"ndc":"","hostName":"search-sync-service-67d9ffbff9-96j49","processName":"quarkus-run.jar","processId":1}
{"timestamp":"2023-11-20T15:47:37.139Z","sequence":1128,"loggerClassName":"org.jboss.logging.Logger","loggerName":"com.knime.enterprise.cloud.services.searchsync.impl.FullSyncService","level":"INFO","message":"Finished bulk request 1: OK","threadName":"I/O dispatcher 1","threadId":38,"mdc":{},"ndc":"","hostName":"search-sync-service-67d9ffbff9-96j49","processName":"quarkus-run.jar","processId":1}
{"timestamp":"2023-11-20T15:47:37.139Z","sequence":1129,"loggerClassName":"org.jboss.logging.Logger","loggerName":"com.knime.enterprise.cloud.services.searchsync.impl.FullSyncService","level":"INFO","message":"Starting bulk request 3.","threadName":"executor-thread-19","threadId":58,"mdc":{},"ndc":"","hostName":"search-sync-service-67d9ffbff9-96j49","processName":"quarkus-run.jar","processId":1}
{"timestamp":"2023-11-20T15:47:37.142Z","sequence":1130,"loggerClassName":"org.jboss.logging.Logger","loggerName":"com.knime.enterprise.cloud.services.searchsync.impl.FullSyncService","level":"INFO","message":"Requesting to add alias for new index with name 'external_groups1700495257000'.","threadName":"executor-thread-18","threadId":57,"mdc":{},"ndc":"","hostName":"search-sync-service-67d9ffbff9-96j49","processName":"quarkus-run.jar","processId":1}
{"timestamp":"2023-11-20T15:47:37.147Z","sequence":1131,"loggerClassName":"org.jboss.logging.Logger","loggerName":"com.knime.enterprise.cloud.services.searchsync.impl.FullSyncService","level":"INFO","message":"Finished bulk request 2: OK","threadName":"I/O dispatcher 1","threadId":38,"mdc":{},"ndc":"","hostName":"search-sync-service-67d9ffbff9-96j49","processName":"quarkus-run.jar","processId":1}
{"timestamp":"2023-11-20T15:47:37.147Z","sequence":1132,"loggerClassName":"org.jboss.logging.Logger","loggerName":"com.knime.enterprise.cloud.services.searchsync.impl.FullSyncService","level":"INFO","message":"Starting bulk request 4.","threadName":"executor-thread-19","threadId":58,"mdc":{},"ndc":"","hostName":"search-sync-service-67d9ffbff9-96j49","processName":"quarkus-run.jar","processId":1}
{"timestamp":"2023-11-20T15:47:37.154Z","sequence":1133,"loggerClassName":"org.jboss.logging.Logger","loggerName":"com.knime.enterprise.cloud.services.searchsync.impl.FullSyncService","level":"INFO","message":"Finished bulk request 3: OK","threadName":"I/O dispatcher 1","threadId":38,"mdc":{},"ndc":"","hostName":"search-sync-service-67d9ffbff9-96j49","processName":"quarkus-run.jar","processId":1}
{"timestamp":"2023-11-20T15:47:37.154Z","sequence":1134,"loggerClassName":"org.jboss.logging.Logger","loggerName":"com.knime.enterprise.cloud.services.searchsync.impl.FullSyncService","level":"INFO","message":"Starting bulk request 5.","threadName":"executor-thread-19","threadId":58,"mdc":{},"ndc":"","hostName":"search-sync-service-67d9ffbff9-96j49","processName":"quarkus-run.jar","processId":1}
{"timestamp":"2023-11-20T15:47:37.162Z","sequence":1135,"loggerClassName":"org.jboss.logging.Logger","loggerName":"com.knime.enterprise.cloud.services.searchsync.impl.FullSyncService","level":"INFO","message":"Finished bulk request 4: OK","threadName":"I/O dispatcher 1","threadId":38,"mdc":{},"ndc":"","hostName":"search-sync-service-67d9ffbff9-96j49","processName":"quarkus-run.jar","processId":1}
{"timestamp":"2023-11-20T15:47:37.163Z","sequence":1136,"loggerClassName":"org.jboss.logging.Logger","loggerName":"com.knime.enterprise.cloud.services.searchsync.impl.FullSyncService","level":"INFO","message":"Starting bulk request 6.","threadName":"executor-thread-19","threadId":58,"mdc":{},"ndc":"","hostName":"search-sync-service-67d9ffbff9-96j49","processName":"quarkus-run.jar","processId":1}
{"timestamp":"2023-11-20T15:47:37.169Z","sequence":1137,"loggerClassName":"org.jboss.logging.Logger","loggerName":"com.knime.enterprise.cloud.services.searchsync.impl.FullSyncService","level":"INFO","message":"Finished bulk request 5: OK","threadName":"I/O dispatcher 1","threadId":38,"mdc":{},"ndc":"","hostName":"search-sync-service-67d9ffbff9-96j49","processName":"quarkus-run.jar","processId":1}
{"timestamp":"2023-11-20T15:47:37.17Z","sequence":1138,"loggerClassName":"org.jboss.logging.Logger","loggerName":"com.knime.enterprise.cloud.services.searchsync.impl.FullSyncService","level":"INFO","message":"Starting bulk request 7.","threadName":"executor-thread-19","threadId":58,"mdc":{},"ndc":"","hostName":"search-sync-service-67d9ffbff9-96j49","processName":"quarkus-run.jar","processId":1}
{"timestamp":"2023-11-20T15:47:37.175Z","sequence":1139,"loggerClassName":"org.jboss.logging.Logger","loggerName":"com.knime.enterprise.cloud.services.searchsync.impl.FullSyncService","level":"INFO","message":"Index with name 'external_groups1700495257000' successfully created and aliased.","threadName":"executor-thread-18","threadId":57,"mdc":{},"ndc":"","hostName":"search-sync-service-67d9ffbff9-96j49","processName":"quarkus-run.jar","processId":1}
{"timestamp":"2023-11-20T15:47:37.175Z","sequence":1140,"loggerClassName":"org.jboss.logging.Logger","loggerName":"com.knime.enterprise.cloud.services.searchsync.impl.FullSyncService","level":"INFO","message":"Attempting to clean indices of type 'EXTERNAL_GROUP'.","threadName":"executor-thread-18","threadId":57,"mdc":{},"ndc":"","hostName":"search-sync-service-67d9ffbff9-96j49","processName":"quarkus-run.jar","processId":1}
{"timestamp":"2023-11-20T15:47:37.177Z","sequence":1141,"loggerClassName":"org.jboss.logging.Logger","loggerName":"com.knime.enterprise.cloud.services.searchsync.impl.FullSyncService","level":"INFO","message":"Nothing to clean.","threadName":"executor-thread-18","threadId":57,"mdc":{},"ndc":"","hostName":"search-sync-service-67d9ffbff9-96j49","processName":"quarkus-run.jar","processId":1}
{"timestamp":"2023-11-20T15:47:37.177Z","sequence":1142,"loggerClassName":"org.jboss.logging.Logger","loggerName":"com.knime.enterprise.cloud.services.searchsync.impl.FullSyncService","level":"INFO","message":"Finished bulk request 6: OK","threadName":"I/O dispatcher 1","threadId":38,"mdc":{},"ndc":"","hostName":"search-sync-service-67d9ffbff9-96j49","processName":"quarkus-run.jar","processId":1}
{"timestamp":"2023-11-20T15:47:37.177Z","sequence":1143,"loggerClassName":"org.jboss.logging.Logger","loggerName":"com.knime.enterprise.cloud.services.searchsync.impl.FullSyncService","level":"INFO","message":"Starting bulk request 8.","threadName":"executor-thread-19","threadId":58,"mdc":{},"ndc":"","hostName":"search-sync-service-67d9ffbff9-96j49","processName":"quarkus-run.jar","processId":1}
{"timestamp":"2023-11-20T15:47:37.184Z","sequence":1144,"loggerClassName":"org.jboss.logging.Logger","loggerName":"com.knime.enterprise.cloud.services.searchsync.impl.FullSyncService","level":"INFO","message":"Finished bulk request 7: OK","threadName":"I/O dispatcher 1","threadId":38,"mdc":{},"ndc":"","hostName":"search-sync-service-67d9ffbff9-96j49","processName":"quarkus-run.jar","processId":1}
{"timestamp":"2023-11-20T15:47:37.185Z","sequence":1145,"loggerClassName":"org.jboss.logging.Logger","loggerName":"com.knime.enterprise.cloud.services.searchsync.impl.FullSyncService","level":"INFO","message":"Starting bulk request 9.","threadName":"executor-thread-19","threadId":58,"mdc":{},"ndc":"","hostName":"search-sync-service-67d9ffbff9-96j49","processName":"quarkus-run.jar","processId":1}
{"timestamp":"2023-11-20T15:47:37.192Z","sequence":1146,"loggerClassName":"org.jboss.logging.Logger","loggerName":"com.knime.enterprise.cloud.services.searchsync.impl.FullSyncService","level":"INFO","message":"Finished bulk request 8: OK","threadName":"I/O dispatcher 1","threadId":38,"mdc":{},"ndc":"","hostName":"search-sync-service-67d9ffbff9-96j49","processName":"quarkus-run.jar","processId":1}
{"timestamp":"2023-11-20T15:47:37.192Z","sequence":1147,"loggerClassName":"org.jboss.logging.Logger","loggerName":"com.knime.enterprise.cloud.services.searchsync.impl.FullSyncService","level":"INFO","message":"Starting bulk request 10.","threadName":"executor-thread-19","threadId":58,"mdc":{},"ndc":"","hostName":"search-sync-service-67d9ffbff9-96j49","processName":"quarkus-run.jar","processId":1}
{"timestamp":"2023-11-20T15:47:37.199Z","sequence":1148,"loggerClassName":"org.jboss.logging.Logger","loggerName":"com.knime.enterprise.cloud.services.searchsync.impl.FullSyncService","level":"INFO","message":"Finished bulk request 9: OK","threadName":"I/O dispatcher 1","threadId":38,"mdc":{},"ndc":"","hostName":"search-sync-service-67d9ffbff9-96j49","processName":"quarkus-run.jar","processId":1}
{"timestamp":"2023-11-20T15:47:37.206Z","sequence":1149,"loggerClassName":"org.jboss.logging.Logger","loggerName":"com.knime.enterprise.cloud.services.searchsync.impl.FullSyncService","level":"INFO","message":"Finished bulk request 10: OK","threadName":"I/O dispatcher 1","threadId":38,"mdc":{},"ndc":"","hostName":"search-sync-service-67d9ffbff9-96j49","processName":"quarkus-run.jar","processId":1}
{"timestamp":"2023-11-20T15:47:37.239Z","sequence":1150,"loggerClassName":"org.jboss.logging.Logger","loggerName":"com.knime.enterprise.cloud.services.searchsync.impl.FullSyncService","level":"INFO","message":"Requesting to add alias for new index with name 'tags1700495257000'.","threadName":"executor-thread-19","threadId":58,"mdc":{},"ndc":"","hostName":"search-sync-service-67d9ffbff9-96j49","processName":"quarkus-run.jar","processId":1}
{"timestamp":"2023-11-20T15:47:37.27Z","sequence":1151,"loggerClassName":"org.jboss.logging.Logger","loggerName":"com.knime.enterprise.cloud.services.searchsync.impl.FullSyncService","level":"INFO","message":"Index with name 'tags1700495257000' successfully created and aliased.","threadName":"executor-thread-19","threadId":58,"mdc":{},"ndc":"","hostName":"search-sync-service-67d9ffbff9-96j49","processName":"quarkus-run.jar","processId":1}
{"timestamp":"2023-11-20T15:47:37.27Z","sequence":1152,"loggerClassName":"org.jboss.logging.Logger","loggerName":"com.knime.enterprise.cloud.services.searchsync.impl.FullSyncService","level":"INFO","message":"Attempting to clean indices of type 'TAG'.","threadName":"executor-thread-19","threadId":58,"mdc":{},"ndc":"","hostName":"search-sync-service-67d9ffbff9-96j49","processName":"quarkus-run.jar","processId":1}
{"timestamp":"2023-11-20T15:47:37.272Z","sequence":1153,"loggerClassName":"org.jboss.logging.Logger","loggerName":"com.knime.enterprise.cloud.services.searchsync.impl.FullSyncService","level":"INFO","message":"Nothing to clean.","threadName":"executor-thread-19","threadId":58,"mdc":{},"ndc":"","hostName":"search-sync-service-67d9ffbff9-96j49","processName":"quarkus-run.jar","processId":1}
{"timestamp":"2023-11-20T15:57:37Z","sequence":1154,"loggerClassName":"org.jboss.logging.Logger","loggerName":"com.knime.enterprise.cloud.services.searchsync.impl.FullSyncService","level":"INFO","message":"Start creation of new index for type: EXTERNAL_GROUP","threadName":"executor-thread-19","threadId":58,"mdc":{},"ndc":"","hostName":"search-sync-service-67d9ffbff9-96j49","processName":"quarkus-run.jar","processId":1}
{"timestamp":"2023-11-20T15:57:37Z","sequence":1155,"loggerClassName":"org.jboss.logging.Logger","loggerName":"com.knime.enterprise.cloud.services.searchsync.impl.FullSyncService","level":"INFO","message":"Attempting to clean indices of type 'EXTERNAL_GROUP'.","threadName":"executor-thread-19","threadId":58,"mdc":{},"ndc":"","hostName":"search-sync-service-67d9ffbff9-96j49","processName":"quarkus-run.jar","processId":1}
{"timestamp":"2023-11-20T15:57:37Z","sequence":1156,"loggerClassName":"org.jboss.logging.Logger","loggerName":"com.knime.enterprise.cloud.services.searchsync.impl.FullSyncService","level":"INFO","message":"Start creation of new index for type: TAG","threadName":"executor-thread-20","threadId":59,"mdc":{},"ndc":"","hostName":"search-sync-service-67d9ffbff9-96j49","processName":"quarkus-run.jar","processId":1}
{"timestamp":"2023-11-20T15:57:37Z","sequence":1157,"loggerClassName":"org.jboss.logging.Logger","loggerName":"com.knime.enterprise.cloud.services.searchsync.impl.FullSyncService","level":"INFO","message":"Attempting to clean indices of type 'TAG'.","threadName":"executor-thread-20","threadId":59,"mdc":{},"ndc":"","hostName":"search-sync-service-67d9ffbff9-96j49","processName":"quarkus-run.jar","processId":1}
{"timestamp":"2023-11-20T15:57:37.002Z","sequence":1158,"loggerClassName":"org.jboss.logging.Logger","loggerName":"com.knime.enterprise.cloud.services.searchsync.impl.FullSyncService","level":"INFO","message":"Nothing to clean.","threadName":"executor-thread-19","threadId":58,"mdc":{},"ndc":"","hostName":"search-sync-service-67d9ffbff9-96j49","processName":"quarkus-run.jar","processId":1}
{"timestamp":"2023-11-20T15:57:37.002Z","sequence":1159,"loggerClassName":"org.jboss.logging.Logger","loggerName":"com.knime.enterprise.cloud.services.searchsync.impl.FullSyncService","level":"INFO","message":"Requesting creation of index of type 'EXTERNAL_GROUP'.","threadName":"executor-thread-19","threadId":58,"mdc":{},"ndc":"","hostName":"search-sync-service-67d9ffbff9-96j49","processName":"quarkus-run.jar","processId":1}
{"timestamp":"2023-11-20T15:57:37.003Z","sequence":1160,"loggerClassName":"org.jboss.logging.Logger","loggerName":"com.knime.enterprise.cloud.services.searchsync.impl.FullSyncService","level":"INFO","message":"Nothing to clean.","threadName":"executor-thread-20","threadId":59,"mdc":{},"ndc":"","hostName":"search-sync-service-67d9ffbff9-96j49","processName":"quarkus-run.jar","processId":1}
{"timestamp":"2023-11-20T15:57:37.003Z","sequence":1161,"loggerClassName":"org.jboss.logging.Logger","loggerName":"com.knime.enterprise.cloud.services.searchsync.impl.FullSyncService","level":"INFO","message":"Requesting creation of index of type 'TAG'.","threadName":"executor-thread-20","threadId":59,"mdc":{},"ndc":"","hostName":"search-sync-service-67d9ffbff9-96j49","processName":"quarkus-run.jar","processId":1}
{"timestamp":"2023-11-20T15:57:37.1Z","sequence":1162,"loggerClassName":"org.jboss.logging.Logger","loggerName":"com.knime.enterprise.cloud.services.searchsync.impl.FullSyncService","level":"INFO","message":"Index of type 'EXTERNAL_GROUP' successfully created: 'external_groups1700495857000'.","threadName":"executor-thread-19","threadId":58,"mdc":{},"ndc":"","hostName":"search-sync-service-67d9ffbff9-96j49","processName":"quarkus-run.jar","processId":1}
{"timestamp":"2023-11-20T15:57:37.127Z","sequence":1163,"loggerClassName":"org.jboss.logging.Logger","loggerName":"com.knime.enterprise.cloud.services.searchsync.impl.FullSyncService","level":"INFO","message":"Index of type 'TAG' successfully created: 'tags1700495857000'.","threadName":"executor-thread-20","threadId":59,"mdc":{},"ndc":"","hostName":"search-sync-service-67d9ffbff9-96j49","processName":"quarkus-run.jar","processId":1}
{"timestamp":"2023-11-20T15:57:37.133Z","sequence":1164,"loggerClassName":"org.jboss.logging.Logger","loggerName":"com.knime.enterprise.cloud.services.searchsync.impl.FullSyncService","level":"INFO","message":"Starting bulk request 1.","threadName":"executor-thread-20","threadId":59,"mdc":{},"ndc":"","hostName":"search-sync-service-67d9ffbff9-96j49","processName":"quarkus-run.jar","processId":1}
{"timestamp":"2023-11-20T15:57:37.133Z","sequence":1165,"loggerClassName":"org.jboss.logging.Logger","loggerName":"com.knime.enterprise.cloud.services.searchsync.impl.FullSyncService","level":"INFO","message":"Starting bulk request 2.","threadName":"executor-thread-20","threadId":59,"mdc":{},"ndc":"","hostName":"search-sync-service-67d9ffbff9-96j49","processName":"quarkus-run.jar","processId":1}
{"timestamp":"2023-11-20T15:57:37.139Z","sequence":1166,"loggerClassName":"org.jboss.logging.Logger","loggerName":"com.knime.enterprise.cloud.services.searchsync.impl.FullSyncService","level":"INFO","message":"Accounts service retrieved the hub global account.","threadName":"executor-thread-19","threadId":58,"mdc":{},"ndc":"","hostName":"search-sync-service-67d9ffbff9-96j49","processName":"quarkus-run.jar","processId":1}
{"timestamp":"2023-11-20T15:57:37.139Z","sequence":1167,"loggerClassName":"org.jboss.logging.Logger","loggerName":"com.knime.enterprise.cloud.services.searchsync.impl.FullSyncService","level":"INFO","message":"Accounts service returned 0 external groups.","threadName":"executor-thread-19","threadId":58,"mdc":{},"ndc":"","hostName":"search-sync-service-67d9ffbff9-96j49","processName":"quarkus-run.jar","processId":1}
{"timestamp":"2023-11-20T15:57:37.139Z","sequence":1168,"loggerClassName":"org.jboss.logging.Logger","loggerName":"com.knime.enterprise.cloud.services.searchsync.impl.FullSyncService","level":"INFO","message":"Start bulk index of :'external_groups1700495857000'","threadName":"executor-thread-19","threadId":58,"mdc":{},"ndc":"","hostName":"search-sync-service-67d9ffbff9-96j49","processName":"quarkus-run.jar","processId":1}
{"timestamp":"2023-11-20T15:57:37.139Z","sequence":1169,"loggerClassName":"org.jboss.logging.Logger","loggerName":"com.knime.enterprise.cloud.services.searchsync.impl.FullSyncService","level":"INFO","message":"0 items has been added to 'external_groups' index (out of 0 items retrieved).","threadName":"executor-thread-19","threadId":58,"mdc":{},"ndc":"","hostName":"search-sync-service-67d9ffbff9-96j49","processName":"quarkus-run.jar","processId":1}
{"timestamp":"2023-11-20T15:57:37.142Z","sequence":1170,"loggerClassName":"org.jboss.logging.Logger","loggerName":"com.knime.enterprise.cloud.services.searchsync.impl.FullSyncService","level":"INFO","message":"Requesting to add alias for new index with name 'external_groups1700495857000'.","threadName":"executor-thread-19","threadId":58,"mdc":{},"ndc":"","hostName":"search-sync-service-67d9ffbff9-96j49","processName":"quarkus-run.jar","processId":1}
{"timestamp":"2023-11-20T15:57:37.143Z","sequence":1171,"loggerClassName":"org.jboss.logging.Logger","loggerName":"com.knime.enterprise.cloud.services.searchsync.impl.FullSyncService","level":"INFO","message":"Finished bulk request 1: OK","threadName":"I/O dispatcher 1","threadId":38,"mdc":{},"ndc":"","hostName":"search-sync-service-67d9ffbff9-96j49","processName":"quarkus-run.jar","processId":1}
{"timestamp":"2023-11-20T15:57:37.143Z","sequence":1172,"loggerClassName":"org.jboss.logging.Logger","loggerName":"com.knime.enterprise.cloud.services.searchsync.impl.FullSyncService","level":"INFO","message":"Starting bulk request 3.","threadName":"executor-thread-20","threadId":59,"mdc":{},"ndc":"","hostName":"search-sync-service-67d9ffbff9-96j49","processName":"quarkus-run.jar","processId":1}
{"timestamp":"2023-11-20T15:57:37.151Z","sequence":1173,"loggerClassName":"org.jboss.logging.Logger","loggerName":"com.knime.enterprise.cloud.services.searchsync.impl.FullSyncService","level":"INFO","message":"Finished bulk request 2: OK","threadName":"I/O dispatcher 1","threadId":38,"mdc":{},"ndc":"","hostName":"search-sync-service-67d9ffbff9-96j49","processName":"quarkus-run.jar","processId":1}
{"timestamp":"2023-11-20T15:57:37.154Z","sequence":1174,"loggerClassName":"org.jboss.logging.Logger","loggerName":"com.knime.enterprise.cloud.services.searchsync.impl.FullSyncService","level":"INFO","message":"Starting bulk request 4.","threadName":"executor-thread-20","threadId":59,"mdc":{},"ndc":"","hostName":"search-sync-service-67d9ffbff9-96j49","processName":"quarkus-run.jar","processId":1}
{"timestamp":"2023-11-20T15:57:37.163Z","sequence":1175,"loggerClassName":"org.jboss.logging.Logger","loggerName":"com.knime.enterprise.cloud.services.searchsync.impl.FullSyncService","level":"INFO","message":"Finished bulk request 3: OK","threadName":"I/O dispatcher 1","threadId":38,"mdc":{},"ndc":"","hostName":"search-sync-service-67d9ffbff9-96j49","processName":"quarkus-run.jar","processId":1}
{"timestamp":"2023-11-20T15:57:37.163Z","sequence":1176,"loggerClassName":"org.jboss.logging.Logger","loggerName":"com.knime.enterprise.cloud.services.searchsync.impl.FullSyncService","level":"INFO","message":"Starting bulk request 5.","threadName":"executor-thread-20","threadId":59,"mdc":{},"ndc":"","hostName":"search-sync-service-67d9ffbff9-96j49","processName":"quarkus-run.jar","processId":1}
{"timestamp":"2023-11-20T15:57:37.171Z","sequence":1177,"loggerClassName":"org.jboss.logging.Logger","loggerName":"com.knime.enterprise.cloud.services.searchsync.impl.FullSyncService","level":"INFO","message":"Index with name 'external_groups1700495857000' successfully created and aliased.","threadName":"executor-thread-19","threadId":58,"mdc":{},"ndc":"","hostName":"search-sync-service-67d9ffbff9-96j49","processName":"quarkus-run.jar","processId":1}
{"timestamp":"2023-11-20T15:57:37.172Z","sequence":1178,"loggerClassName":"org.jboss.logging.Logger","loggerName":"com.knime.enterprise.cloud.services.searchsync.impl.FullSyncService","level":"INFO","message":"Attempting to clean indices of type 'EXTERNAL_GROUP'.","threadName":"executor-thread-19","threadId":58,"mdc":{},"ndc":"","hostName":"search-sync-service-67d9ffbff9-96j49","processName":"quarkus-run.jar","processId":1}
{"timestamp":"2023-11-20T15:57:37.173Z","sequence":1179,"loggerClassName":"org.jboss.logging.Logger","loggerName":"com.knime.enterprise.cloud.services.searchsync.impl.FullSyncService","level":"INFO","message":"Finished bulk request 4: OK","threadName":"I/O dispatcher 1","threadId":38,"mdc":{},"ndc":"","hostName":"search-sync-service-67d9ffbff9-96j49","processName":"quarkus-run.jar","processId":1}
{"timestamp":"2023-11-20T15:57:37.173Z","sequence":1180,"loggerClassName":"org.jboss.logging.Logger","loggerName":"com.knime.enterprise.cloud.services.searchsync.impl.FullSyncService","level":"INFO","message":"Nothing to clean.","threadName":"executor-thread-19","threadId":58,"mdc":{},"ndc":"","hostName":"search-sync-service-67d9ffbff9-96j49","processName":"quarkus-run.jar","processId":1}
{"timestamp":"2023-11-20T15:57:37.174Z","sequence":1181,"loggerClassName":"org.jboss.logging.Logger","loggerName":"com.knime.enterprise.cloud.services.searchsync.impl.FullSyncService","level":"INFO","message":"Starting bulk request 6.","threadName":"executor-thread-20","threadId":59,"mdc":{},"ndc":"","hostName":"search-sync-service-67d9ffbff9-96j49","processName":"quarkus-run.jar","processId":1}
{"timestamp":"2023-11-20T15:57:37.183Z","sequence":1182,"loggerClassName":"org.jboss.logging.Logger","loggerName":"com.knime.enterprise.cloud.services.searchsync.impl.FullSyncService","level":"INFO","message":"Finished bulk request 5: OK","threadName":"I/O dispatcher 1","threadId":38,"mdc":{},"ndc":"","hostName":"search-sync-service-67d9ffbff9-96j49","processName":"quarkus-run.jar","processId":1}
{"timestamp":"2023-11-20T15:57:37.183Z","sequence":1183,"loggerClassName":"org.jboss.logging.Logger","loggerName":"com.knime.enterprise.cloud.services.searchsync.impl.FullSyncService","level":"INFO","message":"Starting bulk request 7.","threadName":"executor-thread-20","threadId":59,"mdc":{},"ndc":"","hostName":"search-sync-service-67d9ffbff9-96j49","processName":"quarkus-run.jar","processId":1}
{"timestamp":"2023-11-20T15:57:37.19Z","sequence":1184,"loggerClassName":"org.jboss.logging.Logger","loggerName":"com.knime.enterprise.cloud.services.searchsync.impl.FullSyncService","level":"INFO","message":"Finished bulk request 6: OK","threadName":"I/O dispatcher 1","threadId":38,"mdc":{},"ndc":"","hostName":"search-sync-service-67d9ffbff9-96j49","processName":"quarkus-run.jar","processId":1}
{"timestamp":"2023-11-20T15:57:37.19Z","sequence":1185,"loggerClassName":"org.jboss.logging.Logger","loggerName":"com.knime.enterprise.cloud.services.searchsync.impl.FullSyncService","level":"INFO","message":"Starting bulk request 8.","threadName":"executor-thread-20","threadId":59,"mdc":{},"ndc":"","hostName":"search-sync-service-67d9ffbff9-96j49","processName":"quarkus-run.jar","processId":1}
{"timestamp":"2023-11-20T15:57:37.198Z","sequence":1186,"loggerClassName":"org.jboss.logging.Logger","loggerName":"com.knime.enterprise.cloud.services.searchsync.impl.FullSyncService","level":"INFO","message":"Finished bulk request 7: OK","threadName":"I/O dispatcher 1","threadId":38,"mdc":{},"ndc":"","hostName":"search-sync-service-67d9ffbff9-96j49","processName":"quarkus-run.jar","processId":1}
{"timestamp":"2023-11-20T15:57:37.198Z","sequence":1187,"loggerClassName":"org.jboss.logging.Logger","loggerName":"com.knime.enterprise.cloud.services.searchsync.impl.FullSyncService","level":"INFO","message":"Starting bulk request 9.","threadName":"executor-thread-20","threadId":59,"mdc":{},"ndc":"","hostName":"search-sync-service-67d9ffbff9-96j49","processName":"quarkus-run.jar","processId":1}
{"timestamp":"2023-11-20T15:57:37.205Z","sequence":1188,"loggerClassName":"org.jboss.logging.Logger","loggerName":"com.knime.enterprise.cloud.services.searchsync.impl.FullSyncService","level":"INFO","message":"Finished bulk request 8: OK","threadName":"I/O dispatcher 1","threadId":38,"mdc":{},"ndc":"","hostName":"search-sync-service-67d9ffbff9-96j49","processName":"quarkus-run.jar","processId":1}
{"timestamp":"2023-11-20T15:57:37.205Z","sequence":1189,"loggerClassName":"org.jboss.logging.Logger","loggerName":"com.knime.enterprise.cloud.services.searchsync.impl.FullSyncService","level":"INFO","message":"Starting bulk request 10.","threadName":"executor-thread-20","threadId":59,"mdc":{},"ndc":"","hostName":"search-sync-service-67d9ffbff9-96j49","processName":"quarkus-run.jar","processId":1}
{"timestamp":"2023-11-20T15:57:37.214Z","sequence":1190,"loggerClassName":"org.jboss.logging.Logger","loggerName":"com.knime.enterprise.cloud.services.searchsync.impl.FullSyncService","level":"INFO","message":"Finished bulk request 9: OK","threadName":"I/O dispatcher 1","threadId":38,"mdc":{},"ndc":"","hostName":"search-sync-service-67d9ffbff9-96j49","processName":"quarkus-run.jar","processId":1}
{"timestamp":"2023-11-20T15:57:37.221Z","sequence":1191,"loggerClassName":"org.jboss.logging.Logger","loggerName":"com.knime.enterprise.cloud.services.searchsync.impl.FullSyncService","level":"INFO","message":"Finished bulk request 10: OK","threadName":"I/O dispatcher 1","threadId":38,"mdc":{},"ndc":"","hostName":"search-sync-service-67d9ffbff9-96j49","processName":"quarkus-run.jar","processId":1}
{"timestamp":"2023-11-20T15:57:37.262Z","sequence":1192,"loggerClassName":"org.jboss.logging.Logger","loggerName":"com.knime.enterprise.cloud.services.searchsync.impl.FullSyncService","level":"INFO","message":"Requesting to add alias for new index with name 'tags1700495857000'.","threadName":"executor-thread-20","threadId":59,"mdc":{},"ndc":"","hostName":"search-sync-service-67d9ffbff9-96j49","processName":"quarkus-run.jar","processId":1}
{"timestamp":"2023-11-20T15:57:37.294Z","sequence":1193,"loggerClassName":"org.jboss.logging.Logger","loggerName":"com.knime.enterprise.cloud.services.searchsync.impl.FullSyncService","level":"INFO","message":"Index with name 'tags1700495857000' successfully created and aliased.","threadName":"executor-thread-20","threadId":59,"mdc":{},"ndc":"","hostName":"search-sync-service-67d9ffbff9-96j49","processName":"quarkus-run.jar","processId":1}
{"timestamp":"2023-11-20T15:57:37.294Z","sequence":1194,"loggerClassName":"org.jboss.logging.Logger","loggerName":"com.knime.enterprise.cloud.services.searchsync.impl.FullSyncService","level":"INFO","message":"Attempting to clean indices of type 'TAG'.","threadName":"executor-thread-20","threadId":59,"mdc":{},"ndc":"","hostName":"search-sync-service-67d9ffbff9-96j49","processName":"quarkus-run.jar","processId":1}
{"timestamp":"2023-11-20T15:57:37.296Z","sequence":1195,"loggerClassName":"org.jboss.logging.Logger","loggerName":"com.knime.enterprise.cloud.services.searchsync.impl.FullSyncService","level":"INFO","message":"Nothing to clean.","threadName":"executor-thread-20","threadId":59,"mdc":{},"ndc":"","hostName":"search-sync-service-67d9ffbff9-96j49","processName":"quarkus-run.jar","processId":1}
{"timestamp":"2023-11-20T16:07:37Z","sequence":1196,"loggerClassName":"org.jboss.logging.Logger","loggerName":"com.knime.enterprise.cloud.services.searchsync.impl.FullSyncService","level":"INFO","message":"Start creation of new index for type: EXTERNAL_GROUP","threadName":"executor-thread-20","threadId":59,"mdc":{},"ndc":"","hostName":"search-sync-service-67d9ffbff9-96j49","processName":"quarkus-run.jar","processId":1}
{"timestamp":"2023-11-20T16:07:37Z","sequence":1197,"loggerClassName":"org.jboss.logging.Logger","loggerName":"com.knime.enterprise.cloud.services.searchsync.impl.FullSyncService","level":"INFO","message":"Attempting to clean indices of type 'EXTERNAL_GROUP'.","threadName":"executor-thread-20","threadId":59,"mdc":{},"ndc":"","hostName":"search-sync-service-67d9ffbff9-96j49","processName":"quarkus-run.jar","processId":1}
{"timestamp":"2023-11-20T16:07:37Z","sequence":1198,"loggerClassName":"org.jboss.logging.Logger","loggerName":"com.knime.enterprise.cloud.services.searchsync.impl.FullSyncService","level":"INFO","message":"Start creation of new index for type: TAG","threadName":"executor-thread-21","threadId":60,"mdc":{},"ndc":"","hostName":"search-sync-service-67d9ffbff9-96j49","processName":"quarkus-run.jar","processId":1}
{"timestamp":"2023-11-20T16:07:37Z","sequence":1199,"loggerClassName":"org.jboss.logging.Logger","loggerName":"com.knime.enterprise.cloud.services.searchsync.impl.FullSyncService","level":"INFO","message":"Attempting to clean indices of type 'TAG'.","threadName":"executor-thread-21","threadId":60,"mdc":{},"ndc":"","hostName":"search-sync-service-67d9ffbff9-96j49","processName":"quarkus-run.jar","processId":1}
{"timestamp":"2023-11-20T16:07:37.002Z","sequence":1200,"loggerClassName":"org.jboss.logging.Logger","loggerName":"com.knime.enterprise.cloud.services.searchsync.impl.FullSyncService","level":"INFO","message":"Nothing to clean.","threadName":"executor-thread-20","threadId":59,"mdc":{},"ndc":"","hostName":"search-sync-service-67d9ffbff9-96j49","processName":"quarkus-run.jar","processId":1}
{"timestamp":"2023-11-20T16:07:37.002Z","sequence":1201,"loggerClassName":"org.jboss.logging.Logger","loggerName":"com.knime.enterprise.cloud.services.searchsync.impl.FullSyncService","level":"INFO","message":"Requesting creation of index of type 'EXTERNAL_GROUP'.","threadName":"executor-thread-20","threadId":59,"mdc":{},"ndc":"","hostName":"search-sync-service-67d9ffbff9-96j49","processName":"quarkus-run.jar","processId":1}
{"timestamp":"2023-11-20T16:07:37.002Z","sequence":1202,"loggerClassName":"org.jboss.logging.Logger","loggerName":"com.knime.enterprise.cloud.services.searchsync.impl.FullSyncService","level":"INFO","message":"Nothing to clean.","threadName":"executor-thread-21","threadId":60,"mdc":{},"ndc":"","hostName":"search-sync-service-67d9ffbff9-96j49","processName":"quarkus-run.jar","processId":1}
{"timestamp":"2023-11-20T16:07:37.003Z","sequence":1203,"loggerClassName":"org.jboss.logging.Logger","loggerName":"com.knime.enterprise.cloud.services.searchsync.impl.FullSyncService","level":"INFO","message":"Requesting creation of index of type 'TAG'.","threadName":"executor-thread-21","threadId":60,"mdc":{},"ndc":"","hostName":"search-sync-service-67d9ffbff9-96j49","processName":"quarkus-run.jar","processId":1}
{"timestamp":"2023-11-20T16:07:37.097Z","sequence":1204,"loggerClassName":"org.jboss.logging.Logger","loggerName":"com.knime.enterprise.cloud.services.searchsync.impl.FullSyncService","level":"INFO","message":"Index of type 'EXTERNAL_GROUP' successfully created: 'external_groups1700496457000'.","threadName":"executor-thread-20","threadId":59,"mdc":{},"ndc":"","hostName":"search-sync-service-67d9ffbff9-96j49","processName":"quarkus-run.jar","processId":1}
{"timestamp":"2023-11-20T16:07:37.124Z","sequence":1205,"loggerClassName":"org.jboss.logging.Logger","loggerName":"com.knime.enterprise.cloud.services.searchsync.impl.FullSyncService","level":"INFO","message":"Index of type 'TAG' successfully created: 'tags1700496457000'.","threadName":"executor-thread-21","threadId":60,"mdc":{},"ndc":"","hostName":"search-sync-service-67d9ffbff9-96j49","processName":"quarkus-run.jar","processId":1}
{"timestamp":"2023-11-20T16:07:37.129Z","sequence":1206,"loggerClassName":"org.jboss.logging.Logger","loggerName":"com.knime.enterprise.cloud.services.searchsync.impl.FullSyncService","level":"INFO","message":"Starting bulk request 1.","threadName":"executor-thread-21","threadId":60,"mdc":{},"ndc":"","hostName":"search-sync-service-67d9ffbff9-96j49","processName":"quarkus-run.jar","processId":1}
{"timestamp":"2023-11-20T16:07:37.129Z","sequence":1207,"loggerClassName":"org.jboss.logging.Logger","loggerName":"com.knime.enterprise.cloud.services.searchsync.impl.FullSyncService","level":"INFO","message":"Starting bulk request 2.","threadName":"executor-thread-21","threadId":60,"mdc":{},"ndc":"","hostName":"search-sync-service-67d9ffbff9-96j49","processName":"quarkus-run.jar","processId":1}
{"timestamp":"2023-11-20T16:07:37.137Z","sequence":1208,"loggerClassName":"org.jboss.logging.Logger","loggerName":"com.knime.enterprise.cloud.services.searchsync.impl.FullSyncService","level":"INFO","message":"Accounts service retrieved the hub global account.","threadName":"executor-thread-20","threadId":59,"mdc":{},"ndc":"","hostName":"search-sync-service-67d9ffbff9-96j49","processName":"quarkus-run.jar","processId":1}
{"timestamp":"2023-11-20T16:07:37.137Z","sequence":1209,"loggerClassName":"org.jboss.logging.Logger","loggerName":"com.knime.enterprise.cloud.services.searchsync.impl.FullSyncService","level":"INFO","message":"Accounts service returned 0 external groups.","threadName":"executor-thread-20","threadId":59,"mdc":{},"ndc":"","hostName":"search-sync-service-67d9ffbff9-96j49","processName":"quarkus-run.jar","processId":1}
{"timestamp":"2023-11-20T16:07:37.137Z","sequence":1210,"loggerClassName":"org.jboss.logging.Logger","loggerName":"com.knime.enterprise.cloud.services.searchsync.impl.FullSyncService","level":"INFO","message":"Start bulk index of :'external_groups1700496457000'","threadName":"executor-thread-20","threadId":59,"mdc":{},"ndc":"","hostName":"search-sync-service-67d9ffbff9-96j49","processName":"quarkus-run.jar","processId":1}
{"timestamp":"2023-11-20T16:07:37.137Z","sequence":1211,"loggerClassName":"org.jboss.logging.Logger","loggerName":"com.knime.enterprise.cloud.services.searchsync.impl.FullSyncService","level":"INFO","message":"Finished bulk request 1: OK","threadName":"I/O dispatcher 1","threadId":38,"mdc":{},"ndc":"","hostName":"search-sync-service-67d9ffbff9-96j49","processName":"quarkus-run.jar","processId":1}
{"timestamp":"2023-11-20T16:07:37.137Z","sequence":1212,"loggerClassName":"org.jboss.logging.Logger","loggerName":"com.knime.enterprise.cloud.services.searchsync.impl.FullSyncService","level":"INFO","message":"0 items has been added to 'external_groups' index (out of 0 items retrieved).","threadName":"executor-thread-20","threadId":59,"mdc":{},"ndc":"","hostName":"search-sync-service-67d9ffbff9-96j49","processName":"quarkus-run.jar","processId":1}
{"timestamp":"2023-11-20T16:07:37.137Z","sequence":1213,"loggerClassName":"org.jboss.logging.Logger","loggerName":"com.knime.enterprise.cloud.services.searchsync.impl.FullSyncService","level":"INFO","message":"Starting bulk request 3.","threadName":"executor-thread-21","threadId":60,"mdc":{},"ndc":"","hostName":"search-sync-service-67d9ffbff9-96j49","processName":"quarkus-run.jar","processId":1}
{"timestamp":"2023-11-20T16:07:37.139Z","sequence":1214,"loggerClassName":"org.jboss.logging.Logger","loggerName":"com.knime.enterprise.cloud.services.searchsync.impl.FullSyncService","level":"INFO","message":"Requesting to add alias for new index with name 'external_groups1700496457000'.","threadName":"executor-thread-20","threadId":59,"mdc":{},"ndc":"","hostName":"search-sync-service-67d9ffbff9-96j49","processName":"quarkus-run.jar","processId":1}
{"timestamp":"2023-11-20T16:07:37.145Z","sequence":1215,"loggerClassName":"org.jboss.logging.Logger","loggerName":"com.knime.enterprise.cloud.services.searchsync.impl.FullSyncService","level":"INFO","message":"Finished bulk request 2: OK","threadName":"I/O dispatcher 1","threadId":38,"mdc":{},"ndc":"","hostName":"search-sync-service-67d9ffbff9-96j49","processName":"quarkus-run.jar","processId":1}
{"timestamp":"2023-11-20T16:07:37.145Z","sequence":1216,"loggerClassName":"org.jboss.logging.Logger","loggerName":"com.knime.enterprise.cloud.services.searchsync.impl.FullSyncService","level":"INFO","message":"Starting bulk request 4.","threadName":"executor-thread-21","threadId":60,"mdc":{},"ndc":"","hostName":"search-sync-service-67d9ffbff9-96j49","processName":"quarkus-run.jar","processId":1}
{"timestamp":"2023-11-20T16:07:37.152Z","sequence":1217,"loggerClassName":"org.jboss.logging.Logger","loggerName":"com.knime.enterprise.cloud.services.searchsync.impl.FullSyncService","level":"INFO","message":"Finished bulk request 3: OK","threadName":"I/O dispatcher 1","threadId":38,"mdc":{},"ndc":"","hostName":"search-sync-service-67d9ffbff9-96j49","processName":"quarkus-run.jar","processId":1}
{"timestamp":"2023-11-20T16:07:37.152Z","sequence":1218,"loggerClassName":"org.jboss.logging.Logger","loggerName":"com.knime.enterprise.cloud.services.searchsync.impl.FullSyncService","level":"INFO","message":"Starting bulk request 5.","threadName":"executor-thread-21","threadId":60,"mdc":{},"ndc":"","hostName":"search-sync-service-67d9ffbff9-96j49","processName":"quarkus-run.jar","processId":1}
{"timestamp":"2023-11-20T16:07:37.159Z","sequence":1219,"loggerClassName":"org.jboss.logging.Logger","loggerName":"com.knime.enterprise.cloud.services.searchsync.impl.FullSyncService","level":"INFO","message":"Finished bulk request 4: OK","threadName":"I/O dispatcher 1","threadId":38,"mdc":{},"ndc":"","hostName":"search-sync-service-67d9ffbff9-96j49","processName":"quarkus-run.jar","processId":1}
{"timestamp":"2023-11-20T16:07:37.16Z","sequence":1220,"loggerClassName":"org.jboss.logging.Logger","loggerName":"com.knime.enterprise.cloud.services.searchsync.impl.FullSyncService","level":"INFO","message":"Starting bulk request 6.","threadName":"executor-thread-21","threadId":60,"mdc":{},"ndc":"","hostName":"search-sync-service-67d9ffbff9-96j49","processName":"quarkus-run.jar","processId":1}
{"timestamp":"2023-11-20T16:07:37.167Z","sequence":1221,"loggerClassName":"org.jboss.logging.Logger","loggerName":"com.knime.enterprise.cloud.services.searchsync.impl.FullSyncService","level":"INFO","message":"Finished bulk request 5: OK","threadName":"I/O dispatcher 1","threadId":38,"mdc":{},"ndc":"","hostName":"search-sync-service-67d9ffbff9-96j49","processName":"quarkus-run.jar","processId":1}
{"timestamp":"2023-11-20T16:07:37.168Z","sequence":1222,"loggerClassName":"org.jboss.logging.Logger","loggerName":"com.knime.enterprise.cloud.services.searchsync.impl.FullSyncService","level":"INFO","message":"Starting bulk request 7.","threadName":"executor-thread-21","threadId":60,"mdc":{},"ndc":"","hostName":"search-sync-service-67d9ffbff9-96j49","processName":"quarkus-run.jar","processId":1}
{"timestamp":"2023-11-20T16:07:37.172Z","sequence":1223,"loggerClassName":"org.jboss.logging.Logger","loggerName":"com.knime.enterprise.cloud.services.searchsync.impl.FullSyncService","level":"INFO","message":"Index with name 'external_groups1700496457000' successfully created and aliased.","threadName":"executor-thread-20","threadId":59,"mdc":{},"ndc":"","hostName":"search-sync-service-67d9ffbff9-96j49","processName":"quarkus-run.jar","processId":1}
{"timestamp":"2023-11-20T16:07:37.172Z","sequence":1224,"loggerClassName":"org.jboss.logging.Logger","loggerName":"com.knime.enterprise.cloud.services.searchsync.impl.FullSyncService","level":"INFO","message":"Attempting to clean indices of type 'EXTERNAL_GROUP'.","threadName":"executor-thread-20","threadId":59,"mdc":{},"ndc":"","hostName":"search-sync-service-67d9ffbff9-96j49","processName":"quarkus-run.jar","processId":1}
{"timestamp":"2023-11-20T16:07:37.174Z","sequence":1225,"loggerClassName":"org.jboss.logging.Logger","loggerName":"com.knime.enterprise.cloud.services.searchsync.impl.FullSyncService","level":"INFO","message":"Nothing to clean.","threadName":"executor-thread-20","threadId":59,"mdc":{},"ndc":"","hostName":"search-sync-service-67d9ffbff9-96j49","processName":"quarkus-run.jar","processId":1}
{"timestamp":"2023-11-20T16:07:37.174Z","sequence":1226,"loggerClassName":"org.jboss.logging.Logger","loggerName":"com.knime.enterprise.cloud.services.searchsync.impl.FullSyncService","level":"INFO","message":"Finished bulk request 6: OK","threadName":"I/O dispatcher 1","threadId":38,"mdc":{},"ndc":"","hostName":"search-sync-service-67d9ffbff9-96j49","processName":"quarkus-run.jar","processId":1}
{"timestamp":"2023-11-20T16:07:37.174Z","sequence":1227,"loggerClassName":"org.jboss.logging.Logger","loggerName":"com.knime.enterprise.cloud.services.searchsync.impl.FullSyncService","level":"INFO","message":"Starting bulk request 8.","threadName":"executor-thread-21","threadId":60,"mdc":{},"ndc":"","hostName":"search-sync-service-67d9ffbff9-96j49","processName":"quarkus-run.jar","processId":1}
{"timestamp":"2023-11-20T16:07:37.181Z","sequence":1228,"loggerClassName":"org.jboss.logging.Logger","loggerName":"com.knime.enterprise.cloud.services.searchsync.impl.FullSyncService","level":"INFO","message":"Finished bulk request 7: OK","threadName":"I/O dispatcher 1","threadId":38,"mdc":{},"ndc":"","hostName":"search-sync-service-67d9ffbff9-96j49","processName":"quarkus-run.jar","processId":1}
{"timestamp":"2023-11-20T16:07:37.181Z","sequence":1229,"loggerClassName":"org.jboss.logging.Logger","loggerName":"com.knime.enterprise.cloud.services.searchsync.impl.FullSyncService","level":"INFO","message":"Starting bulk request 9.","threadName":"executor-thread-21","threadId":60,"mdc":{},"ndc":"","hostName":"search-sync-service-67d9ffbff9-96j49","processName":"quarkus-run.jar","processId":1}
{"timestamp":"2023-11-20T16:07:37.188Z","sequence":1230,"loggerClassName":"org.jboss.logging.Logger","loggerName":"com.knime.enterprise.cloud.services.searchsync.impl.FullSyncService","level":"INFO","message":"Finished bulk request 8: OK","threadName":"I/O dispatcher 1","threadId":38,"mdc":{},"ndc":"","hostName":"search-sync-service-67d9ffbff9-96j49","processName":"quarkus-run.jar","processId":1}
{"timestamp":"2023-11-20T16:07:37.188Z","sequence":1231,"loggerClassName":"org.jboss.logging.Logger","loggerName":"com.knime.enterprise.cloud.services.searchsync.impl.FullSyncService","level":"INFO","message":"Starting bulk request 10.","threadName":"executor-thread-21","threadId":60,"mdc":{},"ndc":"","hostName":"search-sync-service-67d9ffbff9-96j49","processName":"quarkus-run.jar","processId":1}
{"timestamp":"2023-11-20T16:07:37.194Z","sequence":1232,"loggerClassName":"org.jboss.logging.Logger","loggerName":"com.knime.enterprise.cloud.services.searchsync.impl.FullSyncService","level":"INFO","message":"Finished bulk request 9: OK","threadName":"I/O dispatcher 1","threadId":38,"mdc":{},"ndc":"","hostName":"search-sync-service-67d9ffbff9-96j49","processName":"quarkus-run.jar","processId":1}
{"timestamp":"2023-11-20T16:07:37.2Z","sequence":1233,"loggerClassName":"org.jboss.logging.Logger","loggerName":"com.knime.enterprise.cloud.services.searchsync.impl.FullSyncService","level":"INFO","message":"Finished bulk request 10: OK","threadName":"I/O dispatcher 1","threadId":38,"mdc":{},"ndc":"","hostName":"search-sync-service-67d9ffbff9-96j49","processName":"quarkus-run.jar","processId":1}
{"timestamp":"2023-11-20T16:07:37.23Z","sequence":1234,"loggerClassName":"org.jboss.logging.Logger","loggerName":"com.knime.enterprise.cloud.services.searchsync.impl.FullSyncService","level":"INFO","message":"Requesting to add alias for new index with name 'tags1700496457000'.","threadName":"executor-thread-21","threadId":60,"mdc":{},"ndc":"","hostName":"search-sync-service-67d9ffbff9-96j49","processName":"quarkus-run.jar","processId":1}
{"timestamp":"2023-11-20T16:07:37.259Z","sequence":1235,"loggerClassName":"org.jboss.logging.Logger","loggerName":"com.knime.enterprise.cloud.services.searchsync.impl.FullSyncService","level":"INFO","message":"Index with name 'tags1700496457000' successfully created and aliased.","threadName":"executor-thread-21","threadId":60,"mdc":{},"ndc":"","hostName":"search-sync-service-67d9ffbff9-96j49","processName":"quarkus-run.jar","processId":1}
{"timestamp":"2023-11-20T16:07:37.259Z","sequence":1236,"loggerClassName":"org.jboss.logging.Logger","loggerName":"com.knime.enterprise.cloud.services.searchsync.impl.FullSyncService","level":"INFO","message":"Attempting to clean indices of type 'TAG'.","threadName":"executor-thread-21","threadId":60,"mdc":{},"ndc":"","hostName":"search-sync-service-67d9ffbff9-96j49","processName":"quarkus-run.jar","processId":1}
{"timestamp":"2023-11-20T16:07:37.261Z","sequence":1237,"loggerClassName":"org.jboss.logging.Logger","loggerName":"com.knime.enterprise.cloud.services.searchsync.impl.FullSyncService","level":"INFO","message":"Nothing to clean.","threadName":"executor-thread-21","threadId":60,"mdc":{},"ndc":"","hostName":"search-sync-service-67d9ffbff9-96j49","processName":"quarkus-run.jar","processId":1}
{"timestamp":"2023-11-20T16:17:37Z","sequence":1238,"loggerClassName":"org.jboss.logging.Logger","loggerName":"com.knime.enterprise.cloud.services.searchsync.impl.FullSyncService","level":"INFO","message":"Start creation of new index for type: EXTERNAL_GROUP","threadName":"executor-thread-21","threadId":60,"mdc":{},"ndc":"","hostName":"search-sync-service-67d9ffbff9-96j49","processName":"quarkus-run.jar","processId":1}
{"timestamp":"2023-11-20T16:17:37Z","sequence":1239,"loggerClassName":"org.jboss.logging.Logger","loggerName":"com.knime.enterprise.cloud.services.searchsync.impl.FullSyncService","level":"INFO","message":"Attempting to clean indices of type 'EXTERNAL_GROUP'.","threadName":"executor-thread-21","threadId":60,"mdc":{},"ndc":"","hostName":"search-sync-service-67d9ffbff9-96j49","processName":"quarkus-run.jar","processId":1}
{"timestamp":"2023-11-20T16:17:37Z","sequence":1240,"loggerClassName":"org.jboss.logging.Logger","loggerName":"com.knime.enterprise.cloud.services.searchsync.impl.FullSyncService","level":"INFO","message":"Start creation of new index for type: TAG","threadName":"executor-thread-22","threadId":61,"mdc":{},"ndc":"","hostName":"search-sync-service-67d9ffbff9-96j49","processName":"quarkus-run.jar","processId":1}
{"timestamp":"2023-11-20T16:17:37Z","sequence":1241,"loggerClassName":"org.jboss.logging.Logger","loggerName":"com.knime.enterprise.cloud.services.searchsync.impl.FullSyncService","level":"INFO","message":"Attempting to clean indices of type 'TAG'.","threadName":"executor-thread-22","threadId":61,"mdc":{},"ndc":"","hostName":"search-sync-service-67d9ffbff9-96j49","processName":"quarkus-run.jar","processId":1}
{"timestamp":"2023-11-20T16:17:37.002Z","sequence":1242,"loggerClassName":"org.jboss.logging.Logger","loggerName":"com.knime.enterprise.cloud.services.searchsync.impl.FullSyncService","level":"INFO","message":"Nothing to clean.","threadName":"executor-thread-22","threadId":61,"mdc":{},"ndc":"","hostName":"search-sync-service-67d9ffbff9-96j49","processName":"quarkus-run.jar","processId":1}
{"timestamp":"2023-11-20T16:17:37.002Z","sequence":1243,"loggerClassName":"org.jboss.logging.Logger","loggerName":"com.knime.enterprise.cloud.services.searchsync.impl.FullSyncService","level":"INFO","message":"Nothing to clean.","threadName":"executor-thread-21","threadId":60,"mdc":{},"ndc":"","hostName":"search-sync-service-67d9ffbff9-96j49","processName":"quarkus-run.jar","processId":1}
{"timestamp":"2023-11-20T16:17:37.002Z","sequence":1244,"loggerClassName":"org.jboss.logging.Logger","loggerName":"com.knime.enterprise.cloud.services.searchsync.impl.FullSyncService","level":"INFO","message":"Requesting creation of index of type 'TAG'.","threadName":"executor-thread-22","threadId":61,"mdc":{},"ndc":"","hostName":"search-sync-service-67d9ffbff9-96j49","processName":"quarkus-run.jar","processId":1}
{"timestamp":"2023-11-20T16:17:37.003Z","sequence":1245,"loggerClassName":"org.jboss.logging.Logger","loggerName":"com.knime.enterprise.cloud.services.searchsync.impl.FullSyncService","level":"INFO","message":"Requesting creation of index of type 'EXTERNAL_GROUP'.","threadName":"executor-thread-21","threadId":60,"mdc":{},"ndc":"","hostName":"search-sync-service-67d9ffbff9-96j49","processName":"quarkus-run.jar","processId":1}
{"timestamp":"2023-11-20T16:17:37.102Z","sequence":1246,"loggerClassName":"org.jboss.logging.Logger","loggerName":"com.knime.enterprise.cloud.services.searchsync.impl.FullSyncService","level":"INFO","message":"Index of type 'TAG' successfully created: 'tags1700497057000'.","threadName":"executor-thread-22","threadId":61,"mdc":{},"ndc":"","hostName":"search-sync-service-67d9ffbff9-96j49","processName":"quarkus-run.jar","processId":1}
{"timestamp":"2023-11-20T16:17:37.107Z","sequence":1247,"loggerClassName":"org.jboss.logging.Logger","loggerName":"com.knime.enterprise.cloud.services.searchsync.impl.FullSyncService","level":"INFO","message":"Starting bulk request 1.","threadName":"executor-thread-22","threadId":61,"mdc":{},"ndc":"","hostName":"search-sync-service-67d9ffbff9-96j49","processName":"quarkus-run.jar","processId":1}
{"timestamp":"2023-11-20T16:17:37.107Z","sequence":1248,"loggerClassName":"org.jboss.logging.Logger","loggerName":"com.knime.enterprise.cloud.services.searchsync.impl.FullSyncService","level":"INFO","message":"Starting bulk request 2.","threadName":"executor-thread-22","threadId":61,"mdc":{},"ndc":"","hostName":"search-sync-service-67d9ffbff9-96j49","processName":"quarkus-run.jar","processId":1}
{"timestamp":"2023-11-20T16:17:37.118Z","sequence":1249,"loggerClassName":"org.jboss.logging.Logger","loggerName":"com.knime.enterprise.cloud.services.searchsync.impl.FullSyncService","level":"INFO","message":"Finished bulk request 1: OK","threadName":"I/O dispatcher 1","threadId":38,"mdc":{},"ndc":"","hostName":"search-sync-service-67d9ffbff9-96j49","processName":"quarkus-run.jar","processId":1}
{"timestamp":"2023-11-20T16:17:37.118Z","sequence":1250,"loggerClassName":"org.jboss.logging.Logger","loggerName":"com.knime.enterprise.cloud.services.searchsync.impl.FullSyncService","level":"INFO","message":"Starting bulk request 3.","threadName":"executor-thread-22","threadId":61,"mdc":{},"ndc":"","hostName":"search-sync-service-67d9ffbff9-96j49","processName":"quarkus-run.jar","processId":1}
{"timestamp":"2023-11-20T16:17:37.126Z","sequence":1251,"loggerClassName":"org.jboss.logging.Logger","loggerName":"com.knime.enterprise.cloud.services.searchsync.impl.FullSyncService","level":"INFO","message":"Finished bulk request 2: OK","threadName":"I/O dispatcher 1","threadId":38,"mdc":{},"ndc":"","hostName":"search-sync-service-67d9ffbff9-96j49","processName":"quarkus-run.jar","processId":1}
{"timestamp":"2023-11-20T16:17:37.126Z","sequence":1252,"loggerClassName":"org.jboss.logging.Logger","loggerName":"com.knime.enterprise.cloud.services.searchsync.impl.FullSyncService","level":"INFO","message":"Starting bulk request 4.","threadName":"executor-thread-22","threadId":61,"mdc":{},"ndc":"","hostName":"search-sync-service-67d9ffbff9-96j49","processName":"quarkus-run.jar","processId":1}
{"timestamp":"2023-11-20T16:17:37.132Z","sequence":1253,"loggerClassName":"org.jboss.logging.Logger","loggerName":"com.knime.enterprise.cloud.services.searchsync.impl.FullSyncService","level":"INFO","message":"Index of type 'EXTERNAL_GROUP' successfully created: 'external_groups1700497057000'.","threadName":"executor-thread-21","threadId":60,"mdc":{},"ndc":"","hostName":"search-sync-service-67d9ffbff9-96j49","processName":"quarkus-run.jar","processId":1}
{"timestamp":"2023-11-20T16:17:37.135Z","sequence":1254,"loggerClassName":"org.jboss.logging.Logger","loggerName":"com.knime.enterprise.cloud.services.searchsync.impl.FullSyncService","level":"INFO","message":"Finished bulk request 3: OK","threadName":"I/O dispatcher 1","threadId":38,"mdc":{},"ndc":"","hostName":"search-sync-service-67d9ffbff9-96j49","processName":"quarkus-run.jar","processId":1}
{"timestamp":"2023-11-20T16:17:37.136Z","sequence":1255,"loggerClassName":"org.jboss.logging.Logger","loggerName":"com.knime.enterprise.cloud.services.searchsync.impl.FullSyncService","level":"INFO","message":"Starting bulk request 5.","threadName":"executor-thread-22","threadId":61,"mdc":{},"ndc":"","hostName":"search-sync-service-67d9ffbff9-96j49","processName":"quarkus-run.jar","processId":1}
{"timestamp":"2023-11-20T16:17:37.142Z","sequence":1256,"loggerClassName":"org.jboss.logging.Logger","loggerName":"com.knime.enterprise.cloud.services.searchsync.impl.FullSyncService","level":"INFO","message":"Finished bulk request 4: OK","threadName":"I/O dispatcher 1","threadId":38,"mdc":{},"ndc":"","hostName":"search-sync-service-67d9ffbff9-96j49","processName":"quarkus-run.jar","processId":1}
{"timestamp":"2023-11-20T16:17:37.143Z","sequence":1257,"loggerClassName":"org.jboss.logging.Logger","loggerName":"com.knime.enterprise.cloud.services.searchsync.impl.FullSyncService","level":"INFO","message":"Starting bulk request 6.","threadName":"executor-thread-22","threadId":61,"mdc":{},"ndc":"","hostName":"search-sync-service-67d9ffbff9-96j49","processName":"quarkus-run.jar","processId":1}
{"timestamp":"2023-11-20T16:17:37.15Z","sequence":1258,"loggerClassName":"org.jboss.logging.Logger","loggerName":"com.knime.enterprise.cloud.services.searchsync.impl.FullSyncService","level":"INFO","message":"Finished bulk request 5: OK","threadName":"I/O dispatcher 1","threadId":38,"mdc":{},"ndc":"","hostName":"search-sync-service-67d9ffbff9-96j49","processName":"quarkus-run.jar","processId":1}
{"timestamp":"2023-11-20T16:17:37.151Z","sequence":1259,"loggerClassName":"org.jboss.logging.Logger","loggerName":"com.knime.enterprise.cloud.services.searchsync.impl.FullSyncService","level":"INFO","message":"Starting bulk request 7.","threadName":"executor-thread-22","threadId":61,"mdc":{},"ndc":"","hostName":"search-sync-service-67d9ffbff9-96j49","processName":"quarkus-run.jar","processId":1}
{"timestamp":"2023-11-20T16:17:37.16Z","sequence":1260,"loggerClassName":"org.jboss.logging.Logger","loggerName":"com.knime.enterprise.cloud.services.searchsync.impl.FullSyncService","level":"INFO","message":"Finished bulk request 6: OK","threadName":"I/O dispatcher 1","threadId":38,"mdc":{},"ndc":"","hostName":"search-sync-service-67d9ffbff9-96j49","processName":"quarkus-run.jar","processId":1}
{"timestamp":"2023-11-20T16:17:37.16Z","sequence":1261,"loggerClassName":"org.jboss.logging.Logger","loggerName":"com.knime.enterprise.cloud.services.searchsync.impl.FullSyncService","level":"INFO","message":"Starting bulk request 8.","threadName":"executor-thread-22","threadId":61,"mdc":{},"ndc":"","hostName":"search-sync-service-67d9ffbff9-96j49","processName":"quarkus-run.jar","processId":1}
{"timestamp":"2023-11-20T16:17:37.169Z","sequence":1262,"loggerClassName":"org.jboss.logging.Logger","loggerName":"com.knime.enterprise.cloud.services.searchsync.impl.FullSyncService","level":"INFO","message":"Finished bulk request 7: OK","threadName":"I/O dispatcher 1","threadId":38,"mdc":{},"ndc":"","hostName":"search-sync-service-67d9ffbff9-96j49","processName":"quarkus-run.jar","processId":1}
{"timestamp":"2023-11-20T16:17:37.17Z","sequence":1263,"loggerClassName":"org.jboss.logging.Logger","loggerName":"com.knime.enterprise.cloud.services.searchsync.impl.FullSyncService","level":"INFO","message":"Starting bulk request 9.","threadName":"executor-thread-22","threadId":61,"mdc":{},"ndc":"","hostName":"search-sync-service-67d9ffbff9-96j49","processName":"quarkus-run.jar","processId":1}
{"timestamp":"2023-11-20T16:17:37.178Z","sequence":1264,"loggerClassName":"org.jboss.logging.Logger","loggerName":"com.knime.enterprise.cloud.services.searchsync.impl.FullSyncService","level":"INFO","message":"Accounts service retrieved the hub global account.","threadName":"executor-thread-21","threadId":60,"mdc":{},"ndc":"","hostName":"search-sync-service-67d9ffbff9-96j49","processName":"quarkus-run.jar","processId":1}
{"timestamp":"2023-11-20T16:17:37.178Z","sequence":1265,"loggerClassName":"org.jboss.logging.Logger","loggerName":"com.knime.enterprise.cloud.services.searchsync.impl.FullSyncService","level":"INFO","message":"Accounts service returned 0 external groups.","threadName":"executor-thread-21","threadId":60,"mdc":{},"ndc":"","hostName":"search-sync-service-67d9ffbff9-96j49","processName":"quarkus-run.jar","processId":1}
{"timestamp":"2023-11-20T16:17:37.178Z","sequence":1266,"loggerClassName":"org.jboss.logging.Logger","loggerName":"com.knime.enterprise.cloud.services.searchsync.impl.FullSyncService","level":"INFO","message":"Start bulk index of :'external_groups1700497057000'","threadName":"executor-thread-21","threadId":60,"mdc":{},"ndc":"","hostName":"search-sync-service-67d9ffbff9-96j49","processName":"quarkus-run.jar","processId":1}
{"timestamp":"2023-11-20T16:17:37.178Z","sequence":1267,"loggerClassName":"org.jboss.logging.Logger","loggerName":"com.knime.enterprise.cloud.services.searchsync.impl.FullSyncService","level":"INFO","message":"0 items has been added to 'external_groups' index (out of 0 items retrieved).","threadName":"executor-thread-21","threadId":60,"mdc":{},"ndc":"","hostName":"search-sync-service-67d9ffbff9-96j49","processName":"quarkus-run.jar","processId":1}
{"timestamp":"2023-11-20T16:17:37.179Z","sequence":1268,"loggerClassName":"org.jboss.logging.Logger","loggerName":"com.knime.enterprise.cloud.services.searchsync.impl.FullSyncService","level":"INFO","message":"Finished bulk request 8: OK","threadName":"I/O dispatcher 1","threadId":38,"mdc":{},"ndc":"","hostName":"search-sync-service-67d9ffbff9-96j49","processName":"quarkus-run.jar","processId":1}
{"timestamp":"2023-11-20T16:17:37.179Z","sequence":1269,"loggerClassName":"org.jboss.logging.Logger","loggerName":"com.knime.enterprise.cloud.services.searchsync.impl.FullSyncService","level":"INFO","message":"Starting bulk request 10.","threadName":"executor-thread-22","threadId":61,"mdc":{},"ndc":"","hostName":"search-sync-service-67d9ffbff9-96j49","processName":"quarkus-run.jar","processId":1}
{"timestamp":"2023-11-20T16:17:37.181Z","sequence":1270,"loggerClassName":"org.jboss.logging.Logger","loggerName":"com.knime.enterprise.cloud.services.searchsync.impl.FullSyncService","level":"INFO","message":"Requesting to add alias for new index with name 'external_groups1700497057000'.","threadName":"executor-thread-21","threadId":60,"mdc":{},"ndc":"","hostName":"search-sync-service-67d9ffbff9-96j49","processName":"quarkus-run.jar","processId":1}
{"timestamp":"2023-11-20T16:17:37.187Z","sequence":1271,"loggerClassName":"org.jboss.logging.Logger","loggerName":"com.knime.enterprise.cloud.services.searchsync.impl.FullSyncService","level":"INFO","message":"Finished bulk request 9: OK","threadName":"I/O dispatcher 1","threadId":38,"mdc":{},"ndc":"","hostName":"search-sync-service-67d9ffbff9-96j49","processName":"quarkus-run.jar","processId":1}
{"timestamp":"2023-11-20T16:17:37.194Z","sequence":1272,"loggerClassName":"org.jboss.logging.Logger","loggerName":"com.knime.enterprise.cloud.services.searchsync.impl.FullSyncService","level":"INFO","message":"Finished bulk request 10: OK","threadName":"I/O dispatcher 1","threadId":38,"mdc":{},"ndc":"","hostName":"search-sync-service-67d9ffbff9-96j49","processName":"quarkus-run.jar","processId":1}
{"timestamp":"2023-11-20T16:17:37.22Z","sequence":1273,"loggerClassName":"org.jboss.logging.Logger","loggerName":"com.knime.enterprise.cloud.services.searchsync.impl.FullSyncService","level":"INFO","message":"Index with name 'external_groups1700497057000' successfully created and aliased.","threadName":"executor-thread-21","threadId":60,"mdc":{},"ndc":"","hostName":"search-sync-service-67d9ffbff9-96j49","processName":"quarkus-run.jar","processId":1}
{"timestamp":"2023-11-20T16:17:37.221Z","sequence":1274,"loggerClassName":"org.jboss.logging.Logger","loggerName":"com.knime.enterprise.cloud.services.searchsync.impl.FullSyncService","level":"INFO","message":"Attempting to clean indices of type 'EXTERNAL_GROUP'.","threadName":"executor-thread-21","threadId":60,"mdc":{},"ndc":"","hostName":"search-sync-service-67d9ffbff9-96j49","processName":"quarkus-run.jar","processId":1}
{"timestamp":"2023-11-20T16:17:37.222Z","sequence":1275,"loggerClassName":"org.jboss.logging.Logger","loggerName":"com.knime.enterprise.cloud.services.searchsync.impl.FullSyncService","level":"INFO","message":"Nothing to clean.","threadName":"executor-thread-21","threadId":60,"mdc":{},"ndc":"","hostName":"search-sync-service-67d9ffbff9-96j49","processName":"quarkus-run.jar","processId":1}
{"timestamp":"2023-11-20T16:17:37.23Z","sequence":1276,"loggerClassName":"org.jboss.logging.Logger","loggerName":"com.knime.enterprise.cloud.services.searchsync.impl.FullSyncService","level":"INFO","message":"Requesting to add alias for new index with name 'tags1700497057000'.","threadName":"executor-thread-22","threadId":61,"mdc":{},"ndc":"","hostName":"search-sync-service-67d9ffbff9-96j49","processName":"quarkus-run.jar","processId":1}
{"timestamp":"2023-11-20T16:17:37.265Z","sequence":1277,"loggerClassName":"org.jboss.logging.Logger","loggerName":"com.knime.enterprise.cloud.services.searchsync.impl.FullSyncService","level":"INFO","message":"Index with name 'tags1700497057000' successfully created and aliased.","threadName":"executor-thread-22","threadId":61,"mdc":{},"ndc":"","hostName":"search-sync-service-67d9ffbff9-96j49","processName":"quarkus-run.jar","processId":1}
{"timestamp":"2023-11-20T16:17:37.265Z","sequence":1278,"loggerClassName":"org.jboss.logging.Logger","loggerName":"com.knime.enterprise.cloud.services.searchsync.impl.FullSyncService","level":"INFO","message":"Attempting to clean indices of type 'TAG'.","threadName":"executor-thread-22","threadId":61,"mdc":{},"ndc":"","hostName":"search-sync-service-67d9ffbff9-96j49","processName":"quarkus-run.jar","processId":1}
{"timestamp":"2023-11-20T16:17:37.267Z","sequence":1279,"loggerClassName":"org.jboss.logging.Logger","loggerName":"com.knime.enterprise.cloud.services.searchsync.impl.FullSyncService","level":"INFO","message":"Nothing to clean.","threadName":"executor-thread-22","threadId":61,"mdc":{},"ndc":"","hostName":"search-sync-service-67d9ffbff9-96j49","processName":"quarkus-run.jar","processId":1}
{"timestamp":"2023-11-20T16:27:37Z","sequence":1280,"loggerClassName":"org.jboss.logging.Logger","loggerName":"com.knime.enterprise.cloud.services.searchsync.impl.FullSyncService","level":"INFO","message":"Start creation of new index for type: EXTERNAL_GROUP","threadName":"executor-thread-22","threadId":61,"mdc":{},"ndc":"","hostName":"search-sync-service-67d9ffbff9-96j49","processName":"quarkus-run.jar","processId":1}
{"timestamp":"2023-11-20T16:27:37Z","sequence":1281,"loggerClassName":"org.jboss.logging.Logger","loggerName":"com.knime.enterprise.cloud.services.searchsync.impl.FullSyncService","level":"INFO","message":"Attempting to clean indices of type 'EXTERNAL_GROUP'.","threadName":"executor-thread-22","threadId":61,"mdc":{},"ndc":"","hostName":"search-sync-service-67d9ffbff9-96j49","processName":"quarkus-run.jar","processId":1}
{"timestamp":"2023-11-20T16:27:37Z","sequence":1282,"loggerClassName":"org.jboss.logging.Logger","loggerName":"com.knime.enterprise.cloud.services.searchsync.impl.FullSyncService","level":"INFO","message":"Start creation of new index for type: TAG","threadName":"executor-thread-23","threadId":62,"mdc":{},"ndc":"","hostName":"search-sync-service-67d9ffbff9-96j49","processName":"quarkus-run.jar","processId":1}
{"timestamp":"2023-11-20T16:27:37Z","sequence":1283,"loggerClassName":"org.jboss.logging.Logger","loggerName":"com.knime.enterprise.cloud.services.searchsync.impl.FullSyncService","level":"INFO","message":"Attempting to clean indices of type 'TAG'.","threadName":"executor-thread-23","threadId":62,"mdc":{},"ndc":"","hostName":"search-sync-service-67d9ffbff9-96j49","processName":"quarkus-run.jar","processId":1}
{"timestamp":"2023-11-20T16:27:37.002Z","sequence":1284,"loggerClassName":"org.jboss.logging.Logger","loggerName":"com.knime.enterprise.cloud.services.searchsync.impl.FullSyncService","level":"INFO","message":"Nothing to clean.","threadName":"executor-thread-23","threadId":62,"mdc":{},"ndc":"","hostName":"search-sync-service-67d9ffbff9-96j49","processName":"quarkus-run.jar","processId":1}
{"timestamp":"2023-11-20T16:27:37.002Z","sequence":1285,"loggerClassName":"org.jboss.logging.Logger","loggerName":"com.knime.enterprise.cloud.services.searchsync.impl.FullSyncService","level":"INFO","message":"Nothing to clean.","threadName":"executor-thread-22","threadId":61,"mdc":{},"ndc":"","hostName":"search-sync-service-67d9ffbff9-96j49","processName":"quarkus-run.jar","processId":1}
{"timestamp":"2023-11-20T16:27:37.002Z","sequence":1286,"loggerClassName":"org.jboss.logging.Logger","loggerName":"com.knime.enterprise.cloud.services.searchsync.impl.FullSyncService","level":"INFO","message":"Requesting creation of index of type 'TAG'.","threadName":"executor-thread-23","threadId":62,"mdc":{},"ndc":"","hostName":"search-sync-service-67d9ffbff9-96j49","processName":"quarkus-run.jar","processId":1}
{"timestamp":"2023-11-20T16:27:37.003Z","sequence":1287,"loggerClassName":"org.jboss.logging.Logger","loggerName":"com.knime.enterprise.cloud.services.searchsync.impl.FullSyncService","level":"INFO","message":"Requesting creation of index of type 'EXTERNAL_GROUP'.","threadName":"executor-thread-22","threadId":61,"mdc":{},"ndc":"","hostName":"search-sync-service-67d9ffbff9-96j49","processName":"quarkus-run.jar","processId":1}
{"timestamp":"2023-11-20T16:27:37.099Z","sequence":1288,"loggerClassName":"org.jboss.logging.Logger","loggerName":"com.knime.enterprise.cloud.services.searchsync.impl.FullSyncService","level":"INFO","message":"Index of type 'TAG' successfully created: 'tags1700497657000'.","threadName":"executor-thread-23","threadId":62,"mdc":{},"ndc":"","hostName":"search-sync-service-67d9ffbff9-96j49","processName":"quarkus-run.jar","processId":1}
{"timestamp":"2023-11-20T16:27:37.103Z","sequence":1289,"loggerClassName":"org.jboss.logging.Logger","loggerName":"com.knime.enterprise.cloud.services.searchsync.impl.FullSyncService","level":"INFO","message":"Starting bulk request 1.","threadName":"executor-thread-23","threadId":62,"mdc":{},"ndc":"","hostName":"search-sync-service-67d9ffbff9-96j49","processName":"quarkus-run.jar","processId":1}
{"timestamp":"2023-11-20T16:27:37.104Z","sequence":1290,"loggerClassName":"org.jboss.logging.Logger","loggerName":"com.knime.enterprise.cloud.services.searchsync.impl.FullSyncService","level":"INFO","message":"Starting bulk request 2.","threadName":"executor-thread-23","threadId":62,"mdc":{},"ndc":"","hostName":"search-sync-service-67d9ffbff9-96j49","processName":"quarkus-run.jar","processId":1}
{"timestamp":"2023-11-20T16:27:37.112Z","sequence":1291,"loggerClassName":"org.jboss.logging.Logger","loggerName":"com.knime.enterprise.cloud.services.searchsync.impl.FullSyncService","level":"INFO","message":"Finished bulk request 1: OK","threadName":"I/O dispatcher 1","threadId":38,"mdc":{},"ndc":"","hostName":"search-sync-service-67d9ffbff9-96j49","processName":"quarkus-run.jar","processId":1}
{"timestamp":"2023-11-20T16:27:37.112Z","sequence":1292,"loggerClassName":"org.jboss.logging.Logger","loggerName":"com.knime.enterprise.cloud.services.searchsync.impl.FullSyncService","level":"INFO","message":"Starting bulk request 3.","threadName":"executor-thread-23","threadId":62,"mdc":{},"ndc":"","hostName":"search-sync-service-67d9ffbff9-96j49","processName":"quarkus-run.jar","processId":1}
{"timestamp":"2023-11-20T16:27:37.119Z","sequence":1293,"loggerClassName":"org.jboss.logging.Logger","loggerName":"com.knime.enterprise.cloud.services.searchsync.impl.FullSyncService","level":"INFO","message":"Finished bulk request 2: OK","threadName":"I/O dispatcher 1","threadId":38,"mdc":{},"ndc":"","hostName":"search-sync-service-67d9ffbff9-96j49","processName":"quarkus-run.jar","processId":1}
{"timestamp":"2023-11-20T16:27:37.12Z","sequence":1294,"loggerClassName":"org.jboss.logging.Logger","loggerName":"com.knime.enterprise.cloud.services.searchsync.impl.FullSyncService","level":"INFO","message":"Starting bulk request 4.","threadName":"executor-thread-23","threadId":62,"mdc":{},"ndc":"","hostName":"search-sync-service-67d9ffbff9-96j49","processName":"quarkus-run.jar","processId":1}
{"timestamp":"2023-11-20T16:27:37.127Z","sequence":1295,"loggerClassName":"org.jboss.logging.Logger","loggerName":"com.knime.enterprise.cloud.services.searchsync.impl.FullSyncService","level":"INFO","message":"Finished bulk request 3: OK","threadName":"I/O dispatcher 1","threadId":38,"mdc":{},"ndc":"","hostName":"search-sync-service-67d9ffbff9-96j49","processName":"quarkus-run.jar","processId":1}
{"timestamp":"2023-11-20T16:27:37.127Z","sequence":1296,"loggerClassName":"org.jboss.logging.Logger","loggerName":"com.knime.enterprise.cloud.services.searchsync.impl.FullSyncService","level":"INFO","message":"Starting bulk request 5.","threadName":"executor-thread-23","threadId":62,"mdc":{},"ndc":"","hostName":"search-sync-service-67d9ffbff9-96j49","processName":"quarkus-run.jar","processId":1}
{"timestamp":"2023-11-20T16:27:37.128Z","sequence":1297,"loggerClassName":"org.jboss.logging.Logger","loggerName":"com.knime.enterprise.cloud.services.searchsync.impl.FullSyncService","level":"INFO","message":"Index of type 'EXTERNAL_GROUP' successfully created: 'external_groups1700497657000'.","threadName":"executor-thread-22","threadId":61,"mdc":{},"ndc":"","hostName":"search-sync-service-67d9ffbff9-96j49","processName":"quarkus-run.jar","processId":1}
{"timestamp":"2023-11-20T16:27:37.135Z","sequence":1298,"loggerClassName":"org.jboss.logging.Logger","loggerName":"com.knime.enterprise.cloud.services.searchsync.impl.FullSyncService","level":"INFO","message":"Finished bulk request 4: OK","threadName":"I/O dispatcher 1","threadId":38,"mdc":{},"ndc":"","hostName":"search-sync-service-67d9ffbff9-96j49","processName":"quarkus-run.jar","processId":1}
{"timestamp":"2023-11-20T16:27:37.135Z","sequence":1299,"loggerClassName":"org.jboss.logging.Logger","loggerName":"com.knime.enterprise.cloud.services.searchsync.impl.FullSyncService","level":"INFO","message":"Starting bulk request 6.","threadName":"executor-thread-23","threadId":62,"mdc":{},"ndc":"","hostName":"search-sync-service-67d9ffbff9-96j49","processName":"quarkus-run.jar","processId":1}
{"timestamp":"2023-11-20T16:27:37.142Z","sequence":1300,"loggerClassName":"org.jboss.logging.Logger","loggerName":"com.knime.enterprise.cloud.services.searchsync.impl.FullSyncService","level":"INFO","message":"Finished bulk request 5: OK","threadName":"I/O dispatcher 1","threadId":38,"mdc":{},"ndc":"","hostName":"search-sync-service-67d9ffbff9-96j49","processName":"quarkus-run.jar","processId":1}
{"timestamp":"2023-11-20T16:27:37.142Z","sequence":1301,"loggerClassName":"org.jboss.logging.Logger","loggerName":"com.knime.enterprise.cloud.services.searchsync.impl.FullSyncService","level":"INFO","message":"Starting bulk request 7.","threadName":"executor-thread-23","threadId":62,"mdc":{},"ndc":"","hostName":"search-sync-service-67d9ffbff9-96j49","processName":"quarkus-run.jar","processId":1}
{"timestamp":"2023-11-20T16:27:37.149Z","sequence":1302,"loggerClassName":"org.jboss.logging.Logger","loggerName":"com.knime.enterprise.cloud.services.searchsync.impl.FullSyncService","level":"INFO","message":"Finished bulk request 6: OK","threadName":"I/O dispatcher 1","threadId":38,"mdc":{},"ndc":"","hostName":"search-sync-service-67d9ffbff9-96j49","processName":"quarkus-run.jar","processId":1}
{"timestamp":"2023-11-20T16:27:37.149Z","sequence":1303,"loggerClassName":"org.jboss.logging.Logger","loggerName":"com.knime.enterprise.cloud.services.searchsync.impl.FullSyncService","level":"INFO","message":"Starting bulk request 8.","threadName":"executor-thread-23","threadId":62,"mdc":{},"ndc":"","hostName":"search-sync-service-67d9ffbff9-96j49","processName":"quarkus-run.jar","processId":1}
{"timestamp":"2023-11-20T16:27:37.156Z","sequence":1304,"loggerClassName":"org.jboss.logging.Logger","loggerName":"com.knime.enterprise.cloud.services.searchsync.impl.FullSyncService","level":"INFO","message":"Finished bulk request 7: OK","threadName":"I/O dispatcher 1","threadId":38,"mdc":{},"ndc":"","hostName":"search-sync-service-67d9ffbff9-96j49","processName":"quarkus-run.jar","processId":1}
{"timestamp":"2023-11-20T16:27:37.157Z","sequence":1305,"loggerClassName":"org.jboss.logging.Logger","loggerName":"com.knime.enterprise.cloud.services.searchsync.impl.FullSyncService","level":"INFO","message":"Starting bulk request 9.","threadName":"executor-thread-23","threadId":62,"mdc":{},"ndc":"","hostName":"search-sync-service-67d9ffbff9-96j49","processName":"quarkus-run.jar","processId":1}
{"timestamp":"2023-11-20T16:27:37.164Z","sequence":1306,"loggerClassName":"org.jboss.logging.Logger","loggerName":"com.knime.enterprise.cloud.services.searchsync.impl.FullSyncService","level":"INFO","message":"Finished bulk request 8: OK","threadName":"I/O dispatcher 1","threadId":38,"mdc":{},"ndc":"","hostName":"search-sync-service-67d9ffbff9-96j49","processName":"quarkus-run.jar","processId":1}
{"timestamp":"2023-11-20T16:27:37.164Z","sequence":1307,"loggerClassName":"org.jboss.logging.Logger","loggerName":"com.knime.enterprise.cloud.services.searchsync.impl.FullSyncService","level":"INFO","message":"Starting bulk request 10.","threadName":"executor-thread-23","threadId":62,"mdc":{},"ndc":"","hostName":"search-sync-service-67d9ffbff9-96j49","processName":"quarkus-run.jar","processId":1}
{"timestamp":"2023-11-20T16:27:37.166Z","sequence":1308,"loggerClassName":"org.jboss.logging.Logger","loggerName":"com.knime.enterprise.cloud.services.searchsync.impl.FullSyncService","level":"INFO","message":"Accounts service retrieved the hub global account.","threadName":"executor-thread-22","threadId":61,"mdc":{},"ndc":"","hostName":"search-sync-service-67d9ffbff9-96j49","processName":"quarkus-run.jar","processId":1}
{"timestamp":"2023-11-20T16:27:37.166Z","sequence":1309,"loggerClassName":"org.jboss.logging.Logger","loggerName":"com.knime.enterprise.cloud.services.searchsync.impl.FullSyncService","level":"INFO","message":"Accounts service returned 0 external groups.","threadName":"executor-thread-22","threadId":61,"mdc":{},"ndc":"","hostName":"search-sync-service-67d9ffbff9-96j49","processName":"quarkus-run.jar","processId":1}
{"timestamp":"2023-11-20T16:27:37.166Z","sequence":1310,"loggerClassName":"org.jboss.logging.Logger","loggerName":"com.knime.enterprise.cloud.services.searchsync.impl.FullSyncService","level":"INFO","message":"Start bulk index of :'external_groups1700497657000'","threadName":"executor-thread-22","threadId":61,"mdc":{},"ndc":"","hostName":"search-sync-service-67d9ffbff9-96j49","processName":"quarkus-run.jar","processId":1}
{"timestamp":"2023-11-20T16:27:37.166Z","sequence":1311,"loggerClassName":"org.jboss.logging.Logger","loggerName":"com.knime.enterprise.cloud.services.searchsync.impl.FullSyncService","level":"INFO","message":"0 items has been added to 'external_groups' index (out of 0 items retrieved).","threadName":"executor-thread-22","threadId":61,"mdc":{},"ndc":"","hostName":"search-sync-service-67d9ffbff9-96j49","processName":"quarkus-run.jar","processId":1}
{"timestamp":"2023-11-20T16:27:37.168Z","sequence":1312,"loggerClassName":"org.jboss.logging.Logger","loggerName":"com.knime.enterprise.cloud.services.searchsync.impl.FullSyncService","level":"INFO","message":"Requesting to add alias for new index with name 'external_groups1700497657000'.","threadName":"executor-thread-22","threadId":61,"mdc":{},"ndc":"","hostName":"search-sync-service-67d9ffbff9-96j49","processName":"quarkus-run.jar","processId":1}
{"timestamp":"2023-11-20T16:27:37.171Z","sequence":1313,"loggerClassName":"org.jboss.logging.Logger","loggerName":"com.knime.enterprise.cloud.services.searchsync.impl.FullSyncService","level":"INFO","message":"Finished bulk request 9: OK","threadName":"I/O dispatcher 1","threadId":38,"mdc":{},"ndc":"","hostName":"search-sync-service-67d9ffbff9-96j49","processName":"quarkus-run.jar","processId":1}
{"timestamp":"2023-11-20T16:27:37.178Z","sequence":1314,"loggerClassName":"org.jboss.logging.Logger","loggerName":"com.knime.enterprise.cloud.services.searchsync.impl.FullSyncService","level":"INFO","message":"Finished bulk request 10: OK","threadName":"I/O dispatcher 1","threadId":38,"mdc":{},"ndc":"","hostName":"search-sync-service-67d9ffbff9-96j49","processName":"quarkus-run.jar","processId":1}
{"timestamp":"2023-11-20T16:27:37.201Z","sequence":1315,"loggerClassName":"org.jboss.logging.Logger","loggerName":"com.knime.enterprise.cloud.services.searchsync.impl.FullSyncService","level":"INFO","message":"Index with name 'external_groups1700497657000' successfully created and aliased.","threadName":"executor-thread-22","threadId":61,"mdc":{},"ndc":"","hostName":"search-sync-service-67d9ffbff9-96j49","processName":"quarkus-run.jar","processId":1}
{"timestamp":"2023-11-20T16:27:37.201Z","sequence":1316,"loggerClassName":"org.jboss.logging.Logger","loggerName":"com.knime.enterprise.cloud.services.searchsync.impl.FullSyncService","level":"INFO","message":"Attempting to clean indices of type 'EXTERNAL_GROUP'.","threadName":"executor-thread-22","threadId":61,"mdc":{},"ndc":"","hostName":"search-sync-service-67d9ffbff9-96j49","processName":"quarkus-run.jar","processId":1}
{"timestamp":"2023-11-20T16:27:37.203Z","sequence":1317,"loggerClassName":"org.jboss.logging.Logger","loggerName":"com.knime.enterprise.cloud.services.searchsync.impl.FullSyncService","level":"INFO","message":"Nothing to clean.","threadName":"executor-thread-22","threadId":61,"mdc":{},"ndc":"","hostName":"search-sync-service-67d9ffbff9-96j49","processName":"quarkus-run.jar","processId":1}
{"timestamp":"2023-11-20T16:27:37.213Z","sequence":1318,"loggerClassName":"org.jboss.logging.Logger","loggerName":"com.knime.enterprise.cloud.services.searchsync.impl.FullSyncService","level":"INFO","message":"Requesting to add alias for new index with name 'tags1700497657000'.","threadName":"executor-thread-23","threadId":62,"mdc":{},"ndc":"","hostName":"search-sync-service-67d9ffbff9-96j49","processName":"quarkus-run.jar","processId":1}
{"timestamp":"2023-11-20T16:27:37.243Z","sequence":1319,"loggerClassName":"org.jboss.logging.Logger","loggerName":"com.knime.enterprise.cloud.services.searchsync.impl.FullSyncService","level":"INFO","message":"Index with name 'tags1700497657000' successfully created and aliased.","threadName":"executor-thread-23","threadId":62,"mdc":{},"ndc":"","hostName":"search-sync-service-67d9ffbff9-96j49","processName":"quarkus-run.jar","processId":1}
{"timestamp":"2023-11-20T16:27:37.243Z","sequence":1320,"loggerClassName":"org.jboss.logging.Logger","loggerName":"com.knime.enterprise.cloud.services.searchsync.impl.FullSyncService","level":"INFO","message":"Attempting to clean indices of type 'TAG'.","threadName":"executor-thread-23","threadId":62,"mdc":{},"ndc":"","hostName":"search-sync-service-67d9ffbff9-96j49","processName":"quarkus-run.jar","processId":1}
{"timestamp":"2023-11-20T16:27:37.245Z","sequence":1321,"loggerClassName":"org.jboss.logging.Logger","loggerName":"com.knime.enterprise.cloud.services.searchsync.impl.FullSyncService","level":"INFO","message":"Nothing to clean.","threadName":"executor-thread-23","threadId":62,"mdc":{},"ndc":"","hostName":"search-sync-service-67d9ffbff9-96j49","processName":"quarkus-run.jar","processId":1}
{"timestamp":"2023-11-20T16:37:37Z","sequence":1322,"loggerClassName":"org.jboss.logging.Logger","loggerName":"com.knime.enterprise.cloud.services.searchsync.impl.FullSyncService","level":"INFO","message":"Start creation of new index for type: EXTERNAL_GROUP","threadName":"executor-thread-23","threadId":62,"mdc":{},"ndc":"","hostName":"search-sync-service-67d9ffbff9-96j49","processName":"quarkus-run.jar","processId":1}
{"timestamp":"2023-11-20T16:37:37Z","sequence":1323,"loggerClassName":"org.jboss.logging.Logger","loggerName":"com.knime.enterprise.cloud.services.searchsync.impl.FullSyncService","level":"INFO","message":"Attempting to clean indices of type 'EXTERNAL_GROUP'.","threadName":"executor-thread-23","threadId":62,"mdc":{},"ndc":"","hostName":"search-sync-service-67d9ffbff9-96j49","processName":"quarkus-run.jar","processId":1}
{"timestamp":"2023-11-20T16:37:37Z","sequence":1324,"loggerClassName":"org.jboss.logging.Logger","loggerName":"com.knime.enterprise.cloud.services.searchsync.impl.FullSyncService","level":"INFO","message":"Start creation of new index for type: TAG","threadName":"executor-thread-24","threadId":63,"mdc":{},"ndc":"","hostName":"search-sync-service-67d9ffbff9-96j49","processName":"quarkus-run.jar","processId":1}
{"timestamp":"2023-11-20T16:37:37Z","sequence":1325,"loggerClassName":"org.jboss.logging.Logger","loggerName":"com.knime.enterprise.cloud.services.searchsync.impl.FullSyncService","level":"INFO","message":"Attempting to clean indices of type 'TAG'.","threadName":"executor-thread-24","threadId":63,"mdc":{},"ndc":"","hostName":"search-sync-service-67d9ffbff9-96j49","processName":"quarkus-run.jar","processId":1}
{"timestamp":"2023-11-20T16:37:37.002Z","sequence":1326,"loggerClassName":"org.jboss.logging.Logger","loggerName":"com.knime.enterprise.cloud.services.searchsync.impl.FullSyncService","level":"INFO","message":"Nothing to clean.","threadName":"executor-thread-24","threadId":63,"mdc":{},"ndc":"","hostName":"search-sync-service-67d9ffbff9-96j49","processName":"quarkus-run.jar","processId":1}
{"timestamp":"2023-11-20T16:37:37.002Z","sequence":1327,"loggerClassName":"org.jboss.logging.Logger","loggerName":"com.knime.enterprise.cloud.services.searchsync.impl.FullSyncService","level":"INFO","message":"Nothing to clean.","threadName":"executor-thread-23","threadId":62,"mdc":{},"ndc":"","hostName":"search-sync-service-67d9ffbff9-96j49","processName":"quarkus-run.jar","processId":1}
{"timestamp":"2023-11-20T16:37:37.003Z","sequence":1328,"loggerClassName":"org.jboss.logging.Logger","loggerName":"com.knime.enterprise.cloud.services.searchsync.impl.FullSyncService","level":"INFO","message":"Requesting creation of index of type 'TAG'.","threadName":"executor-thread-24","threadId":63,"mdc":{},"ndc":"","hostName":"search-sync-service-67d9ffbff9-96j49","processName":"quarkus-run.jar","processId":1}
{"timestamp":"2023-11-20T16:37:37.003Z","sequence":1329,"loggerClassName":"org.jboss.logging.Logger","loggerName":"com.knime.enterprise.cloud.services.searchsync.impl.FullSyncService","level":"INFO","message":"Requesting creation of index of type 'EXTERNAL_GROUP'.","threadName":"executor-thread-23","threadId":62,"mdc":{},"ndc":"","hostName":"search-sync-service-67d9ffbff9-96j49","processName":"quarkus-run.jar","processId":1}
{"timestamp":"2023-11-20T16:37:37.112Z","sequence":1330,"loggerClassName":"org.jboss.logging.Logger","loggerName":"com.knime.enterprise.cloud.services.searchsync.impl.FullSyncService","level":"INFO","message":"Index of type 'TAG' successfully created: 'tags1700498257000'.","threadName":"executor-thread-24","threadId":63,"mdc":{},"ndc":"","hostName":"search-sync-service-67d9ffbff9-96j49","processName":"quarkus-run.jar","processId":1}
{"timestamp":"2023-11-20T16:37:37.117Z","sequence":1331,"loggerClassName":"org.jboss.logging.Logger","loggerName":"com.knime.enterprise.cloud.services.searchsync.impl.FullSyncService","level":"INFO","message":"Starting bulk request 1.","threadName":"executor-thread-24","threadId":63,"mdc":{},"ndc":"","hostName":"search-sync-service-67d9ffbff9-96j49","processName":"quarkus-run.jar","processId":1}
{"timestamp":"2023-11-20T16:37:37.117Z","sequence":1332,"loggerClassName":"org.jboss.logging.Logger","loggerName":"com.knime.enterprise.cloud.services.searchsync.impl.FullSyncService","level":"INFO","message":"Starting bulk request 2.","threadName":"executor-thread-24","threadId":63,"mdc":{},"ndc":"","hostName":"search-sync-service-67d9ffbff9-96j49","processName":"quarkus-run.jar","processId":1}
{"timestamp":"2023-11-20T16:37:37.127Z","sequence":1333,"loggerClassName":"org.jboss.logging.Logger","loggerName":"com.knime.enterprise.cloud.services.searchsync.impl.FullSyncService","level":"INFO","message":"Finished bulk request 1: OK","threadName":"I/O dispatcher 1","threadId":38,"mdc":{},"ndc":"","hostName":"search-sync-service-67d9ffbff9-96j49","processName":"quarkus-run.jar","processId":1}
{"timestamp":"2023-11-20T16:37:37.127Z","sequence":1334,"loggerClassName":"org.jboss.logging.Logger","loggerName":"com.knime.enterprise.cloud.services.searchsync.impl.FullSyncService","level":"INFO","message":"Starting bulk request 3.","threadName":"executor-thread-24","threadId":63,"mdc":{},"ndc":"","hostName":"search-sync-service-67d9ffbff9-96j49","processName":"quarkus-run.jar","processId":1}
{"timestamp":"2023-11-20T16:37:37.136Z","sequence":1335,"loggerClassName":"org.jboss.logging.Logger","loggerName":"com.knime.enterprise.cloud.services.searchsync.impl.FullSyncService","level":"INFO","message":"Finished bulk request 2: OK","threadName":"I/O dispatcher 1","threadId":38,"mdc":{},"ndc":"","hostName":"search-sync-service-67d9ffbff9-96j49","processName":"quarkus-run.jar","processId":1}
{"timestamp":"2023-11-20T16:37:37.136Z","sequence":1336,"loggerClassName":"org.jboss.logging.Logger","loggerName":"com.knime.enterprise.cloud.services.searchsync.impl.FullSyncService","level":"INFO","message":"Starting bulk request 4.","threadName":"executor-thread-24","threadId":63,"mdc":{},"ndc":"","hostName":"search-sync-service-67d9ffbff9-96j49","processName":"quarkus-run.jar","processId":1}
{"timestamp":"2023-11-20T16:37:37.144Z","sequence":1337,"loggerClassName":"org.jboss.logging.Logger","loggerName":"com.knime.enterprise.cloud.services.searchsync.impl.FullSyncService","level":"INFO","message":"Finished bulk request 3: OK","threadName":"I/O dispatcher 1","threadId":38,"mdc":{},"ndc":"","hostName":"search-sync-service-67d9ffbff9-96j49","processName":"quarkus-run.jar","processId":1}
{"timestamp":"2023-11-20T16:37:37.145Z","sequence":1338,"loggerClassName":"org.jboss.logging.Logger","loggerName":"com.knime.enterprise.cloud.services.searchsync.impl.FullSyncService","level":"INFO","message":"Starting bulk request 5.","threadName":"executor-thread-24","threadId":63,"mdc":{},"ndc":"","hostName":"search-sync-service-67d9ffbff9-96j49","processName":"quarkus-run.jar","processId":1}
{"timestamp":"2023-11-20T16:37:37.145Z","sequence":1339,"loggerClassName":"org.jboss.logging.Logger","loggerName":"com.knime.enterprise.cloud.services.searchsync.impl.FullSyncService","level":"INFO","message":"Index of type 'EXTERNAL_GROUP' successfully created: 'external_groups1700498257000'.","threadName":"executor-thread-23","threadId":62,"mdc":{},"ndc":"","hostName":"search-sync-service-67d9ffbff9-96j49","processName":"quarkus-run.jar","processId":1}
{"timestamp":"2023-11-20T16:37:37.152Z","sequence":1340,"loggerClassName":"org.jboss.logging.Logger","loggerName":"com.knime.enterprise.cloud.services.searchsync.impl.FullSyncService","level":"INFO","message":"Finished bulk request 4: OK","threadName":"I/O dispatcher 1","threadId":38,"mdc":{},"ndc":"","hostName":"search-sync-service-67d9ffbff9-96j49","processName":"quarkus-run.jar","processId":1}
{"timestamp":"2023-11-20T16:37:37.152Z","sequence":1341,"loggerClassName":"org.jboss.logging.Logger","loggerName":"com.knime.enterprise.cloud.services.searchsync.impl.FullSyncService","level":"INFO","message":"Starting bulk request 6.","threadName":"executor-thread-24","threadId":63,"mdc":{},"ndc":"","hostName":"search-sync-service-67d9ffbff9-96j49","processName":"quarkus-run.jar","processId":1}
{"timestamp":"2023-11-20T16:37:37.159Z","sequence":1342,"loggerClassName":"org.jboss.logging.Logger","loggerName":"com.knime.enterprise.cloud.services.searchsync.impl.FullSyncService","level":"INFO","message":"Finished bulk request 5: OK","threadName":"I/O dispatcher 1","threadId":38,"mdc":{},"ndc":"","hostName":"search-sync-service-67d9ffbff9-96j49","processName":"quarkus-run.jar","processId":1}
{"timestamp":"2023-11-20T16:37:37.16Z","sequence":1343,"loggerClassName":"org.jboss.logging.Logger","loggerName":"com.knime.enterprise.cloud.services.searchsync.impl.FullSyncService","level":"INFO","message":"Starting bulk request 7.","threadName":"executor-thread-24","threadId":63,"mdc":{},"ndc":"","hostName":"search-sync-service-67d9ffbff9-96j49","processName":"quarkus-run.jar","processId":1}
{"timestamp":"2023-11-20T16:37:37.167Z","sequence":1344,"loggerClassName":"org.jboss.logging.Logger","loggerName":"com.knime.enterprise.cloud.services.searchsync.impl.FullSyncService","level":"INFO","message":"Finished bulk request 6: OK","threadName":"I/O dispatcher 1","threadId":38,"mdc":{},"ndc":"","hostName":"search-sync-service-67d9ffbff9-96j49","processName":"quarkus-run.jar","processId":1}
{"timestamp":"2023-11-20T16:37:37.168Z","sequence":1345,"loggerClassName":"org.jboss.logging.Logger","loggerName":"com.knime.enterprise.cloud.services.searchsync.impl.FullSyncService","level":"INFO","message":"Starting bulk request 8.","threadName":"executor-thread-24","threadId":63,"mdc":{},"ndc":"","hostName":"search-sync-service-67d9ffbff9-96j49","processName":"quarkus-run.jar","processId":1}
{"timestamp":"2023-11-20T16:37:37.176Z","sequence":1346,"loggerClassName":"org.jboss.logging.Logger","loggerName":"com.knime.enterprise.cloud.services.searchsync.impl.FullSyncService","level":"INFO","message":"Finished bulk request 7: OK","threadName":"I/O dispatcher 1","threadId":38,"mdc":{},"ndc":"","hostName":"search-sync-service-67d9ffbff9-96j49","processName":"quarkus-run.jar","processId":1}
{"timestamp":"2023-11-20T16:37:37.177Z","sequence":1347,"loggerClassName":"org.jboss.logging.Logger","loggerName":"com.knime.enterprise.cloud.services.searchsync.impl.FullSyncService","level":"INFO","message":"Starting bulk request 9.","threadName":"executor-thread-24","threadId":63,"mdc":{},"ndc":"","hostName":"search-sync-service-67d9ffbff9-96j49","processName":"quarkus-run.jar","processId":1}
{"timestamp":"2023-11-20T16:37:37.185Z","sequence":1348,"loggerClassName":"org.jboss.logging.Logger","loggerName":"com.knime.enterprise.cloud.services.searchsync.impl.FullSyncService","level":"INFO","message":"Finished bulk request 8: OK","threadName":"I/O dispatcher 1","threadId":38,"mdc":{},"ndc":"","hostName":"search-sync-service-67d9ffbff9-96j49","processName":"quarkus-run.jar","processId":1}
{"timestamp":"2023-11-20T16:37:37.185Z","sequence":1349,"loggerClassName":"org.jboss.logging.Logger","loggerName":"com.knime.enterprise.cloud.services.searchsync.impl.FullSyncService","level":"INFO","message":"Starting bulk request 10.","threadName":"executor-thread-24","threadId":63,"mdc":{},"ndc":"","hostName":"search-sync-service-67d9ffbff9-96j49","processName":"quarkus-run.jar","processId":1}
{"timestamp":"2023-11-20T16:37:37.189Z","sequence":1350,"loggerClassName":"org.jboss.logging.Logger","loggerName":"com.knime.enterprise.cloud.services.searchsync.impl.FullSyncService","level":"INFO","message":"Accounts service retrieved the hub global account.","threadName":"executor-thread-23","threadId":62,"mdc":{},"ndc":"","hostName":"search-sync-service-67d9ffbff9-96j49","processName":"quarkus-run.jar","processId":1}
{"timestamp":"2023-11-20T16:37:37.189Z","sequence":1351,"loggerClassName":"org.jboss.logging.Logger","loggerName":"com.knime.enterprise.cloud.services.searchsync.impl.FullSyncService","level":"INFO","message":"Accounts service returned 0 external groups.","threadName":"executor-thread-23","threadId":62,"mdc":{},"ndc":"","hostName":"search-sync-service-67d9ffbff9-96j49","processName":"quarkus-run.jar","processId":1}
{"timestamp":"2023-11-20T16:37:37.189Z","sequence":1352,"loggerClassName":"org.jboss.logging.Logger","loggerName":"com.knime.enterprise.cloud.services.searchsync.impl.FullSyncService","level":"INFO","message":"Start bulk index of :'external_groups1700498257000'","threadName":"executor-thread-23","threadId":62,"mdc":{},"ndc":"","hostName":"search-sync-service-67d9ffbff9-96j49","processName":"quarkus-run.jar","processId":1}
{"timestamp":"2023-11-20T16:37:37.189Z","sequence":1353,"loggerClassName":"org.jboss.logging.Logger","loggerName":"com.knime.enterprise.cloud.services.searchsync.impl.FullSyncService","level":"INFO","message":"0 items has been added to 'external_groups' index (out of 0 items retrieved).","threadName":"executor-thread-23","threadId":62,"mdc":{},"ndc":"","hostName":"search-sync-service-67d9ffbff9-96j49","processName":"quarkus-run.jar","processId":1}
{"timestamp":"2023-11-20T16:37:37.192Z","sequence":1354,"loggerClassName":"org.jboss.logging.Logger","loggerName":"com.knime.enterprise.cloud.services.searchsync.impl.FullSyncService","level":"INFO","message":"Requesting to add alias for new index with name 'external_groups1700498257000'.","threadName":"executor-thread-23","threadId":62,"mdc":{},"ndc":"","hostName":"search-sync-service-67d9ffbff9-96j49","processName":"quarkus-run.jar","processId":1}
{"timestamp":"2023-11-20T16:37:37.193Z","sequence":1355,"loggerClassName":"org.jboss.logging.Logger","loggerName":"com.knime.enterprise.cloud.services.searchsync.impl.FullSyncService","level":"INFO","message":"Finished bulk request 9: OK","threadName":"I/O dispatcher 1","threadId":38,"mdc":{},"ndc":"","hostName":"search-sync-service-67d9ffbff9-96j49","processName":"quarkus-run.jar","processId":1}
{"timestamp":"2023-11-20T16:37:37.2Z","sequence":1356,"loggerClassName":"org.jboss.logging.Logger","loggerName":"com.knime.enterprise.cloud.services.searchsync.impl.FullSyncService","level":"INFO","message":"Finished bulk request 10: OK","threadName":"I/O dispatcher 1","threadId":38,"mdc":{},"ndc":"","hostName":"search-sync-service-67d9ffbff9-96j49","processName":"quarkus-run.jar","processId":1}
{"timestamp":"2023-11-20T16:37:37.224Z","sequence":1357,"loggerClassName":"org.jboss.logging.Logger","loggerName":"com.knime.enterprise.cloud.services.searchsync.impl.FullSyncService","level":"INFO","message":"Index with name 'external_groups1700498257000' successfully created and aliased.","threadName":"executor-thread-23","threadId":62,"mdc":{},"ndc":"","hostName":"search-sync-service-67d9ffbff9-96j49","processName":"quarkus-run.jar","processId":1}
{"timestamp":"2023-11-20T16:37:37.224Z","sequence":1358,"loggerClassName":"org.jboss.logging.Logger","loggerName":"com.knime.enterprise.cloud.services.searchsync.impl.FullSyncService","level":"INFO","message":"Attempting to clean indices of type 'EXTERNAL_GROUP'.","threadName":"executor-thread-23","threadId":62,"mdc":{},"ndc":"","hostName":"search-sync-service-67d9ffbff9-96j49","processName":"quarkus-run.jar","processId":1}
{"timestamp":"2023-11-20T16:37:37.226Z","sequence":1359,"loggerClassName":"org.jboss.logging.Logger","loggerName":"com.knime.enterprise.cloud.services.searchsync.impl.FullSyncService","level":"INFO","message":"Nothing to clean.","threadName":"executor-thread-23","threadId":62,"mdc":{},"ndc":"","hostName":"search-sync-service-67d9ffbff9-96j49","processName":"quarkus-run.jar","processId":1}
{"timestamp":"2023-11-20T16:37:37.235Z","sequence":1360,"loggerClassName":"org.jboss.logging.Logger","loggerName":"com.knime.enterprise.cloud.services.searchsync.impl.FullSyncService","level":"INFO","message":"Requesting to add alias for new index with name 'tags1700498257000'.","threadName":"executor-thread-24","threadId":63,"mdc":{},"ndc":"","hostName":"search-sync-service-67d9ffbff9-96j49","processName":"quarkus-run.jar","processId":1}
{"timestamp":"2023-11-20T16:37:37.269Z","sequence":1361,"loggerClassName":"org.jboss.logging.Logger","loggerName":"com.knime.enterprise.cloud.services.searchsync.impl.FullSyncService","level":"INFO","message":"Index with name 'tags1700498257000' successfully created and aliased.","threadName":"executor-thread-24","threadId":63,"mdc":{},"ndc":"","hostName":"search-sync-service-67d9ffbff9-96j49","processName":"quarkus-run.jar","processId":1}
{"timestamp":"2023-11-20T16:37:37.269Z","sequence":1362,"loggerClassName":"org.jboss.logging.Logger","loggerName":"com.knime.enterprise.cloud.services.searchsync.impl.FullSyncService","level":"INFO","message":"Attempting to clean indices of type 'TAG'.","threadName":"executor-thread-24","threadId":63,"mdc":{},"ndc":"","hostName":"search-sync-service-67d9ffbff9-96j49","processName":"quarkus-run.jar","processId":1}
{"timestamp":"2023-11-20T16:37:37.271Z","sequence":1363,"loggerClassName":"org.jboss.logging.Logger","loggerName":"com.knime.enterprise.cloud.services.searchsync.impl.FullSyncService","level":"INFO","message":"Nothing to clean.","threadName":"executor-thread-24","threadId":63,"mdc":{},"ndc":"","hostName":"search-sync-service-67d9ffbff9-96j49","processName":"quarkus-run.jar","processId":1}
{"timestamp":"2023-11-20T16:40:04.68Z","sequence":1364,"loggerClassName":"org.jboss.logging.Logger","loggerName":"com.knime.enterprise.cloud.services.searchsync.impl.events.catalog.AbstractCatalogEventConsumer","level":"INFO","message":"Received message with jms correlation id: 2ab380ae-9406-47c5-8282-bc7e84c255df","threadName":"Thread-1 (ActiveMQ-client-global-threads)","threadId":40,"mdc":{"knime.correlation-id":"2ab380ae-9406-47c5-8282-bc7e84c255df"},"ndc":"","hostName":"search-sync-service-67d9ffbff9-96j49","processName":"quarkus-run.jar","processId":1}
{"timestamp":"2023-11-20T16:40:04.712Z","sequence":1365,"loggerClassName":"org.jboss.logging.Logger","loggerName":"com.knime.enterprise.cloud.services.searchsync.impl.events.catalog.AbstractCatalogEventConsumer","level":"INFO","message":"Parsed message to objectNodeCatalogEvent: ObjectNodeEvent{m_subject={\"id\":\"*rhsMIVAgo9zcFuFC\",\"type\":\"Workflow\",\"path\":\"/Users/Initial Team/Initial Space/KNIME_project\",\"canonicalPath\":\"/Users/account:team:dfb1955f-fee7-4a15-89d4-2277dfe8ecf1/Initial Space/KNIME_project\",\"_class\":\"com.knime.enterprise.server.rest.api.v4.repository.ent.Workflow\",\"ownerAccountId\":\"account:team:dfb1955f-fee7-4a15-89d4-2277dfe8ecf1\",\"owner\":\"Initial Team\",\"author\":\"martenkose\",\"createdOn\":\"2023-11-10T11:08:34+00:00\",\"itemVersionCreatedBy\":\"knimeadmin\",\"itemVersionCreatedByAccountId\":\"account:user:28654070-1163-4de3-88b6-e90b62a62cb8\",\"description\":\"\",\"downloadCount\":0,\"lastEditedOn\":\"2023-11-20T16:39:18+00:00\",\"lastUploadedOn\":\"2023-11-20T16:40:03+00:00\",\"size\":5965,\"kudosCount\":0,\"updateCount\":0,\"updateCheckCount\":0,\"hasReport\":false,\"version\":\"5.1.0\",\"createdBy\":\"5.1.2.v202310091347\",\"details\":{\"name\":\"KNIME_project\",\"annotations\":[],\"nodes\":[{\"factoryName\":\"org.knime.python3.scripting.nodes.script.PythonScriptNodeFactory\",\"nodeInstanceId\":\"1\",\"type\":\"NativeNode\",\"nodeAndBundleInformation\":{\"bundleVersion\":\"5.1.0.v202303131237\",\"bundleName\":\"KNIME Python 3 - Scripting Nodes\",\"bundleSymbolicName\":\"org.knime.python3.scripting.nodes\",\"bundleVendor\":\"KNIME AG, Zurich, Switzerland\",\"nodeName\":\"Python Script\",\"factoryClass\":\"org.knime.python3.scripting.nodes.script.PythonScriptNodeFactory\",\"featureSymbolicName\":\"org.knime.features.python3.scripting\",\"featureName\":\"KNIME Python Integration\",\"featureVersion\":\"5.1.2.v202310091339\",\"featureVendor\":\"KNIME AG, Zurich, Switzerland\"}}],\"encryption\":{\"containsEncrypted\":false},\"kudos\":[],\"links\":[],\"tags\":[],\"workflowSvg\":{\"width\":104,\"height\":90},\"space\":{\"owner\":\"Initial Team\",\"ownerAccountId\":\"account:team:dfb1955f-fee7-4a15-89d4-2277dfe8ecf1\",\"contributors\":[],\"private\":false,\"spaceId\":\"*NHpXALYarJuOVmOY\",\"spaceName\":\"Initial Space\"}}}, m_source='Catalog Service'}","threadName":"Thread-1 (ActiveMQ-client-global-threads)","threadId":40,"mdc":{"knime.correlation-id":"2ab380ae-9406-47c5-8282-bc7e84c255df"},"ndc":"","hostName":"search-sync-service-67d9ffbff9-96j49","processName":"quarkus-run.jar","processId":1}
{"timestamp":"2023-11-20T16:40:04.788Z","sequence":1366,"loggerClassName":"org.jboss.logging.Logger","loggerName":"com.knime.enterprise.cloud.services.searchsync.impl.CatalogServiceSyncer","level":"INFO","message":"Event with subject: /Users/Initial Team/Initial Space/KNIME_project processed","threadName":"Thread-1 (ActiveMQ-client-global-threads)","threadId":40,"mdc":{"knime.correlation-id":"2ab380ae-9406-47c5-8282-bc7e84c255df"},"ndc":"","hostName":"search-sync-service-67d9ffbff9-96j49","processName":"quarkus-run.jar","processId":1}
{"timestamp":"2023-11-20T16:40:37.333Z","sequence":1367,"loggerClassName":"org.jboss.logging.Logger","loggerName":"com.knime.enterprise.cloud.services.searchsync.impl.events.catalog.AbstractCatalogEventConsumer","level":"INFO","message":"Received message with jms correlation id: 5de4891f-258c-4421-8ef8-f912f7a77e79","threadName":"Thread-0 (ActiveMQ-client-global-threads)","threadId":29,"mdc":{"knime.correlation-id":"5de4891f-258c-4421-8ef8-f912f7a77e79"},"ndc":"","hostName":"search-sync-service-67d9ffbff9-96j49","processName":"quarkus-run.jar","processId":1}
{"timestamp":"2023-11-20T16:40:37.334Z","sequence":1368,"loggerClassName":"org.jboss.logging.Logger","loggerName":"com.knime.enterprise.cloud.services.searchsync.impl.events.catalog.AbstractCatalogEventConsumer","level":"INFO","message":"Parsed message to objectNodeCatalogEvent: ObjectNodeEvent{m_subject={\"id\":\"*rhsMIVAgo9zcFuFC\",\"type\":\"Workflow\",\"path\":\"/Users/Initial Team/Initial Space/KNIME_project\",\"canonicalPath\":\"/Users/account:team:dfb1955f-fee7-4a15-89d4-2277dfe8ecf1/Initial Space/KNIME_project\",\"_class\":\"com.knime.enterprise.server.rest.api.v4.repository.ent.Workflow\",\"ownerAccountId\":\"account:team:dfb1955f-fee7-4a15-89d4-2277dfe8ecf1\",\"owner\":\"Initial Team\",\"author\":\"martenkose\",\"createdOn\":\"2023-11-10T11:08:34+00:00\",\"itemVersionCreatedBy\":\"knimeadmin\",\"itemVersionCreatedByAccountId\":\"account:user:28654070-1163-4de3-88b6-e90b62a62cb8\",\"description\":\"\",\"downloadCount\":1,\"lastEditedOn\":\"2023-11-20T16:39:18+00:00\",\"lastUploadedOn\":\"2023-11-20T16:40:03+00:00\",\"size\":5965,\"kudosCount\":0,\"updateCount\":0,\"updateCheckCount\":0,\"hasReport\":false,\"version\":\"5.1.0\",\"createdBy\":\"5.1.2.v202310091347\",\"details\":{\"name\":\"KNIME_project\",\"annotations\":[],\"nodes\":[{\"factoryName\":\"org.knime.python3.scripting.nodes.script.PythonScriptNodeFactory\",\"nodeInstanceId\":\"1\",\"type\":\"NativeNode\",\"nodeAndBundleInformation\":{\"bundleVersion\":\"5.1.0.v202303131237\",\"bundleName\":\"KNIME Python 3 - Scripting Nodes\",\"bundleSymbolicName\":\"org.knime.python3.scripting.nodes\",\"bundleVendor\":\"KNIME AG, Zurich, Switzerland\",\"nodeName\":\"Python Script\",\"factoryClass\":\"org.knime.python3.scripting.nodes.script.PythonScriptNodeFactory\",\"featureSymbolicName\":\"org.knime.features.python3.scripting\",\"featureName\":\"KNIME Python Integration\",\"featureVersion\":\"5.1.2.v202310091339\",\"featureVendor\":\"KNIME AG, Zurich, Switzerland\"}}],\"encryption\":{\"containsEncrypted\":false},\"kudos\":[],\"links\":[],\"tags\":[],\"workflowSvg\":{\"width\":104,\"height\":90},\"space\":{\"owner\":\"Initial Team\",\"ownerAccountId\":\"account:team:dfb1955f-fee7-4a15-89d4-2277dfe8ecf1\",\"contributors\":[],\"private\":false,\"spaceId\":\"*NHpXALYarJuOVmOY\",\"spaceName\":\"Initial Space\"}}}, m_source='Catalog Service'}","threadName":"Thread-0 (ActiveMQ-client-global-threads)","threadId":29,"mdc":{"knime.correlation-id":"5de4891f-258c-4421-8ef8-f912f7a77e79"},"ndc":"","hostName":"search-sync-service-67d9ffbff9-96j49","processName":"quarkus-run.jar","processId":1}
{"timestamp":"2023-11-20T16:40:37.344Z","sequence":1369,"loggerClassName":"org.jboss.logging.Logger","loggerName":"com.knime.enterprise.cloud.services.searchsync.impl.CatalogServiceSyncer","level":"INFO","message":"Event with subject: /Users/Initial Team/Initial Space/KNIME_project processed","threadName":"Thread-0 (ActiveMQ-client-global-threads)","threadId":29,"mdc":{"knime.correlation-id":"5de4891f-258c-4421-8ef8-f912f7a77e79"},"ndc":"","hostName":"search-sync-service-67d9ffbff9-96j49","processName":"quarkus-run.jar","processId":1}
{"timestamp":"2023-11-20T16:46:05.172Z","sequence":1370,"loggerClassName":"org.jboss.logging.Logger","loggerName":"com.knime.enterprise.cloud.services.searchsync.impl.events.catalog.AbstractCatalogEventConsumer","level":"INFO","message":"Received message with jms correlation id: 385c3353-dd6c-45ee-adcd-c3e931557a6c","threadName":"Thread-1 (ActiveMQ-client-global-threads)","threadId":40,"mdc":{"knime.correlation-id":"385c3353-dd6c-45ee-adcd-c3e931557a6c"},"ndc":"","hostName":"search-sync-service-67d9ffbff9-96j49","processName":"quarkus-run.jar","processId":1}
{"timestamp":"2023-11-20T16:46:05.173Z","sequence":1371,"loggerClassName":"org.jboss.logging.Logger","loggerName":"com.knime.enterprise.cloud.services.searchsync.impl.events.catalog.AbstractCatalogEventConsumer","level":"INFO","message":"Parsed message to objectNodeCatalogEvent: ObjectNodeEvent{m_subject={\"id\":\"*rhsMIVAgo9zcFuFC\",\"type\":\"Workflow\",\"path\":\"/Users/Initial Team/Initial Space/KNIME_project\",\"canonicalPath\":\"/Users/account:team:dfb1955f-fee7-4a15-89d4-2277dfe8ecf1/Initial Space/KNIME_project\",\"_class\":\"com.knime.enterprise.server.rest.api.v4.repository.ent.Workflow\",\"ownerAccountId\":\"account:team:dfb1955f-fee7-4a15-89d4-2277dfe8ecf1\",\"owner\":\"Initial Team\",\"author\":\"martenkose\",\"createdOn\":\"2023-11-10T11:08:34+00:00\",\"itemVersionCreatedBy\":\"knimeadmin\",\"itemVersionCreatedByAccountId\":\"account:user:28654070-1163-4de3-88b6-e90b62a62cb8\",\"description\":\"\",\"downloadCount\":1,\"lastEditedOn\":\"2023-11-20T16:45:53+00:00\",\"lastUploadedOn\":\"2023-11-20T16:46:05+00:00\",\"size\":5973,\"kudosCount\":0,\"updateCount\":0,\"updateCheckCount\":0,\"hasReport\":false,\"version\":\"5.1.0\",\"createdBy\":\"5.1.2.v202310091347\",\"details\":{\"name\":\"KNIME_project\",\"annotations\":[],\"nodes\":[{\"factoryName\":\"org.knime.python3.scripting.nodes.script.PythonScriptNodeFactory\",\"nodeInstanceId\":\"1\",\"type\":\"NativeNode\",\"nodeAndBundleInformation\":{\"bundleVersion\":\"5.1.0.v202303131237\",\"bundleName\":\"KNIME Python 3 - Scripting Nodes\",\"bundleSymbolicName\":\"org.knime.python3.scripting.nodes\",\"bundleVendor\":\"KNIME AG, Zurich, Switzerland\",\"nodeName\":\"Python Script\",\"factoryClass\":\"org.knime.python3.scripting.nodes.script.PythonScriptNodeFactory\",\"featureSymbolicName\":\"org.knime.features.python3.scripting\",\"featureName\":\"KNIME Python Integration\",\"featureVersion\":\"5.1.2.v202310091339\",\"featureVendor\":\"KNIME AG, Zurich, Switzerland\"}}],\"encryption\":{\"containsEncrypted\":false},\"kudos\":[],\"links\":[],\"tags\":[],\"workflowSvg\":{\"width\":104,\"height\":90},\"space\":{\"owner\":\"Initial Team\",\"ownerAccountId\":\"account:team:dfb1955f-fee7-4a15-89d4-2277dfe8ecf1\",\"contributors\":[],\"private\":false,\"spaceId\":\"*NHpXALYarJuOVmOY\",\"spaceName\":\"Initial Space\"}}}, m_source='Catalog Service'}","threadName":"Thread-1 (ActiveMQ-client-global-threads)","threadId":40,"mdc":{"knime.correlation-id":"385c3353-dd6c-45ee-adcd-c3e931557a6c"},"ndc":"","hostName":"search-sync-service-67d9ffbff9-96j49","processName":"quarkus-run.jar","processId":1}
{"timestamp":"2023-11-20T16:46:05.181Z","sequence":1372,"loggerClassName":"org.jboss.logging.Logger","loggerName":"com.knime.enterprise.cloud.services.searchsync.impl.CatalogServiceSyncer","level":"INFO","message":"Event with subject: /Users/Initial Team/Initial Space/KNIME_project processed","threadName":"Thread-1 (ActiveMQ-client-global-threads)","threadId":40,"mdc":{"knime.correlation-id":"385c3353-dd6c-45ee-adcd-c3e931557a6c"},"ndc":"","hostName":"search-sync-service-67d9ffbff9-96j49","processName":"quarkus-run.jar","processId":1}
{"timestamp":"2023-11-20T16:46:18.861Z","sequence":1373,"loggerClassName":"org.jboss.logging.Logger","loggerName":"com.knime.enterprise.cloud.services.searchsync.impl.events.catalog.AbstractCatalogEventConsumer","level":"INFO","message":"Received message with jms correlation id: c7339511-c8f4-4d03-b760-cdb97b520d53","threadName":"Thread-1 (ActiveMQ-client-global-threads)","threadId":40,"mdc":{"knime.correlation-id":"c7339511-c8f4-4d03-b760-cdb97b520d53"},"ndc":"","hostName":"search-sync-service-67d9ffbff9-96j49","processName":"quarkus-run.jar","processId":1}
{"timestamp":"2023-11-20T16:46:18.861Z","sequence":1374,"loggerClassName":"org.jboss.logging.Logger","loggerName":"com.knime.enterprise.cloud.services.searchsync.impl.events.catalog.AbstractCatalogEventConsumer","level":"INFO","message":"Parsed message to objectNodeCatalogEvent: ObjectNodeEvent{m_subject={\"id\":\"*rhsMIVAgo9zcFuFC\",\"type\":\"Workflow\",\"path\":\"/Users/Initial Team/Initial Space/KNIME_project\",\"canonicalPath\":\"/Users/account:team:dfb1955f-fee7-4a15-89d4-2277dfe8ecf1/Initial Space/KNIME_project\",\"_class\":\"com.knime.enterprise.server.rest.api.v4.repository.ent.Workflow\",\"ownerAccountId\":\"account:team:dfb1955f-fee7-4a15-89d4-2277dfe8ecf1\",\"owner\":\"Initial Team\",\"author\":\"martenkose\",\"createdOn\":\"2023-11-10T11:08:34+00:00\",\"itemVersionCreatedBy\":\"knimeadmin\",\"itemVersionCreatedByAccountId\":\"account:user:28654070-1163-4de3-88b6-e90b62a62cb8\",\"description\":\"\",\"downloadCount\":2,\"lastEditedOn\":\"2023-11-20T16:45:53+00:00\",\"lastUploadedOn\":\"2023-11-20T16:46:05+00:00\",\"size\":5973,\"kudosCount\":0,\"updateCount\":0,\"updateCheckCount\":0,\"hasReport\":false,\"version\":\"5.1.0\",\"createdBy\":\"5.1.2.v202310091347\",\"details\":{\"name\":\"KNIME_project\",\"annotations\":[],\"nodes\":[{\"factoryName\":\"org.knime.python3.scripting.nodes.script.PythonScriptNodeFactory\",\"nodeInstanceId\":\"1\",\"type\":\"NativeNode\",\"nodeAndBundleInformation\":{\"bundleVersion\":\"5.1.0.v202303131237\",\"bundleName\":\"KNIME Python 3 - Scripting Nodes\",\"bundleSymbolicName\":\"org.knime.python3.scripting.nodes\",\"bundleVendor\":\"KNIME AG, Zurich, Switzerland\",\"nodeName\":\"Python Script\",\"factoryClass\":\"org.knime.python3.scripting.nodes.script.PythonScriptNodeFactory\",\"featureSymbolicName\":\"org.knime.features.python3.scripting\",\"featureName\":\"KNIME Python Integration\",\"featureVersion\":\"5.1.2.v202310091339\",\"featureVendor\":\"KNIME AG, Zurich, Switzerland\"}}],\"encryption\":{\"containsEncrypted\":false},\"kudos\":[],\"links\":[],\"tags\":[],\"workflowSvg\":{\"width\":104,\"height\":90},\"space\":{\"owner\":\"Initial Team\",\"ownerAccountId\":\"account:team:dfb1955f-fee7-4a15-89d4-2277dfe8ecf1\",\"contributors\":[],\"private\":false,\"spaceId\":\"*NHpXALYarJuOVmOY\",\"spaceName\":\"Initial Space\"}}}, m_source='Catalog Service'}","threadName":"Thread-1 (ActiveMQ-client-global-threads)","threadId":40,"mdc":{"knime.correlation-id":"c7339511-c8f4-4d03-b760-cdb97b520d53"},"ndc":"","hostName":"search-sync-service-67d9ffbff9-96j49","processName":"quarkus-run.jar","processId":1}
{"timestamp":"2023-11-20T16:46:18.869Z","sequence":1375,"loggerClassName":"org.jboss.logging.Logger","loggerName":"com.knime.enterprise.cloud.services.searchsync.impl.CatalogServiceSyncer","level":"INFO","message":"Event with subject: /Users/Initial Team/Initial Space/KNIME_project processed","threadName":"Thread-1 (ActiveMQ-client-global-threads)","threadId":40,"mdc":{"knime.correlation-id":"c7339511-c8f4-4d03-b760-cdb97b520d53"},"ndc":"","hostName":"search-sync-service-67d9ffbff9-96j49","processName":"quarkus-run.jar","processId":1}
{"timestamp":"2023-11-20T16:47:37Z","sequence":1376,"loggerClassName":"org.jboss.logging.Logger","loggerName":"com.knime.enterprise.cloud.services.searchsync.impl.FullSyncService","level":"INFO","message":"Start creation of new index for type: EXTERNAL_GROUP","threadName":"executor-thread-24","threadId":63,"mdc":{},"ndc":"","hostName":"search-sync-service-67d9ffbff9-96j49","processName":"quarkus-run.jar","processId":1}
{"timestamp":"2023-11-20T16:47:37Z","sequence":1377,"loggerClassName":"org.jboss.logging.Logger","loggerName":"com.knime.enterprise.cloud.services.searchsync.impl.FullSyncService","level":"INFO","message":"Attempting to clean indices of type 'EXTERNAL_GROUP'.","threadName":"executor-thread-24","threadId":63,"mdc":{},"ndc":"","hostName":"search-sync-service-67d9ffbff9-96j49","processName":"quarkus-run.jar","processId":1}
{"timestamp":"2023-11-20T16:47:37Z","sequence":1378,"loggerClassName":"org.jboss.logging.Logger","loggerName":"com.knime.enterprise.cloud.services.searchsync.impl.FullSyncService","level":"INFO","message":"Start creation of new index for type: TAG","threadName":"executor-thread-25","threadId":64,"mdc":{},"ndc":"","hostName":"search-sync-service-67d9ffbff9-96j49","processName":"quarkus-run.jar","processId":1}
{"timestamp":"2023-11-20T16:47:37Z","sequence":1379,"loggerClassName":"org.jboss.logging.Logger","loggerName":"com.knime.enterprise.cloud.services.searchsync.impl.FullSyncService","level":"INFO","message":"Attempting to clean indices of type 'TAG'.","threadName":"executor-thread-25","threadId":64,"mdc":{},"ndc":"","hostName":"search-sync-service-67d9ffbff9-96j49","processName":"quarkus-run.jar","processId":1}
{"timestamp":"2023-11-20T16:47:37.002Z","sequence":1380,"loggerClassName":"org.jboss.logging.Logger","loggerName":"com.knime.enterprise.cloud.services.searchsync.impl.FullSyncService","level":"INFO","message":"Nothing to clean.","threadName":"executor-thread-24","threadId":63,"mdc":{},"ndc":"","hostName":"search-sync-service-67d9ffbff9-96j49","processName":"quarkus-run.jar","processId":1}
{"timestamp":"2023-11-20T16:47:37.003Z","sequence":1381,"loggerClassName":"org.jboss.logging.Logger","loggerName":"com.knime.enterprise.cloud.services.searchsync.impl.FullSyncService","level":"INFO","message":"Nothing to clean.","threadName":"executor-thread-25","threadId":64,"mdc":{},"ndc":"","hostName":"search-sync-service-67d9ffbff9-96j49","processName":"quarkus-run.jar","processId":1}
{"timestamp":"2023-11-20T16:47:37.003Z","sequence":1382,"loggerClassName":"org.jboss.logging.Logger","loggerName":"com.knime.enterprise.cloud.services.searchsync.impl.FullSyncService","level":"INFO","message":"Requesting creation of index of type 'EXTERNAL_GROUP'.","threadName":"executor-thread-24","threadId":63,"mdc":{},"ndc":"","hostName":"search-sync-service-67d9ffbff9-96j49","processName":"quarkus-run.jar","processId":1}
{"timestamp":"2023-11-20T16:47:37.003Z","sequence":1383,"loggerClassName":"org.jboss.logging.Logger","loggerName":"com.knime.enterprise.cloud.services.searchsync.impl.FullSyncService","level":"INFO","message":"Requesting creation of index of type 'TAG'.","threadName":"executor-thread-25","threadId":64,"mdc":{},"ndc":"","hostName":"search-sync-service-67d9ffbff9-96j49","processName":"quarkus-run.jar","processId":1}
{"timestamp":"2023-11-20T16:47:37.118Z","sequence":1384,"loggerClassName":"org.jboss.logging.Logger","loggerName":"com.knime.enterprise.cloud.services.searchsync.impl.FullSyncService","level":"INFO","message":"Index of type 'EXTERNAL_GROUP' successfully created: 'external_groups1700498857000'.","threadName":"executor-thread-24","threadId":63,"mdc":{},"ndc":"","hostName":"search-sync-service-67d9ffbff9-96j49","processName":"quarkus-run.jar","processId":1}
{"timestamp":"2023-11-20T16:47:37.155Z","sequence":1385,"loggerClassName":"org.jboss.logging.Logger","loggerName":"com.knime.enterprise.cloud.services.searchsync.impl.FullSyncService","level":"INFO","message":"Accounts service retrieved the hub global account.","threadName":"executor-thread-24","threadId":63,"mdc":{},"ndc":"","hostName":"search-sync-service-67d9ffbff9-96j49","processName":"quarkus-run.jar","processId":1}
{"timestamp":"2023-11-20T16:47:37.156Z","sequence":1386,"loggerClassName":"org.jboss.logging.Logger","loggerName":"com.knime.enterprise.cloud.services.searchsync.impl.FullSyncService","level":"INFO","message":"Accounts service returned 0 external groups.","threadName":"executor-thread-24","threadId":63,"mdc":{},"ndc":"","hostName":"search-sync-service-67d9ffbff9-96j49","processName":"quarkus-run.jar","processId":1}
{"timestamp":"2023-11-20T16:47:37.156Z","sequence":1387,"loggerClassName":"org.jboss.logging.Logger","loggerName":"com.knime.enterprise.cloud.services.searchsync.impl.FullSyncService","level":"INFO","message":"Start bulk index of :'external_groups1700498857000'","threadName":"executor-thread-24","threadId":63,"mdc":{},"ndc":"","hostName":"search-sync-service-67d9ffbff9-96j49","processName":"quarkus-run.jar","processId":1}
{"timestamp":"2023-11-20T16:47:37.156Z","sequence":1388,"loggerClassName":"org.jboss.logging.Logger","loggerName":"com.knime.enterprise.cloud.services.searchsync.impl.FullSyncService","level":"INFO","message":"0 items has been added to 'external_groups' index (out of 0 items retrieved).","threadName":"executor-thread-24","threadId":63,"mdc":{},"ndc":"","hostName":"search-sync-service-67d9ffbff9-96j49","processName":"quarkus-run.jar","processId":1}
{"timestamp":"2023-11-20T16:47:37.158Z","sequence":1389,"loggerClassName":"org.jboss.logging.Logger","loggerName":"com.knime.enterprise.cloud.services.searchsync.impl.FullSyncService","level":"INFO","message":"Requesting to add alias for new index with name 'external_groups1700498857000'.","threadName":"executor-thread-24","threadId":63,"mdc":{},"ndc":"","hostName":"search-sync-service-67d9ffbff9-96j49","processName":"quarkus-run.jar","processId":1}
{"timestamp":"2023-11-20T16:47:37.16Z","sequence":1390,"loggerClassName":"org.jboss.logging.Logger","loggerName":"com.knime.enterprise.cloud.services.searchsync.impl.FullSyncService","level":"INFO","message":"Index of type 'TAG' successfully created: 'tags1700498857000'.","threadName":"executor-thread-25","threadId":64,"mdc":{},"ndc":"","hostName":"search-sync-service-67d9ffbff9-96j49","processName":"quarkus-run.jar","processId":1}
{"timestamp":"2023-11-20T16:47:37.166Z","sequence":1391,"loggerClassName":"org.jboss.logging.Logger","loggerName":"com.knime.enterprise.cloud.services.searchsync.impl.FullSyncService","level":"INFO","message":"Starting bulk request 1.","threadName":"executor-thread-25","threadId":64,"mdc":{},"ndc":"","hostName":"search-sync-service-67d9ffbff9-96j49","processName":"quarkus-run.jar","processId":1}
{"timestamp":"2023-11-20T16:47:37.167Z","sequence":1392,"loggerClassName":"org.jboss.logging.Logger","loggerName":"com.knime.enterprise.cloud.services.searchsync.impl.FullSyncService","level":"INFO","message":"Starting bulk request 2.","threadName":"executor-thread-25","threadId":64,"mdc":{},"ndc":"","hostName":"search-sync-service-67d9ffbff9-96j49","processName":"quarkus-run.jar","processId":1}
{"timestamp":"2023-11-20T16:47:37.179Z","sequence":1393,"loggerClassName":"org.jboss.logging.Logger","loggerName":"com.knime.enterprise.cloud.services.searchsync.impl.FullSyncService","level":"INFO","message":"Finished bulk request 1: OK","threadName":"I/O dispatcher 1","threadId":38,"mdc":{},"ndc":"","hostName":"search-sync-service-67d9ffbff9-96j49","processName":"quarkus-run.jar","processId":1}
{"timestamp":"2023-11-20T16:47:37.18Z","sequence":1394,"loggerClassName":"org.jboss.logging.Logger","loggerName":"com.knime.enterprise.cloud.services.searchsync.impl.FullSyncService","level":"INFO","message":"Starting bulk request 3.","threadName":"executor-thread-25","threadId":64,"mdc":{},"ndc":"","hostName":"search-sync-service-67d9ffbff9-96j49","processName":"quarkus-run.jar","processId":1}
{"timestamp":"2023-11-20T16:47:37.19Z","sequence":1395,"loggerClassName":"org.jboss.logging.Logger","loggerName":"com.knime.enterprise.cloud.services.searchsync.impl.FullSyncService","level":"INFO","message":"Finished bulk request 2: OK","threadName":"I/O dispatcher 1","threadId":38,"mdc":{},"ndc":"","hostName":"search-sync-service-67d9ffbff9-96j49","processName":"quarkus-run.jar","processId":1}
{"timestamp":"2023-11-20T16:47:37.191Z","sequence":1396,"loggerClassName":"org.jboss.logging.Logger","loggerName":"com.knime.enterprise.cloud.services.searchsync.impl.FullSyncService","level":"INFO","message":"Starting bulk request 4.","threadName":"executor-thread-25","threadId":64,"mdc":{},"ndc":"","hostName":"search-sync-service-67d9ffbff9-96j49","processName":"quarkus-run.jar","processId":1}
{"timestamp":"2023-11-20T16:47:37.197Z","sequence":1397,"loggerClassName":"org.jboss.logging.Logger","loggerName":"com.knime.enterprise.cloud.services.searchsync.impl.FullSyncService","level":"INFO","message":"Index with name 'external_groups1700498857000' successfully created and aliased.","threadName":"executor-thread-24","threadId":63,"mdc":{},"ndc":"","hostName":"search-sync-service-67d9ffbff9-96j49","processName":"quarkus-run.jar","processId":1}
{"timestamp":"2023-11-20T16:47:37.197Z","sequence":1398,"loggerClassName":"org.jboss.logging.Logger","loggerName":"com.knime.enterprise.cloud.services.searchsync.impl.FullSyncService","level":"INFO","message":"Attempting to clean indices of type 'EXTERNAL_GROUP'.","threadName":"executor-thread-24","threadId":63,"mdc":{},"ndc":"","hostName":"search-sync-service-67d9ffbff9-96j49","processName":"quarkus-run.jar","processId":1}
{"timestamp":"2023-11-20T16:47:37.199Z","sequence":1399,"loggerClassName":"org.jboss.logging.Logger","loggerName":"com.knime.enterprise.cloud.services.searchsync.impl.FullSyncService","level":"INFO","message":"Nothing to clean.","threadName":"executor-thread-24","threadId":63,"mdc":{},"ndc":"","hostName":"search-sync-service-67d9ffbff9-96j49","processName":"quarkus-run.jar","processId":1}
{"timestamp":"2023-11-20T16:47:37.201Z","sequence":1400,"loggerClassName":"org.jboss.logging.Logger","loggerName":"com.knime.enterprise.cloud.services.searchsync.impl.FullSyncService","level":"INFO","message":"Finished bulk request 3: OK","threadName":"I/O dispatcher 1","threadId":38,"mdc":{},"ndc":"","hostName":"search-sync-service-67d9ffbff9-96j49","processName":"quarkus-run.jar","processId":1}
{"timestamp":"2023-11-20T16:47:37.202Z","sequence":1401,"loggerClassName":"org.jboss.logging.Logger","loggerName":"com.knime.enterprise.cloud.services.searchsync.impl.FullSyncService","level":"INFO","message":"Starting bulk request 5.","threadName":"executor-thread-25","threadId":64,"mdc":{},"ndc":"","hostName":"search-sync-service-67d9ffbff9-96j49","processName":"quarkus-run.jar","processId":1}
{"timestamp":"2023-11-20T16:47:37.212Z","sequence":1402,"loggerClassName":"org.jboss.logging.Logger","loggerName":"com.knime.enterprise.cloud.services.searchsync.impl.FullSyncService","level":"INFO","message":"Finished bulk request 4: OK","threadName":"I/O dispatcher 1","threadId":38,"mdc":{},"ndc":"","hostName":"search-sync-service-67d9ffbff9-96j49","processName":"quarkus-run.jar","processId":1}
{"timestamp":"2023-11-20T16:47:37.212Z","sequence":1403,"loggerClassName":"org.jboss.logging.Logger","loggerName":"com.knime.enterprise.cloud.services.searchsync.impl.FullSyncService","level":"INFO","message":"Starting bulk request 6.","threadName":"executor-thread-25","threadId":64,"mdc":{},"ndc":"","hostName":"search-sync-service-67d9ffbff9-96j49","processName":"quarkus-run.jar","processId":1}
{"timestamp":"2023-11-20T16:47:37.221Z","sequence":1404,"loggerClassName":"org.jboss.logging.Logger","loggerName":"com.knime.enterprise.cloud.services.searchsync.impl.FullSyncService","level":"INFO","message":"Finished bulk request 5: OK","threadName":"I/O dispatcher 1","threadId":38,"mdc":{},"ndc":"","hostName":"search-sync-service-67d9ffbff9-96j49","processName":"quarkus-run.jar","processId":1}
{"timestamp":"2023-11-20T16:47:37.221Z","sequence":1405,"loggerClassName":"org.jboss.logging.Logger","loggerName":"com.knime.enterprise.cloud.services.searchsync.impl.FullSyncService","level":"INFO","message":"Starting bulk request 7.","threadName":"executor-thread-25","threadId":64,"mdc":{},"ndc":"","hostName":"search-sync-service-67d9ffbff9-96j49","processName":"quarkus-run.jar","processId":1}
{"timestamp":"2023-11-20T16:47:37.23Z","sequence":1406,"loggerClassName":"org.jboss.logging.Logger","loggerName":"com.knime.enterprise.cloud.services.searchsync.impl.FullSyncService","level":"INFO","message":"Finished bulk request 6: OK","threadName":"I/O dispatcher 1","threadId":38,"mdc":{},"ndc":"","hostName":"search-sync-service-67d9ffbff9-96j49","processName":"quarkus-run.jar","processId":1}
{"timestamp":"2023-11-20T16:47:37.23Z","sequence":1407,"loggerClassName":"org.jboss.logging.Logger","loggerName":"com.knime.enterprise.cloud.services.searchsync.impl.FullSyncService","level":"INFO","message":"Starting bulk request 8.","threadName":"executor-thread-25","threadId":64,"mdc":{},"ndc":"","hostName":"search-sync-service-67d9ffbff9-96j49","processName":"quarkus-run.jar","processId":1}
{"timestamp":"2023-11-20T16:47:37.239Z","sequence":1408,"loggerClassName":"org.jboss.logging.Logger","loggerName":"com.knime.enterprise.cloud.services.searchsync.impl.FullSyncService","level":"INFO","message":"Finished bulk request 7: OK","threadName":"I/O dispatcher 1","threadId":38,"mdc":{},"ndc":"","hostName":"search-sync-service-67d9ffbff9-96j49","processName":"quarkus-run.jar","processId":1}
{"timestamp":"2023-11-20T16:47:37.254Z","sequence":1409,"loggerClassName":"org.jboss.logging.Logger","loggerName":"com.knime.enterprise.cloud.services.searchsync.impl.FullSyncService","level":"INFO","message":"Starting bulk request 9.","threadName":"executor-thread-25","threadId":64,"mdc":{},"ndc":"","hostName":"search-sync-service-67d9ffbff9-96j49","processName":"quarkus-run.jar","processId":1}
{"timestamp":"2023-11-20T16:47:37.263Z","sequence":1410,"loggerClassName":"org.jboss.logging.Logger","loggerName":"com.knime.enterprise.cloud.services.searchsync.impl.FullSyncService","level":"INFO","message":"Finished bulk request 8: OK","threadName":"I/O dispatcher 1","threadId":38,"mdc":{},"ndc":"","hostName":"search-sync-service-67d9ffbff9-96j49","processName":"quarkus-run.jar","processId":1}
{"timestamp":"2023-11-20T16:47:37.264Z","sequence":1411,"loggerClassName":"org.jboss.logging.Logger","loggerName":"com.knime.enterprise.cloud.services.searchsync.impl.FullSyncService","level":"INFO","message":"Starting bulk request 10.","threadName":"executor-thread-25","threadId":64,"mdc":{},"ndc":"","hostName":"search-sync-service-67d9ffbff9-96j49","processName":"quarkus-run.jar","processId":1}
{"timestamp":"2023-11-20T16:47:37.272Z","sequence":1412,"loggerClassName":"org.jboss.logging.Logger","loggerName":"com.knime.enterprise.cloud.services.searchsync.impl.FullSyncService","level":"INFO","message":"Finished bulk request 9: OK","threadName":"I/O dispatcher 1","threadId":38,"mdc":{},"ndc":"","hostName":"search-sync-service-67d9ffbff9-96j49","processName":"quarkus-run.jar","processId":1}
{"timestamp":"2023-11-20T16:47:37.28Z","sequence":1413,"loggerClassName":"org.jboss.logging.Logger","loggerName":"com.knime.enterprise.cloud.services.searchsync.impl.FullSyncService","level":"INFO","message":"Finished bulk request 10: OK","threadName":"I/O dispatcher 1","threadId":38,"mdc":{},"ndc":"","hostName":"search-sync-service-67d9ffbff9-96j49","processName":"quarkus-run.jar","processId":1}
{"timestamp":"2023-11-20T16:47:37.556Z","sequence":1414,"loggerClassName":"org.jboss.logging.Logger","loggerName":"com.knime.enterprise.cloud.services.searchsync.impl.FullSyncService","level":"INFO","message":"Requesting to add alias for new index with name 'tags1700498857000'.","threadName":"executor-thread-25","threadId":64,"mdc":{},"ndc":"","hostName":"search-sync-service-67d9ffbff9-96j49","processName":"quarkus-run.jar","processId":1}
{"timestamp":"2023-11-20T16:47:37.588Z","sequence":1415,"loggerClassName":"org.jboss.logging.Logger","loggerName":"com.knime.enterprise.cloud.services.searchsync.impl.FullSyncService","level":"INFO","message":"Index with name 'tags1700498857000' successfully created and aliased.","threadName":"executor-thread-25","threadId":64,"mdc":{},"ndc":"","hostName":"search-sync-service-67d9ffbff9-96j49","processName":"quarkus-run.jar","processId":1}
{"timestamp":"2023-11-20T16:47:37.589Z","sequence":1416,"loggerClassName":"org.jboss.logging.Logger","loggerName":"com.knime.enterprise.cloud.services.searchsync.impl.FullSyncService","level":"INFO","message":"Attempting to clean indices of type 'TAG'.","threadName":"executor-thread-25","threadId":64,"mdc":{},"ndc":"","hostName":"search-sync-service-67d9ffbff9-96j49","processName":"quarkus-run.jar","processId":1}
{"timestamp":"2023-11-20T16:47:37.59Z","sequence":1417,"loggerClassName":"org.jboss.logging.Logger","loggerName":"com.knime.enterprise.cloud.services.searchsync.impl.FullSyncService","level":"INFO","message":"Nothing to clean.","threadName":"executor-thread-25","threadId":64,"mdc":{},"ndc":"","hostName":"search-sync-service-67d9ffbff9-96j49","processName":"quarkus-run.jar","processId":1}
{"timestamp":"2023-11-20T16:57:37Z","sequence":1418,"loggerClassName":"org.jboss.logging.Logger","loggerName":"com.knime.enterprise.cloud.services.searchsync.impl.FullSyncService","level":"INFO","message":"Start creation of new index for type: EXTERNAL_GROUP","threadName":"executor-thread-25","threadId":64,"mdc":{},"ndc":"","hostName":"search-sync-service-67d9ffbff9-96j49","processName":"quarkus-run.jar","processId":1}
{"timestamp":"2023-11-20T16:57:37Z","sequence":1419,"loggerClassName":"org.jboss.logging.Logger","loggerName":"com.knime.enterprise.cloud.services.searchsync.impl.FullSyncService","level":"INFO","message":"Attempting to clean indices of type 'EXTERNAL_GROUP'.","threadName":"executor-thread-25","threadId":64,"mdc":{},"ndc":"","hostName":"search-sync-service-67d9ffbff9-96j49","processName":"quarkus-run.jar","processId":1}
{"timestamp":"2023-11-20T16:57:37Z","sequence":1420,"loggerClassName":"org.jboss.logging.Logger","loggerName":"com.knime.enterprise.cloud.services.searchsync.impl.FullSyncService","level":"INFO","message":"Start creation of new index for type: TAG","threadName":"executor-thread-26","threadId":65,"mdc":{},"ndc":"","hostName":"search-sync-service-67d9ffbff9-96j49","processName":"quarkus-run.jar","processId":1}
{"timestamp":"2023-11-20T16:57:37Z","sequence":1421,"loggerClassName":"org.jboss.logging.Logger","loggerName":"com.knime.enterprise.cloud.services.searchsync.impl.FullSyncService","level":"INFO","message":"Attempting to clean indices of type 'TAG'.","threadName":"executor-thread-26","threadId":65,"mdc":{},"ndc":"","hostName":"search-sync-service-67d9ffbff9-96j49","processName":"quarkus-run.jar","processId":1}
{"timestamp":"2023-11-20T16:57:37.002Z","sequence":1422,"loggerClassName":"org.jboss.logging.Logger","loggerName":"com.knime.enterprise.cloud.services.searchsync.impl.FullSyncService","level":"INFO","message":"Nothing to clean.","threadName":"executor-thread-26","threadId":65,"mdc":{},"ndc":"","hostName":"search-sync-service-67d9ffbff9-96j49","processName":"quarkus-run.jar","processId":1}
{"timestamp":"2023-11-20T16:57:37.002Z","sequence":1423,"loggerClassName":"org.jboss.logging.Logger","loggerName":"com.knime.enterprise.cloud.services.searchsync.impl.FullSyncService","level":"INFO","message":"Nothing to clean.","threadName":"executor-thread-25","threadId":64,"mdc":{},"ndc":"","hostName":"search-sync-service-67d9ffbff9-96j49","processName":"quarkus-run.jar","processId":1}
{"timestamp":"2023-11-20T16:57:37.003Z","sequence":1424,"loggerClassName":"org.jboss.logging.Logger","loggerName":"com.knime.enterprise.cloud.services.searchsync.impl.FullSyncService","level":"INFO","message":"Requesting creation of index of type 'TAG'.","threadName":"executor-thread-26","threadId":65,"mdc":{},"ndc":"","hostName":"search-sync-service-67d9ffbff9-96j49","processName":"quarkus-run.jar","processId":1}
{"timestamp":"2023-11-20T16:57:37.003Z","sequence":1425,"loggerClassName":"org.jboss.logging.Logger","loggerName":"com.knime.enterprise.cloud.services.searchsync.impl.FullSyncService","level":"INFO","message":"Requesting creation of index of type 'EXTERNAL_GROUP'.","threadName":"executor-thread-25","threadId":64,"mdc":{},"ndc":"","hostName":"search-sync-service-67d9ffbff9-96j49","processName":"quarkus-run.jar","processId":1}
{"timestamp":"2023-11-20T16:57:37.113Z","sequence":1426,"loggerClassName":"org.jboss.logging.Logger","loggerName":"com.knime.enterprise.cloud.services.searchsync.impl.FullSyncService","level":"INFO","message":"Index of type 'TAG' successfully created: 'tags1700499457000'.","threadName":"executor-thread-26","threadId":65,"mdc":{},"ndc":"","hostName":"search-sync-service-67d9ffbff9-96j49","processName":"quarkus-run.jar","processId":1}
{"timestamp":"2023-11-20T16:57:37.117Z","sequence":1427,"loggerClassName":"org.jboss.logging.Logger","loggerName":"com.knime.enterprise.cloud.services.searchsync.impl.FullSyncService","level":"INFO","message":"Starting bulk request 1.","threadName":"executor-thread-26","threadId":65,"mdc":{},"ndc":"","hostName":"search-sync-service-67d9ffbff9-96j49","processName":"quarkus-run.jar","processId":1}
{"timestamp":"2023-11-20T16:57:37.118Z","sequence":1428,"loggerClassName":"org.jboss.logging.Logger","loggerName":"com.knime.enterprise.cloud.services.searchsync.impl.FullSyncService","level":"INFO","message":"Starting bulk request 2.","threadName":"executor-thread-26","threadId":65,"mdc":{},"ndc":"","hostName":"search-sync-service-67d9ffbff9-96j49","processName":"quarkus-run.jar","processId":1}
{"timestamp":"2023-11-20T16:57:37.127Z","sequence":1429,"loggerClassName":"org.jboss.logging.Logger","loggerName":"com.knime.enterprise.cloud.services.searchsync.impl.FullSyncService","level":"INFO","message":"Finished bulk request 1: OK","threadName":"I/O dispatcher 1","threadId":38,"mdc":{},"ndc":"","hostName":"search-sync-service-67d9ffbff9-96j49","processName":"quarkus-run.jar","processId":1}
{"timestamp":"2023-11-20T16:57:37.127Z","sequence":1430,"loggerClassName":"org.jboss.logging.Logger","loggerName":"com.knime.enterprise.cloud.services.searchsync.impl.FullSyncService","level":"INFO","message":"Starting bulk request 3.","threadName":"executor-thread-26","threadId":65,"mdc":{},"ndc":"","hostName":"search-sync-service-67d9ffbff9-96j49","processName":"quarkus-run.jar","processId":1}
{"timestamp":"2023-11-20T16:57:37.134Z","sequence":1431,"loggerClassName":"org.jboss.logging.Logger","loggerName":"com.knime.enterprise.cloud.services.searchsync.impl.FullSyncService","level":"INFO","message":"Finished bulk request 2: OK","threadName":"I/O dispatcher 1","threadId":38,"mdc":{},"ndc":"","hostName":"search-sync-service-67d9ffbff9-96j49","processName":"quarkus-run.jar","processId":1}
{"timestamp":"2023-11-20T16:57:37.135Z","sequence":1432,"loggerClassName":"org.jboss.logging.Logger","loggerName":"com.knime.enterprise.cloud.services.searchsync.impl.FullSyncService","level":"INFO","message":"Starting bulk request 4.","threadName":"executor-thread-26","threadId":65,"mdc":{},"ndc":"","hostName":"search-sync-service-67d9ffbff9-96j49","processName":"quarkus-run.jar","processId":1}
{"timestamp":"2023-11-20T16:57:37.141Z","sequence":1433,"loggerClassName":"org.jboss.logging.Logger","loggerName":"com.knime.enterprise.cloud.services.searchsync.impl.FullSyncService","level":"INFO","message":"Index of type 'EXTERNAL_GROUP' successfully created: 'external_groups1700499457000'.","threadName":"executor-thread-25","threadId":64,"mdc":{},"ndc":"","hostName":"search-sync-service-67d9ffbff9-96j49","processName":"quarkus-run.jar","processId":1}
{"timestamp":"2023-11-20T16:57:37.143Z","sequence":1434,"loggerClassName":"org.jboss.logging.Logger","loggerName":"com.knime.enterprise.cloud.services.searchsync.impl.FullSyncService","level":"INFO","message":"Finished bulk request 3: OK","threadName":"I/O dispatcher 1","threadId":38,"mdc":{},"ndc":"","hostName":"search-sync-service-67d9ffbff9-96j49","processName":"quarkus-run.jar","processId":1}
{"timestamp":"2023-11-20T16:57:37.144Z","sequence":1435,"loggerClassName":"org.jboss.logging.Logger","loggerName":"com.knime.enterprise.cloud.services.searchsync.impl.FullSyncService","level":"INFO","message":"Starting bulk request 5.","threadName":"executor-thread-26","threadId":65,"mdc":{},"ndc":"","hostName":"search-sync-service-67d9ffbff9-96j49","processName":"quarkus-run.jar","processId":1}
{"timestamp":"2023-11-20T16:57:37.151Z","sequence":1436,"loggerClassName":"org.jboss.logging.Logger","loggerName":"com.knime.enterprise.cloud.services.searchsync.impl.FullSyncService","level":"INFO","message":"Finished bulk request 4: OK","threadName":"I/O dispatcher 1","threadId":38,"mdc":{},"ndc":"","hostName":"search-sync-service-67d9ffbff9-96j49","processName":"quarkus-run.jar","processId":1}
{"timestamp":"2023-11-20T16:57:37.152Z","sequence":1437,"loggerClassName":"org.jboss.logging.Logger","loggerName":"com.knime.enterprise.cloud.services.searchsync.impl.FullSyncService","level":"INFO","message":"Starting bulk request 6.","threadName":"executor-thread-26","threadId":65,"mdc":{},"ndc":"","hostName":"search-sync-service-67d9ffbff9-96j49","processName":"quarkus-run.jar","processId":1}
{"timestamp":"2023-11-20T16:57:37.162Z","sequence":1438,"loggerClassName":"org.jboss.logging.Logger","loggerName":"com.knime.enterprise.cloud.services.searchsync.impl.FullSyncService","level":"INFO","message":"Finished bulk request 5: OK","threadName":"I/O dispatcher 1","threadId":38,"mdc":{},"ndc":"","hostName":"search-sync-service-67d9ffbff9-96j49","processName":"quarkus-run.jar","processId":1}
{"timestamp":"2023-11-20T16:57:37.162Z","sequence":1439,"loggerClassName":"org.jboss.logging.Logger","loggerName":"com.knime.enterprise.cloud.services.searchsync.impl.FullSyncService","level":"INFO","message":"Starting bulk request 7.","threadName":"executor-thread-26","threadId":65,"mdc":{},"ndc":"","hostName":"search-sync-service-67d9ffbff9-96j49","processName":"quarkus-run.jar","processId":1}
{"timestamp":"2023-11-20T16:57:37.169Z","sequence":1440,"loggerClassName":"org.jboss.logging.Logger","loggerName":"com.knime.enterprise.cloud.services.searchsync.impl.FullSyncService","level":"INFO","message":"Finished bulk request 6: OK","threadName":"I/O dispatcher 1","threadId":38,"mdc":{},"ndc":"","hostName":"search-sync-service-67d9ffbff9-96j49","processName":"quarkus-run.jar","processId":1}
{"timestamp":"2023-11-20T16:57:37.17Z","sequence":1441,"loggerClassName":"org.jboss.logging.Logger","loggerName":"com.knime.enterprise.cloud.services.searchsync.impl.FullSyncService","level":"INFO","message":"Starting bulk request 8.","threadName":"executor-thread-26","threadId":65,"mdc":{},"ndc":"","hostName":"search-sync-service-67d9ffbff9-96j49","processName":"quarkus-run.jar","processId":1}
{"timestamp":"2023-11-20T16:57:37.177Z","sequence":1442,"loggerClassName":"org.jboss.logging.Logger","loggerName":"com.knime.enterprise.cloud.services.searchsync.impl.FullSyncService","level":"INFO","message":"Finished bulk request 7: OK","threadName":"I/O dispatcher 1","threadId":38,"mdc":{},"ndc":"","hostName":"search-sync-service-67d9ffbff9-96j49","processName":"quarkus-run.jar","processId":1}
{"timestamp":"2023-11-20T16:57:37.178Z","sequence":1443,"loggerClassName":"org.jboss.logging.Logger","loggerName":"com.knime.enterprise.cloud.services.searchsync.impl.FullSyncService","level":"INFO","message":"Starting bulk request 9.","threadName":"executor-thread-26","threadId":65,"mdc":{},"ndc":"","hostName":"search-sync-service-67d9ffbff9-96j49","processName":"quarkus-run.jar","processId":1}
{"timestamp":"2023-11-20T16:57:37.179Z","sequence":1444,"loggerClassName":"org.jboss.logging.Logger","loggerName":"com.knime.enterprise.cloud.services.searchsync.impl.FullSyncService","level":"INFO","message":"Accounts service retrieved the hub global account.","threadName":"executor-thread-25","threadId":64,"mdc":{},"ndc":"","hostName":"search-sync-service-67d9ffbff9-96j49","processName":"quarkus-run.jar","processId":1}
{"timestamp":"2023-11-20T16:57:37.179Z","sequence":1445,"loggerClassName":"org.jboss.logging.Logger","loggerName":"com.knime.enterprise.cloud.services.searchsync.impl.FullSyncService","level":"INFO","message":"Accounts service returned 0 external groups.","threadName":"executor-thread-25","threadId":64,"mdc":{},"ndc":"","hostName":"search-sync-service-67d9ffbff9-96j49","processName":"quarkus-run.jar","processId":1}
{"timestamp":"2023-11-20T16:57:37.179Z","sequence":1446,"loggerClassName":"org.jboss.logging.Logger","loggerName":"com.knime.enterprise.cloud.services.searchsync.impl.FullSyncService","level":"INFO","message":"Start bulk index of :'external_groups1700499457000'","threadName":"executor-thread-25","threadId":64,"mdc":{},"ndc":"","hostName":"search-sync-service-67d9ffbff9-96j49","processName":"quarkus-run.jar","processId":1}
{"timestamp":"2023-11-20T16:57:37.179Z","sequence":1447,"loggerClassName":"org.jboss.logging.Logger","loggerName":"com.knime.enterprise.cloud.services.searchsync.impl.FullSyncService","level":"INFO","message":"0 items has been added to 'external_groups' index (out of 0 items retrieved).","threadName":"executor-thread-25","threadId":64,"mdc":{},"ndc":"","hostName":"search-sync-service-67d9ffbff9-96j49","processName":"quarkus-run.jar","processId":1}
{"timestamp":"2023-11-20T16:57:37.181Z","sequence":1448,"loggerClassName":"org.jboss.logging.Logger","loggerName":"com.knime.enterprise.cloud.services.searchsync.impl.FullSyncService","level":"INFO","message":"Requesting to add alias for new index with name 'external_groups1700499457000'.","threadName":"executor-thread-25","threadId":64,"mdc":{},"ndc":"","hostName":"search-sync-service-67d9ffbff9-96j49","processName":"quarkus-run.jar","processId":1}
{"timestamp":"2023-11-20T16:57:37.185Z","sequence":1449,"loggerClassName":"org.jboss.logging.Logger","loggerName":"com.knime.enterprise.cloud.services.searchsync.impl.FullSyncService","level":"INFO","message":"Finished bulk request 8: OK","threadName":"I/O dispatcher 1","threadId":38,"mdc":{},"ndc":"","hostName":"search-sync-service-67d9ffbff9-96j49","processName":"quarkus-run.jar","processId":1}
{"timestamp":"2023-11-20T16:57:37.185Z","sequence":1450,"loggerClassName":"org.jboss.logging.Logger","loggerName":"com.knime.enterprise.cloud.services.searchsync.impl.FullSyncService","level":"INFO","message":"Starting bulk request 10.","threadName":"executor-thread-26","threadId":65,"mdc":{},"ndc":"","hostName":"search-sync-service-67d9ffbff9-96j49","processName":"quarkus-run.jar","processId":1}
{"timestamp":"2023-11-20T16:57:37.192Z","sequence":1451,"loggerClassName":"org.jboss.logging.Logger","loggerName":"com.knime.enterprise.cloud.services.searchsync.impl.FullSyncService","level":"INFO","message":"Finished bulk request 9: OK","threadName":"I/O dispatcher 1","threadId":38,"mdc":{},"ndc":"","hostName":"search-sync-service-67d9ffbff9-96j49","processName":"quarkus-run.jar","processId":1}
{"timestamp":"2023-11-20T16:57:37.2Z","sequence":1452,"loggerClassName":"org.jboss.logging.Logger","loggerName":"com.knime.enterprise.cloud.services.searchsync.impl.FullSyncService","level":"INFO","message":"Finished bulk request 10: OK","threadName":"I/O dispatcher 1","threadId":38,"mdc":{},"ndc":"","hostName":"search-sync-service-67d9ffbff9-96j49","processName":"quarkus-run.jar","processId":1}
{"timestamp":"2023-11-20T16:57:37.212Z","sequence":1453,"loggerClassName":"org.jboss.logging.Logger","loggerName":"com.knime.enterprise.cloud.services.searchsync.impl.FullSyncService","level":"INFO","message":"Index with name 'external_groups1700499457000' successfully created and aliased.","threadName":"executor-thread-25","threadId":64,"mdc":{},"ndc":"","hostName":"search-sync-service-67d9ffbff9-96j49","processName":"quarkus-run.jar","processId":1}
{"timestamp":"2023-11-20T16:57:37.212Z","sequence":1454,"loggerClassName":"org.jboss.logging.Logger","loggerName":"com.knime.enterprise.cloud.services.searchsync.impl.FullSyncService","level":"INFO","message":"Attempting to clean indices of type 'EXTERNAL_GROUP'.","threadName":"executor-thread-25","threadId":64,"mdc":{},"ndc":"","hostName":"search-sync-service-67d9ffbff9-96j49","processName":"quarkus-run.jar","processId":1}
{"timestamp":"2023-11-20T16:57:37.214Z","sequence":1455,"loggerClassName":"org.jboss.logging.Logger","loggerName":"com.knime.enterprise.cloud.services.searchsync.impl.FullSyncService","level":"INFO","message":"Nothing to clean.","threadName":"executor-thread-25","threadId":64,"mdc":{},"ndc":"","hostName":"search-sync-service-67d9ffbff9-96j49","processName":"quarkus-run.jar","processId":1}
{"timestamp":"2023-11-20T16:57:37.233Z","sequence":1456,"loggerClassName":"org.jboss.logging.Logger","loggerName":"com.knime.enterprise.cloud.services.searchsync.impl.FullSyncService","level":"INFO","message":"Requesting to add alias for new index with name 'tags1700499457000'.","threadName":"executor-thread-26","threadId":65,"mdc":{},"ndc":"","hostName":"search-sync-service-67d9ffbff9-96j49","processName":"quarkus-run.jar","processId":1}
{"timestamp":"2023-11-20T16:57:37.261Z","sequence":1457,"loggerClassName":"org.jboss.logging.Logger","loggerName":"com.knime.enterprise.cloud.services.searchsync.impl.FullSyncService","level":"INFO","message":"Index with name 'tags1700499457000' successfully created and aliased.","threadName":"executor-thread-26","threadId":65,"mdc":{},"ndc":"","hostName":"search-sync-service-67d9ffbff9-96j49","processName":"quarkus-run.jar","processId":1}
{"timestamp":"2023-11-20T16:57:37.262Z","sequence":1458,"loggerClassName":"org.jboss.logging.Logger","loggerName":"com.knime.enterprise.cloud.services.searchsync.impl.FullSyncService","level":"INFO","message":"Attempting to clean indices of type 'TAG'.","threadName":"executor-thread-26","threadId":65,"mdc":{},"ndc":"","hostName":"search-sync-service-67d9ffbff9-96j49","processName":"quarkus-run.jar","processId":1}
{"timestamp":"2023-11-20T16:57:37.263Z","sequence":1459,"loggerClassName":"org.jboss.logging.Logger","loggerName":"com.knime.enterprise.cloud.services.searchsync.impl.FullSyncService","level":"INFO","message":"Nothing to clean.","threadName":"executor-thread-26","threadId":65,"mdc":{},"ndc":"","hostName":"search-sync-service-67d9ffbff9-96j49","processName":"quarkus-run.jar","processId":1}
{"timestamp":"2023-11-20T17:04:14.106Z","sequence":1460,"loggerClassName":"org.slf4j.impl.Slf4jLogger","loggerName":"org.apache.activemq.artemis.core.client","level":"WARN","message":"AMQ212037: Connection failure to activemq-artemis.knime.svc.cluster.local/***HIDDEN***:61616 has been detected: AMQ219015: The connection was disconnected because of server shutdown [code=DISCONNECTED]","threadName":"Thread-0 (ActiveMQ-client-global-threads)","threadId":29,"mdc":{"knime.correlation-id":"5de4891f-258c-4421-8ef8-f912f7a77e79"},"ndc":"","hostName":"search-sync-service-67d9ffbff9-96j49","processName":"quarkus-run.jar","processId":1}
{"timestamp":"2023-11-20T17:04:14.106Z","sequence":1462,"loggerClassName":"org.slf4j.impl.Slf4jLogger","loggerName":"org.apache.activemq.artemis.core.client","level":"WARN","message":"AMQ212037: Connection failure to activemq-artemis.knime.svc.cluster.local/***HIDDEN***:61616 has been detected: AMQ219015: The connection was disconnected because of server shutdown [code=DISCONNECTED]","threadName":"Thread-1 (ActiveMQ-client-global-threads)","threadId":40,"mdc":{"knime.correlation-id":"c7339511-c8f4-4d03-b760-cdb97b520d53"},"ndc":"","hostName":"search-sync-service-67d9ffbff9-96j49","processName":"quarkus-run.jar","processId":1}
{"timestamp":"2023-11-20T17:04:14.107Z","sequence":1463,"loggerClassName":"org.slf4j.impl.Slf4jLogger","loggerName":"org.apache.activemq.artemis.core.client","level":"WARN","message":"AMQ212037: Connection failure to activemq-artemis.knime.svc.cluster.local/***HIDDEN***:61616 has been detected: AMQ219015: The connection was disconnected because of server shutdown [code=DISCONNECTED]","threadName":"Thread-3 (ActiveMQ-client-global-threads)","threadId":69,"mdc":{},"ndc":"","hostName":"search-sync-service-67d9ffbff9-96j49","processName":"quarkus-run.jar","processId":1}
{"timestamp":"2023-11-20T17:04:14.108Z","sequence":1464,"loggerClassName":"org.slf4j.impl.Slf4jLogger","loggerName":"org.apache.activemq.artemis.core.client","level":"WARN","message":"AMQ212037: Connection failure to activemq-artemis.knime.svc.cluster.local/***HIDDEN***:61616 has been detected: AMQ219015: The connection was disconnected because of server shutdown [code=DISCONNECTED]","threadName":"Thread-4 (ActiveMQ-client-global-threads)","threadId":70,"mdc":{},"ndc":"","hostName":"search-sync-service-67d9ffbff9-96j49","processName":"quarkus-run.jar","processId":1}
{"timestamp":"2023-11-20T17:04:14.106Z","sequence":1461,"loggerClassName":"org.slf4j.impl.Slf4jLogger","loggerName":"org.apache.activemq.artemis.core.client","level":"WARN","message":"AMQ212037: Connection failure to activemq-artemis.knime.svc.cluster.local/***HIDDEN***:61616 has been detected: AMQ219015: The connection was disconnected because of server shutdown [code=DISCONNECTED]","threadName":"Thread-2 (ActiveMQ-client-global-threads)","threadId":68,"mdc":{},"ndc":"","hostName":"search-sync-service-67d9ffbff9-96j49","processName":"quarkus-run.jar","processId":1}
{"timestamp":"2023-11-20T17:04:14.11Z","sequence":1465,"loggerClassName":"org.slf4j.impl.Slf4jLogger","loggerName":"org.apache.activemq.artemis.core.client","level":"WARN","message":"AMQ212037: Connection failure to activemq-artemis.knime.svc.cluster.local/***HIDDEN***:61616 has been detected: AMQ219015: The connection was disconnected because of server shutdown [code=DISCONNECTED]","threadName":"Thread-6 (ActiveMQ-client-global-threads)","threadId":72,"mdc":{},"ndc":"","hostName":"search-sync-service-67d9ffbff9-96j49","processName":"quarkus-run.jar","processId":1}
{"timestamp":"2023-11-20T17:04:14.11Z","sequence":1466,"loggerClassName":"org.slf4j.impl.Slf4jLogger","loggerName":"org.apache.activemq.artemis.core.client","level":"WARN","message":"AMQ212037: Connection failure to activemq-artemis.knime.svc.cluster.local/***HIDDEN***:61616 has been detected: AMQ219015: The connection was disconnected because of server shutdown [code=DISCONNECTED]","threadName":"Thread-5 (ActiveMQ-client-global-threads)","threadId":71,"mdc":{},"ndc":"","hostName":"search-sync-service-67d9ffbff9-96j49","processName":"quarkus-run.jar","processId":1}
