VM settings:
    Max. Heap Size (Estimated): 1.93G
    Using VM: OpenJDK 64-Bit Server VM

Property settings:
    file.encoding = UTF-8
    file.separator = /
    java.class.path = quarkus-run.jar
    java.class.version = 61.0
    java.home = /opt/java/openjdk
    java.io.tmpdir = /tmp
    java.library.path = /opt/java/openjdk/lib/server
        /opt/java/openjdk/lib
        /opt/java/openjdk/../lib
        /usr/java/packages/lib
        /usr/lib64
        /lib64
        /lib
        /usr/lib
    java.runtime.name = OpenJDK Runtime Environment
    java.runtime.version = ***HIDDEN***+1
    java.specification.name = Java Platform API Specification
    java.specification.vendor = Oracle Corporation
    java.specification.version = 17
    java.util.logging.manager = org.jboss.logmanager.LogManager
    java.vendor = Eclipse Adoptium
    java.vendor.url = https://adoptium.net/
    java.vendor.url.bug = https://github.com/adoptium/adoptium-support/issues
    java.vendor.version = Temurin-***HIDDEN***+1
    java.version = ***HIDDEN***
    java.version.date = 2023-08-24
    java.vm.compressedOopsMode = 32-bit
    java.vm.info = mixed mode, sharing
    java.vm.name = OpenJDK 64-Bit Server VM
    java.vm.specification.name = Java Virtual Machine Specification
    java.vm.specification.vendor = Oracle Corporation
    java.vm.specification.version = 17
    java.vm.vendor = Eclipse Adoptium
    java.vm.version = ***HIDDEN***+1
    jdk.debug = release
    line.separator = \n 
    native.encoding = UTF-8
    os.arch = amd64
    os.name = Linux
    os.version = 6.2.0-1015-aws
    path.separator = :
    quarkus.http.host = ***HIDDEN***
    sun.arch.data.model = 64
    sun.boot.library.path = /opt/java/openjdk/lib
    sun.cpu.endian = little
    sun.io.unicode.encoding = UnicodeLittle
    sun.java.command = quarkus-run.jar
    sun.java.launcher = SUN_STANDARD
    sun.jnu.encoding = UTF-8
    sun.management.compiler = HotSpot 64-Bit Tiered Compilers
    user.country = US
    user.dir = /deployments
    user.home = ?
    user.language = en
    user.name = ?

Locale settings:
    default locale = English (United States)
    default display locale = English (United States)
    default format locale = English (United States)
    available locales = , af, af_NA, af_ZA, af_ZA_#Latn, agq, agq_CM, agq_CM_#Latn, 
        ak, ak_GH, ak_GH_#Latn, am, am_ET, am_ET_#Ethi, ar, ar_001, 
        ar_AE, ar_BH, ar_DJ, ar_DZ, ar_EG, ar_EG_#Arab, ar_EH, ar_ER, 
        ar_IL, ar_IQ, ar_JO, ar_KM, ar_KW, ar_LB, ar_LY, ar_MA, 
        ar_MR, ar_OM, ar_PS, ar_QA, ar_SA, ar_SD, ar_SO, ar_SS, 
        ar_SY, ar_TD, ar_TN, ar_YE, as, as_IN, as_IN_#Beng, asa, 
        asa_TZ, asa_TZ_#Latn, ast, ast_ES, ast_ES_#Latn, az, az_AZ, az_AZ_#Cyrl, 
        az_AZ_#Latn, az__#Cyrl, az__#Latn, bas, bas_CM, bas_CM_#Latn, be, be_BY, 
        be_BY_#Cyrl, bem, bem_ZM, bem_ZM_#Latn, bez, bez_TZ, bez_TZ_#Latn, bg, 
        bg_BG, bg_BG_#Cyrl, bm, bm_ML, bm_ML_#Latn, bn, bn_BD, bn_BD_#Beng, 
        bn_IN, bo, bo_CN, bo_CN_#Tibt, bo_IN, br, br_FR, br_FR_#Latn, 
        brx, brx_IN, brx_IN_#Deva, bs, bs_BA, bs_BA_#Cyrl, bs_BA_#Latn, bs__#Cyrl, 
        bs__#Latn, ca, ca_AD, ca_ES, ca_ES_#Latn, ca_ES_VALENCIA, ca_FR, ca_IT, 
        ccp, ccp_BD, ccp_BD_#Cakm, ccp_IN, ce, ce_RU, ce_RU_#Cyrl, ceb, 
        ceb_PH, ceb_PH_#Latn, cgg, cgg_UG, cgg_UG_#Latn, chr, chr_US, chr_US_#Cher, 
        ckb, ckb_IQ, ckb_IQ_#Arab, ckb_IR, cs, cs_CZ, cs_CZ_#Latn, cy, 
        cy_GB, cy_GB_#Latn, da, da_DK, da_DK_#Latn, da_GL, dav, dav_KE, 
        dav_KE_#Latn, de, de_AT, de_BE, de_CH, de_DE, de_DE_#Latn, de_IT, 
        de_LI, de_LU, dje, dje_NE, dje_NE_#Latn, doi, doi_IN, doi_IN_#Deva, 
        dsb, dsb_DE, dsb_DE_#Latn, dua, dua_CM, dua_CM_#Latn, dyo, dyo_SN, 
        dyo_SN_#Latn, dz, dz_BT, dz_BT_#Tibt, ebu, ebu_KE, ebu_KE_#Latn, ee, 
        ee_GH, ee_GH_#Latn, ee_TG, el, el_CY, el_GR, el_GR_#Grek, en, 
        en_001, en_150, en_AE, en_AG, en_AI, en_AS, en_AT, en_AU, 
        en_BB, en_BE, en_BI, en_BM, en_BS, en_BW, en_BZ, en_CA, 
        en_CC, en_CH, en_CK, en_CM, en_CX, en_CY, en_DE, en_DG, 
        en_DK, en_DM, en_ER, en_FI, en_FJ, en_FK, en_FM, en_GB, 
        en_GD, en_GG, en_GH, en_GI, en_GM, en_GU, en_GY, en_HK, 
        en_IE, en_IL, en_IM, en_IN, en_IO, en_JE, en_JM, en_KE, 
        en_KI, en_KN, en_KY, en_LC, en_LR, en_LS, en_MG, en_MH, 
        en_MO, en_MP, en_MS, en_MT, en_MU, en_MW, en_MY, en_NA, 
        en_NF, en_NG, en_NL, en_NR, en_NU, en_NZ, en_PG, en_PH, 
        en_PK, en_PN, en_PR, en_PW, en_RW, en_SB, en_SC, en_SD, 
        en_SE, en_SG, en_SH, en_SI, en_SL, en_SS, en_SX, en_SZ, 
        en_TC, en_TK, en_TO, en_TT, en_TV, en_TZ, en_UG, en_UM, 
        en_US, en_US_#Latn, en_US_POSIX, en_VC, en_VG, en_VI, en_VU, en_WS, 
        en_ZA, en_ZM, en_ZW, eo, eo_001, eo_001_#Latn, es, es_419, 
        es_AR, es_BO, es_BR, es_BZ, es_CL, es_CO, es_CR, es_CU, 
        es_DO, es_EA, es_EC, es_ES, es_ES_#Latn, es_GQ, es_GT, es_HN, 
        es_IC, es_MX, es_NI, es_PA, es_PE, es_PH, es_PR, es_PY, 
        es_SV, es_US, es_UY, es_VE, et, et_EE, et_EE_#Latn, eu, 
        eu_ES, eu_ES_#Latn, ewo, ewo_CM, ewo_CM_#Latn, fa, fa_AF, fa_IR, 
        fa_IR_#Arab, ff, ff_BF_#Adlm, ff_BF_#Latn, ff_CM_#Adlm, ff_CM_#Latn, ff_GH_#Adlm, ff_GH_#Latn, 
        ff_GM_#Adlm, ff_GM_#Latn, ff_GN, ff_GN_#Adlm, ff_GN_#Latn, ff_GW_#Adlm, ff_GW_#Latn, ff_LR_#Adlm, 
        ff_LR_#Latn, ff_MR_#Adlm, ff_MR_#Latn, ff_NE_#Adlm, ff_NE_#Latn, ff_NG_#Adlm, ff_NG_#Latn, ff_SL_#Adlm, 
        ff_SL_#Latn, ff_SN, ff_SN_#Adlm, ff_SN_#Latn, ff__#Adlm, ff__#Latn, fi, fi_FI, 
        fi_FI_#Latn, fil, fil_PH, fil_PH_#Latn, fo, fo_DK, fo_FO, fo_FO_#Latn, 
        fr, fr_BE, fr_BF, fr_BI, fr_BJ, fr_BL, fr_CA, fr_CD, 
        fr_CF, fr_CG, fr_CH, fr_CI, fr_CM, fr_DJ, fr_DZ, fr_FR, 
        fr_FR_#Latn, fr_GA, fr_GF, fr_GN, fr_GP, fr_GQ, fr_HT, fr_KM, 
        fr_LU, fr_MA, fr_MC, fr_MF, fr_MG, fr_ML, fr_MQ, fr_MR, 
        fr_MU, fr_NC, fr_NE, fr_PF, fr_PM, fr_RE, fr_RW, fr_SC, 
        fr_SN, fr_SY, fr_TD, fr_TG, fr_TN, fr_VU, fr_WF, fr_YT, 
        fur, fur_IT, fur_IT_#Latn, fy, fy_NL, fy_NL_#Latn, ga, ga_GB, 
        ga_IE, ga_IE_#Latn, gd, gd_GB, gd_GB_#Latn, gl, gl_ES, gl_ES_#Latn, 
        gsw, gsw_CH, gsw_CH_#Latn, gsw_FR, gsw_LI, gu, gu_IN, gu_IN_#Gujr, 
        guz, guz_KE, guz_KE_#Latn, gv, gv_IM, gv_IM_#Latn, ha, ha_GH, 
        ha_NE, ha_NG, ha_NG_#Latn, haw, haw_US, haw_US_#Latn, he, he_IL, 
        he_IL_#Hebr, hi, hi_IN, hi_IN_#Deva, hr, hr_BA, hr_HR, hr_HR_#Latn, 
        hsb, hsb_DE, hsb_DE_#Latn, hu, hu_HU, hu_HU_#Latn, hy, hy_AM, 
        hy_AM_#Armn, ia, ia_001, ia_001_#Latn, id, id_ID, id_ID_#Latn, ig, 
        ig_NG, ig_NG_#Latn, ii, ii_CN, ii_CN_#Yiii, is, is_IS, is_IS_#Latn, 
        it, it_CH, it_IT, it_IT_#Latn, it_SM, it_VA, ja, ja_JP, 
        ja_JP_#Jpan, ja_JP_JP_#u-ca-japanese, jgo, jgo_CM, jgo_CM_#Latn, jmc, jmc_TZ, jmc_TZ_#Latn, 
        jv, jv_ID, jv_ID_#Latn, ka, ka_GE, ka_GE_#Geor, kab, kab_DZ, 
        kab_DZ_#Latn, kam, kam_KE, kam_KE_#Latn, kde, kde_TZ, kde_TZ_#Latn, kea, 
        kea_CV, kea_CV_#Latn, khq, khq_ML, khq_ML_#Latn, ki, ki_KE, ki_KE_#Latn, 
        kk, kk_KZ, kk_KZ_#Cyrl, kkj, kkj_CM, kkj_CM_#Latn, kl, kl_GL, 
        kl_GL_#Latn, kln, kln_KE, kln_KE_#Latn, km, km_KH, km_KH_#Khmr, kn, 
        kn_IN, kn_IN_#Knda, ko, ko_KP, ko_KR, ko_KR_#Kore, kok, kok_IN, 
        kok_IN_#Deva, ks, ks_IN, ks_IN_#Arab, ks__#Arab, ksb, ksb_TZ, ksb_TZ_#Latn, 
        ksf, ksf_CM, ksf_CM_#Latn, ksh, ksh_DE, ksh_DE_#Latn, ku, ku_TR, 
        ku_TR_#Latn, kw, kw_GB, kw_GB_#Latn, ky, ky_KG, ky_KG_#Cyrl, lag, 
        lag_TZ, lag_TZ_#Latn, lb, lb_LU, lb_LU_#Latn, lg, lg_UG, lg_UG_#Latn, 
        lkt, lkt_US, lkt_US_#Latn, ln, ln_AO, ln_CD, ln_CD_#Latn, ln_CF, 
        ln_CG, lo, lo_LA, lo_LA_#Laoo, lrc, lrc_IQ, lrc_IR, lrc_IR_#Arab, 
        lt, lt_LT, lt_LT_#Latn, lu, lu_CD, lu_CD_#Latn, luo, luo_KE, 
        luo_KE_#Latn, luy, luy_KE, luy_KE_#Latn, lv, lv_LV, lv_LV_#Latn, mai, 
        mai_IN, mai_IN_#Deva, mas, mas_KE, mas_KE_#Latn, mas_TZ, mer, mer_KE, 
        mer_KE_#Latn, mfe, mfe_MU, mfe_MU_#Latn, mg, mg_MG, mg_MG_#Latn, mgh, 
        mgh_MZ, mgh_MZ_#Latn, mgo, mgo_CM, mgo_CM_#Latn, mi, mi_NZ, mi_NZ_#Latn, 
        mk, mk_MK, mk_MK_#Cyrl, ml, ml_IN, ml_IN_#Mlym, mn, mn_MN, 
        mn_MN_#Cyrl, mni, mni_IN, mni_IN_#Beng, mni__#Beng, mr, mr_IN, mr_IN_#Deva, 
        ms, ms_BN, ms_ID, ms_MY, ms_MY_#Latn, ms_SG, mt, mt_MT, 
        mt_MT_#Latn, mua, mua_CM, mua_CM_#Latn, my, my_MM, my_MM_#Mymr, mzn, 
        mzn_IR, mzn_IR_#Arab, naq, naq_NA, naq_NA_#Latn, nb, nb_NO, nb_NO_#Latn, 
        nb_SJ, nd, nd_ZW, nd_ZW_#Latn, nds, nds_DE, nds_DE_#Latn, nds_NL, 
        ne, ne_IN, ne_NP, ne_NP_#Deva, nl, nl_AW, nl_BE, nl_BQ, 
        nl_CW, nl_NL, nl_NL_#Latn, nl_SR, nl_SX, nmg, nmg_CM, nmg_CM_#Latn, 
        nn, nn_NO, nn_NO_#Latn, nnh, nnh_CM, nnh_CM_#Latn, no, no_NO, 
        no_NO_#Latn, no_NO_NY, nus, nus_SS, nus_SS_#Latn, nyn, nyn_UG, nyn_UG_#Latn, 
        om, om_ET, om_ET_#Latn, om_KE, or, or_IN, or_IN_#Orya, os, 
        os_GE, os_GE_#Cyrl, os_RU, pa, pa_IN, pa_IN_#Guru, pa_PK, pa_PK_#Arab, 
        pa__#Arab, pa__#Guru, pcm, pcm_NG, pcm_NG_#Latn, pl, pl_PL, pl_PL_#Latn, 
        ps, ps_AF, ps_AF_#Arab, ps_PK, pt, pt_AO, pt_BR, pt_BR_#Latn, 
        pt_CH, pt_CV, pt_GQ, pt_GW, pt_LU, pt_MO, pt_MZ, pt_PT, 
        pt_ST, pt_TL, qu, qu_BO, qu_EC, qu_PE, qu_PE_#Latn, rm, 
        rm_CH, rm_CH_#Latn, rn, rn_BI, rn_BI_#Latn, ro, ro_MD, ro_RO, 
        ro_RO_#Latn, rof, rof_TZ, rof_TZ_#Latn, ru, ru_BY, ru_KG, ru_KZ, 
        ru_MD, ru_RU, ru_RU_#Cyrl, ru_UA, rw, rw_RW, rw_RW_#Latn, rwk, 
        rwk_TZ, rwk_TZ_#Latn, sa, sa_IN, sa_IN_#Deva, sah, sah_RU, sah_RU_#Cyrl, 
        saq, saq_KE, saq_KE_#Latn, sat, sat_IN, sat_IN_#Olck, sat__#Olck, sbp, 
        sbp_TZ, sbp_TZ_#Latn, sd, sd_IN, sd_IN_#Deva, sd_PK, sd_PK_#Arab, sd__#Arab, 
        sd__#Deva, se, se_FI, se_NO, se_NO_#Latn, se_SE, seh, seh_MZ, 
        seh_MZ_#Latn, ses, ses_ML, ses_ML_#Latn, sg, sg_CF, sg_CF_#Latn, shi, 
        shi_MA, shi_MA_#Latn, shi_MA_#Tfng, shi__#Latn, shi__#Tfng, si, si_LK, si_LK_#Sinh, 
        sk, sk_SK, sk_SK_#Latn, sl, sl_SI, sl_SI_#Latn, smn, smn_FI, 
        smn_FI_#Latn, sn, sn_ZW, sn_ZW_#Latn, so, so_DJ, so_ET, so_KE, 
        so_SO, so_SO_#Latn, sq, sq_AL, sq_AL_#Latn, sq_MK, sq_XK, sr, 
        sr_BA, sr_BA_#Cyrl, sr_BA_#Latn, sr_CS, sr_ME, sr_ME_#Cyrl, sr_ME_#Latn, sr_RS, 
        sr_RS_#Cyrl, sr_RS_#Latn, sr_XK_#Cyrl, sr_XK_#Latn, sr__#Cyrl, sr__#Latn, su, su_ID, 
        su_ID_#Latn, su__#Latn, sv, sv_AX, sv_FI, sv_SE, sv_SE_#Latn, sw, 
        sw_CD, sw_KE, sw_TZ, sw_TZ_#Latn, sw_UG, ta, ta_IN, ta_IN_#Taml, 
        ta_LK, ta_MY, ta_SG, te, te_IN, te_IN_#Telu, teo, teo_KE, 
        teo_UG, teo_UG_#Latn, tg, tg_TJ, tg_TJ_#Cyrl, th, th_TH, th_TH_#Thai, 
        th_TH_TH_#u-nu-thai, ti, ti_ER, ti_ET, ti_ET_#Ethi, tk, tk_TM, tk_TM_#Latn, 
        to, to_TO, to_TO_#Latn, tr, tr_CY, tr_TR, tr_TR_#Latn, tt, 
        tt_RU, tt_RU_#Cyrl, twq, twq_NE, twq_NE_#Latn, tzm, tzm_MA, tzm_MA_#Latn, 
        ug, ug_CN, ug_CN_#Arab, uk, uk_UA, uk_UA_#Cyrl, ur, ur_IN, 
        ur_PK, ur_PK_#Arab, uz, uz_AF, uz_AF_#Arab, uz_UZ, uz_UZ_#Cyrl, uz_UZ_#Latn, 
        uz__#Arab, uz__#Cyrl, uz__#Latn, vai, vai_LR, vai_LR_#Latn, vai_LR_#Vaii, vai__#Latn, 
        vai__#Vaii, vi, vi_VN, vi_VN_#Latn, vun, vun_TZ, vun_TZ_#Latn, wae, 
        wae_CH, wae_CH_#Latn, wo, wo_SN, wo_SN_#Latn, xh, xh_ZA, xh_ZA_#Latn, 
        xog, xog_UG, xog_UG_#Latn, yav, yav_CM, yav_CM_#Latn, yi, yi_001, 
        yi_001_#Hebr, yo, yo_BJ, yo_NG, yo_NG_#Latn, yue, yue_CN, yue_CN_#Hans, 
        yue_HK, yue_HK_#Hant, yue__#Hans, yue__#Hant, zgh, zgh_MA, zgh_MA_#Tfng, zh, 
        zh_CN, zh_CN_#Hans, zh_HK, zh_HK_#Hans, zh_HK_#Hant, zh_MO, zh_MO_#Hans, zh_MO_#Hant, 
        zh_SG, zh_SG_#Hans, zh_TW, zh_TW_#Hant, zh__#Hans, zh__#Hant, zu, zu_ZA, 
        zu_ZA_#Latn
Operating System Metrics:
    Provider: cgroupv2
    Effective CPU Count: 1
    CPU Period: 100000us
    CPU Quota: 100000us
    CPU Shares: 1024us
    List of Processors: N/A
    List of Effective Processors, 16 total: 
    0 1 2 3 4 5 6 7 8 9 10 11 12 13 14 15 
    List of Memory Nodes: N/A
    List of Available Memory Nodes, 1 total: 
    0 
    Memory Limit: 2.50G
    Memory Soft Limit: 0.00K
    Memory & Swap Limit: 2.50G
    Maximum Processes Limit: 37525

{"timestamp":"2023-11-21T14:31:26.588Z","sequence":429,"loggerClassName":"org.jboss.logging.Logger","loggerName":"com.knime.enterprise.cloud.services.searchsync.impl.SearchSyncInitializer","level":"INFO","message":"SearchSyncInitializer has been initialized.","threadName":"main","threadId":1,"mdc":{},"ndc":"","hostName":"search-sync-service-67d9ffbff9-96j49","processName":"quarkus-run.jar","processId":1}
{"timestamp":"2023-11-21T14:31:27.386Z","sequence":430,"loggerClassName":"org.jboss.logging.Logger","loggerName":"io.quarkus","level":"INFO","message":"impl 2.1.0.0011-64da0cf on JVM (powered by Quarkus 3.2.6.Final) started in 4.935s. Listening on: http://***HIDDEN***:9080","threadName":"main","threadId":1,"mdc":{},"ndc":"","hostName":"search-sync-service-67d9ffbff9-96j49","processName":"quarkus-run.jar","processId":1}
{"timestamp":"2023-11-21T14:31:27.386Z","sequence":431,"loggerClassName":"org.jboss.logging.Logger","loggerName":"io.quarkus","level":"INFO","message":"Profile prod activated. ","threadName":"main","threadId":1,"mdc":{},"ndc":"","hostName":"search-sync-service-67d9ffbff9-96j49","processName":"quarkus-run.jar","processId":1}
{"timestamp":"2023-11-21T14:31:27.386Z","sequence":432,"loggerClassName":"org.jboss.logging.Logger","loggerName":"io.quarkus","level":"INFO","message":"Installed features: [artemis-jms, cdi, oidc-client, oidc-client-filter, reactive-routes, rest-client, rest-client-jackson, resteasy, resteasy-jackson, scheduler, security, smallrye-context-propagation, smallrye-health, smallrye-jwt, smallrye-openapi, swagger-ui, vertx]","threadName":"main","threadId":1,"mdc":{},"ndc":"","hostName":"search-sync-service-67d9ffbff9-96j49","processName":"quarkus-run.jar","processId":1}
{"timestamp":"2023-11-21T14:31:27.571Z","sequence":433,"loggerClassName":"org.jboss.logging.Logger","loggerName":"com.knime.enterprise.cloud.services.searchsync.impl.events.AbstractTopicConsumer","level":"INFO","message":"Started listening to messages from queue:catalog-items","threadName":"Thread-3","threadId":35,"mdc":{},"ndc":"","hostName":"search-sync-service-67d9ffbff9-96j49","processName":"quarkus-run.jar","processId":1}
{"timestamp":"2023-11-21T14:31:27.572Z","sequence":434,"loggerClassName":"org.jboss.logging.Logger","loggerName":"com.knime.enterprise.cloud.services.searchsync.impl.events.AbstractTopicConsumer","level":"INFO","message":"Started listening to messages from queue:catalog.collections","threadName":"Thread-3","threadId":35,"mdc":{},"ndc":"","hostName":"search-sync-service-67d9ffbff9-96j49","processName":"quarkus-run.jar","processId":1}
{"timestamp":"2023-11-21T14:31:27.572Z","sequence":435,"loggerClassName":"org.jboss.logging.Logger","loggerName":"com.knime.enterprise.cloud.services.searchsync.impl.events.AbstractTopicConsumer","level":"INFO","message":"Started listening to messages from queue:catalog.extensions","threadName":"Thread-3","threadId":35,"mdc":{},"ndc":"","hostName":"search-sync-service-67d9ffbff9-96j49","processName":"quarkus-run.jar","processId":1}
{"timestamp":"2023-11-21T14:31:27.572Z","sequence":436,"loggerClassName":"org.jboss.logging.Logger","loggerName":"com.knime.enterprise.cloud.services.searchsync.impl.events.AbstractTopicConsumer","level":"INFO","message":"Started listening to messages from queue:catalog.repository-items","threadName":"Thread-3","threadId":35,"mdc":{},"ndc":"","hostName":"search-sync-service-67d9ffbff9-96j49","processName":"quarkus-run.jar","processId":1}
{"timestamp":"2023-11-21T14:31:27.573Z","sequence":437,"loggerClassName":"org.jboss.logging.Logger","loggerName":"com.knime.enterprise.cloud.services.searchsync.impl.events.AbstractTopicConsumer","level":"INFO","message":"Started listening to messages from queue:catalog.nodes","threadName":"Thread-3","threadId":35,"mdc":{},"ndc":"","hostName":"search-sync-service-67d9ffbff9-96j49","processName":"quarkus-run.jar","processId":1}
{"timestamp":"2023-11-21T14:31:27.573Z","sequence":438,"loggerClassName":"org.jboss.logging.Logger","loggerName":"com.knime.enterprise.cloud.services.searchsync.impl.events.AbstractTopicConsumer","level":"INFO","message":"Started listening to messages from queue:account-events.users","threadName":"Thread-3","threadId":35,"mdc":{},"ndc":"","hostName":"search-sync-service-67d9ffbff9-96j49","processName":"quarkus-run.jar","processId":1}
{"timestamp":"2023-11-21T14:31:27.573Z","sequence":439,"loggerClassName":"org.jboss.logging.Logger","loggerName":"com.knime.enterprise.cloud.services.searchsync.impl.events.AbstractTopicConsumer","level":"INFO","message":"Started listening to messages from queue:account-events.teams","threadName":"Thread-3","threadId":35,"mdc":{},"ndc":"","hostName":"search-sync-service-67d9ffbff9-96j49","processName":"quarkus-run.jar","processId":1}
{"timestamp":"2023-11-21T14:41:27.076Z","sequence":440,"loggerClassName":"org.jboss.logging.Logger","loggerName":"com.knime.enterprise.cloud.services.searchsync.impl.FullSyncService","level":"INFO","message":"Start creation of new index for type: TAG","threadName":"executor-thread-3","threadId":41,"mdc":{},"ndc":"","hostName":"search-sync-service-67d9ffbff9-96j49","processName":"quarkus-run.jar","processId":1}
{"timestamp":"2023-11-21T14:41:27.076Z","sequence":441,"loggerClassName":"org.jboss.logging.Logger","loggerName":"com.knime.enterprise.cloud.services.searchsync.impl.FullSyncService","level":"INFO","message":"Start creation of new index for type: EXTERNAL_GROUP","threadName":"executor-thread-2","threadId":36,"mdc":{},"ndc":"","hostName":"search-sync-service-67d9ffbff9-96j49","processName":"quarkus-run.jar","processId":1}
{"timestamp":"2023-11-21T14:41:27.076Z","sequence":442,"loggerClassName":"org.jboss.logging.Logger","loggerName":"com.knime.enterprise.cloud.services.searchsync.impl.FullSyncService","level":"INFO","message":"Attempting to clean indices of type 'TAG'.","threadName":"executor-thread-3","threadId":41,"mdc":{},"ndc":"","hostName":"search-sync-service-67d9ffbff9-96j49","processName":"quarkus-run.jar","processId":1}
{"timestamp":"2023-11-21T14:41:27.076Z","sequence":443,"loggerClassName":"org.jboss.logging.Logger","loggerName":"com.knime.enterprise.cloud.services.searchsync.impl.FullSyncService","level":"INFO","message":"Attempting to clean indices of type 'EXTERNAL_GROUP'.","threadName":"executor-thread-2","threadId":36,"mdc":{},"ndc":"","hostName":"search-sync-service-67d9ffbff9-96j49","processName":"quarkus-run.jar","processId":1}
{"timestamp":"2023-11-21T14:41:27.279Z","sequence":444,"loggerClassName":"org.jboss.logging.Logger","loggerName":"com.knime.enterprise.cloud.services.searchsync.impl.FullSyncService","level":"INFO","message":"Nothing to clean.","threadName":"executor-thread-3","threadId":41,"mdc":{},"ndc":"","hostName":"search-sync-service-67d9ffbff9-96j49","processName":"quarkus-run.jar","processId":1}
{"timestamp":"2023-11-21T14:41:27.279Z","sequence":445,"loggerClassName":"org.jboss.logging.Logger","loggerName":"com.knime.enterprise.cloud.services.searchsync.impl.FullSyncService","level":"INFO","message":"Nothing to clean.","threadName":"executor-thread-2","threadId":36,"mdc":{},"ndc":"","hostName":"search-sync-service-67d9ffbff9-96j49","processName":"quarkus-run.jar","processId":1}
{"timestamp":"2023-11-21T14:41:27.291Z","sequence":446,"loggerClassName":"org.jboss.logging.Logger","loggerName":"com.knime.enterprise.cloud.services.searchsync.impl.FullSyncService","level":"INFO","message":"Requesting creation of index of type 'EXTERNAL_GROUP'.","threadName":"executor-thread-2","threadId":36,"mdc":{},"ndc":"","hostName":"search-sync-service-67d9ffbff9-96j49","processName":"quarkus-run.jar","processId":1}
{"timestamp":"2023-11-21T14:41:27.291Z","sequence":447,"loggerClassName":"org.jboss.logging.Logger","loggerName":"com.knime.enterprise.cloud.services.searchsync.impl.FullSyncService","level":"INFO","message":"Requesting creation of index of type 'TAG'.","threadName":"executor-thread-3","threadId":41,"mdc":{},"ndc":"","hostName":"search-sync-service-67d9ffbff9-96j49","processName":"quarkus-run.jar","processId":1}
{"timestamp":"2023-11-21T14:41:27.46Z","sequence":448,"loggerClassName":"org.jboss.logging.Logger","loggerName":"com.knime.enterprise.cloud.services.searchsync.impl.FullSyncService","level":"INFO","message":"Index of type 'TAG' successfully created: 'tags1700577687073'.","threadName":"executor-thread-3","threadId":41,"mdc":{},"ndc":"","hostName":"search-sync-service-67d9ffbff9-96j49","processName":"quarkus-run.jar","processId":1}
{"timestamp":"2023-11-21T14:41:27.484Z","sequence":449,"loggerClassName":"org.jboss.logging.Logger","loggerName":"com.knime.enterprise.cloud.services.searchsync.impl.FullSyncService","level":"INFO","message":"Index of type 'EXTERNAL_GROUP' successfully created: 'external_groups1700577687073'.","threadName":"executor-thread-2","threadId":36,"mdc":{},"ndc":"","hostName":"search-sync-service-67d9ffbff9-96j49","processName":"quarkus-run.jar","processId":1}
{"timestamp":"2023-11-21T14:41:28.073Z","sequence":450,"loggerClassName":"org.jboss.logging.Logger","loggerName":"com.knime.enterprise.cloud.services.searchsync.impl.FullSyncService","level":"INFO","message":"Accounts service retrieved the hub global account.","threadName":"executor-thread-2","threadId":36,"mdc":{},"ndc":"","hostName":"search-sync-service-67d9ffbff9-96j49","processName":"quarkus-run.jar","processId":1}
{"timestamp":"2023-11-21T14:41:28.073Z","sequence":451,"loggerClassName":"org.jboss.logging.Logger","loggerName":"com.knime.enterprise.cloud.services.searchsync.impl.FullSyncService","level":"INFO","message":"Accounts service returned 0 external groups.","threadName":"executor-thread-2","threadId":36,"mdc":{},"ndc":"","hostName":"search-sync-service-67d9ffbff9-96j49","processName":"quarkus-run.jar","processId":1}
{"timestamp":"2023-11-21T14:41:28.073Z","sequence":452,"loggerClassName":"org.jboss.logging.Logger","loggerName":"com.knime.enterprise.cloud.services.searchsync.impl.FullSyncService","level":"INFO","message":"Start bulk index of :'external_groups1700577687073'","threadName":"executor-thread-2","threadId":36,"mdc":{},"ndc":"","hostName":"search-sync-service-67d9ffbff9-96j49","processName":"quarkus-run.jar","processId":1}
{"timestamp":"2023-11-21T14:41:28.14Z","sequence":453,"loggerClassName":"org.jboss.logging.Logger","loggerName":"com.knime.enterprise.cloud.services.searchsync.impl.FullSyncService","level":"INFO","message":"0 items has been added to 'external_groups' index (out of 0 items retrieved).","threadName":"executor-thread-2","threadId":36,"mdc":{},"ndc":"","hostName":"search-sync-service-67d9ffbff9-96j49","processName":"quarkus-run.jar","processId":1}
{"timestamp":"2023-11-21T14:41:28.165Z","sequence":454,"loggerClassName":"org.jboss.logging.Logger","loggerName":"com.knime.enterprise.cloud.services.searchsync.impl.FullSyncService","level":"INFO","message":"Requesting to add alias for new index with name 'external_groups1700577687073'.","threadName":"executor-thread-2","threadId":36,"mdc":{},"ndc":"","hostName":"search-sync-service-67d9ffbff9-96j49","processName":"quarkus-run.jar","processId":1}
{"timestamp":"2023-11-21T14:41:28.212Z","sequence":455,"loggerClassName":"org.jboss.logging.Logger","loggerName":"com.knime.enterprise.cloud.services.searchsync.impl.FullSyncService","level":"INFO","message":"Starting bulk request 1.","threadName":"executor-thread-3","threadId":41,"mdc":{},"ndc":"","hostName":"search-sync-service-67d9ffbff9-96j49","processName":"quarkus-run.jar","processId":1}
{"timestamp":"2023-11-21T14:41:28.222Z","sequence":456,"loggerClassName":"org.jboss.logging.Logger","loggerName":"com.knime.enterprise.cloud.services.searchsync.impl.FullSyncService","level":"INFO","message":"Starting bulk request 2.","threadName":"executor-thread-3","threadId":41,"mdc":{},"ndc":"","hostName":"search-sync-service-67d9ffbff9-96j49","processName":"quarkus-run.jar","processId":1}
{"timestamp":"2023-11-21T14:41:28.251Z","sequence":457,"loggerClassName":"org.jboss.logging.Logger","loggerName":"com.knime.enterprise.cloud.services.searchsync.impl.FullSyncService","level":"INFO","message":"Index with name 'external_groups1700577687073' successfully created and aliased.","threadName":"executor-thread-2","threadId":36,"mdc":{},"ndc":"","hostName":"search-sync-service-67d9ffbff9-96j49","processName":"quarkus-run.jar","processId":1}
{"timestamp":"2023-11-21T14:41:28.254Z","sequence":458,"loggerClassName":"org.jboss.logging.Logger","loggerName":"com.knime.enterprise.cloud.services.searchsync.impl.FullSyncService","level":"INFO","message":"Attempting to clean indices of type 'EXTERNAL_GROUP'.","threadName":"executor-thread-2","threadId":36,"mdc":{},"ndc":"","hostName":"search-sync-service-67d9ffbff9-96j49","processName":"quarkus-run.jar","processId":1}
{"timestamp":"2023-11-21T14:41:28.257Z","sequence":459,"loggerClassName":"org.jboss.logging.Logger","loggerName":"com.knime.enterprise.cloud.services.searchsync.impl.FullSyncService","level":"INFO","message":"Nothing to clean.","threadName":"executor-thread-2","threadId":36,"mdc":{},"ndc":"","hostName":"search-sync-service-67d9ffbff9-96j49","processName":"quarkus-run.jar","processId":1}
{"timestamp":"2023-11-21T14:41:28.311Z","sequence":460,"loggerClassName":"org.jboss.logging.Logger","loggerName":"com.knime.enterprise.cloud.services.searchsync.impl.FullSyncService","level":"INFO","message":"Finished bulk request 1: OK","threadName":"I/O dispatcher 1","threadId":38,"mdc":{},"ndc":"","hostName":"search-sync-service-67d9ffbff9-96j49","processName":"quarkus-run.jar","processId":1}
{"timestamp":"2023-11-21T14:41:28.316Z","sequence":461,"loggerClassName":"org.jboss.logging.Logger","loggerName":"com.knime.enterprise.cloud.services.searchsync.impl.FullSyncService","level":"INFO","message":"Starting bulk request 3.","threadName":"executor-thread-3","threadId":41,"mdc":{},"ndc":"","hostName":"search-sync-service-67d9ffbff9-96j49","processName":"quarkus-run.jar","processId":1}
{"timestamp":"2023-11-21T14:41:28.359Z","sequence":462,"loggerClassName":"org.jboss.logging.Logger","loggerName":"com.knime.enterprise.cloud.services.searchsync.impl.FullSyncService","level":"INFO","message":"Finished bulk request 2: OK","threadName":"I/O dispatcher 1","threadId":38,"mdc":{},"ndc":"","hostName":"search-sync-service-67d9ffbff9-96j49","processName":"quarkus-run.jar","processId":1}
{"timestamp":"2023-11-21T14:41:28.364Z","sequence":463,"loggerClassName":"org.jboss.logging.Logger","loggerName":"com.knime.enterprise.cloud.services.searchsync.impl.FullSyncService","level":"INFO","message":"Starting bulk request 4.","threadName":"executor-thread-3","threadId":41,"mdc":{},"ndc":"","hostName":"search-sync-service-67d9ffbff9-96j49","processName":"quarkus-run.jar","processId":1}
{"timestamp":"2023-11-21T14:41:28.385Z","sequence":464,"loggerClassName":"org.jboss.logging.Logger","loggerName":"com.knime.enterprise.cloud.services.searchsync.impl.FullSyncService","level":"INFO","message":"Finished bulk request 3: OK","threadName":"I/O dispatcher 1","threadId":38,"mdc":{},"ndc":"","hostName":"search-sync-service-67d9ffbff9-96j49","processName":"quarkus-run.jar","processId":1}
{"timestamp":"2023-11-21T14:41:28.39Z","sequence":465,"loggerClassName":"org.jboss.logging.Logger","loggerName":"com.knime.enterprise.cloud.services.searchsync.impl.FullSyncService","level":"INFO","message":"Starting bulk request 5.","threadName":"executor-thread-3","threadId":41,"mdc":{},"ndc":"","hostName":"search-sync-service-67d9ffbff9-96j49","processName":"quarkus-run.jar","processId":1}
{"timestamp":"2023-11-21T14:41:28.453Z","sequence":466,"loggerClassName":"org.jboss.logging.Logger","loggerName":"com.knime.enterprise.cloud.services.searchsync.impl.FullSyncService","level":"INFO","message":"Finished bulk request 4: OK","threadName":"I/O dispatcher 1","threadId":38,"mdc":{},"ndc":"","hostName":"search-sync-service-67d9ffbff9-96j49","processName":"quarkus-run.jar","processId":1}
{"timestamp":"2023-11-21T14:41:28.457Z","sequence":467,"loggerClassName":"org.jboss.logging.Logger","loggerName":"com.knime.enterprise.cloud.services.searchsync.impl.FullSyncService","level":"INFO","message":"Starting bulk request 6.","threadName":"executor-thread-3","threadId":41,"mdc":{},"ndc":"","hostName":"search-sync-service-67d9ffbff9-96j49","processName":"quarkus-run.jar","processId":1}
{"timestamp":"2023-11-21T14:41:28.477Z","sequence":468,"loggerClassName":"org.jboss.logging.Logger","loggerName":"com.knime.enterprise.cloud.services.searchsync.impl.FullSyncService","level":"INFO","message":"Finished bulk request 5: OK","threadName":"I/O dispatcher 1","threadId":38,"mdc":{},"ndc":"","hostName":"search-sync-service-67d9ffbff9-96j49","processName":"quarkus-run.jar","processId":1}
{"timestamp":"2023-11-21T14:41:28.48Z","sequence":469,"loggerClassName":"org.jboss.logging.Logger","loggerName":"com.knime.enterprise.cloud.services.searchsync.impl.FullSyncService","level":"INFO","message":"Starting bulk request 7.","threadName":"executor-thread-3","threadId":41,"mdc":{},"ndc":"","hostName":"search-sync-service-67d9ffbff9-96j49","processName":"quarkus-run.jar","processId":1}
{"timestamp":"2023-11-21T14:41:28.5Z","sequence":470,"loggerClassName":"org.jboss.logging.Logger","loggerName":"com.knime.enterprise.cloud.services.searchsync.impl.FullSyncService","level":"INFO","message":"Finished bulk request 6: OK","threadName":"I/O dispatcher 1","threadId":38,"mdc":{},"ndc":"","hostName":"search-sync-service-67d9ffbff9-96j49","processName":"quarkus-run.jar","processId":1}
{"timestamp":"2023-11-21T14:41:28.503Z","sequence":471,"loggerClassName":"org.jboss.logging.Logger","loggerName":"com.knime.enterprise.cloud.services.searchsync.impl.FullSyncService","level":"INFO","message":"Starting bulk request 8.","threadName":"executor-thread-3","threadId":41,"mdc":{},"ndc":"","hostName":"search-sync-service-67d9ffbff9-96j49","processName":"quarkus-run.jar","processId":1}
{"timestamp":"2023-11-21T14:41:28.52Z","sequence":472,"loggerClassName":"org.jboss.logging.Logger","loggerName":"com.knime.enterprise.cloud.services.searchsync.impl.FullSyncService","level":"INFO","message":"Finished bulk request 7: OK","threadName":"I/O dispatcher 1","threadId":38,"mdc":{},"ndc":"","hostName":"search-sync-service-67d9ffbff9-96j49","processName":"quarkus-run.jar","processId":1}
{"timestamp":"2023-11-21T14:41:28.523Z","sequence":473,"loggerClassName":"org.jboss.logging.Logger","loggerName":"com.knime.enterprise.cloud.services.searchsync.impl.FullSyncService","level":"INFO","message":"Starting bulk request 9.","threadName":"executor-thread-3","threadId":41,"mdc":{},"ndc":"","hostName":"search-sync-service-67d9ffbff9-96j49","processName":"quarkus-run.jar","processId":1}
{"timestamp":"2023-11-21T14:41:28.558Z","sequence":474,"loggerClassName":"org.jboss.logging.Logger","loggerName":"com.knime.enterprise.cloud.services.searchsync.impl.FullSyncService","level":"INFO","message":"Finished bulk request 8: OK","threadName":"I/O dispatcher 1","threadId":38,"mdc":{},"ndc":"","hostName":"search-sync-service-67d9ffbff9-96j49","processName":"quarkus-run.jar","processId":1}
{"timestamp":"2023-11-21T14:41:28.561Z","sequence":475,"loggerClassName":"org.jboss.logging.Logger","loggerName":"com.knime.enterprise.cloud.services.searchsync.impl.FullSyncService","level":"INFO","message":"Starting bulk request 10.","threadName":"executor-thread-3","threadId":41,"mdc":{},"ndc":"","hostName":"search-sync-service-67d9ffbff9-96j49","processName":"quarkus-run.jar","processId":1}
{"timestamp":"2023-11-21T14:41:28.577Z","sequence":476,"loggerClassName":"org.jboss.logging.Logger","loggerName":"com.knime.enterprise.cloud.services.searchsync.impl.FullSyncService","level":"INFO","message":"Finished bulk request 9: OK","threadName":"I/O dispatcher 1","threadId":38,"mdc":{},"ndc":"","hostName":"search-sync-service-67d9ffbff9-96j49","processName":"quarkus-run.jar","processId":1}
{"timestamp":"2023-11-21T14:41:28.595Z","sequence":477,"loggerClassName":"org.jboss.logging.Logger","loggerName":"com.knime.enterprise.cloud.services.searchsync.impl.FullSyncService","level":"INFO","message":"Finished bulk request 10: OK","threadName":"I/O dispatcher 1","threadId":38,"mdc":{},"ndc":"","hostName":"search-sync-service-67d9ffbff9-96j49","processName":"quarkus-run.jar","processId":1}
{"timestamp":"2023-11-21T14:41:28.674Z","sequence":478,"loggerClassName":"org.jboss.logging.Logger","loggerName":"com.knime.enterprise.cloud.services.searchsync.impl.FullSyncService","level":"INFO","message":"Requesting to add alias for new index with name 'tags1700577687073'.","threadName":"executor-thread-3","threadId":41,"mdc":{},"ndc":"","hostName":"search-sync-service-67d9ffbff9-96j49","processName":"quarkus-run.jar","processId":1}
{"timestamp":"2023-11-21T14:41:28.714Z","sequence":479,"loggerClassName":"org.jboss.logging.Logger","loggerName":"com.knime.enterprise.cloud.services.searchsync.impl.FullSyncService","level":"INFO","message":"Index with name 'tags1700577687073' successfully created and aliased.","threadName":"executor-thread-3","threadId":41,"mdc":{},"ndc":"","hostName":"search-sync-service-67d9ffbff9-96j49","processName":"quarkus-run.jar","processId":1}
{"timestamp":"2023-11-21T14:41:28.715Z","sequence":480,"loggerClassName":"org.jboss.logging.Logger","loggerName":"com.knime.enterprise.cloud.services.searchsync.impl.FullSyncService","level":"INFO","message":"Attempting to clean indices of type 'TAG'.","threadName":"executor-thread-3","threadId":41,"mdc":{},"ndc":"","hostName":"search-sync-service-67d9ffbff9-96j49","processName":"quarkus-run.jar","processId":1}
{"timestamp":"2023-11-21T14:41:28.717Z","sequence":481,"loggerClassName":"org.jboss.logging.Logger","loggerName":"com.knime.enterprise.cloud.services.searchsync.impl.FullSyncService","level":"INFO","message":"Nothing to clean.","threadName":"executor-thread-3","threadId":41,"mdc":{},"ndc":"","hostName":"search-sync-service-67d9ffbff9-96j49","processName":"quarkus-run.jar","processId":1}
{"timestamp":"2023-11-21T14:51:27Z","sequence":482,"loggerClassName":"org.jboss.logging.Logger","loggerName":"com.knime.enterprise.cloud.services.searchsync.impl.FullSyncService","level":"INFO","message":"Start creation of new index for type: EXTERNAL_GROUP","threadName":"executor-thread-3","threadId":41,"mdc":{},"ndc":"","hostName":"search-sync-service-67d9ffbff9-96j49","processName":"quarkus-run.jar","processId":1}
{"timestamp":"2023-11-21T14:51:27Z","sequence":483,"loggerClassName":"org.jboss.logging.Logger","loggerName":"com.knime.enterprise.cloud.services.searchsync.impl.FullSyncService","level":"INFO","message":"Start creation of new index for type: TAG","threadName":"executor-thread-4","threadId":43,"mdc":{},"ndc":"","hostName":"search-sync-service-67d9ffbff9-96j49","processName":"quarkus-run.jar","processId":1}
{"timestamp":"2023-11-21T14:51:27Z","sequence":484,"loggerClassName":"org.jboss.logging.Logger","loggerName":"com.knime.enterprise.cloud.services.searchsync.impl.FullSyncService","level":"INFO","message":"Attempting to clean indices of type 'EXTERNAL_GROUP'.","threadName":"executor-thread-3","threadId":41,"mdc":{},"ndc":"","hostName":"search-sync-service-67d9ffbff9-96j49","processName":"quarkus-run.jar","processId":1}
{"timestamp":"2023-11-21T14:51:27.001Z","sequence":485,"loggerClassName":"org.jboss.logging.Logger","loggerName":"com.knime.enterprise.cloud.services.searchsync.impl.FullSyncService","level":"INFO","message":"Attempting to clean indices of type 'TAG'.","threadName":"executor-thread-4","threadId":43,"mdc":{},"ndc":"","hostName":"search-sync-service-67d9ffbff9-96j49","processName":"quarkus-run.jar","processId":1}
{"timestamp":"2023-11-21T14:51:27.004Z","sequence":486,"loggerClassName":"org.jboss.logging.Logger","loggerName":"com.knime.enterprise.cloud.services.searchsync.impl.FullSyncService","level":"INFO","message":"Nothing to clean.","threadName":"executor-thread-4","threadId":43,"mdc":{},"ndc":"","hostName":"search-sync-service-67d9ffbff9-96j49","processName":"quarkus-run.jar","processId":1}
{"timestamp":"2023-11-21T14:51:27.005Z","sequence":487,"loggerClassName":"org.jboss.logging.Logger","loggerName":"com.knime.enterprise.cloud.services.searchsync.impl.FullSyncService","level":"INFO","message":"Nothing to clean.","threadName":"executor-thread-3","threadId":41,"mdc":{},"ndc":"","hostName":"search-sync-service-67d9ffbff9-96j49","processName":"quarkus-run.jar","processId":1}
{"timestamp":"2023-11-21T14:51:27.005Z","sequence":488,"loggerClassName":"org.jboss.logging.Logger","loggerName":"com.knime.enterprise.cloud.services.searchsync.impl.FullSyncService","level":"INFO","message":"Requesting creation of index of type 'TAG'.","threadName":"executor-thread-4","threadId":43,"mdc":{},"ndc":"","hostName":"search-sync-service-67d9ffbff9-96j49","processName":"quarkus-run.jar","processId":1}
{"timestamp":"2023-11-21T14:51:27.005Z","sequence":489,"loggerClassName":"org.jboss.logging.Logger","loggerName":"com.knime.enterprise.cloud.services.searchsync.impl.FullSyncService","level":"INFO","message":"Requesting creation of index of type 'EXTERNAL_GROUP'.","threadName":"executor-thread-3","threadId":41,"mdc":{},"ndc":"","hostName":"search-sync-service-67d9ffbff9-96j49","processName":"quarkus-run.jar","processId":1}
{"timestamp":"2023-11-21T14:51:27.123Z","sequence":490,"loggerClassName":"org.jboss.logging.Logger","loggerName":"com.knime.enterprise.cloud.services.searchsync.impl.FullSyncService","level":"INFO","message":"Index of type 'TAG' successfully created: 'tags1700578287000'.","threadName":"executor-thread-4","threadId":43,"mdc":{},"ndc":"","hostName":"search-sync-service-67d9ffbff9-96j49","processName":"quarkus-run.jar","processId":1}
{"timestamp":"2023-11-21T14:51:27.153Z","sequence":491,"loggerClassName":"org.jboss.logging.Logger","loggerName":"com.knime.enterprise.cloud.services.searchsync.impl.FullSyncService","level":"INFO","message":"Index of type 'EXTERNAL_GROUP' successfully created: 'external_groups1700578287000'.","threadName":"executor-thread-3","threadId":41,"mdc":{},"ndc":"","hostName":"search-sync-service-67d9ffbff9-96j49","processName":"quarkus-run.jar","processId":1}
{"timestamp":"2023-11-21T14:51:27.156Z","sequence":492,"loggerClassName":"org.jboss.logging.Logger","loggerName":"com.knime.enterprise.cloud.services.searchsync.impl.FullSyncService","level":"INFO","message":"Starting bulk request 1.","threadName":"executor-thread-4","threadId":43,"mdc":{},"ndc":"","hostName":"search-sync-service-67d9ffbff9-96j49","processName":"quarkus-run.jar","processId":1}
{"timestamp":"2023-11-21T14:51:27.159Z","sequence":493,"loggerClassName":"org.jboss.logging.Logger","loggerName":"com.knime.enterprise.cloud.services.searchsync.impl.FullSyncService","level":"INFO","message":"Starting bulk request 2.","threadName":"executor-thread-4","threadId":43,"mdc":{},"ndc":"","hostName":"search-sync-service-67d9ffbff9-96j49","processName":"quarkus-run.jar","processId":1}
{"timestamp":"2023-11-21T14:51:27.178Z","sequence":494,"loggerClassName":"org.jboss.logging.Logger","loggerName":"com.knime.enterprise.cloud.services.searchsync.impl.FullSyncService","level":"INFO","message":"Finished bulk request 1: OK","threadName":"I/O dispatcher 1","threadId":38,"mdc":{},"ndc":"","hostName":"search-sync-service-67d9ffbff9-96j49","processName":"quarkus-run.jar","processId":1}
{"timestamp":"2023-11-21T14:51:27.181Z","sequence":495,"loggerClassName":"org.jboss.logging.Logger","loggerName":"com.knime.enterprise.cloud.services.searchsync.impl.FullSyncService","level":"INFO","message":"Starting bulk request 3.","threadName":"executor-thread-4","threadId":43,"mdc":{},"ndc":"","hostName":"search-sync-service-67d9ffbff9-96j49","processName":"quarkus-run.jar","processId":1}
{"timestamp":"2023-11-21T14:51:27.202Z","sequence":496,"loggerClassName":"org.jboss.logging.Logger","loggerName":"com.knime.enterprise.cloud.services.searchsync.impl.FullSyncService","level":"INFO","message":"Finished bulk request 2: OK","threadName":"I/O dispatcher 1","threadId":38,"mdc":{},"ndc":"","hostName":"search-sync-service-67d9ffbff9-96j49","processName":"quarkus-run.jar","processId":1}
{"timestamp":"2023-11-21T14:51:27.205Z","sequence":497,"loggerClassName":"org.jboss.logging.Logger","loggerName":"com.knime.enterprise.cloud.services.searchsync.impl.FullSyncService","level":"INFO","message":"Starting bulk request 4.","threadName":"executor-thread-4","threadId":43,"mdc":{},"ndc":"","hostName":"search-sync-service-67d9ffbff9-96j49","processName":"quarkus-run.jar","processId":1}
{"timestamp":"2023-11-21T14:51:27.212Z","sequence":498,"loggerClassName":"org.jboss.logging.Logger","loggerName":"com.knime.enterprise.cloud.services.searchsync.impl.FullSyncService","level":"INFO","message":"Accounts service retrieved the hub global account.","threadName":"executor-thread-3","threadId":41,"mdc":{},"ndc":"","hostName":"search-sync-service-67d9ffbff9-96j49","processName":"quarkus-run.jar","processId":1}
{"timestamp":"2023-11-21T14:51:27.212Z","sequence":499,"loggerClassName":"org.jboss.logging.Logger","loggerName":"com.knime.enterprise.cloud.services.searchsync.impl.FullSyncService","level":"INFO","message":"Accounts service returned 0 external groups.","threadName":"executor-thread-3","threadId":41,"mdc":{},"ndc":"","hostName":"search-sync-service-67d9ffbff9-96j49","processName":"quarkus-run.jar","processId":1}
{"timestamp":"2023-11-21T14:51:27.213Z","sequence":500,"loggerClassName":"org.jboss.logging.Logger","loggerName":"com.knime.enterprise.cloud.services.searchsync.impl.FullSyncService","level":"INFO","message":"Start bulk index of :'external_groups1700578287000'","threadName":"executor-thread-3","threadId":41,"mdc":{},"ndc":"","hostName":"search-sync-service-67d9ffbff9-96j49","processName":"quarkus-run.jar","processId":1}
{"timestamp":"2023-11-21T14:51:27.213Z","sequence":501,"loggerClassName":"org.jboss.logging.Logger","loggerName":"com.knime.enterprise.cloud.services.searchsync.impl.FullSyncService","level":"INFO","message":"0 items has been added to 'external_groups' index (out of 0 items retrieved).","threadName":"executor-thread-3","threadId":41,"mdc":{},"ndc":"","hostName":"search-sync-service-67d9ffbff9-96j49","processName":"quarkus-run.jar","processId":1}
{"timestamp":"2023-11-21T14:51:27.234Z","sequence":502,"loggerClassName":"org.jboss.logging.Logger","loggerName":"com.knime.enterprise.cloud.services.searchsync.impl.FullSyncService","level":"INFO","message":"Requesting to add alias for new index with name 'external_groups1700578287000'.","threadName":"executor-thread-3","threadId":41,"mdc":{},"ndc":"","hostName":"search-sync-service-67d9ffbff9-96j49","processName":"quarkus-run.jar","processId":1}
{"timestamp":"2023-11-21T14:51:27.259Z","sequence":503,"loggerClassName":"org.jboss.logging.Logger","loggerName":"com.knime.enterprise.cloud.services.searchsync.impl.FullSyncService","level":"INFO","message":"Finished bulk request 3: OK","threadName":"I/O dispatcher 1","threadId":38,"mdc":{},"ndc":"","hostName":"search-sync-service-67d9ffbff9-96j49","processName":"quarkus-run.jar","processId":1}
{"timestamp":"2023-11-21T14:51:27.261Z","sequence":504,"loggerClassName":"org.jboss.logging.Logger","loggerName":"com.knime.enterprise.cloud.services.searchsync.impl.FullSyncService","level":"INFO","message":"Starting bulk request 5.","threadName":"executor-thread-4","threadId":43,"mdc":{},"ndc":"","hostName":"search-sync-service-67d9ffbff9-96j49","processName":"quarkus-run.jar","processId":1}
{"timestamp":"2023-11-21T14:51:27.283Z","sequence":505,"loggerClassName":"org.jboss.logging.Logger","loggerName":"com.knime.enterprise.cloud.services.searchsync.impl.FullSyncService","level":"INFO","message":"Finished bulk request 4: OK","threadName":"I/O dispatcher 1","threadId":38,"mdc":{},"ndc":"","hostName":"search-sync-service-67d9ffbff9-96j49","processName":"quarkus-run.jar","processId":1}
{"timestamp":"2023-11-21T14:51:27.285Z","sequence":506,"loggerClassName":"org.jboss.logging.Logger","loggerName":"com.knime.enterprise.cloud.services.searchsync.impl.FullSyncService","level":"INFO","message":"Starting bulk request 6.","threadName":"executor-thread-4","threadId":43,"mdc":{},"ndc":"","hostName":"search-sync-service-67d9ffbff9-96j49","processName":"quarkus-run.jar","processId":1}
{"timestamp":"2023-11-21T14:51:27.29Z","sequence":507,"loggerClassName":"org.jboss.logging.Logger","loggerName":"com.knime.enterprise.cloud.services.searchsync.impl.FullSyncService","level":"INFO","message":"Index with name 'external_groups1700578287000' successfully created and aliased.","threadName":"executor-thread-3","threadId":41,"mdc":{},"ndc":"","hostName":"search-sync-service-67d9ffbff9-96j49","processName":"quarkus-run.jar","processId":1}
{"timestamp":"2023-11-21T14:51:27.29Z","sequence":508,"loggerClassName":"org.jboss.logging.Logger","loggerName":"com.knime.enterprise.cloud.services.searchsync.impl.FullSyncService","level":"INFO","message":"Attempting to clean indices of type 'EXTERNAL_GROUP'.","threadName":"executor-thread-3","threadId":41,"mdc":{},"ndc":"","hostName":"search-sync-service-67d9ffbff9-96j49","processName":"quarkus-run.jar","processId":1}
{"timestamp":"2023-11-21T14:51:27.292Z","sequence":509,"loggerClassName":"org.jboss.logging.Logger","loggerName":"com.knime.enterprise.cloud.services.searchsync.impl.FullSyncService","level":"INFO","message":"Nothing to clean.","threadName":"executor-thread-3","threadId":41,"mdc":{},"ndc":"","hostName":"search-sync-service-67d9ffbff9-96j49","processName":"quarkus-run.jar","processId":1}
{"timestamp":"2023-11-21T14:51:27.3Z","sequence":510,"loggerClassName":"org.jboss.logging.Logger","loggerName":"com.knime.enterprise.cloud.services.searchsync.impl.FullSyncService","level":"INFO","message":"Finished bulk request 5: OK","threadName":"I/O dispatcher 1","threadId":38,"mdc":{},"ndc":"","hostName":"search-sync-service-67d9ffbff9-96j49","processName":"quarkus-run.jar","processId":1}
{"timestamp":"2023-11-21T14:51:27.302Z","sequence":511,"loggerClassName":"org.jboss.logging.Logger","loggerName":"com.knime.enterprise.cloud.services.searchsync.impl.FullSyncService","level":"INFO","message":"Starting bulk request 7.","threadName":"executor-thread-4","threadId":43,"mdc":{},"ndc":"","hostName":"search-sync-service-67d9ffbff9-96j49","processName":"quarkus-run.jar","processId":1}
{"timestamp":"2023-11-21T14:51:27.316Z","sequence":512,"loggerClassName":"org.jboss.logging.Logger","loggerName":"com.knime.enterprise.cloud.services.searchsync.impl.FullSyncService","level":"INFO","message":"Finished bulk request 6: OK","threadName":"I/O dispatcher 1","threadId":38,"mdc":{},"ndc":"","hostName":"search-sync-service-67d9ffbff9-96j49","processName":"quarkus-run.jar","processId":1}
{"timestamp":"2023-11-21T14:51:27.318Z","sequence":513,"loggerClassName":"org.jboss.logging.Logger","loggerName":"com.knime.enterprise.cloud.services.searchsync.impl.FullSyncService","level":"INFO","message":"Starting bulk request 8.","threadName":"executor-thread-4","threadId":43,"mdc":{},"ndc":"","hostName":"search-sync-service-67d9ffbff9-96j49","processName":"quarkus-run.jar","processId":1}
{"timestamp":"2023-11-21T14:51:27.331Z","sequence":514,"loggerClassName":"org.jboss.logging.Logger","loggerName":"com.knime.enterprise.cloud.services.searchsync.impl.FullSyncService","level":"INFO","message":"Finished bulk request 7: OK","threadName":"I/O dispatcher 1","threadId":38,"mdc":{},"ndc":"","hostName":"search-sync-service-67d9ffbff9-96j49","processName":"quarkus-run.jar","processId":1}
{"timestamp":"2023-11-21T14:51:27.333Z","sequence":515,"loggerClassName":"org.jboss.logging.Logger","loggerName":"com.knime.enterprise.cloud.services.searchsync.impl.FullSyncService","level":"INFO","message":"Starting bulk request 9.","threadName":"executor-thread-4","threadId":43,"mdc":{},"ndc":"","hostName":"search-sync-service-67d9ffbff9-96j49","processName":"quarkus-run.jar","processId":1}
{"timestamp":"2023-11-21T14:51:27.362Z","sequence":516,"loggerClassName":"org.jboss.logging.Logger","loggerName":"com.knime.enterprise.cloud.services.searchsync.impl.FullSyncService","level":"INFO","message":"Finished bulk request 8: OK","threadName":"I/O dispatcher 1","threadId":38,"mdc":{},"ndc":"","hostName":"search-sync-service-67d9ffbff9-96j49","processName":"quarkus-run.jar","processId":1}
{"timestamp":"2023-11-21T14:51:27.363Z","sequence":517,"loggerClassName":"org.jboss.logging.Logger","loggerName":"com.knime.enterprise.cloud.services.searchsync.impl.FullSyncService","level":"INFO","message":"Starting bulk request 10.","threadName":"executor-thread-4","threadId":43,"mdc":{},"ndc":"","hostName":"search-sync-service-67d9ffbff9-96j49","processName":"quarkus-run.jar","processId":1}
{"timestamp":"2023-11-21T14:51:27.377Z","sequence":518,"loggerClassName":"org.jboss.logging.Logger","loggerName":"com.knime.enterprise.cloud.services.searchsync.impl.FullSyncService","level":"INFO","message":"Finished bulk request 9: OK","threadName":"I/O dispatcher 1","threadId":38,"mdc":{},"ndc":"","hostName":"search-sync-service-67d9ffbff9-96j49","processName":"quarkus-run.jar","processId":1}
{"timestamp":"2023-11-21T14:51:27.39Z","sequence":519,"loggerClassName":"org.jboss.logging.Logger","loggerName":"com.knime.enterprise.cloud.services.searchsync.impl.FullSyncService","level":"INFO","message":"Finished bulk request 10: OK","threadName":"I/O dispatcher 1","threadId":38,"mdc":{},"ndc":"","hostName":"search-sync-service-67d9ffbff9-96j49","processName":"quarkus-run.jar","processId":1}
{"timestamp":"2023-11-21T14:51:27.443Z","sequence":520,"loggerClassName":"org.jboss.logging.Logger","loggerName":"com.knime.enterprise.cloud.services.searchsync.impl.FullSyncService","level":"INFO","message":"Requesting to add alias for new index with name 'tags1700578287000'.","threadName":"executor-thread-4","threadId":43,"mdc":{},"ndc":"","hostName":"search-sync-service-67d9ffbff9-96j49","processName":"quarkus-run.jar","processId":1}
{"timestamp":"2023-11-21T14:51:27.482Z","sequence":521,"loggerClassName":"org.jboss.logging.Logger","loggerName":"com.knime.enterprise.cloud.services.searchsync.impl.FullSyncService","level":"INFO","message":"Index with name 'tags1700578287000' successfully created and aliased.","threadName":"executor-thread-4","threadId":43,"mdc":{},"ndc":"","hostName":"search-sync-service-67d9ffbff9-96j49","processName":"quarkus-run.jar","processId":1}
{"timestamp":"2023-11-21T14:51:27.482Z","sequence":522,"loggerClassName":"org.jboss.logging.Logger","loggerName":"com.knime.enterprise.cloud.services.searchsync.impl.FullSyncService","level":"INFO","message":"Attempting to clean indices of type 'TAG'.","threadName":"executor-thread-4","threadId":43,"mdc":{},"ndc":"","hostName":"search-sync-service-67d9ffbff9-96j49","processName":"quarkus-run.jar","processId":1}
{"timestamp":"2023-11-21T14:51:27.485Z","sequence":523,"loggerClassName":"org.jboss.logging.Logger","loggerName":"com.knime.enterprise.cloud.services.searchsync.impl.FullSyncService","level":"INFO","message":"Nothing to clean.","threadName":"executor-thread-4","threadId":43,"mdc":{},"ndc":"","hostName":"search-sync-service-67d9ffbff9-96j49","processName":"quarkus-run.jar","processId":1}
{"timestamp":"2023-11-21T15:01:27Z","sequence":524,"loggerClassName":"org.jboss.logging.Logger","loggerName":"com.knime.enterprise.cloud.services.searchsync.impl.FullSyncService","level":"INFO","message":"Start creation of new index for type: EXTERNAL_GROUP","threadName":"executor-thread-4","threadId":43,"mdc":{},"ndc":"","hostName":"search-sync-service-67d9ffbff9-96j49","processName":"quarkus-run.jar","processId":1}
{"timestamp":"2023-11-21T15:01:27Z","sequence":525,"loggerClassName":"org.jboss.logging.Logger","loggerName":"com.knime.enterprise.cloud.services.searchsync.impl.FullSyncService","level":"INFO","message":"Start creation of new index for type: TAG","threadName":"executor-thread-5","threadId":44,"mdc":{},"ndc":"","hostName":"search-sync-service-67d9ffbff9-96j49","processName":"quarkus-run.jar","processId":1}
{"timestamp":"2023-11-21T15:01:27Z","sequence":526,"loggerClassName":"org.jboss.logging.Logger","loggerName":"com.knime.enterprise.cloud.services.searchsync.impl.FullSyncService","level":"INFO","message":"Attempting to clean indices of type 'EXTERNAL_GROUP'.","threadName":"executor-thread-4","threadId":43,"mdc":{},"ndc":"","hostName":"search-sync-service-67d9ffbff9-96j49","processName":"quarkus-run.jar","processId":1}
{"timestamp":"2023-11-21T15:01:27.001Z","sequence":527,"loggerClassName":"org.jboss.logging.Logger","loggerName":"com.knime.enterprise.cloud.services.searchsync.impl.FullSyncService","level":"INFO","message":"Attempting to clean indices of type 'TAG'.","threadName":"executor-thread-5","threadId":44,"mdc":{},"ndc":"","hostName":"search-sync-service-67d9ffbff9-96j49","processName":"quarkus-run.jar","processId":1}
{"timestamp":"2023-11-21T15:01:27.004Z","sequence":528,"loggerClassName":"org.jboss.logging.Logger","loggerName":"com.knime.enterprise.cloud.services.searchsync.impl.FullSyncService","level":"INFO","message":"Nothing to clean.","threadName":"executor-thread-5","threadId":44,"mdc":{},"ndc":"","hostName":"search-sync-service-67d9ffbff9-96j49","processName":"quarkus-run.jar","processId":1}
{"timestamp":"2023-11-21T15:01:27.004Z","sequence":529,"loggerClassName":"org.jboss.logging.Logger","loggerName":"com.knime.enterprise.cloud.services.searchsync.impl.FullSyncService","level":"INFO","message":"Nothing to clean.","threadName":"executor-thread-4","threadId":43,"mdc":{},"ndc":"","hostName":"search-sync-service-67d9ffbff9-96j49","processName":"quarkus-run.jar","processId":1}
{"timestamp":"2023-11-21T15:01:27.005Z","sequence":530,"loggerClassName":"org.jboss.logging.Logger","loggerName":"com.knime.enterprise.cloud.services.searchsync.impl.FullSyncService","level":"INFO","message":"Requesting creation of index of type 'TAG'.","threadName":"executor-thread-5","threadId":44,"mdc":{},"ndc":"","hostName":"search-sync-service-67d9ffbff9-96j49","processName":"quarkus-run.jar","processId":1}
{"timestamp":"2023-11-21T15:01:27.005Z","sequence":531,"loggerClassName":"org.jboss.logging.Logger","loggerName":"com.knime.enterprise.cloud.services.searchsync.impl.FullSyncService","level":"INFO","message":"Requesting creation of index of type 'EXTERNAL_GROUP'.","threadName":"executor-thread-4","threadId":43,"mdc":{},"ndc":"","hostName":"search-sync-service-67d9ffbff9-96j49","processName":"quarkus-run.jar","processId":1}
{"timestamp":"2023-11-21T15:01:27.114Z","sequence":532,"loggerClassName":"org.jboss.logging.Logger","loggerName":"com.knime.enterprise.cloud.services.searchsync.impl.FullSyncService","level":"INFO","message":"Index of type 'EXTERNAL_GROUP' successfully created: 'external_groups1700578887000'.","threadName":"executor-thread-4","threadId":43,"mdc":{},"ndc":"","hostName":"search-sync-service-67d9ffbff9-96j49","processName":"quarkus-run.jar","processId":1}
{"timestamp":"2023-11-21T15:01:27.147Z","sequence":533,"loggerClassName":"org.jboss.logging.Logger","loggerName":"com.knime.enterprise.cloud.services.searchsync.impl.FullSyncService","level":"INFO","message":"Index of type 'TAG' successfully created: 'tags1700578887000'.","threadName":"executor-thread-5","threadId":44,"mdc":{},"ndc":"","hostName":"search-sync-service-67d9ffbff9-96j49","processName":"quarkus-run.jar","processId":1}
{"timestamp":"2023-11-21T15:01:27.155Z","sequence":534,"loggerClassName":"org.jboss.logging.Logger","loggerName":"com.knime.enterprise.cloud.services.searchsync.impl.FullSyncService","level":"INFO","message":"Starting bulk request 1.","threadName":"executor-thread-5","threadId":44,"mdc":{},"ndc":"","hostName":"search-sync-service-67d9ffbff9-96j49","processName":"quarkus-run.jar","processId":1}
{"timestamp":"2023-11-21T15:01:27.156Z","sequence":535,"loggerClassName":"org.jboss.logging.Logger","loggerName":"com.knime.enterprise.cloud.services.searchsync.impl.FullSyncService","level":"INFO","message":"Starting bulk request 2.","threadName":"executor-thread-5","threadId":44,"mdc":{},"ndc":"","hostName":"search-sync-service-67d9ffbff9-96j49","processName":"quarkus-run.jar","processId":1}
{"timestamp":"2023-11-21T15:01:27.166Z","sequence":536,"loggerClassName":"org.jboss.logging.Logger","loggerName":"com.knime.enterprise.cloud.services.searchsync.impl.FullSyncService","level":"INFO","message":"Accounts service retrieved the hub global account.","threadName":"executor-thread-4","threadId":43,"mdc":{},"ndc":"","hostName":"search-sync-service-67d9ffbff9-96j49","processName":"quarkus-run.jar","processId":1}
{"timestamp":"2023-11-21T15:01:27.166Z","sequence":537,"loggerClassName":"org.jboss.logging.Logger","loggerName":"com.knime.enterprise.cloud.services.searchsync.impl.FullSyncService","level":"INFO","message":"Accounts service returned 0 external groups.","threadName":"executor-thread-4","threadId":43,"mdc":{},"ndc":"","hostName":"search-sync-service-67d9ffbff9-96j49","processName":"quarkus-run.jar","processId":1}
{"timestamp":"2023-11-21T15:01:27.166Z","sequence":538,"loggerClassName":"org.jboss.logging.Logger","loggerName":"com.knime.enterprise.cloud.services.searchsync.impl.FullSyncService","level":"INFO","message":"Start bulk index of :'external_groups1700578887000'","threadName":"executor-thread-4","threadId":43,"mdc":{},"ndc":"","hostName":"search-sync-service-67d9ffbff9-96j49","processName":"quarkus-run.jar","processId":1}
{"timestamp":"2023-11-21T15:01:27.166Z","sequence":539,"loggerClassName":"org.jboss.logging.Logger","loggerName":"com.knime.enterprise.cloud.services.searchsync.impl.FullSyncService","level":"INFO","message":"0 items has been added to 'external_groups' index (out of 0 items retrieved).","threadName":"executor-thread-4","threadId":43,"mdc":{},"ndc":"","hostName":"search-sync-service-67d9ffbff9-96j49","processName":"quarkus-run.jar","processId":1}
{"timestamp":"2023-11-21T15:01:27.172Z","sequence":540,"loggerClassName":"org.jboss.logging.Logger","loggerName":"com.knime.enterprise.cloud.services.searchsync.impl.FullSyncService","level":"INFO","message":"Finished bulk request 1: OK","threadName":"I/O dispatcher 1","threadId":38,"mdc":{},"ndc":"","hostName":"search-sync-service-67d9ffbff9-96j49","processName":"quarkus-run.jar","processId":1}
{"timestamp":"2023-11-21T15:01:27.173Z","sequence":541,"loggerClassName":"org.jboss.logging.Logger","loggerName":"com.knime.enterprise.cloud.services.searchsync.impl.FullSyncService","level":"INFO","message":"Requesting to add alias for new index with name 'external_groups1700578887000'.","threadName":"executor-thread-4","threadId":43,"mdc":{},"ndc":"","hostName":"search-sync-service-67d9ffbff9-96j49","processName":"quarkus-run.jar","processId":1}
{"timestamp":"2023-11-21T15:01:27.174Z","sequence":542,"loggerClassName":"org.jboss.logging.Logger","loggerName":"com.knime.enterprise.cloud.services.searchsync.impl.FullSyncService","level":"INFO","message":"Starting bulk request 3.","threadName":"executor-thread-5","threadId":44,"mdc":{},"ndc":"","hostName":"search-sync-service-67d9ffbff9-96j49","processName":"quarkus-run.jar","processId":1}
{"timestamp":"2023-11-21T15:01:27.186Z","sequence":543,"loggerClassName":"org.jboss.logging.Logger","loggerName":"com.knime.enterprise.cloud.services.searchsync.impl.FullSyncService","level":"INFO","message":"Finished bulk request 2: OK","threadName":"I/O dispatcher 1","threadId":38,"mdc":{},"ndc":"","hostName":"search-sync-service-67d9ffbff9-96j49","processName":"quarkus-run.jar","processId":1}
{"timestamp":"2023-11-21T15:01:27.188Z","sequence":544,"loggerClassName":"org.jboss.logging.Logger","loggerName":"com.knime.enterprise.cloud.services.searchsync.impl.FullSyncService","level":"INFO","message":"Starting bulk request 4.","threadName":"executor-thread-5","threadId":44,"mdc":{},"ndc":"","hostName":"search-sync-service-67d9ffbff9-96j49","processName":"quarkus-run.jar","processId":1}
{"timestamp":"2023-11-21T15:01:27.2Z","sequence":545,"loggerClassName":"org.jboss.logging.Logger","loggerName":"com.knime.enterprise.cloud.services.searchsync.impl.FullSyncService","level":"INFO","message":"Finished bulk request 3: OK","threadName":"I/O dispatcher 1","threadId":38,"mdc":{},"ndc":"","hostName":"search-sync-service-67d9ffbff9-96j49","processName":"quarkus-run.jar","processId":1}
{"timestamp":"2023-11-21T15:01:27.201Z","sequence":546,"loggerClassName":"org.jboss.logging.Logger","loggerName":"com.knime.enterprise.cloud.services.searchsync.impl.FullSyncService","level":"INFO","message":"Starting bulk request 5.","threadName":"executor-thread-5","threadId":44,"mdc":{},"ndc":"","hostName":"search-sync-service-67d9ffbff9-96j49","processName":"quarkus-run.jar","processId":1}
{"timestamp":"2023-11-21T15:01:27.213Z","sequence":547,"loggerClassName":"org.jboss.logging.Logger","loggerName":"com.knime.enterprise.cloud.services.searchsync.impl.FullSyncService","level":"INFO","message":"Index with name 'external_groups1700578887000' successfully created and aliased.","threadName":"executor-thread-4","threadId":43,"mdc":{},"ndc":"","hostName":"search-sync-service-67d9ffbff9-96j49","processName":"quarkus-run.jar","processId":1}
{"timestamp":"2023-11-21T15:01:27.213Z","sequence":548,"loggerClassName":"org.jboss.logging.Logger","loggerName":"com.knime.enterprise.cloud.services.searchsync.impl.FullSyncService","level":"INFO","message":"Attempting to clean indices of type 'EXTERNAL_GROUP'.","threadName":"executor-thread-4","threadId":43,"mdc":{},"ndc":"","hostName":"search-sync-service-67d9ffbff9-96j49","processName":"quarkus-run.jar","processId":1}
{"timestamp":"2023-11-21T15:01:27.216Z","sequence":549,"loggerClassName":"org.jboss.logging.Logger","loggerName":"com.knime.enterprise.cloud.services.searchsync.impl.FullSyncService","level":"INFO","message":"Nothing to clean.","threadName":"executor-thread-4","threadId":43,"mdc":{},"ndc":"","hostName":"search-sync-service-67d9ffbff9-96j49","processName":"quarkus-run.jar","processId":1}
{"timestamp":"2023-11-21T15:01:27.217Z","sequence":550,"loggerClassName":"org.jboss.logging.Logger","loggerName":"com.knime.enterprise.cloud.services.searchsync.impl.FullSyncService","level":"INFO","message":"Finished bulk request 4: OK","threadName":"I/O dispatcher 1","threadId":38,"mdc":{},"ndc":"","hostName":"search-sync-service-67d9ffbff9-96j49","processName":"quarkus-run.jar","processId":1}
{"timestamp":"2023-11-21T15:01:27.218Z","sequence":551,"loggerClassName":"org.jboss.logging.Logger","loggerName":"com.knime.enterprise.cloud.services.searchsync.impl.FullSyncService","level":"INFO","message":"Starting bulk request 6.","threadName":"executor-thread-5","threadId":44,"mdc":{},"ndc":"","hostName":"search-sync-service-67d9ffbff9-96j49","processName":"quarkus-run.jar","processId":1}
{"timestamp":"2023-11-21T15:01:27.227Z","sequence":552,"loggerClassName":"org.jboss.logging.Logger","loggerName":"com.knime.enterprise.cloud.services.searchsync.impl.FullSyncService","level":"INFO","message":"Finished bulk request 5: OK","threadName":"I/O dispatcher 1","threadId":38,"mdc":{},"ndc":"","hostName":"search-sync-service-67d9ffbff9-96j49","processName":"quarkus-run.jar","processId":1}
{"timestamp":"2023-11-21T15:01:27.229Z","sequence":553,"loggerClassName":"org.jboss.logging.Logger","loggerName":"com.knime.enterprise.cloud.services.searchsync.impl.FullSyncService","level":"INFO","message":"Starting bulk request 7.","threadName":"executor-thread-5","threadId":44,"mdc":{},"ndc":"","hostName":"search-sync-service-67d9ffbff9-96j49","processName":"quarkus-run.jar","processId":1}
{"timestamp":"2023-11-21T15:01:27.256Z","sequence":554,"loggerClassName":"org.jboss.logging.Logger","loggerName":"com.knime.enterprise.cloud.services.searchsync.impl.FullSyncService","level":"INFO","message":"Finished bulk request 6: OK","threadName":"I/O dispatcher 1","threadId":38,"mdc":{},"ndc":"","hostName":"search-sync-service-67d9ffbff9-96j49","processName":"quarkus-run.jar","processId":1}
{"timestamp":"2023-11-21T15:01:27.257Z","sequence":555,"loggerClassName":"org.jboss.logging.Logger","loggerName":"com.knime.enterprise.cloud.services.searchsync.impl.FullSyncService","level":"INFO","message":"Starting bulk request 8.","threadName":"executor-thread-5","threadId":44,"mdc":{},"ndc":"","hostName":"search-sync-service-67d9ffbff9-96j49","processName":"quarkus-run.jar","processId":1}
{"timestamp":"2023-11-21T15:01:27.267Z","sequence":556,"loggerClassName":"org.jboss.logging.Logger","loggerName":"com.knime.enterprise.cloud.services.searchsync.impl.FullSyncService","level":"INFO","message":"Finished bulk request 7: OK","threadName":"I/O dispatcher 1","threadId":38,"mdc":{},"ndc":"","hostName":"search-sync-service-67d9ffbff9-96j49","processName":"quarkus-run.jar","processId":1}
{"timestamp":"2023-11-21T15:01:27.268Z","sequence":557,"loggerClassName":"org.jboss.logging.Logger","loggerName":"com.knime.enterprise.cloud.services.searchsync.impl.FullSyncService","level":"INFO","message":"Starting bulk request 9.","threadName":"executor-thread-5","threadId":44,"mdc":{},"ndc":"","hostName":"search-sync-service-67d9ffbff9-96j49","processName":"quarkus-run.jar","processId":1}
{"timestamp":"2023-11-21T15:01:27.279Z","sequence":558,"loggerClassName":"org.jboss.logging.Logger","loggerName":"com.knime.enterprise.cloud.services.searchsync.impl.FullSyncService","level":"INFO","message":"Finished bulk request 8: OK","threadName":"I/O dispatcher 1","threadId":38,"mdc":{},"ndc":"","hostName":"search-sync-service-67d9ffbff9-96j49","processName":"quarkus-run.jar","processId":1}
{"timestamp":"2023-11-21T15:01:27.28Z","sequence":559,"loggerClassName":"org.jboss.logging.Logger","loggerName":"com.knime.enterprise.cloud.services.searchsync.impl.FullSyncService","level":"INFO","message":"Starting bulk request 10.","threadName":"executor-thread-5","threadId":44,"mdc":{},"ndc":"","hostName":"search-sync-service-67d9ffbff9-96j49","processName":"quarkus-run.jar","processId":1}
{"timestamp":"2023-11-21T15:01:27.291Z","sequence":560,"loggerClassName":"org.jboss.logging.Logger","loggerName":"com.knime.enterprise.cloud.services.searchsync.impl.FullSyncService","level":"INFO","message":"Finished bulk request 9: OK","threadName":"I/O dispatcher 1","threadId":38,"mdc":{},"ndc":"","hostName":"search-sync-service-67d9ffbff9-96j49","processName":"quarkus-run.jar","processId":1}
{"timestamp":"2023-11-21T15:01:27.299Z","sequence":561,"loggerClassName":"org.jboss.logging.Logger","loggerName":"com.knime.enterprise.cloud.services.searchsync.impl.FullSyncService","level":"INFO","message":"Finished bulk request 10: OK","threadName":"I/O dispatcher 1","threadId":38,"mdc":{},"ndc":"","hostName":"search-sync-service-67d9ffbff9-96j49","processName":"quarkus-run.jar","processId":1}
{"timestamp":"2023-11-21T15:01:27.347Z","sequence":562,"loggerClassName":"org.jboss.logging.Logger","loggerName":"com.knime.enterprise.cloud.services.searchsync.impl.FullSyncService","level":"INFO","message":"Requesting to add alias for new index with name 'tags1700578887000'.","threadName":"executor-thread-5","threadId":44,"mdc":{},"ndc":"","hostName":"search-sync-service-67d9ffbff9-96j49","processName":"quarkus-run.jar","processId":1}
{"timestamp":"2023-11-21T15:01:27.381Z","sequence":563,"loggerClassName":"org.jboss.logging.Logger","loggerName":"com.knime.enterprise.cloud.services.searchsync.impl.FullSyncService","level":"INFO","message":"Index with name 'tags1700578887000' successfully created and aliased.","threadName":"executor-thread-5","threadId":44,"mdc":{},"ndc":"","hostName":"search-sync-service-67d9ffbff9-96j49","processName":"quarkus-run.jar","processId":1}
{"timestamp":"2023-11-21T15:01:27.382Z","sequence":564,"loggerClassName":"org.jboss.logging.Logger","loggerName":"com.knime.enterprise.cloud.services.searchsync.impl.FullSyncService","level":"INFO","message":"Attempting to clean indices of type 'TAG'.","threadName":"executor-thread-5","threadId":44,"mdc":{},"ndc":"","hostName":"search-sync-service-67d9ffbff9-96j49","processName":"quarkus-run.jar","processId":1}
{"timestamp":"2023-11-21T15:01:27.384Z","sequence":565,"loggerClassName":"org.jboss.logging.Logger","loggerName":"com.knime.enterprise.cloud.services.searchsync.impl.FullSyncService","level":"INFO","message":"Nothing to clean.","threadName":"executor-thread-5","threadId":44,"mdc":{},"ndc":"","hostName":"search-sync-service-67d9ffbff9-96j49","processName":"quarkus-run.jar","processId":1}
{"timestamp":"2023-11-21T15:11:27Z","sequence":566,"loggerClassName":"org.jboss.logging.Logger","loggerName":"com.knime.enterprise.cloud.services.searchsync.impl.FullSyncService","level":"INFO","message":"Start creation of new index for type: EXTERNAL_GROUP","threadName":"executor-thread-5","threadId":44,"mdc":{},"ndc":"","hostName":"search-sync-service-67d9ffbff9-96j49","processName":"quarkus-run.jar","processId":1}
{"timestamp":"2023-11-21T15:11:27Z","sequence":567,"loggerClassName":"org.jboss.logging.Logger","loggerName":"com.knime.enterprise.cloud.services.searchsync.impl.FullSyncService","level":"INFO","message":"Attempting to clean indices of type 'EXTERNAL_GROUP'.","threadName":"executor-thread-5","threadId":44,"mdc":{},"ndc":"","hostName":"search-sync-service-67d9ffbff9-96j49","processName":"quarkus-run.jar","processId":1}
{"timestamp":"2023-11-21T15:11:27Z","sequence":568,"loggerClassName":"org.jboss.logging.Logger","loggerName":"com.knime.enterprise.cloud.services.searchsync.impl.FullSyncService","level":"INFO","message":"Start creation of new index for type: TAG","threadName":"executor-thread-6","threadId":45,"mdc":{},"ndc":"","hostName":"search-sync-service-67d9ffbff9-96j49","processName":"quarkus-run.jar","processId":1}
{"timestamp":"2023-11-21T15:11:27.001Z","sequence":569,"loggerClassName":"org.jboss.logging.Logger","loggerName":"com.knime.enterprise.cloud.services.searchsync.impl.FullSyncService","level":"INFO","message":"Attempting to clean indices of type 'TAG'.","threadName":"executor-thread-6","threadId":45,"mdc":{},"ndc":"","hostName":"search-sync-service-67d9ffbff9-96j49","processName":"quarkus-run.jar","processId":1}
{"timestamp":"2023-11-21T15:11:27.003Z","sequence":570,"loggerClassName":"org.jboss.logging.Logger","loggerName":"com.knime.enterprise.cloud.services.searchsync.impl.FullSyncService","level":"INFO","message":"Nothing to clean.","threadName":"executor-thread-5","threadId":44,"mdc":{},"ndc":"","hostName":"search-sync-service-67d9ffbff9-96j49","processName":"quarkus-run.jar","processId":1}
{"timestamp":"2023-11-21T15:11:27.004Z","sequence":571,"loggerClassName":"org.jboss.logging.Logger","loggerName":"com.knime.enterprise.cloud.services.searchsync.impl.FullSyncService","level":"INFO","message":"Nothing to clean.","threadName":"executor-thread-6","threadId":45,"mdc":{},"ndc":"","hostName":"search-sync-service-67d9ffbff9-96j49","processName":"quarkus-run.jar","processId":1}
{"timestamp":"2023-11-21T15:11:27.004Z","sequence":572,"loggerClassName":"org.jboss.logging.Logger","loggerName":"com.knime.enterprise.cloud.services.searchsync.impl.FullSyncService","level":"INFO","message":"Requesting creation of index of type 'EXTERNAL_GROUP'.","threadName":"executor-thread-5","threadId":44,"mdc":{},"ndc":"","hostName":"search-sync-service-67d9ffbff9-96j49","processName":"quarkus-run.jar","processId":1}
{"timestamp":"2023-11-21T15:11:27.004Z","sequence":573,"loggerClassName":"org.jboss.logging.Logger","loggerName":"com.knime.enterprise.cloud.services.searchsync.impl.FullSyncService","level":"INFO","message":"Requesting creation of index of type 'TAG'.","threadName":"executor-thread-6","threadId":45,"mdc":{},"ndc":"","hostName":"search-sync-service-67d9ffbff9-96j49","processName":"quarkus-run.jar","processId":1}
{"timestamp":"2023-11-21T15:11:27.121Z","sequence":574,"loggerClassName":"org.jboss.logging.Logger","loggerName":"com.knime.enterprise.cloud.services.searchsync.impl.FullSyncService","level":"INFO","message":"Index of type 'EXTERNAL_GROUP' successfully created: 'external_groups1700579487000'.","threadName":"executor-thread-5","threadId":44,"mdc":{},"ndc":"","hostName":"search-sync-service-67d9ffbff9-96j49","processName":"quarkus-run.jar","processId":1}
{"timestamp":"2023-11-21T15:11:27.15Z","sequence":575,"loggerClassName":"org.jboss.logging.Logger","loggerName":"com.knime.enterprise.cloud.services.searchsync.impl.FullSyncService","level":"INFO","message":"Index of type 'TAG' successfully created: 'tags1700579487000'.","threadName":"executor-thread-6","threadId":45,"mdc":{},"ndc":"","hostName":"search-sync-service-67d9ffbff9-96j49","processName":"quarkus-run.jar","processId":1}
{"timestamp":"2023-11-21T15:11:27.155Z","sequence":576,"loggerClassName":"org.jboss.logging.Logger","loggerName":"com.knime.enterprise.cloud.services.searchsync.impl.FullSyncService","level":"INFO","message":"Starting bulk request 1.","threadName":"executor-thread-6","threadId":45,"mdc":{},"ndc":"","hostName":"search-sync-service-67d9ffbff9-96j49","processName":"quarkus-run.jar","processId":1}
{"timestamp":"2023-11-21T15:11:27.156Z","sequence":577,"loggerClassName":"org.jboss.logging.Logger","loggerName":"com.knime.enterprise.cloud.services.searchsync.impl.FullSyncService","level":"INFO","message":"Starting bulk request 2.","threadName":"executor-thread-6","threadId":45,"mdc":{},"ndc":"","hostName":"search-sync-service-67d9ffbff9-96j49","processName":"quarkus-run.jar","processId":1}
{"timestamp":"2023-11-21T15:11:27.168Z","sequence":578,"loggerClassName":"org.jboss.logging.Logger","loggerName":"com.knime.enterprise.cloud.services.searchsync.impl.FullSyncService","level":"INFO","message":"Finished bulk request 1: OK","threadName":"I/O dispatcher 1","threadId":38,"mdc":{},"ndc":"","hostName":"search-sync-service-67d9ffbff9-96j49","processName":"quarkus-run.jar","processId":1}
{"timestamp":"2023-11-21T15:11:27.17Z","sequence":579,"loggerClassName":"org.jboss.logging.Logger","loggerName":"com.knime.enterprise.cloud.services.searchsync.impl.FullSyncService","level":"INFO","message":"Starting bulk request 3.","threadName":"executor-thread-6","threadId":45,"mdc":{},"ndc":"","hostName":"search-sync-service-67d9ffbff9-96j49","processName":"quarkus-run.jar","processId":1}
{"timestamp":"2023-11-21T15:11:27.172Z","sequence":580,"loggerClassName":"org.jboss.logging.Logger","loggerName":"com.knime.enterprise.cloud.services.searchsync.impl.FullSyncService","level":"INFO","message":"Accounts service retrieved the hub global account.","threadName":"executor-thread-5","threadId":44,"mdc":{},"ndc":"","hostName":"search-sync-service-67d9ffbff9-96j49","processName":"quarkus-run.jar","processId":1}
{"timestamp":"2023-11-21T15:11:27.173Z","sequence":581,"loggerClassName":"org.jboss.logging.Logger","loggerName":"com.knime.enterprise.cloud.services.searchsync.impl.FullSyncService","level":"INFO","message":"Accounts service returned 0 external groups.","threadName":"executor-thread-5","threadId":44,"mdc":{},"ndc":"","hostName":"search-sync-service-67d9ffbff9-96j49","processName":"quarkus-run.jar","processId":1}
{"timestamp":"2023-11-21T15:11:27.173Z","sequence":582,"loggerClassName":"org.jboss.logging.Logger","loggerName":"com.knime.enterprise.cloud.services.searchsync.impl.FullSyncService","level":"INFO","message":"Start bulk index of :'external_groups1700579487000'","threadName":"executor-thread-5","threadId":44,"mdc":{},"ndc":"","hostName":"search-sync-service-67d9ffbff9-96j49","processName":"quarkus-run.jar","processId":1}
{"timestamp":"2023-11-21T15:11:27.173Z","sequence":583,"loggerClassName":"org.jboss.logging.Logger","loggerName":"com.knime.enterprise.cloud.services.searchsync.impl.FullSyncService","level":"INFO","message":"0 items has been added to 'external_groups' index (out of 0 items retrieved).","threadName":"executor-thread-5","threadId":44,"mdc":{},"ndc":"","hostName":"search-sync-service-67d9ffbff9-96j49","processName":"quarkus-run.jar","processId":1}
{"timestamp":"2023-11-21T15:11:27.176Z","sequence":584,"loggerClassName":"org.jboss.logging.Logger","loggerName":"com.knime.enterprise.cloud.services.searchsync.impl.FullSyncService","level":"INFO","message":"Requesting to add alias for new index with name 'external_groups1700579487000'.","threadName":"executor-thread-5","threadId":44,"mdc":{},"ndc":"","hostName":"search-sync-service-67d9ffbff9-96j49","processName":"quarkus-run.jar","processId":1}
{"timestamp":"2023-11-21T15:11:27.179Z","sequence":585,"loggerClassName":"org.jboss.logging.Logger","loggerName":"com.knime.enterprise.cloud.services.searchsync.impl.FullSyncService","level":"INFO","message":"Finished bulk request 2: OK","threadName":"I/O dispatcher 1","threadId":38,"mdc":{},"ndc":"","hostName":"search-sync-service-67d9ffbff9-96j49","processName":"quarkus-run.jar","processId":1}
{"timestamp":"2023-11-21T15:11:27.18Z","sequence":586,"loggerClassName":"org.jboss.logging.Logger","loggerName":"com.knime.enterprise.cloud.services.searchsync.impl.FullSyncService","level":"INFO","message":"Starting bulk request 4.","threadName":"executor-thread-6","threadId":45,"mdc":{},"ndc":"","hostName":"search-sync-service-67d9ffbff9-96j49","processName":"quarkus-run.jar","processId":1}
{"timestamp":"2023-11-21T15:11:27.19Z","sequence":587,"loggerClassName":"org.jboss.logging.Logger","loggerName":"com.knime.enterprise.cloud.services.searchsync.impl.FullSyncService","level":"INFO","message":"Finished bulk request 3: OK","threadName":"I/O dispatcher 1","threadId":38,"mdc":{},"ndc":"","hostName":"search-sync-service-67d9ffbff9-96j49","processName":"quarkus-run.jar","processId":1}
{"timestamp":"2023-11-21T15:11:27.191Z","sequence":588,"loggerClassName":"org.jboss.logging.Logger","loggerName":"com.knime.enterprise.cloud.services.searchsync.impl.FullSyncService","level":"INFO","message":"Starting bulk request 5.","threadName":"executor-thread-6","threadId":45,"mdc":{},"ndc":"","hostName":"search-sync-service-67d9ffbff9-96j49","processName":"quarkus-run.jar","processId":1}
{"timestamp":"2023-11-21T15:11:27.2Z","sequence":589,"loggerClassName":"org.jboss.logging.Logger","loggerName":"com.knime.enterprise.cloud.services.searchsync.impl.FullSyncService","level":"INFO","message":"Finished bulk request 4: OK","threadName":"I/O dispatcher 1","threadId":38,"mdc":{},"ndc":"","hostName":"search-sync-service-67d9ffbff9-96j49","processName":"quarkus-run.jar","processId":1}
{"timestamp":"2023-11-21T15:11:27.201Z","sequence":590,"loggerClassName":"org.jboss.logging.Logger","loggerName":"com.knime.enterprise.cloud.services.searchsync.impl.FullSyncService","level":"INFO","message":"Starting bulk request 6.","threadName":"executor-thread-6","threadId":45,"mdc":{},"ndc":"","hostName":"search-sync-service-67d9ffbff9-96j49","processName":"quarkus-run.jar","processId":1}
{"timestamp":"2023-11-21T15:11:27.212Z","sequence":591,"loggerClassName":"org.jboss.logging.Logger","loggerName":"com.knime.enterprise.cloud.services.searchsync.impl.FullSyncService","level":"INFO","message":"Index with name 'external_groups1700579487000' successfully created and aliased.","threadName":"executor-thread-5","threadId":44,"mdc":{},"ndc":"","hostName":"search-sync-service-67d9ffbff9-96j49","processName":"quarkus-run.jar","processId":1}
{"timestamp":"2023-11-21T15:11:27.212Z","sequence":592,"loggerClassName":"org.jboss.logging.Logger","loggerName":"com.knime.enterprise.cloud.services.searchsync.impl.FullSyncService","level":"INFO","message":"Attempting to clean indices of type 'EXTERNAL_GROUP'.","threadName":"executor-thread-5","threadId":44,"mdc":{},"ndc":"","hostName":"search-sync-service-67d9ffbff9-96j49","processName":"quarkus-run.jar","processId":1}
{"timestamp":"2023-11-21T15:11:27.213Z","sequence":593,"loggerClassName":"org.jboss.logging.Logger","loggerName":"com.knime.enterprise.cloud.services.searchsync.impl.FullSyncService","level":"INFO","message":"Finished bulk request 5: OK","threadName":"I/O dispatcher 1","threadId":38,"mdc":{},"ndc":"","hostName":"search-sync-service-67d9ffbff9-96j49","processName":"quarkus-run.jar","processId":1}
{"timestamp":"2023-11-21T15:11:27.214Z","sequence":594,"loggerClassName":"org.jboss.logging.Logger","loggerName":"com.knime.enterprise.cloud.services.searchsync.impl.FullSyncService","level":"INFO","message":"Starting bulk request 7.","threadName":"executor-thread-6","threadId":45,"mdc":{},"ndc":"","hostName":"search-sync-service-67d9ffbff9-96j49","processName":"quarkus-run.jar","processId":1}
{"timestamp":"2023-11-21T15:11:27.215Z","sequence":595,"loggerClassName":"org.jboss.logging.Logger","loggerName":"com.knime.enterprise.cloud.services.searchsync.impl.FullSyncService","level":"INFO","message":"Nothing to clean.","threadName":"executor-thread-5","threadId":44,"mdc":{},"ndc":"","hostName":"search-sync-service-67d9ffbff9-96j49","processName":"quarkus-run.jar","processId":1}
{"timestamp":"2023-11-21T15:11:27.224Z","sequence":596,"loggerClassName":"org.jboss.logging.Logger","loggerName":"com.knime.enterprise.cloud.services.searchsync.impl.FullSyncService","level":"INFO","message":"Finished bulk request 6: OK","threadName":"I/O dispatcher 1","threadId":38,"mdc":{},"ndc":"","hostName":"search-sync-service-67d9ffbff9-96j49","processName":"quarkus-run.jar","processId":1}
{"timestamp":"2023-11-21T15:11:27.225Z","sequence":597,"loggerClassName":"org.jboss.logging.Logger","loggerName":"com.knime.enterprise.cloud.services.searchsync.impl.FullSyncService","level":"INFO","message":"Starting bulk request 8.","threadName":"executor-thread-6","threadId":45,"mdc":{},"ndc":"","hostName":"search-sync-service-67d9ffbff9-96j49","processName":"quarkus-run.jar","processId":1}
{"timestamp":"2023-11-21T15:11:27.237Z","sequence":598,"loggerClassName":"org.jboss.logging.Logger","loggerName":"com.knime.enterprise.cloud.services.searchsync.impl.FullSyncService","level":"INFO","message":"Finished bulk request 7: OK","threadName":"I/O dispatcher 1","threadId":38,"mdc":{},"ndc":"","hostName":"search-sync-service-67d9ffbff9-96j49","processName":"quarkus-run.jar","processId":1}
{"timestamp":"2023-11-21T15:11:27.238Z","sequence":599,"loggerClassName":"org.jboss.logging.Logger","loggerName":"com.knime.enterprise.cloud.services.searchsync.impl.FullSyncService","level":"INFO","message":"Starting bulk request 9.","threadName":"executor-thread-6","threadId":45,"mdc":{},"ndc":"","hostName":"search-sync-service-67d9ffbff9-96j49","processName":"quarkus-run.jar","processId":1}
{"timestamp":"2023-11-21T15:11:27.247Z","sequence":600,"loggerClassName":"org.jboss.logging.Logger","loggerName":"com.knime.enterprise.cloud.services.searchsync.impl.FullSyncService","level":"INFO","message":"Finished bulk request 8: OK","threadName":"I/O dispatcher 1","threadId":38,"mdc":{},"ndc":"","hostName":"search-sync-service-67d9ffbff9-96j49","processName":"quarkus-run.jar","processId":1}
{"timestamp":"2023-11-21T15:11:27.248Z","sequence":601,"loggerClassName":"org.jboss.logging.Logger","loggerName":"com.knime.enterprise.cloud.services.searchsync.impl.FullSyncService","level":"INFO","message":"Starting bulk request 10.","threadName":"executor-thread-6","threadId":45,"mdc":{},"ndc":"","hostName":"search-sync-service-67d9ffbff9-96j49","processName":"quarkus-run.jar","processId":1}
{"timestamp":"2023-11-21T15:11:27.26Z","sequence":602,"loggerClassName":"org.jboss.logging.Logger","loggerName":"com.knime.enterprise.cloud.services.searchsync.impl.FullSyncService","level":"INFO","message":"Finished bulk request 9: OK","threadName":"I/O dispatcher 1","threadId":38,"mdc":{},"ndc":"","hostName":"search-sync-service-67d9ffbff9-96j49","processName":"quarkus-run.jar","processId":1}
{"timestamp":"2023-11-21T15:11:27.269Z","sequence":603,"loggerClassName":"org.jboss.logging.Logger","loggerName":"com.knime.enterprise.cloud.services.searchsync.impl.FullSyncService","level":"INFO","message":"Finished bulk request 10: OK","threadName":"I/O dispatcher 1","threadId":38,"mdc":{},"ndc":"","hostName":"search-sync-service-67d9ffbff9-96j49","processName":"quarkus-run.jar","processId":1}
{"timestamp":"2023-11-21T15:11:27.318Z","sequence":604,"loggerClassName":"org.jboss.logging.Logger","loggerName":"com.knime.enterprise.cloud.services.searchsync.impl.FullSyncService","level":"INFO","message":"Requesting to add alias for new index with name 'tags1700579487000'.","threadName":"executor-thread-6","threadId":45,"mdc":{},"ndc":"","hostName":"search-sync-service-67d9ffbff9-96j49","processName":"quarkus-run.jar","processId":1}
{"timestamp":"2023-11-21T15:11:27.353Z","sequence":605,"loggerClassName":"org.jboss.logging.Logger","loggerName":"com.knime.enterprise.cloud.services.searchsync.impl.FullSyncService","level":"INFO","message":"Index with name 'tags1700579487000' successfully created and aliased.","threadName":"executor-thread-6","threadId":45,"mdc":{},"ndc":"","hostName":"search-sync-service-67d9ffbff9-96j49","processName":"quarkus-run.jar","processId":1}
{"timestamp":"2023-11-21T15:11:27.353Z","sequence":606,"loggerClassName":"org.jboss.logging.Logger","loggerName":"com.knime.enterprise.cloud.services.searchsync.impl.FullSyncService","level":"INFO","message":"Attempting to clean indices of type 'TAG'.","threadName":"executor-thread-6","threadId":45,"mdc":{},"ndc":"","hostName":"search-sync-service-67d9ffbff9-96j49","processName":"quarkus-run.jar","processId":1}
{"timestamp":"2023-11-21T15:11:27.355Z","sequence":607,"loggerClassName":"org.jboss.logging.Logger","loggerName":"com.knime.enterprise.cloud.services.searchsync.impl.FullSyncService","level":"INFO","message":"Nothing to clean.","threadName":"executor-thread-6","threadId":45,"mdc":{},"ndc":"","hostName":"search-sync-service-67d9ffbff9-96j49","processName":"quarkus-run.jar","processId":1}
{"timestamp":"2023-11-21T15:21:27Z","sequence":608,"loggerClassName":"org.jboss.logging.Logger","loggerName":"com.knime.enterprise.cloud.services.searchsync.impl.FullSyncService","level":"INFO","message":"Start creation of new index for type: EXTERNAL_GROUP","threadName":"executor-thread-6","threadId":45,"mdc":{},"ndc":"","hostName":"search-sync-service-67d9ffbff9-96j49","processName":"quarkus-run.jar","processId":1}
{"timestamp":"2023-11-21T15:21:27Z","sequence":609,"loggerClassName":"org.jboss.logging.Logger","loggerName":"com.knime.enterprise.cloud.services.searchsync.impl.FullSyncService","level":"INFO","message":"Attempting to clean indices of type 'EXTERNAL_GROUP'.","threadName":"executor-thread-6","threadId":45,"mdc":{},"ndc":"","hostName":"search-sync-service-67d9ffbff9-96j49","processName":"quarkus-run.jar","processId":1}
{"timestamp":"2023-11-21T15:21:27Z","sequence":610,"loggerClassName":"org.jboss.logging.Logger","loggerName":"com.knime.enterprise.cloud.services.searchsync.impl.FullSyncService","level":"INFO","message":"Start creation of new index for type: TAG","threadName":"executor-thread-7","threadId":46,"mdc":{},"ndc":"","hostName":"search-sync-service-67d9ffbff9-96j49","processName":"quarkus-run.jar","processId":1}
{"timestamp":"2023-11-21T15:21:27.001Z","sequence":611,"loggerClassName":"org.jboss.logging.Logger","loggerName":"com.knime.enterprise.cloud.services.searchsync.impl.FullSyncService","level":"INFO","message":"Attempting to clean indices of type 'TAG'.","threadName":"executor-thread-7","threadId":46,"mdc":{},"ndc":"","hostName":"search-sync-service-67d9ffbff9-96j49","processName":"quarkus-run.jar","processId":1}
{"timestamp":"2023-11-21T15:21:27.003Z","sequence":612,"loggerClassName":"org.jboss.logging.Logger","loggerName":"com.knime.enterprise.cloud.services.searchsync.impl.FullSyncService","level":"INFO","message":"Nothing to clean.","threadName":"executor-thread-6","threadId":45,"mdc":{},"ndc":"","hostName":"search-sync-service-67d9ffbff9-96j49","processName":"quarkus-run.jar","processId":1}
{"timestamp":"2023-11-21T15:21:27.004Z","sequence":613,"loggerClassName":"org.jboss.logging.Logger","loggerName":"com.knime.enterprise.cloud.services.searchsync.impl.FullSyncService","level":"INFO","message":"Requesting creation of index of type 'EXTERNAL_GROUP'.","threadName":"executor-thread-6","threadId":45,"mdc":{},"ndc":"","hostName":"search-sync-service-67d9ffbff9-96j49","processName":"quarkus-run.jar","processId":1}
{"timestamp":"2023-11-21T15:21:27.004Z","sequence":614,"loggerClassName":"org.jboss.logging.Logger","loggerName":"com.knime.enterprise.cloud.services.searchsync.impl.FullSyncService","level":"INFO","message":"Nothing to clean.","threadName":"executor-thread-7","threadId":46,"mdc":{},"ndc":"","hostName":"search-sync-service-67d9ffbff9-96j49","processName":"quarkus-run.jar","processId":1}
{"timestamp":"2023-11-21T15:21:27.004Z","sequence":615,"loggerClassName":"org.jboss.logging.Logger","loggerName":"com.knime.enterprise.cloud.services.searchsync.impl.FullSyncService","level":"INFO","message":"Requesting creation of index of type 'TAG'.","threadName":"executor-thread-7","threadId":46,"mdc":{},"ndc":"","hostName":"search-sync-service-67d9ffbff9-96j49","processName":"quarkus-run.jar","processId":1}
{"timestamp":"2023-11-21T15:21:27.12Z","sequence":616,"loggerClassName":"org.jboss.logging.Logger","loggerName":"com.knime.enterprise.cloud.services.searchsync.impl.FullSyncService","level":"INFO","message":"Index of type 'EXTERNAL_GROUP' successfully created: 'external_groups1700580087000'.","threadName":"executor-thread-6","threadId":45,"mdc":{},"ndc":"","hostName":"search-sync-service-67d9ffbff9-96j49","processName":"quarkus-run.jar","processId":1}
{"timestamp":"2023-11-21T15:21:27.144Z","sequence":617,"loggerClassName":"org.jboss.logging.Logger","loggerName":"com.knime.enterprise.cloud.services.searchsync.impl.FullSyncService","level":"INFO","message":"Index of type 'TAG' successfully created: 'tags1700580087000'.","threadName":"executor-thread-7","threadId":46,"mdc":{},"ndc":"","hostName":"search-sync-service-67d9ffbff9-96j49","processName":"quarkus-run.jar","processId":1}
{"timestamp":"2023-11-21T15:21:27.15Z","sequence":618,"loggerClassName":"org.jboss.logging.Logger","loggerName":"com.knime.enterprise.cloud.services.searchsync.impl.FullSyncService","level":"INFO","message":"Starting bulk request 1.","threadName":"executor-thread-7","threadId":46,"mdc":{},"ndc":"","hostName":"search-sync-service-67d9ffbff9-96j49","processName":"quarkus-run.jar","processId":1}
{"timestamp":"2023-11-21T15:21:27.151Z","sequence":619,"loggerClassName":"org.jboss.logging.Logger","loggerName":"com.knime.enterprise.cloud.services.searchsync.impl.FullSyncService","level":"INFO","message":"Starting bulk request 2.","threadName":"executor-thread-7","threadId":46,"mdc":{},"ndc":"","hostName":"search-sync-service-67d9ffbff9-96j49","processName":"quarkus-run.jar","processId":1}
{"timestamp":"2023-11-21T15:21:27.163Z","sequence":620,"loggerClassName":"org.jboss.logging.Logger","loggerName":"com.knime.enterprise.cloud.services.searchsync.impl.FullSyncService","level":"INFO","message":"Finished bulk request 1: OK","threadName":"I/O dispatcher 1","threadId":38,"mdc":{},"ndc":"","hostName":"search-sync-service-67d9ffbff9-96j49","processName":"quarkus-run.jar","processId":1}
{"timestamp":"2023-11-21T15:21:27.164Z","sequence":621,"loggerClassName":"org.jboss.logging.Logger","loggerName":"com.knime.enterprise.cloud.services.searchsync.impl.FullSyncService","level":"INFO","message":"Starting bulk request 3.","threadName":"executor-thread-7","threadId":46,"mdc":{},"ndc":"","hostName":"search-sync-service-67d9ffbff9-96j49","processName":"quarkus-run.jar","processId":1}
{"timestamp":"2023-11-21T15:21:27.165Z","sequence":622,"loggerClassName":"org.jboss.logging.Logger","loggerName":"com.knime.enterprise.cloud.services.searchsync.impl.FullSyncService","level":"INFO","message":"Accounts service retrieved the hub global account.","threadName":"executor-thread-6","threadId":45,"mdc":{},"ndc":"","hostName":"search-sync-service-67d9ffbff9-96j49","processName":"quarkus-run.jar","processId":1}
{"timestamp":"2023-11-21T15:21:27.166Z","sequence":623,"loggerClassName":"org.jboss.logging.Logger","loggerName":"com.knime.enterprise.cloud.services.searchsync.impl.FullSyncService","level":"INFO","message":"Accounts service returned 0 external groups.","threadName":"executor-thread-6","threadId":45,"mdc":{},"ndc":"","hostName":"search-sync-service-67d9ffbff9-96j49","processName":"quarkus-run.jar","processId":1}
{"timestamp":"2023-11-21T15:21:27.166Z","sequence":624,"loggerClassName":"org.jboss.logging.Logger","loggerName":"com.knime.enterprise.cloud.services.searchsync.impl.FullSyncService","level":"INFO","message":"Start bulk index of :'external_groups1700580087000'","threadName":"executor-thread-6","threadId":45,"mdc":{},"ndc":"","hostName":"search-sync-service-67d9ffbff9-96j49","processName":"quarkus-run.jar","processId":1}
{"timestamp":"2023-11-21T15:21:27.166Z","sequence":625,"loggerClassName":"org.jboss.logging.Logger","loggerName":"com.knime.enterprise.cloud.services.searchsync.impl.FullSyncService","level":"INFO","message":"0 items has been added to 'external_groups' index (out of 0 items retrieved).","threadName":"executor-thread-6","threadId":45,"mdc":{},"ndc":"","hostName":"search-sync-service-67d9ffbff9-96j49","processName":"quarkus-run.jar","processId":1}
{"timestamp":"2023-11-21T15:21:27.169Z","sequence":626,"loggerClassName":"org.jboss.logging.Logger","loggerName":"com.knime.enterprise.cloud.services.searchsync.impl.FullSyncService","level":"INFO","message":"Requesting to add alias for new index with name 'external_groups1700580087000'.","threadName":"executor-thread-6","threadId":45,"mdc":{},"ndc":"","hostName":"search-sync-service-67d9ffbff9-96j49","processName":"quarkus-run.jar","processId":1}
{"timestamp":"2023-11-21T15:21:27.175Z","sequence":627,"loggerClassName":"org.jboss.logging.Logger","loggerName":"com.knime.enterprise.cloud.services.searchsync.impl.FullSyncService","level":"INFO","message":"Finished bulk request 2: OK","threadName":"I/O dispatcher 1","threadId":38,"mdc":{},"ndc":"","hostName":"search-sync-service-67d9ffbff9-96j49","processName":"quarkus-run.jar","processId":1}
{"timestamp":"2023-11-21T15:21:27.176Z","sequence":628,"loggerClassName":"org.jboss.logging.Logger","loggerName":"com.knime.enterprise.cloud.services.searchsync.impl.FullSyncService","level":"INFO","message":"Starting bulk request 4.","threadName":"executor-thread-7","threadId":46,"mdc":{},"ndc":"","hostName":"search-sync-service-67d9ffbff9-96j49","processName":"quarkus-run.jar","processId":1}
{"timestamp":"2023-11-21T15:21:27.186Z","sequence":629,"loggerClassName":"org.jboss.logging.Logger","loggerName":"com.knime.enterprise.cloud.services.searchsync.impl.FullSyncService","level":"INFO","message":"Finished bulk request 3: OK","threadName":"I/O dispatcher 1","threadId":38,"mdc":{},"ndc":"","hostName":"search-sync-service-67d9ffbff9-96j49","processName":"quarkus-run.jar","processId":1}
{"timestamp":"2023-11-21T15:21:27.187Z","sequence":630,"loggerClassName":"org.jboss.logging.Logger","loggerName":"com.knime.enterprise.cloud.services.searchsync.impl.FullSyncService","level":"INFO","message":"Starting bulk request 5.","threadName":"executor-thread-7","threadId":46,"mdc":{},"ndc":"","hostName":"search-sync-service-67d9ffbff9-96j49","processName":"quarkus-run.jar","processId":1}
{"timestamp":"2023-11-21T15:21:27.198Z","sequence":631,"loggerClassName":"org.jboss.logging.Logger","loggerName":"com.knime.enterprise.cloud.services.searchsync.impl.FullSyncService","level":"INFO","message":"Finished bulk request 4: OK","threadName":"I/O dispatcher 1","threadId":38,"mdc":{},"ndc":"","hostName":"search-sync-service-67d9ffbff9-96j49","processName":"quarkus-run.jar","processId":1}
{"timestamp":"2023-11-21T15:21:27.199Z","sequence":632,"loggerClassName":"org.jboss.logging.Logger","loggerName":"com.knime.enterprise.cloud.services.searchsync.impl.FullSyncService","level":"INFO","message":"Starting bulk request 6.","threadName":"executor-thread-7","threadId":46,"mdc":{},"ndc":"","hostName":"search-sync-service-67d9ffbff9-96j49","processName":"quarkus-run.jar","processId":1}
{"timestamp":"2023-11-21T15:21:27.204Z","sequence":633,"loggerClassName":"org.jboss.logging.Logger","loggerName":"com.knime.enterprise.cloud.services.searchsync.impl.FullSyncService","level":"INFO","message":"Index with name 'external_groups1700580087000' successfully created and aliased.","threadName":"executor-thread-6","threadId":45,"mdc":{},"ndc":"","hostName":"search-sync-service-67d9ffbff9-96j49","processName":"quarkus-run.jar","processId":1}
{"timestamp":"2023-11-21T15:21:27.205Z","sequence":634,"loggerClassName":"org.jboss.logging.Logger","loggerName":"com.knime.enterprise.cloud.services.searchsync.impl.FullSyncService","level":"INFO","message":"Attempting to clean indices of type 'EXTERNAL_GROUP'.","threadName":"executor-thread-6","threadId":45,"mdc":{},"ndc":"","hostName":"search-sync-service-67d9ffbff9-96j49","processName":"quarkus-run.jar","processId":1}
{"timestamp":"2023-11-21T15:21:27.207Z","sequence":635,"loggerClassName":"org.jboss.logging.Logger","loggerName":"com.knime.enterprise.cloud.services.searchsync.impl.FullSyncService","level":"INFO","message":"Nothing to clean.","threadName":"executor-thread-6","threadId":45,"mdc":{},"ndc":"","hostName":"search-sync-service-67d9ffbff9-96j49","processName":"quarkus-run.jar","processId":1}
{"timestamp":"2023-11-21T15:21:27.209Z","sequence":636,"loggerClassName":"org.jboss.logging.Logger","loggerName":"com.knime.enterprise.cloud.services.searchsync.impl.FullSyncService","level":"INFO","message":"Finished bulk request 5: OK","threadName":"I/O dispatcher 1","threadId":38,"mdc":{},"ndc":"","hostName":"search-sync-service-67d9ffbff9-96j49","processName":"quarkus-run.jar","processId":1}
{"timestamp":"2023-11-21T15:21:27.21Z","sequence":637,"loggerClassName":"org.jboss.logging.Logger","loggerName":"com.knime.enterprise.cloud.services.searchsync.impl.FullSyncService","level":"INFO","message":"Starting bulk request 7.","threadName":"executor-thread-7","threadId":46,"mdc":{},"ndc":"","hostName":"search-sync-service-67d9ffbff9-96j49","processName":"quarkus-run.jar","processId":1}
{"timestamp":"2023-11-21T15:21:27.22Z","sequence":638,"loggerClassName":"org.jboss.logging.Logger","loggerName":"com.knime.enterprise.cloud.services.searchsync.impl.FullSyncService","level":"INFO","message":"Finished bulk request 6: OK","threadName":"I/O dispatcher 1","threadId":38,"mdc":{},"ndc":"","hostName":"search-sync-service-67d9ffbff9-96j49","processName":"quarkus-run.jar","processId":1}
{"timestamp":"2023-11-21T15:21:27.221Z","sequence":639,"loggerClassName":"org.jboss.logging.Logger","loggerName":"com.knime.enterprise.cloud.services.searchsync.impl.FullSyncService","level":"INFO","message":"Starting bulk request 8.","threadName":"executor-thread-7","threadId":46,"mdc":{},"ndc":"","hostName":"search-sync-service-67d9ffbff9-96j49","processName":"quarkus-run.jar","processId":1}
{"timestamp":"2023-11-21T15:21:27.23Z","sequence":640,"loggerClassName":"org.jboss.logging.Logger","loggerName":"com.knime.enterprise.cloud.services.searchsync.impl.FullSyncService","level":"INFO","message":"Finished bulk request 7: OK","threadName":"I/O dispatcher 1","threadId":38,"mdc":{},"ndc":"","hostName":"search-sync-service-67d9ffbff9-96j49","processName":"quarkus-run.jar","processId":1}
{"timestamp":"2023-11-21T15:21:27.231Z","sequence":641,"loggerClassName":"org.jboss.logging.Logger","loggerName":"com.knime.enterprise.cloud.services.searchsync.impl.FullSyncService","level":"INFO","message":"Starting bulk request 9.","threadName":"executor-thread-7","threadId":46,"mdc":{},"ndc":"","hostName":"search-sync-service-67d9ffbff9-96j49","processName":"quarkus-run.jar","processId":1}
{"timestamp":"2023-11-21T15:21:27.242Z","sequence":642,"loggerClassName":"org.jboss.logging.Logger","loggerName":"com.knime.enterprise.cloud.services.searchsync.impl.FullSyncService","level":"INFO","message":"Finished bulk request 8: OK","threadName":"I/O dispatcher 1","threadId":38,"mdc":{},"ndc":"","hostName":"search-sync-service-67d9ffbff9-96j49","processName":"quarkus-run.jar","processId":1}
{"timestamp":"2023-11-21T15:21:27.243Z","sequence":643,"loggerClassName":"org.jboss.logging.Logger","loggerName":"com.knime.enterprise.cloud.services.searchsync.impl.FullSyncService","level":"INFO","message":"Starting bulk request 10.","threadName":"executor-thread-7","threadId":46,"mdc":{},"ndc":"","hostName":"search-sync-service-67d9ffbff9-96j49","processName":"quarkus-run.jar","processId":1}
{"timestamp":"2023-11-21T15:21:27.257Z","sequence":644,"loggerClassName":"org.jboss.logging.Logger","loggerName":"com.knime.enterprise.cloud.services.searchsync.impl.FullSyncService","level":"INFO","message":"Finished bulk request 9: OK","threadName":"I/O dispatcher 1","threadId":38,"mdc":{},"ndc":"","hostName":"search-sync-service-67d9ffbff9-96j49","processName":"quarkus-run.jar","processId":1}
{"timestamp":"2023-11-21T15:21:27.266Z","sequence":645,"loggerClassName":"org.jboss.logging.Logger","loggerName":"com.knime.enterprise.cloud.services.searchsync.impl.FullSyncService","level":"INFO","message":"Finished bulk request 10: OK","threadName":"I/O dispatcher 1","threadId":38,"mdc":{},"ndc":"","hostName":"search-sync-service-67d9ffbff9-96j49","processName":"quarkus-run.jar","processId":1}
{"timestamp":"2023-11-21T15:21:27.31Z","sequence":646,"loggerClassName":"org.jboss.logging.Logger","loggerName":"com.knime.enterprise.cloud.services.searchsync.impl.FullSyncService","level":"INFO","message":"Requesting to add alias for new index with name 'tags1700580087000'.","threadName":"executor-thread-7","threadId":46,"mdc":{},"ndc":"","hostName":"search-sync-service-67d9ffbff9-96j49","processName":"quarkus-run.jar","processId":1}
{"timestamp":"2023-11-21T15:21:27.344Z","sequence":647,"loggerClassName":"org.jboss.logging.Logger","loggerName":"com.knime.enterprise.cloud.services.searchsync.impl.FullSyncService","level":"INFO","message":"Index with name 'tags1700580087000' successfully created and aliased.","threadName":"executor-thread-7","threadId":46,"mdc":{},"ndc":"","hostName":"search-sync-service-67d9ffbff9-96j49","processName":"quarkus-run.jar","processId":1}
{"timestamp":"2023-11-21T15:21:27.344Z","sequence":648,"loggerClassName":"org.jboss.logging.Logger","loggerName":"com.knime.enterprise.cloud.services.searchsync.impl.FullSyncService","level":"INFO","message":"Attempting to clean indices of type 'TAG'.","threadName":"executor-thread-7","threadId":46,"mdc":{},"ndc":"","hostName":"search-sync-service-67d9ffbff9-96j49","processName":"quarkus-run.jar","processId":1}
{"timestamp":"2023-11-21T15:21:27.346Z","sequence":649,"loggerClassName":"org.jboss.logging.Logger","loggerName":"com.knime.enterprise.cloud.services.searchsync.impl.FullSyncService","level":"INFO","message":"Nothing to clean.","threadName":"executor-thread-7","threadId":46,"mdc":{},"ndc":"","hostName":"search-sync-service-67d9ffbff9-96j49","processName":"quarkus-run.jar","processId":1}
{"timestamp":"2023-11-21T15:31:27Z","sequence":650,"loggerClassName":"org.jboss.logging.Logger","loggerName":"com.knime.enterprise.cloud.services.searchsync.impl.FullSyncService","level":"INFO","message":"Start creation of new index for type: EXTERNAL_GROUP","threadName":"executor-thread-7","threadId":46,"mdc":{},"ndc":"","hostName":"search-sync-service-67d9ffbff9-96j49","processName":"quarkus-run.jar","processId":1}
{"timestamp":"2023-11-21T15:31:27Z","sequence":651,"loggerClassName":"org.jboss.logging.Logger","loggerName":"com.knime.enterprise.cloud.services.searchsync.impl.FullSyncService","level":"INFO","message":"Attempting to clean indices of type 'EXTERNAL_GROUP'.","threadName":"executor-thread-7","threadId":46,"mdc":{},"ndc":"","hostName":"search-sync-service-67d9ffbff9-96j49","processName":"quarkus-run.jar","processId":1}
{"timestamp":"2023-11-21T15:31:27Z","sequence":652,"loggerClassName":"org.jboss.logging.Logger","loggerName":"com.knime.enterprise.cloud.services.searchsync.impl.FullSyncService","level":"INFO","message":"Start creation of new index for type: TAG","threadName":"executor-thread-8","threadId":47,"mdc":{},"ndc":"","hostName":"search-sync-service-67d9ffbff9-96j49","processName":"quarkus-run.jar","processId":1}
{"timestamp":"2023-11-21T15:31:27.001Z","sequence":653,"loggerClassName":"org.jboss.logging.Logger","loggerName":"com.knime.enterprise.cloud.services.searchsync.impl.FullSyncService","level":"INFO","message":"Attempting to clean indices of type 'TAG'.","threadName":"executor-thread-8","threadId":47,"mdc":{},"ndc":"","hostName":"search-sync-service-67d9ffbff9-96j49","processName":"quarkus-run.jar","processId":1}
{"timestamp":"2023-11-21T15:31:27.003Z","sequence":654,"loggerClassName":"org.jboss.logging.Logger","loggerName":"com.knime.enterprise.cloud.services.searchsync.impl.FullSyncService","level":"INFO","message":"Nothing to clean.","threadName":"executor-thread-7","threadId":46,"mdc":{},"ndc":"","hostName":"search-sync-service-67d9ffbff9-96j49","processName":"quarkus-run.jar","processId":1}
{"timestamp":"2023-11-21T15:31:27.004Z","sequence":655,"loggerClassName":"org.jboss.logging.Logger","loggerName":"com.knime.enterprise.cloud.services.searchsync.impl.FullSyncService","level":"INFO","message":"Requesting creation of index of type 'EXTERNAL_GROUP'.","threadName":"executor-thread-7","threadId":46,"mdc":{},"ndc":"","hostName":"search-sync-service-67d9ffbff9-96j49","processName":"quarkus-run.jar","processId":1}
{"timestamp":"2023-11-21T15:31:27.004Z","sequence":656,"loggerClassName":"org.jboss.logging.Logger","loggerName":"com.knime.enterprise.cloud.services.searchsync.impl.FullSyncService","level":"INFO","message":"Nothing to clean.","threadName":"executor-thread-8","threadId":47,"mdc":{},"ndc":"","hostName":"search-sync-service-67d9ffbff9-96j49","processName":"quarkus-run.jar","processId":1}
{"timestamp":"2023-11-21T15:31:27.004Z","sequence":657,"loggerClassName":"org.jboss.logging.Logger","loggerName":"com.knime.enterprise.cloud.services.searchsync.impl.FullSyncService","level":"INFO","message":"Requesting creation of index of type 'TAG'.","threadName":"executor-thread-8","threadId":47,"mdc":{},"ndc":"","hostName":"search-sync-service-67d9ffbff9-96j49","processName":"quarkus-run.jar","processId":1}
{"timestamp":"2023-11-21T15:31:27.122Z","sequence":658,"loggerClassName":"org.jboss.logging.Logger","loggerName":"com.knime.enterprise.cloud.services.searchsync.impl.FullSyncService","level":"INFO","message":"Index of type 'EXTERNAL_GROUP' successfully created: 'external_groups1700580687000'.","threadName":"executor-thread-7","threadId":46,"mdc":{},"ndc":"","hostName":"search-sync-service-67d9ffbff9-96j49","processName":"quarkus-run.jar","processId":1}
{"timestamp":"2023-11-21T15:31:27.16Z","sequence":659,"loggerClassName":"org.jboss.logging.Logger","loggerName":"com.knime.enterprise.cloud.services.searchsync.impl.FullSyncService","level":"INFO","message":"Index of type 'TAG' successfully created: 'tags1700580687000'.","threadName":"executor-thread-8","threadId":47,"mdc":{},"ndc":"","hostName":"search-sync-service-67d9ffbff9-96j49","processName":"quarkus-run.jar","processId":1}
{"timestamp":"2023-11-21T15:31:27.166Z","sequence":660,"loggerClassName":"org.jboss.logging.Logger","loggerName":"com.knime.enterprise.cloud.services.searchsync.impl.FullSyncService","level":"INFO","message":"Starting bulk request 1.","threadName":"executor-thread-8","threadId":47,"mdc":{},"ndc":"","hostName":"search-sync-service-67d9ffbff9-96j49","processName":"quarkus-run.jar","processId":1}
{"timestamp":"2023-11-21T15:31:27.167Z","sequence":661,"loggerClassName":"org.jboss.logging.Logger","loggerName":"com.knime.enterprise.cloud.services.searchsync.impl.FullSyncService","level":"INFO","message":"Starting bulk request 2.","threadName":"executor-thread-8","threadId":47,"mdc":{},"ndc":"","hostName":"search-sync-service-67d9ffbff9-96j49","processName":"quarkus-run.jar","processId":1}
{"timestamp":"2023-11-21T15:31:27.168Z","sequence":662,"loggerClassName":"org.jboss.logging.Logger","loggerName":"com.knime.enterprise.cloud.services.searchsync.impl.FullSyncService","level":"INFO","message":"Accounts service retrieved the hub global account.","threadName":"executor-thread-7","threadId":46,"mdc":{},"ndc":"","hostName":"search-sync-service-67d9ffbff9-96j49","processName":"quarkus-run.jar","processId":1}
{"timestamp":"2023-11-21T15:31:27.168Z","sequence":663,"loggerClassName":"org.jboss.logging.Logger","loggerName":"com.knime.enterprise.cloud.services.searchsync.impl.FullSyncService","level":"INFO","message":"Accounts service returned 0 external groups.","threadName":"executor-thread-7","threadId":46,"mdc":{},"ndc":"","hostName":"search-sync-service-67d9ffbff9-96j49","processName":"quarkus-run.jar","processId":1}
{"timestamp":"2023-11-21T15:31:27.168Z","sequence":664,"loggerClassName":"org.jboss.logging.Logger","loggerName":"com.knime.enterprise.cloud.services.searchsync.impl.FullSyncService","level":"INFO","message":"Start bulk index of :'external_groups1700580687000'","threadName":"executor-thread-7","threadId":46,"mdc":{},"ndc":"","hostName":"search-sync-service-67d9ffbff9-96j49","processName":"quarkus-run.jar","processId":1}
{"timestamp":"2023-11-21T15:31:27.168Z","sequence":665,"loggerClassName":"org.jboss.logging.Logger","loggerName":"com.knime.enterprise.cloud.services.searchsync.impl.FullSyncService","level":"INFO","message":"0 items has been added to 'external_groups' index (out of 0 items retrieved).","threadName":"executor-thread-7","threadId":46,"mdc":{},"ndc":"","hostName":"search-sync-service-67d9ffbff9-96j49","processName":"quarkus-run.jar","processId":1}
{"timestamp":"2023-11-21T15:31:27.171Z","sequence":666,"loggerClassName":"org.jboss.logging.Logger","loggerName":"com.knime.enterprise.cloud.services.searchsync.impl.FullSyncService","level":"INFO","message":"Requesting to add alias for new index with name 'external_groups1700580687000'.","threadName":"executor-thread-7","threadId":46,"mdc":{},"ndc":"","hostName":"search-sync-service-67d9ffbff9-96j49","processName":"quarkus-run.jar","processId":1}
{"timestamp":"2023-11-21T15:31:27.18Z","sequence":667,"loggerClassName":"org.jboss.logging.Logger","loggerName":"com.knime.enterprise.cloud.services.searchsync.impl.FullSyncService","level":"INFO","message":"Finished bulk request 1: OK","threadName":"I/O dispatcher 1","threadId":38,"mdc":{},"ndc":"","hostName":"search-sync-service-67d9ffbff9-96j49","processName":"quarkus-run.jar","processId":1}
{"timestamp":"2023-11-21T15:31:27.181Z","sequence":668,"loggerClassName":"org.jboss.logging.Logger","loggerName":"com.knime.enterprise.cloud.services.searchsync.impl.FullSyncService","level":"INFO","message":"Starting bulk request 3.","threadName":"executor-thread-8","threadId":47,"mdc":{},"ndc":"","hostName":"search-sync-service-67d9ffbff9-96j49","processName":"quarkus-run.jar","processId":1}
{"timestamp":"2023-11-21T15:31:27.192Z","sequence":669,"loggerClassName":"org.jboss.logging.Logger","loggerName":"com.knime.enterprise.cloud.services.searchsync.impl.FullSyncService","level":"INFO","message":"Finished bulk request 2: OK","threadName":"I/O dispatcher 1","threadId":38,"mdc":{},"ndc":"","hostName":"search-sync-service-67d9ffbff9-96j49","processName":"quarkus-run.jar","processId":1}
{"timestamp":"2023-11-21T15:31:27.192Z","sequence":670,"loggerClassName":"org.jboss.logging.Logger","loggerName":"com.knime.enterprise.cloud.services.searchsync.impl.FullSyncService","level":"INFO","message":"Starting bulk request 4.","threadName":"executor-thread-8","threadId":47,"mdc":{},"ndc":"","hostName":"search-sync-service-67d9ffbff9-96j49","processName":"quarkus-run.jar","processId":1}
{"timestamp":"2023-11-21T15:31:27.203Z","sequence":671,"loggerClassName":"org.jboss.logging.Logger","loggerName":"com.knime.enterprise.cloud.services.searchsync.impl.FullSyncService","level":"INFO","message":"Finished bulk request 3: OK","threadName":"I/O dispatcher 1","threadId":38,"mdc":{},"ndc":"","hostName":"search-sync-service-67d9ffbff9-96j49","processName":"quarkus-run.jar","processId":1}
{"timestamp":"2023-11-21T15:31:27.204Z","sequence":672,"loggerClassName":"org.jboss.logging.Logger","loggerName":"com.knime.enterprise.cloud.services.searchsync.impl.FullSyncService","level":"INFO","message":"Starting bulk request 5.","threadName":"executor-thread-8","threadId":47,"mdc":{},"ndc":"","hostName":"search-sync-service-67d9ffbff9-96j49","processName":"quarkus-run.jar","processId":1}
{"timestamp":"2023-11-21T15:31:27.212Z","sequence":673,"loggerClassName":"org.jboss.logging.Logger","loggerName":"com.knime.enterprise.cloud.services.searchsync.impl.FullSyncService","level":"INFO","message":"Index with name 'external_groups1700580687000' successfully created and aliased.","threadName":"executor-thread-7","threadId":46,"mdc":{},"ndc":"","hostName":"search-sync-service-67d9ffbff9-96j49","processName":"quarkus-run.jar","processId":1}
{"timestamp":"2023-11-21T15:31:27.212Z","sequence":674,"loggerClassName":"org.jboss.logging.Logger","loggerName":"com.knime.enterprise.cloud.services.searchsync.impl.FullSyncService","level":"INFO","message":"Attempting to clean indices of type 'EXTERNAL_GROUP'.","threadName":"executor-thread-7","threadId":46,"mdc":{},"ndc":"","hostName":"search-sync-service-67d9ffbff9-96j49","processName":"quarkus-run.jar","processId":1}
{"timestamp":"2023-11-21T15:31:27.213Z","sequence":675,"loggerClassName":"org.jboss.logging.Logger","loggerName":"com.knime.enterprise.cloud.services.searchsync.impl.FullSyncService","level":"INFO","message":"Nothing to clean.","threadName":"executor-thread-7","threadId":46,"mdc":{},"ndc":"","hostName":"search-sync-service-67d9ffbff9-96j49","processName":"quarkus-run.jar","processId":1}
{"timestamp":"2023-11-21T15:31:27.215Z","sequence":676,"loggerClassName":"org.jboss.logging.Logger","loggerName":"com.knime.enterprise.cloud.services.searchsync.impl.FullSyncService","level":"INFO","message":"Finished bulk request 4: OK","threadName":"I/O dispatcher 1","threadId":38,"mdc":{},"ndc":"","hostName":"search-sync-service-67d9ffbff9-96j49","processName":"quarkus-run.jar","processId":1}
{"timestamp":"2023-11-21T15:31:27.216Z","sequence":677,"loggerClassName":"org.jboss.logging.Logger","loggerName":"com.knime.enterprise.cloud.services.searchsync.impl.FullSyncService","level":"INFO","message":"Starting bulk request 6.","threadName":"executor-thread-8","threadId":47,"mdc":{},"ndc":"","hostName":"search-sync-service-67d9ffbff9-96j49","processName":"quarkus-run.jar","processId":1}
{"timestamp":"2023-11-21T15:31:27.225Z","sequence":678,"loggerClassName":"org.jboss.logging.Logger","loggerName":"com.knime.enterprise.cloud.services.searchsync.impl.FullSyncService","level":"INFO","message":"Finished bulk request 5: OK","threadName":"I/O dispatcher 1","threadId":38,"mdc":{},"ndc":"","hostName":"search-sync-service-67d9ffbff9-96j49","processName":"quarkus-run.jar","processId":1}
{"timestamp":"2023-11-21T15:31:27.226Z","sequence":679,"loggerClassName":"org.jboss.logging.Logger","loggerName":"com.knime.enterprise.cloud.services.searchsync.impl.FullSyncService","level":"INFO","message":"Starting bulk request 7.","threadName":"executor-thread-8","threadId":47,"mdc":{},"ndc":"","hostName":"search-sync-service-67d9ffbff9-96j49","processName":"quarkus-run.jar","processId":1}
{"timestamp":"2023-11-21T15:31:27.235Z","sequence":680,"loggerClassName":"org.jboss.logging.Logger","loggerName":"com.knime.enterprise.cloud.services.searchsync.impl.FullSyncService","level":"INFO","message":"Finished bulk request 6: OK","threadName":"I/O dispatcher 1","threadId":38,"mdc":{},"ndc":"","hostName":"search-sync-service-67d9ffbff9-96j49","processName":"quarkus-run.jar","processId":1}
{"timestamp":"2023-11-21T15:31:27.235Z","sequence":681,"loggerClassName":"org.jboss.logging.Logger","loggerName":"com.knime.enterprise.cloud.services.searchsync.impl.FullSyncService","level":"INFO","message":"Starting bulk request 8.","threadName":"executor-thread-8","threadId":47,"mdc":{},"ndc":"","hostName":"search-sync-service-67d9ffbff9-96j49","processName":"quarkus-run.jar","processId":1}
{"timestamp":"2023-11-21T15:31:27.245Z","sequence":682,"loggerClassName":"org.jboss.logging.Logger","loggerName":"com.knime.enterprise.cloud.services.searchsync.impl.FullSyncService","level":"INFO","message":"Finished bulk request 7: OK","threadName":"I/O dispatcher 1","threadId":38,"mdc":{},"ndc":"","hostName":"search-sync-service-67d9ffbff9-96j49","processName":"quarkus-run.jar","processId":1}
{"timestamp":"2023-11-21T15:31:27.246Z","sequence":683,"loggerClassName":"org.jboss.logging.Logger","loggerName":"com.knime.enterprise.cloud.services.searchsync.impl.FullSyncService","level":"INFO","message":"Starting bulk request 9.","threadName":"executor-thread-8","threadId":47,"mdc":{},"ndc":"","hostName":"search-sync-service-67d9ffbff9-96j49","processName":"quarkus-run.jar","processId":1}
{"timestamp":"2023-11-21T15:31:27.26Z","sequence":684,"loggerClassName":"org.jboss.logging.Logger","loggerName":"com.knime.enterprise.cloud.services.searchsync.impl.FullSyncService","level":"INFO","message":"Finished bulk request 8: OK","threadName":"I/O dispatcher 1","threadId":38,"mdc":{},"ndc":"","hostName":"search-sync-service-67d9ffbff9-96j49","processName":"quarkus-run.jar","processId":1}
{"timestamp":"2023-11-21T15:31:27.26Z","sequence":685,"loggerClassName":"org.jboss.logging.Logger","loggerName":"com.knime.enterprise.cloud.services.searchsync.impl.FullSyncService","level":"INFO","message":"Starting bulk request 10.","threadName":"executor-thread-8","threadId":47,"mdc":{},"ndc":"","hostName":"search-sync-service-67d9ffbff9-96j49","processName":"quarkus-run.jar","processId":1}
{"timestamp":"2023-11-21T15:31:27.27Z","sequence":686,"loggerClassName":"org.jboss.logging.Logger","loggerName":"com.knime.enterprise.cloud.services.searchsync.impl.FullSyncService","level":"INFO","message":"Finished bulk request 9: OK","threadName":"I/O dispatcher 1","threadId":38,"mdc":{},"ndc":"","hostName":"search-sync-service-67d9ffbff9-96j49","processName":"quarkus-run.jar","processId":1}
{"timestamp":"2023-11-21T15:31:27.28Z","sequence":687,"loggerClassName":"org.jboss.logging.Logger","loggerName":"com.knime.enterprise.cloud.services.searchsync.impl.FullSyncService","level":"INFO","message":"Finished bulk request 10: OK","threadName":"I/O dispatcher 1","threadId":38,"mdc":{},"ndc":"","hostName":"search-sync-service-67d9ffbff9-96j49","processName":"quarkus-run.jar","processId":1}
{"timestamp":"2023-11-21T15:31:27.357Z","sequence":688,"loggerClassName":"org.jboss.logging.Logger","loggerName":"com.knime.enterprise.cloud.services.searchsync.impl.FullSyncService","level":"INFO","message":"Requesting to add alias for new index with name 'tags1700580687000'.","threadName":"executor-thread-8","threadId":47,"mdc":{},"ndc":"","hostName":"search-sync-service-67d9ffbff9-96j49","processName":"quarkus-run.jar","processId":1}
{"timestamp":"2023-11-21T15:31:27.393Z","sequence":689,"loggerClassName":"org.jboss.logging.Logger","loggerName":"com.knime.enterprise.cloud.services.searchsync.impl.FullSyncService","level":"INFO","message":"Index with name 'tags1700580687000' successfully created and aliased.","threadName":"executor-thread-8","threadId":47,"mdc":{},"ndc":"","hostName":"search-sync-service-67d9ffbff9-96j49","processName":"quarkus-run.jar","processId":1}
{"timestamp":"2023-11-21T15:31:27.393Z","sequence":690,"loggerClassName":"org.jboss.logging.Logger","loggerName":"com.knime.enterprise.cloud.services.searchsync.impl.FullSyncService","level":"INFO","message":"Attempting to clean indices of type 'TAG'.","threadName":"executor-thread-8","threadId":47,"mdc":{},"ndc":"","hostName":"search-sync-service-67d9ffbff9-96j49","processName":"quarkus-run.jar","processId":1}
{"timestamp":"2023-11-21T15:31:27.395Z","sequence":691,"loggerClassName":"org.jboss.logging.Logger","loggerName":"com.knime.enterprise.cloud.services.searchsync.impl.FullSyncService","level":"INFO","message":"Nothing to clean.","threadName":"executor-thread-8","threadId":47,"mdc":{},"ndc":"","hostName":"search-sync-service-67d9ffbff9-96j49","processName":"quarkus-run.jar","processId":1}
{"timestamp":"2023-11-21T15:41:27Z","sequence":692,"loggerClassName":"org.jboss.logging.Logger","loggerName":"com.knime.enterprise.cloud.services.searchsync.impl.FullSyncService","level":"INFO","message":"Start creation of new index for type: EXTERNAL_GROUP","threadName":"executor-thread-8","threadId":47,"mdc":{},"ndc":"","hostName":"search-sync-service-67d9ffbff9-96j49","processName":"quarkus-run.jar","processId":1}
{"timestamp":"2023-11-21T15:41:27Z","sequence":693,"loggerClassName":"org.jboss.logging.Logger","loggerName":"com.knime.enterprise.cloud.services.searchsync.impl.FullSyncService","level":"INFO","message":"Attempting to clean indices of type 'EXTERNAL_GROUP'.","threadName":"executor-thread-8","threadId":47,"mdc":{},"ndc":"","hostName":"search-sync-service-67d9ffbff9-96j49","processName":"quarkus-run.jar","processId":1}
{"timestamp":"2023-11-21T15:41:27Z","sequence":694,"loggerClassName":"org.jboss.logging.Logger","loggerName":"com.knime.enterprise.cloud.services.searchsync.impl.FullSyncService","level":"INFO","message":"Start creation of new index for type: TAG","threadName":"executor-thread-9","threadId":48,"mdc":{},"ndc":"","hostName":"search-sync-service-67d9ffbff9-96j49","processName":"quarkus-run.jar","processId":1}
{"timestamp":"2023-11-21T15:41:27Z","sequence":695,"loggerClassName":"org.jboss.logging.Logger","loggerName":"com.knime.enterprise.cloud.services.searchsync.impl.FullSyncService","level":"INFO","message":"Attempting to clean indices of type 'TAG'.","threadName":"executor-thread-9","threadId":48,"mdc":{},"ndc":"","hostName":"search-sync-service-67d9ffbff9-96j49","processName":"quarkus-run.jar","processId":1}
{"timestamp":"2023-11-21T15:41:27.003Z","sequence":696,"loggerClassName":"org.jboss.logging.Logger","loggerName":"com.knime.enterprise.cloud.services.searchsync.impl.FullSyncService","level":"INFO","message":"Nothing to clean.","threadName":"executor-thread-8","threadId":47,"mdc":{},"ndc":"","hostName":"search-sync-service-67d9ffbff9-96j49","processName":"quarkus-run.jar","processId":1}
{"timestamp":"2023-11-21T15:41:27.004Z","sequence":697,"loggerClassName":"org.jboss.logging.Logger","loggerName":"com.knime.enterprise.cloud.services.searchsync.impl.FullSyncService","level":"INFO","message":"Nothing to clean.","threadName":"executor-thread-9","threadId":48,"mdc":{},"ndc":"","hostName":"search-sync-service-67d9ffbff9-96j49","processName":"quarkus-run.jar","processId":1}
{"timestamp":"2023-11-21T15:41:27.004Z","sequence":698,"loggerClassName":"org.jboss.logging.Logger","loggerName":"com.knime.enterprise.cloud.services.searchsync.impl.FullSyncService","level":"INFO","message":"Requesting creation of index of type 'EXTERNAL_GROUP'.","threadName":"executor-thread-8","threadId":47,"mdc":{},"ndc":"","hostName":"search-sync-service-67d9ffbff9-96j49","processName":"quarkus-run.jar","processId":1}
{"timestamp":"2023-11-21T15:41:27.004Z","sequence":699,"loggerClassName":"org.jboss.logging.Logger","loggerName":"com.knime.enterprise.cloud.services.searchsync.impl.FullSyncService","level":"INFO","message":"Requesting creation of index of type 'TAG'.","threadName":"executor-thread-9","threadId":48,"mdc":{},"ndc":"","hostName":"search-sync-service-67d9ffbff9-96j49","processName":"quarkus-run.jar","processId":1}
{"timestamp":"2023-11-21T15:41:27.114Z","sequence":700,"loggerClassName":"org.jboss.logging.Logger","loggerName":"com.knime.enterprise.cloud.services.searchsync.impl.FullSyncService","level":"INFO","message":"Index of type 'EXTERNAL_GROUP' successfully created: 'external_groups1700581287000'.","threadName":"executor-thread-8","threadId":47,"mdc":{},"ndc":"","hostName":"search-sync-service-67d9ffbff9-96j49","processName":"quarkus-run.jar","processId":1}
{"timestamp":"2023-11-21T15:41:27.146Z","sequence":701,"loggerClassName":"org.jboss.logging.Logger","loggerName":"com.knime.enterprise.cloud.services.searchsync.impl.FullSyncService","level":"INFO","message":"Index of type 'TAG' successfully created: 'tags1700581287000'.","threadName":"executor-thread-9","threadId":48,"mdc":{},"ndc":"","hostName":"search-sync-service-67d9ffbff9-96j49","processName":"quarkus-run.jar","processId":1}
{"timestamp":"2023-11-21T15:41:27.151Z","sequence":702,"loggerClassName":"org.jboss.logging.Logger","loggerName":"com.knime.enterprise.cloud.services.searchsync.impl.FullSyncService","level":"INFO","message":"Starting bulk request 1.","threadName":"executor-thread-9","threadId":48,"mdc":{},"ndc":"","hostName":"search-sync-service-67d9ffbff9-96j49","processName":"quarkus-run.jar","processId":1}
{"timestamp":"2023-11-21T15:41:27.152Z","sequence":703,"loggerClassName":"org.jboss.logging.Logger","loggerName":"com.knime.enterprise.cloud.services.searchsync.impl.FullSyncService","level":"INFO","message":"Starting bulk request 2.","threadName":"executor-thread-9","threadId":48,"mdc":{},"ndc":"","hostName":"search-sync-service-67d9ffbff9-96j49","processName":"quarkus-run.jar","processId":1}
{"timestamp":"2023-11-21T15:41:27.158Z","sequence":704,"loggerClassName":"org.jboss.logging.Logger","loggerName":"com.knime.enterprise.cloud.services.searchsync.impl.FullSyncService","level":"INFO","message":"Accounts service retrieved the hub global account.","threadName":"executor-thread-8","threadId":47,"mdc":{},"ndc":"","hostName":"search-sync-service-67d9ffbff9-96j49","processName":"quarkus-run.jar","processId":1}
{"timestamp":"2023-11-21T15:41:27.158Z","sequence":705,"loggerClassName":"org.jboss.logging.Logger","loggerName":"com.knime.enterprise.cloud.services.searchsync.impl.FullSyncService","level":"INFO","message":"Accounts service returned 0 external groups.","threadName":"executor-thread-8","threadId":47,"mdc":{},"ndc":"","hostName":"search-sync-service-67d9ffbff9-96j49","processName":"quarkus-run.jar","processId":1}
{"timestamp":"2023-11-21T15:41:27.158Z","sequence":706,"loggerClassName":"org.jboss.logging.Logger","loggerName":"com.knime.enterprise.cloud.services.searchsync.impl.FullSyncService","level":"INFO","message":"Start bulk index of :'external_groups1700581287000'","threadName":"executor-thread-8","threadId":47,"mdc":{},"ndc":"","hostName":"search-sync-service-67d9ffbff9-96j49","processName":"quarkus-run.jar","processId":1}
{"timestamp":"2023-11-21T15:41:27.158Z","sequence":707,"loggerClassName":"org.jboss.logging.Logger","loggerName":"com.knime.enterprise.cloud.services.searchsync.impl.FullSyncService","level":"INFO","message":"0 items has been added to 'external_groups' index (out of 0 items retrieved).","threadName":"executor-thread-8","threadId":47,"mdc":{},"ndc":"","hostName":"search-sync-service-67d9ffbff9-96j49","processName":"quarkus-run.jar","processId":1}
{"timestamp":"2023-11-21T15:41:27.161Z","sequence":708,"loggerClassName":"org.jboss.logging.Logger","loggerName":"com.knime.enterprise.cloud.services.searchsync.impl.FullSyncService","level":"INFO","message":"Requesting to add alias for new index with name 'external_groups1700581287000'.","threadName":"executor-thread-8","threadId":47,"mdc":{},"ndc":"","hostName":"search-sync-service-67d9ffbff9-96j49","processName":"quarkus-run.jar","processId":1}
{"timestamp":"2023-11-21T15:41:27.164Z","sequence":709,"loggerClassName":"org.jboss.logging.Logger","loggerName":"com.knime.enterprise.cloud.services.searchsync.impl.FullSyncService","level":"INFO","message":"Finished bulk request 1: OK","threadName":"I/O dispatcher 1","threadId":38,"mdc":{},"ndc":"","hostName":"search-sync-service-67d9ffbff9-96j49","processName":"quarkus-run.jar","processId":1}
{"timestamp":"2023-11-21T15:41:27.165Z","sequence":710,"loggerClassName":"org.jboss.logging.Logger","loggerName":"com.knime.enterprise.cloud.services.searchsync.impl.FullSyncService","level":"INFO","message":"Starting bulk request 3.","threadName":"executor-thread-9","threadId":48,"mdc":{},"ndc":"","hostName":"search-sync-service-67d9ffbff9-96j49","processName":"quarkus-run.jar","processId":1}
{"timestamp":"2023-11-21T15:41:27.173Z","sequence":711,"loggerClassName":"org.jboss.logging.Logger","loggerName":"com.knime.enterprise.cloud.services.searchsync.impl.FullSyncService","level":"INFO","message":"Finished bulk request 2: OK","threadName":"I/O dispatcher 1","threadId":38,"mdc":{},"ndc":"","hostName":"search-sync-service-67d9ffbff9-96j49","processName":"quarkus-run.jar","processId":1}
{"timestamp":"2023-11-21T15:41:27.174Z","sequence":712,"loggerClassName":"org.jboss.logging.Logger","loggerName":"com.knime.enterprise.cloud.services.searchsync.impl.FullSyncService","level":"INFO","message":"Starting bulk request 4.","threadName":"executor-thread-9","threadId":48,"mdc":{},"ndc":"","hostName":"search-sync-service-67d9ffbff9-96j49","processName":"quarkus-run.jar","processId":1}
{"timestamp":"2023-11-21T15:41:27.182Z","sequence":713,"loggerClassName":"org.jboss.logging.Logger","loggerName":"com.knime.enterprise.cloud.services.searchsync.impl.FullSyncService","level":"INFO","message":"Finished bulk request 3: OK","threadName":"I/O dispatcher 1","threadId":38,"mdc":{},"ndc":"","hostName":"search-sync-service-67d9ffbff9-96j49","processName":"quarkus-run.jar","processId":1}
{"timestamp":"2023-11-21T15:41:27.183Z","sequence":714,"loggerClassName":"org.jboss.logging.Logger","loggerName":"com.knime.enterprise.cloud.services.searchsync.impl.FullSyncService","level":"INFO","message":"Starting bulk request 5.","threadName":"executor-thread-9","threadId":48,"mdc":{},"ndc":"","hostName":"search-sync-service-67d9ffbff9-96j49","processName":"quarkus-run.jar","processId":1}
{"timestamp":"2023-11-21T15:41:27.194Z","sequence":715,"loggerClassName":"org.jboss.logging.Logger","loggerName":"com.knime.enterprise.cloud.services.searchsync.impl.FullSyncService","level":"INFO","message":"Finished bulk request 4: OK","threadName":"I/O dispatcher 1","threadId":38,"mdc":{},"ndc":"","hostName":"search-sync-service-67d9ffbff9-96j49","processName":"quarkus-run.jar","processId":1}
{"timestamp":"2023-11-21T15:41:27.195Z","sequence":716,"loggerClassName":"org.jboss.logging.Logger","loggerName":"com.knime.enterprise.cloud.services.searchsync.impl.FullSyncService","level":"INFO","message":"Starting bulk request 6.","threadName":"executor-thread-9","threadId":48,"mdc":{},"ndc":"","hostName":"search-sync-service-67d9ffbff9-96j49","processName":"quarkus-run.jar","processId":1}
{"timestamp":"2023-11-21T15:41:27.196Z","sequence":717,"loggerClassName":"org.jboss.logging.Logger","loggerName":"com.knime.enterprise.cloud.services.searchsync.impl.FullSyncService","level":"INFO","message":"Index with name 'external_groups1700581287000' successfully created and aliased.","threadName":"executor-thread-8","threadId":47,"mdc":{},"ndc":"","hostName":"search-sync-service-67d9ffbff9-96j49","processName":"quarkus-run.jar","processId":1}
{"timestamp":"2023-11-21T15:41:27.196Z","sequence":718,"loggerClassName":"org.jboss.logging.Logger","loggerName":"com.knime.enterprise.cloud.services.searchsync.impl.FullSyncService","level":"INFO","message":"Attempting to clean indices of type 'EXTERNAL_GROUP'.","threadName":"executor-thread-8","threadId":47,"mdc":{},"ndc":"","hostName":"search-sync-service-67d9ffbff9-96j49","processName":"quarkus-run.jar","processId":1}
{"timestamp":"2023-11-21T15:41:27.198Z","sequence":719,"loggerClassName":"org.jboss.logging.Logger","loggerName":"com.knime.enterprise.cloud.services.searchsync.impl.FullSyncService","level":"INFO","message":"Nothing to clean.","threadName":"executor-thread-8","threadId":47,"mdc":{},"ndc":"","hostName":"search-sync-service-67d9ffbff9-96j49","processName":"quarkus-run.jar","processId":1}
{"timestamp":"2023-11-21T15:41:27.203Z","sequence":720,"loggerClassName":"org.jboss.logging.Logger","loggerName":"com.knime.enterprise.cloud.services.searchsync.impl.FullSyncService","level":"INFO","message":"Finished bulk request 5: OK","threadName":"I/O dispatcher 1","threadId":38,"mdc":{},"ndc":"","hostName":"search-sync-service-67d9ffbff9-96j49","processName":"quarkus-run.jar","processId":1}
{"timestamp":"2023-11-21T15:41:27.203Z","sequence":721,"loggerClassName":"org.jboss.logging.Logger","loggerName":"com.knime.enterprise.cloud.services.searchsync.impl.FullSyncService","level":"INFO","message":"Starting bulk request 7.","threadName":"executor-thread-9","threadId":48,"mdc":{},"ndc":"","hostName":"search-sync-service-67d9ffbff9-96j49","processName":"quarkus-run.jar","processId":1}
{"timestamp":"2023-11-21T15:41:27.211Z","sequence":722,"loggerClassName":"org.jboss.logging.Logger","loggerName":"com.knime.enterprise.cloud.services.searchsync.impl.FullSyncService","level":"INFO","message":"Finished bulk request 6: OK","threadName":"I/O dispatcher 1","threadId":38,"mdc":{},"ndc":"","hostName":"search-sync-service-67d9ffbff9-96j49","processName":"quarkus-run.jar","processId":1}
{"timestamp":"2023-11-21T15:41:27.212Z","sequence":723,"loggerClassName":"org.jboss.logging.Logger","loggerName":"com.knime.enterprise.cloud.services.searchsync.impl.FullSyncService","level":"INFO","message":"Starting bulk request 8.","threadName":"executor-thread-9","threadId":48,"mdc":{},"ndc":"","hostName":"search-sync-service-67d9ffbff9-96j49","processName":"quarkus-run.jar","processId":1}
{"timestamp":"2023-11-21T15:41:27.22Z","sequence":724,"loggerClassName":"org.jboss.logging.Logger","loggerName":"com.knime.enterprise.cloud.services.searchsync.impl.FullSyncService","level":"INFO","message":"Finished bulk request 7: OK","threadName":"I/O dispatcher 1","threadId":38,"mdc":{},"ndc":"","hostName":"search-sync-service-67d9ffbff9-96j49","processName":"quarkus-run.jar","processId":1}
{"timestamp":"2023-11-21T15:41:27.221Z","sequence":725,"loggerClassName":"org.jboss.logging.Logger","loggerName":"com.knime.enterprise.cloud.services.searchsync.impl.FullSyncService","level":"INFO","message":"Starting bulk request 9.","threadName":"executor-thread-9","threadId":48,"mdc":{},"ndc":"","hostName":"search-sync-service-67d9ffbff9-96j49","processName":"quarkus-run.jar","processId":1}
{"timestamp":"2023-11-21T15:41:27.23Z","sequence":726,"loggerClassName":"org.jboss.logging.Logger","loggerName":"com.knime.enterprise.cloud.services.searchsync.impl.FullSyncService","level":"INFO","message":"Finished bulk request 8: OK","threadName":"I/O dispatcher 1","threadId":38,"mdc":{},"ndc":"","hostName":"search-sync-service-67d9ffbff9-96j49","processName":"quarkus-run.jar","processId":1}
{"timestamp":"2023-11-21T15:41:27.23Z","sequence":727,"loggerClassName":"org.jboss.logging.Logger","loggerName":"com.knime.enterprise.cloud.services.searchsync.impl.FullSyncService","level":"INFO","message":"Starting bulk request 10.","threadName":"executor-thread-9","threadId":48,"mdc":{},"ndc":"","hostName":"search-sync-service-67d9ffbff9-96j49","processName":"quarkus-run.jar","processId":1}
{"timestamp":"2023-11-21T15:41:27.238Z","sequence":728,"loggerClassName":"org.jboss.logging.Logger","loggerName":"com.knime.enterprise.cloud.services.searchsync.impl.FullSyncService","level":"INFO","message":"Finished bulk request 9: OK","threadName":"I/O dispatcher 1","threadId":38,"mdc":{},"ndc":"","hostName":"search-sync-service-67d9ffbff9-96j49","processName":"quarkus-run.jar","processId":1}
{"timestamp":"2023-11-21T15:41:27.246Z","sequence":729,"loggerClassName":"org.jboss.logging.Logger","loggerName":"com.knime.enterprise.cloud.services.searchsync.impl.FullSyncService","level":"INFO","message":"Finished bulk request 10: OK","threadName":"I/O dispatcher 1","threadId":38,"mdc":{},"ndc":"","hostName":"search-sync-service-67d9ffbff9-96j49","processName":"quarkus-run.jar","processId":1}
{"timestamp":"2023-11-21T15:41:27.285Z","sequence":730,"loggerClassName":"org.jboss.logging.Logger","loggerName":"com.knime.enterprise.cloud.services.searchsync.impl.FullSyncService","level":"INFO","message":"Requesting to add alias for new index with name 'tags1700581287000'.","threadName":"executor-thread-9","threadId":48,"mdc":{},"ndc":"","hostName":"search-sync-service-67d9ffbff9-96j49","processName":"quarkus-run.jar","processId":1}
{"timestamp":"2023-11-21T15:41:27.319Z","sequence":731,"loggerClassName":"org.jboss.logging.Logger","loggerName":"com.knime.enterprise.cloud.services.searchsync.impl.FullSyncService","level":"INFO","message":"Index with name 'tags1700581287000' successfully created and aliased.","threadName":"executor-thread-9","threadId":48,"mdc":{},"ndc":"","hostName":"search-sync-service-67d9ffbff9-96j49","processName":"quarkus-run.jar","processId":1}
{"timestamp":"2023-11-21T15:41:27.319Z","sequence":732,"loggerClassName":"org.jboss.logging.Logger","loggerName":"com.knime.enterprise.cloud.services.searchsync.impl.FullSyncService","level":"INFO","message":"Attempting to clean indices of type 'TAG'.","threadName":"executor-thread-9","threadId":48,"mdc":{},"ndc":"","hostName":"search-sync-service-67d9ffbff9-96j49","processName":"quarkus-run.jar","processId":1}
{"timestamp":"2023-11-21T15:41:27.321Z","sequence":733,"loggerClassName":"org.jboss.logging.Logger","loggerName":"com.knime.enterprise.cloud.services.searchsync.impl.FullSyncService","level":"INFO","message":"Nothing to clean.","threadName":"executor-thread-9","threadId":48,"mdc":{},"ndc":"","hostName":"search-sync-service-67d9ffbff9-96j49","processName":"quarkus-run.jar","processId":1}
{"timestamp":"2023-11-21T15:51:27Z","sequence":734,"loggerClassName":"org.jboss.logging.Logger","loggerName":"com.knime.enterprise.cloud.services.searchsync.impl.FullSyncService","level":"INFO","message":"Start creation of new index for type: EXTERNAL_GROUP","threadName":"executor-thread-9","threadId":48,"mdc":{},"ndc":"","hostName":"search-sync-service-67d9ffbff9-96j49","processName":"quarkus-run.jar","processId":1}
{"timestamp":"2023-11-21T15:51:27Z","sequence":735,"loggerClassName":"org.jboss.logging.Logger","loggerName":"com.knime.enterprise.cloud.services.searchsync.impl.FullSyncService","level":"INFO","message":"Attempting to clean indices of type 'EXTERNAL_GROUP'.","threadName":"executor-thread-9","threadId":48,"mdc":{},"ndc":"","hostName":"search-sync-service-67d9ffbff9-96j49","processName":"quarkus-run.jar","processId":1}
{"timestamp":"2023-11-21T15:51:27Z","sequence":736,"loggerClassName":"org.jboss.logging.Logger","loggerName":"com.knime.enterprise.cloud.services.searchsync.impl.FullSyncService","level":"INFO","message":"Start creation of new index for type: TAG","threadName":"executor-thread-10","threadId":49,"mdc":{},"ndc":"","hostName":"search-sync-service-67d9ffbff9-96j49","processName":"quarkus-run.jar","processId":1}
{"timestamp":"2023-11-21T15:51:27Z","sequence":737,"loggerClassName":"org.jboss.logging.Logger","loggerName":"com.knime.enterprise.cloud.services.searchsync.impl.FullSyncService","level":"INFO","message":"Attempting to clean indices of type 'TAG'.","threadName":"executor-thread-10","threadId":49,"mdc":{},"ndc":"","hostName":"search-sync-service-67d9ffbff9-96j49","processName":"quarkus-run.jar","processId":1}
{"timestamp":"2023-11-21T15:51:27.003Z","sequence":738,"loggerClassName":"org.jboss.logging.Logger","loggerName":"com.knime.enterprise.cloud.services.searchsync.impl.FullSyncService","level":"INFO","message":"Nothing to clean.","threadName":"executor-thread-9","threadId":48,"mdc":{},"ndc":"","hostName":"search-sync-service-67d9ffbff9-96j49","processName":"quarkus-run.jar","processId":1}
{"timestamp":"2023-11-21T15:51:27.003Z","sequence":739,"loggerClassName":"org.jboss.logging.Logger","loggerName":"com.knime.enterprise.cloud.services.searchsync.impl.FullSyncService","level":"INFO","message":"Nothing to clean.","threadName":"executor-thread-10","threadId":49,"mdc":{},"ndc":"","hostName":"search-sync-service-67d9ffbff9-96j49","processName":"quarkus-run.jar","processId":1}
{"timestamp":"2023-11-21T15:51:27.003Z","sequence":740,"loggerClassName":"org.jboss.logging.Logger","loggerName":"com.knime.enterprise.cloud.services.searchsync.impl.FullSyncService","level":"INFO","message":"Requesting creation of index of type 'EXTERNAL_GROUP'.","threadName":"executor-thread-9","threadId":48,"mdc":{},"ndc":"","hostName":"search-sync-service-67d9ffbff9-96j49","processName":"quarkus-run.jar","processId":1}
{"timestamp":"2023-11-21T15:51:27.004Z","sequence":741,"loggerClassName":"org.jboss.logging.Logger","loggerName":"com.knime.enterprise.cloud.services.searchsync.impl.FullSyncService","level":"INFO","message":"Requesting creation of index of type 'TAG'.","threadName":"executor-thread-10","threadId":49,"mdc":{},"ndc":"","hostName":"search-sync-service-67d9ffbff9-96j49","processName":"quarkus-run.jar","processId":1}
{"timestamp":"2023-11-21T15:51:27.119Z","sequence":742,"loggerClassName":"org.jboss.logging.Logger","loggerName":"com.knime.enterprise.cloud.services.searchsync.impl.FullSyncService","level":"INFO","message":"Index of type 'EXTERNAL_GROUP' successfully created: 'external_groups1700581887000'.","threadName":"executor-thread-9","threadId":48,"mdc":{},"ndc":"","hostName":"search-sync-service-67d9ffbff9-96j49","processName":"quarkus-run.jar","processId":1}
{"timestamp":"2023-11-21T15:51:27.152Z","sequence":743,"loggerClassName":"org.jboss.logging.Logger","loggerName":"com.knime.enterprise.cloud.services.searchsync.impl.FullSyncService","level":"INFO","message":"Accounts service retrieved the hub global account.","threadName":"executor-thread-9","threadId":48,"mdc":{},"ndc":"","hostName":"search-sync-service-67d9ffbff9-96j49","processName":"quarkus-run.jar","processId":1}
{"timestamp":"2023-11-21T15:51:27.152Z","sequence":744,"loggerClassName":"org.jboss.logging.Logger","loggerName":"com.knime.enterprise.cloud.services.searchsync.impl.FullSyncService","level":"INFO","message":"Accounts service returned 0 external groups.","threadName":"executor-thread-9","threadId":48,"mdc":{},"ndc":"","hostName":"search-sync-service-67d9ffbff9-96j49","processName":"quarkus-run.jar","processId":1}
{"timestamp":"2023-11-21T15:51:27.152Z","sequence":745,"loggerClassName":"org.jboss.logging.Logger","loggerName":"com.knime.enterprise.cloud.services.searchsync.impl.FullSyncService","level":"INFO","message":"Start bulk index of :'external_groups1700581887000'","threadName":"executor-thread-9","threadId":48,"mdc":{},"ndc":"","hostName":"search-sync-service-67d9ffbff9-96j49","processName":"quarkus-run.jar","processId":1}
{"timestamp":"2023-11-21T15:51:27.152Z","sequence":746,"loggerClassName":"org.jboss.logging.Logger","loggerName":"com.knime.enterprise.cloud.services.searchsync.impl.FullSyncService","level":"INFO","message":"0 items has been added to 'external_groups' index (out of 0 items retrieved).","threadName":"executor-thread-9","threadId":48,"mdc":{},"ndc":"","hostName":"search-sync-service-67d9ffbff9-96j49","processName":"quarkus-run.jar","processId":1}
{"timestamp":"2023-11-21T15:51:27.154Z","sequence":747,"loggerClassName":"org.jboss.logging.Logger","loggerName":"com.knime.enterprise.cloud.services.searchsync.impl.FullSyncService","level":"INFO","message":"Index of type 'TAG' successfully created: 'tags1700581887000'.","threadName":"executor-thread-10","threadId":49,"mdc":{},"ndc":"","hostName":"search-sync-service-67d9ffbff9-96j49","processName":"quarkus-run.jar","processId":1}
{"timestamp":"2023-11-21T15:51:27.155Z","sequence":748,"loggerClassName":"org.jboss.logging.Logger","loggerName":"com.knime.enterprise.cloud.services.searchsync.impl.FullSyncService","level":"INFO","message":"Requesting to add alias for new index with name 'external_groups1700581887000'.","threadName":"executor-thread-9","threadId":48,"mdc":{},"ndc":"","hostName":"search-sync-service-67d9ffbff9-96j49","processName":"quarkus-run.jar","processId":1}
{"timestamp":"2023-11-21T15:51:27.159Z","sequence":749,"loggerClassName":"org.jboss.logging.Logger","loggerName":"com.knime.enterprise.cloud.services.searchsync.impl.FullSyncService","level":"INFO","message":"Starting bulk request 1.","threadName":"executor-thread-10","threadId":49,"mdc":{},"ndc":"","hostName":"search-sync-service-67d9ffbff9-96j49","processName":"quarkus-run.jar","processId":1}
{"timestamp":"2023-11-21T15:51:27.16Z","sequence":750,"loggerClassName":"org.jboss.logging.Logger","loggerName":"com.knime.enterprise.cloud.services.searchsync.impl.FullSyncService","level":"INFO","message":"Starting bulk request 2.","threadName":"executor-thread-10","threadId":49,"mdc":{},"ndc":"","hostName":"search-sync-service-67d9ffbff9-96j49","processName":"quarkus-run.jar","processId":1}
{"timestamp":"2023-11-21T15:51:27.17Z","sequence":751,"loggerClassName":"org.jboss.logging.Logger","loggerName":"com.knime.enterprise.cloud.services.searchsync.impl.FullSyncService","level":"INFO","message":"Finished bulk request 1: OK","threadName":"I/O dispatcher 1","threadId":38,"mdc":{},"ndc":"","hostName":"search-sync-service-67d9ffbff9-96j49","processName":"quarkus-run.jar","processId":1}
{"timestamp":"2023-11-21T15:51:27.171Z","sequence":752,"loggerClassName":"org.jboss.logging.Logger","loggerName":"com.knime.enterprise.cloud.services.searchsync.impl.FullSyncService","level":"INFO","message":"Starting bulk request 3.","threadName":"executor-thread-10","threadId":49,"mdc":{},"ndc":"","hostName":"search-sync-service-67d9ffbff9-96j49","processName":"quarkus-run.jar","processId":1}
{"timestamp":"2023-11-21T15:51:27.181Z","sequence":753,"loggerClassName":"org.jboss.logging.Logger","loggerName":"com.knime.enterprise.cloud.services.searchsync.impl.FullSyncService","level":"INFO","message":"Finished bulk request 2: OK","threadName":"I/O dispatcher 1","threadId":38,"mdc":{},"ndc":"","hostName":"search-sync-service-67d9ffbff9-96j49","processName":"quarkus-run.jar","processId":1}
{"timestamp":"2023-11-21T15:51:27.182Z","sequence":754,"loggerClassName":"org.jboss.logging.Logger","loggerName":"com.knime.enterprise.cloud.services.searchsync.impl.FullSyncService","level":"INFO","message":"Starting bulk request 4.","threadName":"executor-thread-10","threadId":49,"mdc":{},"ndc":"","hostName":"search-sync-service-67d9ffbff9-96j49","processName":"quarkus-run.jar","processId":1}
{"timestamp":"2023-11-21T15:51:27.19Z","sequence":755,"loggerClassName":"org.jboss.logging.Logger","loggerName":"com.knime.enterprise.cloud.services.searchsync.impl.FullSyncService","level":"INFO","message":"Finished bulk request 3: OK","threadName":"I/O dispatcher 1","threadId":38,"mdc":{},"ndc":"","hostName":"search-sync-service-67d9ffbff9-96j49","processName":"quarkus-run.jar","processId":1}
{"timestamp":"2023-11-21T15:51:27.191Z","sequence":756,"loggerClassName":"org.jboss.logging.Logger","loggerName":"com.knime.enterprise.cloud.services.searchsync.impl.FullSyncService","level":"INFO","message":"Starting bulk request 5.","threadName":"executor-thread-10","threadId":49,"mdc":{},"ndc":"","hostName":"search-sync-service-67d9ffbff9-96j49","processName":"quarkus-run.jar","processId":1}
{"timestamp":"2023-11-21T15:51:27.196Z","sequence":757,"loggerClassName":"org.jboss.logging.Logger","loggerName":"com.knime.enterprise.cloud.services.searchsync.impl.FullSyncService","level":"INFO","message":"Index with name 'external_groups1700581887000' successfully created and aliased.","threadName":"executor-thread-9","threadId":48,"mdc":{},"ndc":"","hostName":"search-sync-service-67d9ffbff9-96j49","processName":"quarkus-run.jar","processId":1}
{"timestamp":"2023-11-21T15:51:27.196Z","sequence":758,"loggerClassName":"org.jboss.logging.Logger","loggerName":"com.knime.enterprise.cloud.services.searchsync.impl.FullSyncService","level":"INFO","message":"Attempting to clean indices of type 'EXTERNAL_GROUP'.","threadName":"executor-thread-9","threadId":48,"mdc":{},"ndc":"","hostName":"search-sync-service-67d9ffbff9-96j49","processName":"quarkus-run.jar","processId":1}
{"timestamp":"2023-11-21T15:51:27.198Z","sequence":759,"loggerClassName":"org.jboss.logging.Logger","loggerName":"com.knime.enterprise.cloud.services.searchsync.impl.FullSyncService","level":"INFO","message":"Nothing to clean.","threadName":"executor-thread-9","threadId":48,"mdc":{},"ndc":"","hostName":"search-sync-service-67d9ffbff9-96j49","processName":"quarkus-run.jar","processId":1}
{"timestamp":"2023-11-21T15:51:27.202Z","sequence":760,"loggerClassName":"org.jboss.logging.Logger","loggerName":"com.knime.enterprise.cloud.services.searchsync.impl.FullSyncService","level":"INFO","message":"Finished bulk request 4: OK","threadName":"I/O dispatcher 1","threadId":38,"mdc":{},"ndc":"","hostName":"search-sync-service-67d9ffbff9-96j49","processName":"quarkus-run.jar","processId":1}
{"timestamp":"2023-11-21T15:51:27.203Z","sequence":761,"loggerClassName":"org.jboss.logging.Logger","loggerName":"com.knime.enterprise.cloud.services.searchsync.impl.FullSyncService","level":"INFO","message":"Starting bulk request 6.","threadName":"executor-thread-10","threadId":49,"mdc":{},"ndc":"","hostName":"search-sync-service-67d9ffbff9-96j49","processName":"quarkus-run.jar","processId":1}
{"timestamp":"2023-11-21T15:51:27.211Z","sequence":762,"loggerClassName":"org.jboss.logging.Logger","loggerName":"com.knime.enterprise.cloud.services.searchsync.impl.FullSyncService","level":"INFO","message":"Finished bulk request 5: OK","threadName":"I/O dispatcher 1","threadId":38,"mdc":{},"ndc":"","hostName":"search-sync-service-67d9ffbff9-96j49","processName":"quarkus-run.jar","processId":1}
{"timestamp":"2023-11-21T15:51:27.212Z","sequence":763,"loggerClassName":"org.jboss.logging.Logger","loggerName":"com.knime.enterprise.cloud.services.searchsync.impl.FullSyncService","level":"INFO","message":"Starting bulk request 7.","threadName":"executor-thread-10","threadId":49,"mdc":{},"ndc":"","hostName":"search-sync-service-67d9ffbff9-96j49","processName":"quarkus-run.jar","processId":1}
{"timestamp":"2023-11-21T15:51:27.222Z","sequence":764,"loggerClassName":"org.jboss.logging.Logger","loggerName":"com.knime.enterprise.cloud.services.searchsync.impl.FullSyncService","level":"INFO","message":"Finished bulk request 6: OK","threadName":"I/O dispatcher 1","threadId":38,"mdc":{},"ndc":"","hostName":"search-sync-service-67d9ffbff9-96j49","processName":"quarkus-run.jar","processId":1}
{"timestamp":"2023-11-21T15:51:27.222Z","sequence":765,"loggerClassName":"org.jboss.logging.Logger","loggerName":"com.knime.enterprise.cloud.services.searchsync.impl.FullSyncService","level":"INFO","message":"Starting bulk request 8.","threadName":"executor-thread-10","threadId":49,"mdc":{},"ndc":"","hostName":"search-sync-service-67d9ffbff9-96j49","processName":"quarkus-run.jar","processId":1}
{"timestamp":"2023-11-21T15:51:27.231Z","sequence":766,"loggerClassName":"org.jboss.logging.Logger","loggerName":"com.knime.enterprise.cloud.services.searchsync.impl.FullSyncService","level":"INFO","message":"Finished bulk request 7: OK","threadName":"I/O dispatcher 1","threadId":38,"mdc":{},"ndc":"","hostName":"search-sync-service-67d9ffbff9-96j49","processName":"quarkus-run.jar","processId":1}
{"timestamp":"2023-11-21T15:51:27.232Z","sequence":767,"loggerClassName":"org.jboss.logging.Logger","loggerName":"com.knime.enterprise.cloud.services.searchsync.impl.FullSyncService","level":"INFO","message":"Starting bulk request 9.","threadName":"executor-thread-10","threadId":49,"mdc":{},"ndc":"","hostName":"search-sync-service-67d9ffbff9-96j49","processName":"quarkus-run.jar","processId":1}
{"timestamp":"2023-11-21T15:51:27.241Z","sequence":768,"loggerClassName":"org.jboss.logging.Logger","loggerName":"com.knime.enterprise.cloud.services.searchsync.impl.FullSyncService","level":"INFO","message":"Finished bulk request 8: OK","threadName":"I/O dispatcher 1","threadId":38,"mdc":{},"ndc":"","hostName":"search-sync-service-67d9ffbff9-96j49","processName":"quarkus-run.jar","processId":1}
{"timestamp":"2023-11-21T15:51:27.242Z","sequence":769,"loggerClassName":"org.jboss.logging.Logger","loggerName":"com.knime.enterprise.cloud.services.searchsync.impl.FullSyncService","level":"INFO","message":"Starting bulk request 10.","threadName":"executor-thread-10","threadId":49,"mdc":{},"ndc":"","hostName":"search-sync-service-67d9ffbff9-96j49","processName":"quarkus-run.jar","processId":1}
{"timestamp":"2023-11-21T15:51:27.259Z","sequence":770,"loggerClassName":"org.jboss.logging.Logger","loggerName":"com.knime.enterprise.cloud.services.searchsync.impl.FullSyncService","level":"INFO","message":"Finished bulk request 9: OK","threadName":"I/O dispatcher 1","threadId":38,"mdc":{},"ndc":"","hostName":"search-sync-service-67d9ffbff9-96j49","processName":"quarkus-run.jar","processId":1}
{"timestamp":"2023-11-21T15:51:27.268Z","sequence":771,"loggerClassName":"org.jboss.logging.Logger","loggerName":"com.knime.enterprise.cloud.services.searchsync.impl.FullSyncService","level":"INFO","message":"Finished bulk request 10: OK","threadName":"I/O dispatcher 1","threadId":38,"mdc":{},"ndc":"","hostName":"search-sync-service-67d9ffbff9-96j49","processName":"quarkus-run.jar","processId":1}
{"timestamp":"2023-11-21T15:51:27.308Z","sequence":772,"loggerClassName":"org.jboss.logging.Logger","loggerName":"com.knime.enterprise.cloud.services.searchsync.impl.FullSyncService","level":"INFO","message":"Requesting to add alias for new index with name 'tags1700581887000'.","threadName":"executor-thread-10","threadId":49,"mdc":{},"ndc":"","hostName":"search-sync-service-67d9ffbff9-96j49","processName":"quarkus-run.jar","processId":1}
{"timestamp":"2023-11-21T15:51:27.344Z","sequence":773,"loggerClassName":"org.jboss.logging.Logger","loggerName":"com.knime.enterprise.cloud.services.searchsync.impl.FullSyncService","level":"INFO","message":"Index with name 'tags1700581887000' successfully created and aliased.","threadName":"executor-thread-10","threadId":49,"mdc":{},"ndc":"","hostName":"search-sync-service-67d9ffbff9-96j49","processName":"quarkus-run.jar","processId":1}
{"timestamp":"2023-11-21T15:51:27.344Z","sequence":774,"loggerClassName":"org.jboss.logging.Logger","loggerName":"com.knime.enterprise.cloud.services.searchsync.impl.FullSyncService","level":"INFO","message":"Attempting to clean indices of type 'TAG'.","threadName":"executor-thread-10","threadId":49,"mdc":{},"ndc":"","hostName":"search-sync-service-67d9ffbff9-96j49","processName":"quarkus-run.jar","processId":1}
{"timestamp":"2023-11-21T15:51:27.352Z","sequence":775,"loggerClassName":"org.jboss.logging.Logger","loggerName":"com.knime.enterprise.cloud.services.searchsync.impl.FullSyncService","level":"INFO","message":"Nothing to clean.","threadName":"executor-thread-10","threadId":49,"mdc":{},"ndc":"","hostName":"search-sync-service-67d9ffbff9-96j49","processName":"quarkus-run.jar","processId":1}
{"timestamp":"2023-11-21T16:01:27Z","sequence":776,"loggerClassName":"org.jboss.logging.Logger","loggerName":"com.knime.enterprise.cloud.services.searchsync.impl.FullSyncService","level":"INFO","message":"Start creation of new index for type: EXTERNAL_GROUP","threadName":"executor-thread-10","threadId":49,"mdc":{},"ndc":"","hostName":"search-sync-service-67d9ffbff9-96j49","processName":"quarkus-run.jar","processId":1}
{"timestamp":"2023-11-21T16:01:27Z","sequence":777,"loggerClassName":"org.jboss.logging.Logger","loggerName":"com.knime.enterprise.cloud.services.searchsync.impl.FullSyncService","level":"INFO","message":"Attempting to clean indices of type 'EXTERNAL_GROUP'.","threadName":"executor-thread-10","threadId":49,"mdc":{},"ndc":"","hostName":"search-sync-service-67d9ffbff9-96j49","processName":"quarkus-run.jar","processId":1}
{"timestamp":"2023-11-21T16:01:27Z","sequence":778,"loggerClassName":"org.jboss.logging.Logger","loggerName":"com.knime.enterprise.cloud.services.searchsync.impl.FullSyncService","level":"INFO","message":"Start creation of new index for type: TAG","threadName":"executor-thread-11","threadId":50,"mdc":{},"ndc":"","hostName":"search-sync-service-67d9ffbff9-96j49","processName":"quarkus-run.jar","processId":1}
{"timestamp":"2023-11-21T16:01:27Z","sequence":779,"loggerClassName":"org.jboss.logging.Logger","loggerName":"com.knime.enterprise.cloud.services.searchsync.impl.FullSyncService","level":"INFO","message":"Attempting to clean indices of type 'TAG'.","threadName":"executor-thread-11","threadId":50,"mdc":{},"ndc":"","hostName":"search-sync-service-67d9ffbff9-96j49","processName":"quarkus-run.jar","processId":1}
{"timestamp":"2023-11-21T16:01:27.003Z","sequence":780,"loggerClassName":"org.jboss.logging.Logger","loggerName":"com.knime.enterprise.cloud.services.searchsync.impl.FullSyncService","level":"INFO","message":"Nothing to clean.","threadName":"executor-thread-10","threadId":49,"mdc":{},"ndc":"","hostName":"search-sync-service-67d9ffbff9-96j49","processName":"quarkus-run.jar","processId":1}
{"timestamp":"2023-11-21T16:01:27.003Z","sequence":781,"loggerClassName":"org.jboss.logging.Logger","loggerName":"com.knime.enterprise.cloud.services.searchsync.impl.FullSyncService","level":"INFO","message":"Requesting creation of index of type 'EXTERNAL_GROUP'.","threadName":"executor-thread-10","threadId":49,"mdc":{},"ndc":"","hostName":"search-sync-service-67d9ffbff9-96j49","processName":"quarkus-run.jar","processId":1}
{"timestamp":"2023-11-21T16:01:27.003Z","sequence":782,"loggerClassName":"org.jboss.logging.Logger","loggerName":"com.knime.enterprise.cloud.services.searchsync.impl.FullSyncService","level":"INFO","message":"Nothing to clean.","threadName":"executor-thread-11","threadId":50,"mdc":{},"ndc":"","hostName":"search-sync-service-67d9ffbff9-96j49","processName":"quarkus-run.jar","processId":1}
{"timestamp":"2023-11-21T16:01:27.004Z","sequence":783,"loggerClassName":"org.jboss.logging.Logger","loggerName":"com.knime.enterprise.cloud.services.searchsync.impl.FullSyncService","level":"INFO","message":"Requesting creation of index of type 'TAG'.","threadName":"executor-thread-11","threadId":50,"mdc":{},"ndc":"","hostName":"search-sync-service-67d9ffbff9-96j49","processName":"quarkus-run.jar","processId":1}
{"timestamp":"2023-11-21T16:01:27.119Z","sequence":784,"loggerClassName":"org.jboss.logging.Logger","loggerName":"com.knime.enterprise.cloud.services.searchsync.impl.FullSyncService","level":"INFO","message":"Index of type 'EXTERNAL_GROUP' successfully created: 'external_groups1700582487000'.","threadName":"executor-thread-10","threadId":49,"mdc":{},"ndc":"","hostName":"search-sync-service-67d9ffbff9-96j49","processName":"quarkus-run.jar","processId":1}
{"timestamp":"2023-11-21T16:01:27.154Z","sequence":785,"loggerClassName":"org.jboss.logging.Logger","loggerName":"com.knime.enterprise.cloud.services.searchsync.impl.FullSyncService","level":"INFO","message":"Index of type 'TAG' successfully created: 'tags1700582487000'.","threadName":"executor-thread-11","threadId":50,"mdc":{},"ndc":"","hostName":"search-sync-service-67d9ffbff9-96j49","processName":"quarkus-run.jar","processId":1}
{"timestamp":"2023-11-21T16:01:27.159Z","sequence":786,"loggerClassName":"org.jboss.logging.Logger","loggerName":"com.knime.enterprise.cloud.services.searchsync.impl.FullSyncService","level":"INFO","message":"Accounts service retrieved the hub global account.","threadName":"executor-thread-10","threadId":49,"mdc":{},"ndc":"","hostName":"search-sync-service-67d9ffbff9-96j49","processName":"quarkus-run.jar","processId":1}
{"timestamp":"2023-11-21T16:01:27.159Z","sequence":787,"loggerClassName":"org.jboss.logging.Logger","loggerName":"com.knime.enterprise.cloud.services.searchsync.impl.FullSyncService","level":"INFO","message":"Accounts service returned 0 external groups.","threadName":"executor-thread-10","threadId":49,"mdc":{},"ndc":"","hostName":"search-sync-service-67d9ffbff9-96j49","processName":"quarkus-run.jar","processId":1}
{"timestamp":"2023-11-21T16:01:27.159Z","sequence":788,"loggerClassName":"org.jboss.logging.Logger","loggerName":"com.knime.enterprise.cloud.services.searchsync.impl.FullSyncService","level":"INFO","message":"Starting bulk request 1.","threadName":"executor-thread-11","threadId":50,"mdc":{},"ndc":"","hostName":"search-sync-service-67d9ffbff9-96j49","processName":"quarkus-run.jar","processId":1}
{"timestamp":"2023-11-21T16:01:27.159Z","sequence":789,"loggerClassName":"org.jboss.logging.Logger","loggerName":"com.knime.enterprise.cloud.services.searchsync.impl.FullSyncService","level":"INFO","message":"Start bulk index of :'external_groups1700582487000'","threadName":"executor-thread-10","threadId":49,"mdc":{},"ndc":"","hostName":"search-sync-service-67d9ffbff9-96j49","processName":"quarkus-run.jar","processId":1}
{"timestamp":"2023-11-21T16:01:27.16Z","sequence":790,"loggerClassName":"org.jboss.logging.Logger","loggerName":"com.knime.enterprise.cloud.services.searchsync.impl.FullSyncService","level":"INFO","message":"0 items has been added to 'external_groups' index (out of 0 items retrieved).","threadName":"executor-thread-10","threadId":49,"mdc":{},"ndc":"","hostName":"search-sync-service-67d9ffbff9-96j49","processName":"quarkus-run.jar","processId":1}
{"timestamp":"2023-11-21T16:01:27.16Z","sequence":791,"loggerClassName":"org.jboss.logging.Logger","loggerName":"com.knime.enterprise.cloud.services.searchsync.impl.FullSyncService","level":"INFO","message":"Starting bulk request 2.","threadName":"executor-thread-11","threadId":50,"mdc":{},"ndc":"","hostName":"search-sync-service-67d9ffbff9-96j49","processName":"quarkus-run.jar","processId":1}
{"timestamp":"2023-11-21T16:01:27.163Z","sequence":792,"loggerClassName":"org.jboss.logging.Logger","loggerName":"com.knime.enterprise.cloud.services.searchsync.impl.FullSyncService","level":"INFO","message":"Requesting to add alias for new index with name 'external_groups1700582487000'.","threadName":"executor-thread-10","threadId":49,"mdc":{},"ndc":"","hostName":"search-sync-service-67d9ffbff9-96j49","processName":"quarkus-run.jar","processId":1}
{"timestamp":"2023-11-21T16:01:27.171Z","sequence":793,"loggerClassName":"org.jboss.logging.Logger","loggerName":"com.knime.enterprise.cloud.services.searchsync.impl.FullSyncService","level":"INFO","message":"Finished bulk request 1: OK","threadName":"I/O dispatcher 1","threadId":38,"mdc":{},"ndc":"","hostName":"search-sync-service-67d9ffbff9-96j49","processName":"quarkus-run.jar","processId":1}
{"timestamp":"2023-11-21T16:01:27.171Z","sequence":794,"loggerClassName":"org.jboss.logging.Logger","loggerName":"com.knime.enterprise.cloud.services.searchsync.impl.FullSyncService","level":"INFO","message":"Starting bulk request 3.","threadName":"executor-thread-11","threadId":50,"mdc":{},"ndc":"","hostName":"search-sync-service-67d9ffbff9-96j49","processName":"quarkus-run.jar","processId":1}
{"timestamp":"2023-11-21T16:01:27.181Z","sequence":795,"loggerClassName":"org.jboss.logging.Logger","loggerName":"com.knime.enterprise.cloud.services.searchsync.impl.FullSyncService","level":"INFO","message":"Finished bulk request 2: OK","threadName":"I/O dispatcher 1","threadId":38,"mdc":{},"ndc":"","hostName":"search-sync-service-67d9ffbff9-96j49","processName":"quarkus-run.jar","processId":1}
{"timestamp":"2023-11-21T16:01:27.181Z","sequence":796,"loggerClassName":"org.jboss.logging.Logger","loggerName":"com.knime.enterprise.cloud.services.searchsync.impl.FullSyncService","level":"INFO","message":"Starting bulk request 4.","threadName":"executor-thread-11","threadId":50,"mdc":{},"ndc":"","hostName":"search-sync-service-67d9ffbff9-96j49","processName":"quarkus-run.jar","processId":1}
{"timestamp":"2023-11-21T16:01:27.191Z","sequence":797,"loggerClassName":"org.jboss.logging.Logger","loggerName":"com.knime.enterprise.cloud.services.searchsync.impl.FullSyncService","level":"INFO","message":"Finished bulk request 3: OK","threadName":"I/O dispatcher 1","threadId":38,"mdc":{},"ndc":"","hostName":"search-sync-service-67d9ffbff9-96j49","processName":"quarkus-run.jar","processId":1}
{"timestamp":"2023-11-21T16:01:27.192Z","sequence":798,"loggerClassName":"org.jboss.logging.Logger","loggerName":"com.knime.enterprise.cloud.services.searchsync.impl.FullSyncService","level":"INFO","message":"Starting bulk request 5.","threadName":"executor-thread-11","threadId":50,"mdc":{},"ndc":"","hostName":"search-sync-service-67d9ffbff9-96j49","processName":"quarkus-run.jar","processId":1}
{"timestamp":"2023-11-21T16:01:27.202Z","sequence":799,"loggerClassName":"org.jboss.logging.Logger","loggerName":"com.knime.enterprise.cloud.services.searchsync.impl.FullSyncService","level":"INFO","message":"Index with name 'external_groups1700582487000' successfully created and aliased.","threadName":"executor-thread-10","threadId":49,"mdc":{},"ndc":"","hostName":"search-sync-service-67d9ffbff9-96j49","processName":"quarkus-run.jar","processId":1}
{"timestamp":"2023-11-21T16:01:27.202Z","sequence":800,"loggerClassName":"org.jboss.logging.Logger","loggerName":"com.knime.enterprise.cloud.services.searchsync.impl.FullSyncService","level":"INFO","message":"Attempting to clean indices of type 'EXTERNAL_GROUP'.","threadName":"executor-thread-10","threadId":49,"mdc":{},"ndc":"","hostName":"search-sync-service-67d9ffbff9-96j49","processName":"quarkus-run.jar","processId":1}
{"timestamp":"2023-11-21T16:01:27.204Z","sequence":801,"loggerClassName":"org.jboss.logging.Logger","loggerName":"com.knime.enterprise.cloud.services.searchsync.impl.FullSyncService","level":"INFO","message":"Nothing to clean.","threadName":"executor-thread-10","threadId":49,"mdc":{},"ndc":"","hostName":"search-sync-service-67d9ffbff9-96j49","processName":"quarkus-run.jar","processId":1}
{"timestamp":"2023-11-21T16:01:27.205Z","sequence":802,"loggerClassName":"org.jboss.logging.Logger","loggerName":"com.knime.enterprise.cloud.services.searchsync.impl.FullSyncService","level":"INFO","message":"Finished bulk request 4: OK","threadName":"I/O dispatcher 1","threadId":38,"mdc":{},"ndc":"","hostName":"search-sync-service-67d9ffbff9-96j49","processName":"quarkus-run.jar","processId":1}
{"timestamp":"2023-11-21T16:01:27.205Z","sequence":803,"loggerClassName":"org.jboss.logging.Logger","loggerName":"com.knime.enterprise.cloud.services.searchsync.impl.FullSyncService","level":"INFO","message":"Starting bulk request 6.","threadName":"executor-thread-11","threadId":50,"mdc":{},"ndc":"","hostName":"search-sync-service-67d9ffbff9-96j49","processName":"quarkus-run.jar","processId":1}
{"timestamp":"2023-11-21T16:01:27.216Z","sequence":804,"loggerClassName":"org.jboss.logging.Logger","loggerName":"com.knime.enterprise.cloud.services.searchsync.impl.FullSyncService","level":"INFO","message":"Finished bulk request 5: OK","threadName":"I/O dispatcher 1","threadId":38,"mdc":{},"ndc":"","hostName":"search-sync-service-67d9ffbff9-96j49","processName":"quarkus-run.jar","processId":1}
{"timestamp":"2023-11-21T16:01:27.217Z","sequence":805,"loggerClassName":"org.jboss.logging.Logger","loggerName":"com.knime.enterprise.cloud.services.searchsync.impl.FullSyncService","level":"INFO","message":"Starting bulk request 7.","threadName":"executor-thread-11","threadId":50,"mdc":{},"ndc":"","hostName":"search-sync-service-67d9ffbff9-96j49","processName":"quarkus-run.jar","processId":1}
{"timestamp":"2023-11-21T16:01:27.226Z","sequence":806,"loggerClassName":"org.jboss.logging.Logger","loggerName":"com.knime.enterprise.cloud.services.searchsync.impl.FullSyncService","level":"INFO","message":"Finished bulk request 6: OK","threadName":"I/O dispatcher 1","threadId":38,"mdc":{},"ndc":"","hostName":"search-sync-service-67d9ffbff9-96j49","processName":"quarkus-run.jar","processId":1}
{"timestamp":"2023-11-21T16:01:27.226Z","sequence":807,"loggerClassName":"org.jboss.logging.Logger","loggerName":"com.knime.enterprise.cloud.services.searchsync.impl.FullSyncService","level":"INFO","message":"Starting bulk request 8.","threadName":"executor-thread-11","threadId":50,"mdc":{},"ndc":"","hostName":"search-sync-service-67d9ffbff9-96j49","processName":"quarkus-run.jar","processId":1}
{"timestamp":"2023-11-21T16:01:27.238Z","sequence":808,"loggerClassName":"org.jboss.logging.Logger","loggerName":"com.knime.enterprise.cloud.services.searchsync.impl.FullSyncService","level":"INFO","message":"Finished bulk request 7: OK","threadName":"I/O dispatcher 1","threadId":38,"mdc":{},"ndc":"","hostName":"search-sync-service-67d9ffbff9-96j49","processName":"quarkus-run.jar","processId":1}
{"timestamp":"2023-11-21T16:01:27.238Z","sequence":809,"loggerClassName":"org.jboss.logging.Logger","loggerName":"com.knime.enterprise.cloud.services.searchsync.impl.FullSyncService","level":"INFO","message":"Starting bulk request 9.","threadName":"executor-thread-11","threadId":50,"mdc":{},"ndc":"","hostName":"search-sync-service-67d9ffbff9-96j49","processName":"quarkus-run.jar","processId":1}
{"timestamp":"2023-11-21T16:01:27.255Z","sequence":810,"loggerClassName":"org.jboss.logging.Logger","loggerName":"com.knime.enterprise.cloud.services.searchsync.impl.FullSyncService","level":"INFO","message":"Finished bulk request 8: OK","threadName":"I/O dispatcher 1","threadId":38,"mdc":{},"ndc":"","hostName":"search-sync-service-67d9ffbff9-96j49","processName":"quarkus-run.jar","processId":1}
{"timestamp":"2023-11-21T16:01:27.256Z","sequence":811,"loggerClassName":"org.jboss.logging.Logger","loggerName":"com.knime.enterprise.cloud.services.searchsync.impl.FullSyncService","level":"INFO","message":"Starting bulk request 10.","threadName":"executor-thread-11","threadId":50,"mdc":{},"ndc":"","hostName":"search-sync-service-67d9ffbff9-96j49","processName":"quarkus-run.jar","processId":1}
{"timestamp":"2023-11-21T16:01:27.267Z","sequence":812,"loggerClassName":"org.jboss.logging.Logger","loggerName":"com.knime.enterprise.cloud.services.searchsync.impl.FullSyncService","level":"INFO","message":"Finished bulk request 9: OK","threadName":"I/O dispatcher 1","threadId":38,"mdc":{},"ndc":"","hostName":"search-sync-service-67d9ffbff9-96j49","processName":"quarkus-run.jar","processId":1}
{"timestamp":"2023-11-21T16:01:27.276Z","sequence":813,"loggerClassName":"org.jboss.logging.Logger","loggerName":"com.knime.enterprise.cloud.services.searchsync.impl.FullSyncService","level":"INFO","message":"Finished bulk request 10: OK","threadName":"I/O dispatcher 1","threadId":38,"mdc":{},"ndc":"","hostName":"search-sync-service-67d9ffbff9-96j49","processName":"quarkus-run.jar","processId":1}
{"timestamp":"2023-11-21T16:01:27.315Z","sequence":814,"loggerClassName":"org.jboss.logging.Logger","loggerName":"com.knime.enterprise.cloud.services.searchsync.impl.FullSyncService","level":"INFO","message":"Requesting to add alias for new index with name 'tags1700582487000'.","threadName":"executor-thread-11","threadId":50,"mdc":{},"ndc":"","hostName":"search-sync-service-67d9ffbff9-96j49","processName":"quarkus-run.jar","processId":1}
{"timestamp":"2023-11-21T16:01:27.357Z","sequence":815,"loggerClassName":"org.jboss.logging.Logger","loggerName":"com.knime.enterprise.cloud.services.searchsync.impl.FullSyncService","level":"INFO","message":"Index with name 'tags1700582487000' successfully created and aliased.","threadName":"executor-thread-11","threadId":50,"mdc":{},"ndc":"","hostName":"search-sync-service-67d9ffbff9-96j49","processName":"quarkus-run.jar","processId":1}
{"timestamp":"2023-11-21T16:01:27.357Z","sequence":816,"loggerClassName":"org.jboss.logging.Logger","loggerName":"com.knime.enterprise.cloud.services.searchsync.impl.FullSyncService","level":"INFO","message":"Attempting to clean indices of type 'TAG'.","threadName":"executor-thread-11","threadId":50,"mdc":{},"ndc":"","hostName":"search-sync-service-67d9ffbff9-96j49","processName":"quarkus-run.jar","processId":1}
{"timestamp":"2023-11-21T16:01:27.359Z","sequence":817,"loggerClassName":"org.jboss.logging.Logger","loggerName":"com.knime.enterprise.cloud.services.searchsync.impl.FullSyncService","level":"INFO","message":"Nothing to clean.","threadName":"executor-thread-11","threadId":50,"mdc":{},"ndc":"","hostName":"search-sync-service-67d9ffbff9-96j49","processName":"quarkus-run.jar","processId":1}
{"timestamp":"2023-11-21T16:11:27Z","sequence":818,"loggerClassName":"org.jboss.logging.Logger","loggerName":"com.knime.enterprise.cloud.services.searchsync.impl.FullSyncService","level":"INFO","message":"Start creation of new index for type: EXTERNAL_GROUP","threadName":"executor-thread-11","threadId":50,"mdc":{},"ndc":"","hostName":"search-sync-service-67d9ffbff9-96j49","processName":"quarkus-run.jar","processId":1}
{"timestamp":"2023-11-21T16:11:27Z","sequence":819,"loggerClassName":"org.jboss.logging.Logger","loggerName":"com.knime.enterprise.cloud.services.searchsync.impl.FullSyncService","level":"INFO","message":"Attempting to clean indices of type 'EXTERNAL_GROUP'.","threadName":"executor-thread-11","threadId":50,"mdc":{},"ndc":"","hostName":"search-sync-service-67d9ffbff9-96j49","processName":"quarkus-run.jar","processId":1}
{"timestamp":"2023-11-21T16:11:27Z","sequence":820,"loggerClassName":"org.jboss.logging.Logger","loggerName":"com.knime.enterprise.cloud.services.searchsync.impl.FullSyncService","level":"INFO","message":"Start creation of new index for type: TAG","threadName":"executor-thread-12","threadId":51,"mdc":{},"ndc":"","hostName":"search-sync-service-67d9ffbff9-96j49","processName":"quarkus-run.jar","processId":1}
{"timestamp":"2023-11-21T16:11:27Z","sequence":821,"loggerClassName":"org.jboss.logging.Logger","loggerName":"com.knime.enterprise.cloud.services.searchsync.impl.FullSyncService","level":"INFO","message":"Attempting to clean indices of type 'TAG'.","threadName":"executor-thread-12","threadId":51,"mdc":{},"ndc":"","hostName":"search-sync-service-67d9ffbff9-96j49","processName":"quarkus-run.jar","processId":1}
{"timestamp":"2023-11-21T16:11:27.003Z","sequence":822,"loggerClassName":"org.jboss.logging.Logger","loggerName":"com.knime.enterprise.cloud.services.searchsync.impl.FullSyncService","level":"INFO","message":"Nothing to clean.","threadName":"executor-thread-11","threadId":50,"mdc":{},"ndc":"","hostName":"search-sync-service-67d9ffbff9-96j49","processName":"quarkus-run.jar","processId":1}
{"timestamp":"2023-11-21T16:11:27.003Z","sequence":823,"loggerClassName":"org.jboss.logging.Logger","loggerName":"com.knime.enterprise.cloud.services.searchsync.impl.FullSyncService","level":"INFO","message":"Requesting creation of index of type 'EXTERNAL_GROUP'.","threadName":"executor-thread-11","threadId":50,"mdc":{},"ndc":"","hostName":"search-sync-service-67d9ffbff9-96j49","processName":"quarkus-run.jar","processId":1}
{"timestamp":"2023-11-21T16:11:27.003Z","sequence":824,"loggerClassName":"org.jboss.logging.Logger","loggerName":"com.knime.enterprise.cloud.services.searchsync.impl.FullSyncService","level":"INFO","message":"Nothing to clean.","threadName":"executor-thread-12","threadId":51,"mdc":{},"ndc":"","hostName":"search-sync-service-67d9ffbff9-96j49","processName":"quarkus-run.jar","processId":1}
{"timestamp":"2023-11-21T16:11:27.004Z","sequence":825,"loggerClassName":"org.jboss.logging.Logger","loggerName":"com.knime.enterprise.cloud.services.searchsync.impl.FullSyncService","level":"INFO","message":"Requesting creation of index of type 'TAG'.","threadName":"executor-thread-12","threadId":51,"mdc":{},"ndc":"","hostName":"search-sync-service-67d9ffbff9-96j49","processName":"quarkus-run.jar","processId":1}
{"timestamp":"2023-11-21T16:11:27.121Z","sequence":826,"loggerClassName":"org.jboss.logging.Logger","loggerName":"com.knime.enterprise.cloud.services.searchsync.impl.FullSyncService","level":"INFO","message":"Index of type 'EXTERNAL_GROUP' successfully created: 'external_groups1700583087000'.","threadName":"executor-thread-11","threadId":50,"mdc":{},"ndc":"","hostName":"search-sync-service-67d9ffbff9-96j49","processName":"quarkus-run.jar","processId":1}
{"timestamp":"2023-11-21T16:11:27.154Z","sequence":827,"loggerClassName":"org.jboss.logging.Logger","loggerName":"com.knime.enterprise.cloud.services.searchsync.impl.FullSyncService","level":"INFO","message":"Index of type 'TAG' successfully created: 'tags1700583087000'.","threadName":"executor-thread-12","threadId":51,"mdc":{},"ndc":"","hostName":"search-sync-service-67d9ffbff9-96j49","processName":"quarkus-run.jar","processId":1}
{"timestamp":"2023-11-21T16:11:27.16Z","sequence":828,"loggerClassName":"org.jboss.logging.Logger","loggerName":"com.knime.enterprise.cloud.services.searchsync.impl.FullSyncService","level":"INFO","message":"Starting bulk request 1.","threadName":"executor-thread-12","threadId":51,"mdc":{},"ndc":"","hostName":"search-sync-service-67d9ffbff9-96j49","processName":"quarkus-run.jar","processId":1}
{"timestamp":"2023-11-21T16:11:27.161Z","sequence":829,"loggerClassName":"org.jboss.logging.Logger","loggerName":"com.knime.enterprise.cloud.services.searchsync.impl.FullSyncService","level":"INFO","message":"Starting bulk request 2.","threadName":"executor-thread-12","threadId":51,"mdc":{},"ndc":"","hostName":"search-sync-service-67d9ffbff9-96j49","processName":"quarkus-run.jar","processId":1}
{"timestamp":"2023-11-21T16:11:27.162Z","sequence":830,"loggerClassName":"org.jboss.logging.Logger","loggerName":"com.knime.enterprise.cloud.services.searchsync.impl.FullSyncService","level":"INFO","message":"Accounts service retrieved the hub global account.","threadName":"executor-thread-11","threadId":50,"mdc":{},"ndc":"","hostName":"search-sync-service-67d9ffbff9-96j49","processName":"quarkus-run.jar","processId":1}
{"timestamp":"2023-11-21T16:11:27.162Z","sequence":831,"loggerClassName":"org.jboss.logging.Logger","loggerName":"com.knime.enterprise.cloud.services.searchsync.impl.FullSyncService","level":"INFO","message":"Accounts service returned 0 external groups.","threadName":"executor-thread-11","threadId":50,"mdc":{},"ndc":"","hostName":"search-sync-service-67d9ffbff9-96j49","processName":"quarkus-run.jar","processId":1}
{"timestamp":"2023-11-21T16:11:27.162Z","sequence":832,"loggerClassName":"org.jboss.logging.Logger","loggerName":"com.knime.enterprise.cloud.services.searchsync.impl.FullSyncService","level":"INFO","message":"Start bulk index of :'external_groups1700583087000'","threadName":"executor-thread-11","threadId":50,"mdc":{},"ndc":"","hostName":"search-sync-service-67d9ffbff9-96j49","processName":"quarkus-run.jar","processId":1}
{"timestamp":"2023-11-21T16:11:27.162Z","sequence":833,"loggerClassName":"org.jboss.logging.Logger","loggerName":"com.knime.enterprise.cloud.services.searchsync.impl.FullSyncService","level":"INFO","message":"0 items has been added to 'external_groups' index (out of 0 items retrieved).","threadName":"executor-thread-11","threadId":50,"mdc":{},"ndc":"","hostName":"search-sync-service-67d9ffbff9-96j49","processName":"quarkus-run.jar","processId":1}
{"timestamp":"2023-11-21T16:11:27.165Z","sequence":834,"loggerClassName":"org.jboss.logging.Logger","loggerName":"com.knime.enterprise.cloud.services.searchsync.impl.FullSyncService","level":"INFO","message":"Requesting to add alias for new index with name 'external_groups1700583087000'.","threadName":"executor-thread-11","threadId":50,"mdc":{},"ndc":"","hostName":"search-sync-service-67d9ffbff9-96j49","processName":"quarkus-run.jar","processId":1}
{"timestamp":"2023-11-21T16:11:27.172Z","sequence":835,"loggerClassName":"org.jboss.logging.Logger","loggerName":"com.knime.enterprise.cloud.services.searchsync.impl.FullSyncService","level":"INFO","message":"Finished bulk request 1: OK","threadName":"I/O dispatcher 1","threadId":38,"mdc":{},"ndc":"","hostName":"search-sync-service-67d9ffbff9-96j49","processName":"quarkus-run.jar","processId":1}
{"timestamp":"2023-11-21T16:11:27.172Z","sequence":836,"loggerClassName":"org.jboss.logging.Logger","loggerName":"com.knime.enterprise.cloud.services.searchsync.impl.FullSyncService","level":"INFO","message":"Starting bulk request 3.","threadName":"executor-thread-12","threadId":51,"mdc":{},"ndc":"","hostName":"search-sync-service-67d9ffbff9-96j49","processName":"quarkus-run.jar","processId":1}
{"timestamp":"2023-11-21T16:11:27.182Z","sequence":837,"loggerClassName":"org.jboss.logging.Logger","loggerName":"com.knime.enterprise.cloud.services.searchsync.impl.FullSyncService","level":"INFO","message":"Finished bulk request 2: OK","threadName":"I/O dispatcher 1","threadId":38,"mdc":{},"ndc":"","hostName":"search-sync-service-67d9ffbff9-96j49","processName":"quarkus-run.jar","processId":1}
{"timestamp":"2023-11-21T16:11:27.183Z","sequence":838,"loggerClassName":"org.jboss.logging.Logger","loggerName":"com.knime.enterprise.cloud.services.searchsync.impl.FullSyncService","level":"INFO","message":"Starting bulk request 4.","threadName":"executor-thread-12","threadId":51,"mdc":{},"ndc":"","hostName":"search-sync-service-67d9ffbff9-96j49","processName":"quarkus-run.jar","processId":1}
{"timestamp":"2023-11-21T16:11:27.192Z","sequence":839,"loggerClassName":"org.jboss.logging.Logger","loggerName":"com.knime.enterprise.cloud.services.searchsync.impl.FullSyncService","level":"INFO","message":"Finished bulk request 3: OK","threadName":"I/O dispatcher 1","threadId":38,"mdc":{},"ndc":"","hostName":"search-sync-service-67d9ffbff9-96j49","processName":"quarkus-run.jar","processId":1}
{"timestamp":"2023-11-21T16:11:27.193Z","sequence":840,"loggerClassName":"org.jboss.logging.Logger","loggerName":"com.knime.enterprise.cloud.services.searchsync.impl.FullSyncService","level":"INFO","message":"Starting bulk request 5.","threadName":"executor-thread-12","threadId":51,"mdc":{},"ndc":"","hostName":"search-sync-service-67d9ffbff9-96j49","processName":"quarkus-run.jar","processId":1}
{"timestamp":"2023-11-21T16:11:27.2Z","sequence":841,"loggerClassName":"org.jboss.logging.Logger","loggerName":"com.knime.enterprise.cloud.services.searchsync.impl.FullSyncService","level":"INFO","message":"Index with name 'external_groups1700583087000' successfully created and aliased.","threadName":"executor-thread-11","threadId":50,"mdc":{},"ndc":"","hostName":"search-sync-service-67d9ffbff9-96j49","processName":"quarkus-run.jar","processId":1}
{"timestamp":"2023-11-21T16:11:27.2Z","sequence":842,"loggerClassName":"org.jboss.logging.Logger","loggerName":"com.knime.enterprise.cloud.services.searchsync.impl.FullSyncService","level":"INFO","message":"Attempting to clean indices of type 'EXTERNAL_GROUP'.","threadName":"executor-thread-11","threadId":50,"mdc":{},"ndc":"","hostName":"search-sync-service-67d9ffbff9-96j49","processName":"quarkus-run.jar","processId":1}
{"timestamp":"2023-11-21T16:11:27.202Z","sequence":843,"loggerClassName":"org.jboss.logging.Logger","loggerName":"com.knime.enterprise.cloud.services.searchsync.impl.FullSyncService","level":"INFO","message":"Finished bulk request 4: OK","threadName":"I/O dispatcher 1","threadId":38,"mdc":{},"ndc":"","hostName":"search-sync-service-67d9ffbff9-96j49","processName":"quarkus-run.jar","processId":1}
{"timestamp":"2023-11-21T16:11:27.202Z","sequence":844,"loggerClassName":"org.jboss.logging.Logger","loggerName":"com.knime.enterprise.cloud.services.searchsync.impl.FullSyncService","level":"INFO","message":"Nothing to clean.","threadName":"executor-thread-11","threadId":50,"mdc":{},"ndc":"","hostName":"search-sync-service-67d9ffbff9-96j49","processName":"quarkus-run.jar","processId":1}
{"timestamp":"2023-11-21T16:11:27.202Z","sequence":845,"loggerClassName":"org.jboss.logging.Logger","loggerName":"com.knime.enterprise.cloud.services.searchsync.impl.FullSyncService","level":"INFO","message":"Starting bulk request 6.","threadName":"executor-thread-12","threadId":51,"mdc":{},"ndc":"","hostName":"search-sync-service-67d9ffbff9-96j49","processName":"quarkus-run.jar","processId":1}
{"timestamp":"2023-11-21T16:11:27.21Z","sequence":846,"loggerClassName":"org.jboss.logging.Logger","loggerName":"com.knime.enterprise.cloud.services.searchsync.impl.FullSyncService","level":"INFO","message":"Finished bulk request 5: OK","threadName":"I/O dispatcher 1","threadId":38,"mdc":{},"ndc":"","hostName":"search-sync-service-67d9ffbff9-96j49","processName":"quarkus-run.jar","processId":1}
{"timestamp":"2023-11-21T16:11:27.21Z","sequence":847,"loggerClassName":"org.jboss.logging.Logger","loggerName":"com.knime.enterprise.cloud.services.searchsync.impl.FullSyncService","level":"INFO","message":"Starting bulk request 7.","threadName":"executor-thread-12","threadId":51,"mdc":{},"ndc":"","hostName":"search-sync-service-67d9ffbff9-96j49","processName":"quarkus-run.jar","processId":1}
{"timestamp":"2023-11-21T16:11:27.219Z","sequence":848,"loggerClassName":"org.jboss.logging.Logger","loggerName":"com.knime.enterprise.cloud.services.searchsync.impl.FullSyncService","level":"INFO","message":"Finished bulk request 6: OK","threadName":"I/O dispatcher 1","threadId":38,"mdc":{},"ndc":"","hostName":"search-sync-service-67d9ffbff9-96j49","processName":"quarkus-run.jar","processId":1}
{"timestamp":"2023-11-21T16:11:27.219Z","sequence":849,"loggerClassName":"org.jboss.logging.Logger","loggerName":"com.knime.enterprise.cloud.services.searchsync.impl.FullSyncService","level":"INFO","message":"Starting bulk request 8.","threadName":"executor-thread-12","threadId":51,"mdc":{},"ndc":"","hostName":"search-sync-service-67d9ffbff9-96j49","processName":"quarkus-run.jar","processId":1}
{"timestamp":"2023-11-21T16:11:27.227Z","sequence":850,"loggerClassName":"org.jboss.logging.Logger","loggerName":"com.knime.enterprise.cloud.services.searchsync.impl.FullSyncService","level":"INFO","message":"Finished bulk request 7: OK","threadName":"I/O dispatcher 1","threadId":38,"mdc":{},"ndc":"","hostName":"search-sync-service-67d9ffbff9-96j49","processName":"quarkus-run.jar","processId":1}
{"timestamp":"2023-11-21T16:11:27.228Z","sequence":851,"loggerClassName":"org.jboss.logging.Logger","loggerName":"com.knime.enterprise.cloud.services.searchsync.impl.FullSyncService","level":"INFO","message":"Starting bulk request 9.","threadName":"executor-thread-12","threadId":51,"mdc":{},"ndc":"","hostName":"search-sync-service-67d9ffbff9-96j49","processName":"quarkus-run.jar","processId":1}
{"timestamp":"2023-11-21T16:11:27.236Z","sequence":852,"loggerClassName":"org.jboss.logging.Logger","loggerName":"com.knime.enterprise.cloud.services.searchsync.impl.FullSyncService","level":"INFO","message":"Finished bulk request 8: OK","threadName":"I/O dispatcher 1","threadId":38,"mdc":{},"ndc":"","hostName":"search-sync-service-67d9ffbff9-96j49","processName":"quarkus-run.jar","processId":1}
{"timestamp":"2023-11-21T16:11:27.236Z","sequence":853,"loggerClassName":"org.jboss.logging.Logger","loggerName":"com.knime.enterprise.cloud.services.searchsync.impl.FullSyncService","level":"INFO","message":"Starting bulk request 10.","threadName":"executor-thread-12","threadId":51,"mdc":{},"ndc":"","hostName":"search-sync-service-67d9ffbff9-96j49","processName":"quarkus-run.jar","processId":1}
{"timestamp":"2023-11-21T16:11:27.244Z","sequence":854,"loggerClassName":"org.jboss.logging.Logger","loggerName":"com.knime.enterprise.cloud.services.searchsync.impl.FullSyncService","level":"INFO","message":"Finished bulk request 9: OK","threadName":"I/O dispatcher 1","threadId":38,"mdc":{},"ndc":"","hostName":"search-sync-service-67d9ffbff9-96j49","processName":"quarkus-run.jar","processId":1}
{"timestamp":"2023-11-21T16:11:27.258Z","sequence":855,"loggerClassName":"org.jboss.logging.Logger","loggerName":"com.knime.enterprise.cloud.services.searchsync.impl.FullSyncService","level":"INFO","message":"Finished bulk request 10: OK","threadName":"I/O dispatcher 1","threadId":38,"mdc":{},"ndc":"","hostName":"search-sync-service-67d9ffbff9-96j49","processName":"quarkus-run.jar","processId":1}
{"timestamp":"2023-11-21T16:11:27.308Z","sequence":856,"loggerClassName":"org.jboss.logging.Logger","loggerName":"com.knime.enterprise.cloud.services.searchsync.impl.FullSyncService","level":"INFO","message":"Requesting to add alias for new index with name 'tags1700583087000'.","threadName":"executor-thread-12","threadId":51,"mdc":{},"ndc":"","hostName":"search-sync-service-67d9ffbff9-96j49","processName":"quarkus-run.jar","processId":1}
{"timestamp":"2023-11-21T16:11:27.343Z","sequence":857,"loggerClassName":"org.jboss.logging.Logger","loggerName":"com.knime.enterprise.cloud.services.searchsync.impl.FullSyncService","level":"INFO","message":"Index with name 'tags1700583087000' successfully created and aliased.","threadName":"executor-thread-12","threadId":51,"mdc":{},"ndc":"","hostName":"search-sync-service-67d9ffbff9-96j49","processName":"quarkus-run.jar","processId":1}
{"timestamp":"2023-11-21T16:11:27.343Z","sequence":858,"loggerClassName":"org.jboss.logging.Logger","loggerName":"com.knime.enterprise.cloud.services.searchsync.impl.FullSyncService","level":"INFO","message":"Attempting to clean indices of type 'TAG'.","threadName":"executor-thread-12","threadId":51,"mdc":{},"ndc":"","hostName":"search-sync-service-67d9ffbff9-96j49","processName":"quarkus-run.jar","processId":1}
{"timestamp":"2023-11-21T16:11:27.345Z","sequence":859,"loggerClassName":"org.jboss.logging.Logger","loggerName":"com.knime.enterprise.cloud.services.searchsync.impl.FullSyncService","level":"INFO","message":"Nothing to clean.","threadName":"executor-thread-12","threadId":51,"mdc":{},"ndc":"","hostName":"search-sync-service-67d9ffbff9-96j49","processName":"quarkus-run.jar","processId":1}
