-------------------------------------------------------------------------------
NGINX Ingress controller
  Release:       v1.3.1
  Build:         92534fa2ae799b502882c8684db13a25cde68155
  Repository:    https://github.com/kubernetes/ingress-nginx
  nginx version: nginx/1.19.10

-------------------------------------------------------------------------------

W1121 14:29:45.369256       7 client_config.go:617] Neither --kubeconfig nor --master was specified.  Using the inClusterConfig.  This might not work.
I1121 14:29:45.369923       7 main.go:209] "Creating API client" host="https://***HIDDEN***:443"
I1121 14:29:45.395182       7 main.go:253] "Running in Kubernetes cluster" major="1" minor="25" git="v1.25.12" state="clean" commit="ba490f01df1945d0567348b271c79a2aece7f623" platform="linux/amd64"
I1121 14:29:45.698377       7 main.go:104] "SSL fake certificate created" file="/etc/ingress-controller/ssl/default-fake-certificate.pem"
I1121 14:29:45.750613       7 ssl.go:533] "loading tls certificate" path="/usr/local/certificates/cert" key="/usr/local/certificates/key"
I1121 14:29:45.766240       7 nginx.go:260] "Starting NGINX Ingress controller"
I1121 14:29:45.826040       7 event.go:285] Event(v1.ObjectReference{Kind:"ConfigMap", Namespace:"knime", Name:"ingress-nginx-controller", UID:"f855ee6a-be79-42ec-a530-5cebe58322b6", APIVersion:"v1", ResourceVersion:"4143", FieldPath:""}): type: 'Normal' reason: 'CREATE' ConfigMap knime/ingress-nginx-controller
I1121 14:29:46.868493       7 store.go:430] "Found valid IngressClass" ingress="kurl/registry" ingressclass="knimehub"
I1121 14:29:46.868637       7 event.go:285] Event(v1.ObjectReference{Kind:"Ingress", Namespace:"kurl", Name:"registry", UID:"19eb3be9-7566-42d3-9b33-19184a6b338c", APIVersion:"networking.k8s.io/v1", ResourceVersion:"743562", FieldPath:""}): type: 'Normal' reason: 'Sync' Scheduled for sync
I1121 14:29:46.869314       7 store.go:430] "Found valid IngressClass" ingress="hub/execution-webapp" ingressclass="knimehub"
I1121 14:29:46.869447       7 store.go:430] "Found valid IngressClass" ingress="istio-system/hub" ingressclass="knimehub"
I1121 14:29:46.869445       7 event.go:285] Event(v1.ObjectReference{Kind:"Ingress", Namespace:"hub", Name:"execution-webapp", UID:"c83d26ba-2c57-4ac2-8134-8a56b1a4ace0", APIVersion:"networking.k8s.io/v1", ResourceVersion:"743566", FieldPath:""}): type: 'Normal' reason: 'Sync' Scheduled for sync
I1121 14:29:46.869586       7 store.go:430] "Found valid IngressClass" ingress="knime/keycloak" ingressclass="knimehub"
I1121 14:29:46.869597       7 event.go:285] Event(v1.ObjectReference{Kind:"Ingress", Namespace:"istio-system", Name:"hub", UID:"7fcd8acf-bbc9-4563-9268-482d09cc8ac8", APIVersion:"networking.k8s.io/v1", ResourceVersion:"743563", FieldPath:""}): type: 'Normal' reason: 'Sync' Scheduled for sync
I1121 14:29:46.869678       7 event.go:285] Event(v1.ObjectReference{Kind:"Ingress", Namespace:"knime", Name:"keycloak", UID:"ce290fcf-d5aa-4c0a-82fa-4a036ffd8bf7", APIVersion:"networking.k8s.io/v1", ResourceVersion:"743564", FieldPath:""}): type: 'Normal' reason: 'Sync' Scheduled for sync
I1121 14:29:46.869721       7 store.go:430] "Found valid IngressClass" ingress="knime/minio" ingressclass="knimehub"
I1121 14:29:46.869833       7 event.go:285] Event(v1.ObjectReference{Kind:"Ingress", Namespace:"knime", Name:"minio", UID:"e656d440-7b9c-426b-a45f-1f433cf254e0", APIVersion:"networking.k8s.io/v1", ResourceVersion:"743565", FieldPath:""}): type: 'Normal' reason: 'Sync' Scheduled for sync
I1121 14:29:46.967709       7 nginx.go:303] "Starting NGINX process"
I1121 14:29:46.967715       7 leaderelection.go:248] attempting to acquire leader lease knime/ingress-controller-leader...
I1121 14:29:46.967993       7 nginx.go:323] "Starting validation webhook" address=":8443" certPath="/usr/local/certificates/cert" keyPath="/usr/local/certificates/key"
W1121 14:29:46.969341       7 controller.go:1112] Service "knime/minio" does not have any active Endpoint.
W1121 14:29:46.969373       7 controller.go:1112] Service "istio-system/istio-ingressgateway" does not have any active Endpoint.
W1121 14:29:46.969393       7 controller.go:1112] Service "kurl/registry" does not have any active Endpoint.
W1121 14:29:46.969411       7 controller.go:1112] Service "knime/keycloak" does not have any active Endpoint.
W1121 14:29:46.969430       7 controller.go:1112] Service "hub/execution-webapp" does not have any active Endpoint.
I1121 14:29:46.969487       7 status.go:84] "New leader elected" identity="ingress-nginx-controller-b485b478d-l5wcq"
I1121 14:29:46.969551       7 controller.go:168] "Configuration changes detected, backend reload required"
I1121 14:29:47.115288       7 controller.go:185] "Backend successfully reloaded"
I1121 14:29:47.115357       7 controller.go:196] "Initial sync, sleeping for 1 second"
I1121 14:29:47.115397       7 event.go:285] Event(v1.ObjectReference{Kind:"Pod", Namespace:"knime", Name:"ingress-nginx-controller-b485b478d-5kcfh", UID:"8151c74f-0ca6-4269-a323-a492ea293b6d", APIVersion:"v1", ResourceVersion:"744388", FieldPath:""}): type: 'Normal' reason: 'RELOAD' NGINX reload triggered due to a change in configuration
W1121 14:29:50.886127       7 controller.go:1112] Service "knime/minio" does not have any active Endpoint.
W1121 14:29:50.886148       7 controller.go:1112] Service "istio-system/istio-ingressgateway" does not have any active Endpoint.
W1121 14:29:50.886160       7 controller.go:1112] Service "kurl/registry" does not have any active Endpoint.
W1121 14:29:50.886172       7 controller.go:1112] Service "knime/keycloak" does not have any active Endpoint.
W1121 14:29:50.886183       7 controller.go:1112] Service "hub/execution-webapp" does not have any active Endpoint.
W1121 14:29:54.220481       7 controller.go:1112] Service "knime/minio" does not have any active Endpoint.
W1121 14:29:54.220505       7 controller.go:1112] Service "istio-system/istio-ingressgateway" does not have any active Endpoint.
W1121 14:29:54.220517       7 controller.go:1112] Service "kurl/registry" does not have any active Endpoint.
W1121 14:29:54.220532       7 controller.go:1112] Service "knime/keycloak" does not have any active Endpoint.
W1121 14:29:54.220543       7 controller.go:1112] Service "hub/execution-webapp" does not have any active Endpoint.
W1121 14:29:57.553003       7 controller.go:1112] Service "knime/minio" does not have any active Endpoint.
W1121 14:29:57.553031       7 controller.go:1112] Service "istio-system/istio-ingressgateway" does not have any active Endpoint.
W1121 14:29:57.553050       7 controller.go:1112] Service "kurl/registry" does not have any active Endpoint.
W1121 14:29:57.553065       7 controller.go:1112] Service "knime/keycloak" does not have any active Endpoint.
W1121 14:29:57.553094       7 controller.go:1112] Service "hub/execution-webapp" does not have any active Endpoint.
W1121 14:30:00.886937       7 controller.go:1112] Service "knime/minio" does not have any active Endpoint.
W1121 14:30:00.886966       7 controller.go:1112] Service "istio-system/istio-ingressgateway" does not have any active Endpoint.
W1121 14:30:00.886981       7 controller.go:1112] Service "kurl/registry" does not have any active Endpoint.
W1121 14:30:00.886991       7 controller.go:1112] Service "knime/keycloak" does not have any active Endpoint.
W1121 14:30:00.887003       7 controller.go:1112] Service "hub/execution-webapp" does not have any active Endpoint.
W1121 14:30:04.219789       7 controller.go:1112] Service "knime/minio" does not have any active Endpoint.
W1121 14:30:04.219815       7 controller.go:1112] Service "istio-system/istio-ingressgateway" does not have any active Endpoint.
W1121 14:30:04.219834       7 controller.go:1112] Service "kurl/registry" does not have any active Endpoint.
W1121 14:30:04.219849       7 controller.go:1112] Service "knime/keycloak" does not have any active Endpoint.
W1121 14:30:04.219866       7 controller.go:1112] Service "hub/execution-webapp" does not have any active Endpoint.
W1121 14:30:07.553181       7 controller.go:1112] Service "knime/minio" does not have any active Endpoint.
W1121 14:30:07.553214       7 controller.go:1112] Service "istio-system/istio-ingressgateway" does not have any active Endpoint.
W1121 14:30:07.553228       7 controller.go:1112] Service "kurl/registry" does not have any active Endpoint.
W1121 14:30:07.553239       7 controller.go:1112] Service "knime/keycloak" does not have any active Endpoint.
W1121 14:30:07.553254       7 controller.go:1112] Service "hub/execution-webapp" does not have any active Endpoint.
W1121 14:30:10.886985       7 controller.go:1112] Service "knime/minio" does not have any active Endpoint.
W1121 14:30:10.887009       7 controller.go:1112] Service "istio-system/istio-ingressgateway" does not have any active Endpoint.
W1121 14:30:10.887023       7 controller.go:1112] Service "kurl/registry" does not have any active Endpoint.
W1121 14:30:10.887039       7 controller.go:1112] Service "knime/keycloak" does not have any active Endpoint.
W1121 14:30:10.887054       7 controller.go:1112] Service "hub/execution-webapp" does not have any active Endpoint.
W1121 14:30:14.219975       7 controller.go:1112] Service "knime/minio" does not have any active Endpoint.
W1121 14:30:14.219998       7 controller.go:1112] Service "istio-system/istio-ingressgateway" does not have any active Endpoint.
W1121 14:30:14.220012       7 controller.go:1112] Service "kurl/registry" does not have any active Endpoint.
W1121 14:30:14.220022       7 controller.go:1112] Service "knime/keycloak" does not have any active Endpoint.
W1121 14:30:14.220038       7 controller.go:1112] Service "hub/execution-webapp" does not have any active Endpoint.
W1121 14:30:17.553482       7 controller.go:1112] Service "knime/minio" does not have any active Endpoint.
W1121 14:30:17.553516       7 controller.go:1112] Service "istio-system/istio-ingressgateway" does not have any active Endpoint.
W1121 14:30:17.553548       7 controller.go:1112] Service "knime/keycloak" does not have any active Endpoint.
W1121 14:30:17.553568       7 controller.go:1112] Service "hub/execution-webapp" does not have any active Endpoint.
W1121 14:30:20.886273       7 controller.go:1112] Service "knime/minio" does not have any active Endpoint.
W1121 14:30:20.886300       7 controller.go:1112] Service "istio-system/istio-ingressgateway" does not have any active Endpoint.
W1121 14:30:20.886347       7 controller.go:1112] Service "knime/keycloak" does not have any active Endpoint.
W1121 14:30:20.886367       7 controller.go:1112] Service "hub/execution-webapp" does not have any active Endpoint.
W1121 14:30:24.219969       7 controller.go:1112] Service "knime/minio" does not have any active Endpoint.
W1121 14:30:24.220003       7 controller.go:1112] Service "istio-system/istio-ingressgateway" does not have any active Endpoint.
W1121 14:30:24.220030       7 controller.go:1112] Service "knime/keycloak" does not have any active Endpoint.
W1121 14:30:24.220048       7 controller.go:1112] Service "hub/execution-webapp" does not have any active Endpoint.
I1121 14:30:26.545668       7 leaderelection.go:258] successfully acquired lease knime/ingress-controller-leader
I1121 14:30:26.545739       7 status.go:84] "New leader elected" identity="ingress-nginx-controller-b485b478d-5kcfh"
I1121 14:30:26.548705       7 status.go:299] "updating Ingress status" namespace="kurl" ingress="registry" currentValue=[] newValue=[{IP:***HIDDEN*** Hostname: Ports:[]}]
I1121 14:30:26.548772       7 status.go:299] "updating Ingress status" namespace="knime" ingress="minio" currentValue=[] newValue=[{IP:***HIDDEN*** Hostname: Ports:[]}]
I1121 14:30:26.548800       7 status.go:299] "updating Ingress status" namespace="istio-system" ingress="hub" currentValue=[] newValue=[{IP:***HIDDEN*** Hostname: Ports:[]}]
I1121 14:30:26.548808       7 status.go:299] "updating Ingress status" namespace="hub" ingress="execution-webapp" currentValue=[] newValue=[{IP:***HIDDEN*** Hostname: Ports:[]}]
I1121 14:30:26.548895       7 status.go:299] "updating Ingress status" namespace="knime" ingress="keycloak" currentValue=[] newValue=[{IP:***HIDDEN*** Hostname: Ports:[]}]
I1121 14:30:26.552718       7 event.go:285] Event(v1.ObjectReference{Kind:"Ingress", Namespace:"knime", Name:"minio", UID:"e656d440-7b9c-426b-a45f-1f433cf254e0", APIVersion:"networking.k8s.io/v1", ResourceVersion:"745228", FieldPath:""}): type: 'Normal' reason: 'Sync' Scheduled for sync
I1121 14:30:26.555736       7 event.go:285] Event(v1.ObjectReference{Kind:"Ingress", Namespace:"knime", Name:"keycloak", UID:"ce290fcf-d5aa-4c0a-82fa-4a036ffd8bf7", APIVersion:"networking.k8s.io/v1", ResourceVersion:"745229", FieldPath:""}): type: 'Normal' reason: 'Sync' Scheduled for sync
I1121 14:30:26.556547       7 event.go:285] Event(v1.ObjectReference{Kind:"Ingress", Namespace:"kurl", Name:"registry", UID:"19eb3be9-7566-42d3-9b33-19184a6b338c", APIVersion:"networking.k8s.io/v1", ResourceVersion:"745230", FieldPath:""}): type: 'Normal' reason: 'Sync' Scheduled for sync
I1121 14:30:26.556691       7 event.go:285] Event(v1.ObjectReference{Kind:"Ingress", Namespace:"istio-system", Name:"hub", UID:"7fcd8acf-bbc9-4563-9268-482d09cc8ac8", APIVersion:"networking.k8s.io/v1", ResourceVersion:"745231", FieldPath:""}): type: 'Normal' reason: 'Sync' Scheduled for sync
I1121 14:30:26.556840       7 event.go:285] Event(v1.ObjectReference{Kind:"Ingress", Namespace:"hub", Name:"execution-webapp", UID:"c83d26ba-2c57-4ac2-8134-8a56b1a4ace0", APIVersion:"networking.k8s.io/v1", ResourceVersion:"745232", FieldPath:""}): type: 'Normal' reason: 'Sync' Scheduled for sync
W1121 14:30:27.553396       7 controller.go:1112] Service "knime/minio" does not have any active Endpoint.
W1121 14:30:27.553428       7 controller.go:1112] Service "istio-system/istio-ingressgateway" does not have any active Endpoint.
W1121 14:30:27.553446       7 controller.go:1112] Service "kurl/registry" does not have any active Endpoint.
W1121 14:30:27.553464       7 controller.go:1112] Service "knime/keycloak" does not have any active Endpoint.
W1121 14:30:27.553490       7 controller.go:1112] Service "hub/execution-webapp" does not have any active Endpoint.
W1121 14:30:30.886700       7 controller.go:1112] Service "istio-system/istio-ingressgateway" does not have any active Endpoint.
W1121 14:30:30.886725       7 controller.go:1112] Service "kurl/registry" does not have any active Endpoint.
W1121 14:30:30.886736       7 controller.go:1112] Service "knime/keycloak" does not have any active Endpoint.
W1121 14:30:30.886746       7 controller.go:1112] Service "hub/execution-webapp" does not have any active Endpoint.
W1121 14:30:34.220345       7 controller.go:1112] Service "istio-system/istio-ingressgateway" does not have any active Endpoint.
W1121 14:30:34.220381       7 controller.go:1112] Service "knime/keycloak" does not have any active Endpoint.
W1121 14:30:34.220393       7 controller.go:1112] Service "hub/execution-webapp" does not have any active Endpoint.
W1121 14:30:37.553811       7 controller.go:1112] Service "knime/keycloak" does not have any active Endpoint.
W1121 14:30:37.553833       7 controller.go:1112] Service "hub/execution-webapp" does not have any active Endpoint.
***HIDDEN*** - - [21/Nov/2023:14:30:40 +0000] "GET /auth/realms/knime/.well-known/openid-configuration HTTP/1.1" 503 190 "-" "Vert.x-WebClient/4.4.4" 1295 0.000 [knime-keycloak-8443] [] - - - - f511e329-bdf7-4273-ba25-d6f9afd10fec
W1121 14:30:40.886991       7 controller.go:1112] Service "knime/keycloak" does not have any active Endpoint.
W1121 14:30:40.887016       7 controller.go:1112] Service "hub/execution-webapp" does not have any active Endpoint.
W1121 14:30:44.220101       7 controller.go:1112] Service "knime/keycloak" does not have any active Endpoint.
W1121 14:30:44.220124       7 controller.go:1112] Service "hub/execution-webapp" does not have any active Endpoint.
W1121 14:30:47.553168       7 controller.go:1112] Service "knime/keycloak" does not have any active Endpoint.
W1121 14:30:47.553200       7 controller.go:1112] Service "hub/execution-webapp" does not have any active Endpoint.
***HIDDEN*** - - [21/Nov/2023:14:30:48 +0000] "GET /auth/realms/knime/.well-known/openid-configuration HTTP/1.1" 503 190 "-" "Vert.x-WebClient/4.4.4" 1268 0.000 [knime-keycloak-8443] [] - - - - b20a4623-9b17-4c94-80d6-c492b6e0eb5f
W1121 14:30:55.834408       7 controller.go:1112] Service "knime/keycloak" does not have any active Endpoint.
W1121 14:30:55.834441       7 controller.go:1112] Service "hub/execution-webapp" does not have any active Endpoint.
***HIDDEN*** - catalog-service [21/Nov/2023:14:30:57 +0000] "POST /auth/realms/knime/protocol/openid-connect/token HTTP/1.1" 503 190 "-" "Vert.x-WebClient/4.4.4" 1435 0.000 [knime-keycloak-8443] [] - - - - 653e242c-9e15-45a4-8c46-9499b36e0f54
***HIDDEN*** - catalog-service [21/Nov/2023:14:30:57 +0000] "POST /auth/realms/knime/protocol/openid-connect/token HTTP/1.1" 503 190 "-" "Vert.x-WebClient/4.4.4" 1435 0.000 [knime-keycloak-8443] [] - - - - 47b36eb3-b282-475c-bbae-afe08e30854d
***HIDDEN*** - - [21/Nov/2023:14:31:03 +0000] "GET /knime-catalog-service/?encoding-type=url HTTP/1.1" 200 994 "-" "aws-sdk-java/1.12.448 Linux/6.2.0-1015-aws OpenJDK_64-Bit_Server_VM/17.0.9+9 java/17.0.9 kotlin/1.8.22 vendor/Eclipse_Adoptium cfg/retry-mode/legacy" 1995 0.007 [knime-minio-9000] [] ***HIDDEN***:9000 994 0.008 200 af6266dd-9454-43a6-9ea3-7782662e691c
***HIDDEN*** - - [21/Nov/2023:14:31:03 +0000] "GET /auth/realms/knime/protocol/openid-connect/certs HTTP/1.1" 503 190 "-" "Java/17.0.9" 1329 0.000 [knime-keycloak-8443] [] - - - - c47d30b9-e185-4a30-8149-83690340ea0c
W1121 14:31:10.519220       7 controller.go:1112] Service "knime/keycloak" does not have any active Endpoint.
W1121 14:31:10.519257       7 controller.go:1112] Service "hub/execution-webapp" does not have any active Endpoint.
W1121 14:31:13.853437       7 controller.go:1112] Service "knime/keycloak" does not have any active Endpoint.
W1121 14:31:13.853467       7 controller.go:1112] Service "hub/execution-webapp" does not have any active Endpoint.
W1121 14:31:17.186496       7 controller.go:1112] Service "knime/keycloak" does not have any active Endpoint.
***HIDDEN*** - - [21/Nov/2023:14:31:25 +0000] "GET /auth/realms/knime/.well-known/openid-configuration HTTP/1.1" 200 6344 "-" "Vert.x-WebClient/4.4.4" 1313 0.328 [knime-keycloak-8443] [] ***HIDDEN***:8443 6344 0.328 200 7af9d759-aa03-467c-8edc-436ade2b9427
***HIDDEN*** - - [21/Nov/2023:14:31:28 +0000] "GET /auth/realms/knime/.well-known/openid-configuration HTTP/1.1" 200 6344 "-" "Vert.x-WebClient/4.4.4" 1295 0.059 [knime-keycloak-8443] [] ***HIDDEN***:8443 6344 0.060 200 7489e2eb-03ae-4109-a10d-cfee2221c63a
***HIDDEN*** - - [21/Nov/2023:14:31:28 +0000] "GET /auth/realms/knime/.well-known/openid-configuration HTTP/1.1" 200 6344 "-" "Vert.x-WebClient/4.4.4" 1295 0.005 [knime-keycloak-8443] [] ***HIDDEN***:8443 6344 0.004 200 89dae6bf-6f5c-49d0-a268-49bed1bae368
***HIDDEN*** - - [21/Nov/2023:14:33:04 +0000] "GET /auth/realms/knime/.well-known/openid-configuration HTTP/1.1" 200 6344 "-" "Vert.x-WebClient/4.4.4" 1268 0.020 [knime-keycloak-8443] [] ***HIDDEN***:8443 6344 0.020 200 4fabe2b8-ea7f-4093-a1ec-021f513a6fa7
***HIDDEN*** - - [21/Nov/2023:14:33:04 +0000] "GET /auth/realms/knime/.well-known/openid-configuration HTTP/1.1" 200 6344 "-" "Vert.x-WebClient/4.4.4" 1268 0.005 [knime-keycloak-8443] [] ***HIDDEN***:8443 6344 0.004 200 d6b41e85-7b4e-4419-8094-d89c5881b7ea
***HIDDEN*** - - [21/Nov/2023:14:33:09 +0000] "GET /auth/realms/knime/protocol/openid-connect/certs HTTP/1.1" 200 2909 "-" "Apache-HttpClient/4.5.14 (Java/17.0.9)" 1281 0.077 [knime-keycloak-8443] [] ***HIDDEN***:8443 2909 0.076 200 3e93a7b2-36f2-4f47-aa0e-6b9c93a5a2b0
***HIDDEN*** - - [21/Nov/2023:14:33:13 +0000] "GET /auth/realms/knime/protocol/openid-connect/certs HTTP/1.1" 200 2909 "-" "Apache-HttpClient/4.5.14 (Java/17.0.9)" 1281 0.015 [knime-keycloak-8443] [] ***HIDDEN***:8443 2909 0.016 200 ac5c7266-60cd-4011-88c5-eef0fd40cfb7
***HIDDEN*** - - [21/Nov/2023:14:33:17 +0000] "GET /auth/realms/knime/protocol/openid-connect/certs HTTP/1.1" 200 2909 "-" "Apache-HttpClient/4.5.14 (Java/17.0.9)" 1281 0.006 [knime-keycloak-8443] [] ***HIDDEN***:8443 2909 0.008 200 b1ea248f-0608-46dd-bf1b-c2a59774fb3c
***HIDDEN*** - - [21/Nov/2023:14:33:22 +0000] "GET /auth/realms/knime/protocol/openid-connect/certs HTTP/1.1" 200 2909 "-" "Apache-HttpClient/4.5.14 (Java/17.0.9)" 1281 0.005 [knime-keycloak-8443] [] ***HIDDEN***:8443 2909 0.004 200 83adba13-d1b1-419e-9b76-8715697737ad
***HIDDEN*** - - [21/Nov/2023:14:33:27 +0000] "GET /auth/realms/knime/protocol/openid-connect/certs HTTP/1.1" 200 2909 "-" "Apache-HttpClient/4.5.14 (Java/17.0.9)" 1281 0.006 [knime-keycloak-8443] [] ***HIDDEN***:8443 2909 0.008 200 95e8609c-4985-4f22-a34d-bbaa0e3abdb2
***HIDDEN*** - - [21/Nov/2023:14:33:32 +0000] "GET /auth/realms/knime/protocol/openid-connect/certs HTTP/1.1" 200 2909 "-" "Apache-HttpClient/4.5.14 (Java/17.0.9)" 1281 0.006 [knime-keycloak-8443] [] ***HIDDEN***:8443 2909 0.004 200 5b74b977-7114-4b4c-875e-15063065eae6
***HIDDEN*** - - [21/Nov/2023:14:33:37 +0000] "GET /auth/realms/knime/protocol/openid-connect/certs HTTP/1.1" 200 2909 "-" "Apache-HttpClient/4.5.14 (Java/17.0.9)" 1281 0.007 [knime-keycloak-8443] [] ***HIDDEN***:8443 2909 0.008 200 77b72a00-e4af-4481-92d6-adb179dea0df
***HIDDEN*** - - [21/Nov/2023:14:33:42 +0000] "GET /auth/realms/knime/protocol/openid-connect/certs HTTP/1.1" 200 2909 "-" "Apache-HttpClient/4.5.14 (Java/17.0.9)" 1281 0.005 [knime-keycloak-8443] [] ***HIDDEN***:8443 2909 0.004 200 d475cf52-5c51-42ec-ae66-137422d4ff27
***HIDDEN*** - - [21/Nov/2023:14:33:47 +0000] "GET /auth/realms/knime/protocol/openid-connect/certs HTTP/1.1" 200 2909 "-" "Apache-HttpClient/4.5.14 (Java/17.0.9)" 1281 0.005 [knime-keycloak-8443] [] ***HIDDEN***:8443 2909 0.004 200 90de786b-12a9-432b-94dc-7cb0cc51fd6c
***HIDDEN*** - - [21/Nov/2023:14:33:52 +0000] "GET /auth/realms/knime/protocol/openid-connect/certs HTTP/1.1" 200 2909 "-" "Apache-HttpClient/4.5.14 (Java/17.0.9)" 1281 0.004 [knime-keycloak-8443] [] ***HIDDEN***:8443 2909 0.008 200 4d6eded2-d4aa-4374-b84f-adac123357d2
***HIDDEN*** - - [21/Nov/2023:14:33:57 +0000] "GET /auth/realms/knime/protocol/openid-connect/certs HTTP/1.1" 200 2909 "-" "Apache-HttpClient/4.5.14 (Java/17.0.9)" 1281 0.005 [knime-keycloak-8443] [] ***HIDDEN***:8443 2909 0.008 200 e160acd4-38a8-45b1-a4cc-6f94287423a2
***HIDDEN*** - - [21/Nov/2023:14:34:02 +0000] "GET /auth/realms/knime/protocol/openid-connect/certs HTTP/1.1" 200 2909 "-" "Apache-HttpClient/4.5.14 (Java/17.0.9)" 1281 0.005 [knime-keycloak-8443] [] ***HIDDEN***:8443 2909 0.008 200 e42b6a9c-e4b3-4a8c-93d0-117f2d1398a3
***HIDDEN*** - - [21/Nov/2023:14:34:07 +0000] "GET /auth/realms/knime/protocol/openid-connect/certs HTTP/1.1" 200 2909 "-" "Apache-HttpClient/4.5.14 (Java/17.0.9)" 1281 0.004 [knime-keycloak-8443] [] ***HIDDEN***:8443 2909 0.004 200 8afd1e3f-2a28-4f6d-a949-8a37ee38fb6e
***HIDDEN*** - - [21/Nov/2023:14:34:12 +0000] "GET /auth/realms/knime/protocol/openid-connect/certs HTTP/1.1" 200 2909 "-" "Apache-HttpClient/4.5.14 (Java/17.0.9)" 1281 0.006 [knime-keycloak-8443] [] ***HIDDEN***:8443 2909 0.004 200 a16ae81c-f055-4c3d-8b71-efda4993b346
***HIDDEN*** - - [21/Nov/2023:14:34:17 +0000] "GET /auth/realms/knime/protocol/openid-connect/certs HTTP/1.1" 200 2909 "-" "Apache-HttpClient/4.5.14 (Java/17.0.9)" 1281 0.005 [knime-keycloak-8443] [] ***HIDDEN***:8443 2909 0.004 200 840bcb6e-559c-479c-a236-e3c81bd6fb58
***HIDDEN*** - - [21/Nov/2023:14:34:22 +0000] "GET /auth/realms/knime/protocol/openid-connect/certs HTTP/1.1" 200 2909 "-" "Apache-HttpClient/4.5.14 (Java/17.0.9)" 1281 0.006 [knime-keycloak-8443] [] ***HIDDEN***:8443 2909 0.008 200 e7f872f7-fe9c-426c-8904-a715ce2b367a
***HIDDEN*** - - [21/Nov/2023:14:34:27 +0000] "GET /auth/realms/knime/protocol/openid-connect/certs HTTP/1.1" 200 2909 "-" "Apache-HttpClient/4.5.14 (Java/17.0.9)" 1281 0.005 [knime-keycloak-8443] [] ***HIDDEN***:8443 2909 0.008 200 95b997e0-7dd6-4b02-9748-84facf0e19f5
***HIDDEN*** - - [21/Nov/2023:14:34:32 +0000] "GET /auth/realms/knime/protocol/openid-connect/certs HTTP/1.1" 200 2909 "-" "Apache-HttpClient/4.5.14 (Java/17.0.9)" 1281 0.005 [knime-keycloak-8443] [] ***HIDDEN***:8443 2909 0.004 200 48c0676a-82f6-4ee8-b319-33b2ce97b7ba
***HIDDEN*** - - [21/Nov/2023:14:34:37 +0000] "GET /auth/realms/knime/protocol/openid-connect/certs HTTP/1.1" 200 2909 "-" "Apache-HttpClient/4.5.14 (Java/17.0.9)" 1281 0.004 [knime-keycloak-8443] [] ***HIDDEN***:8443 2909 0.004 200 1b0cf691-39e2-477e-99e4-338b9c13be5e
***HIDDEN*** - - [21/Nov/2023:14:34:42 +0000] "GET /auth/realms/knime/protocol/openid-connect/certs HTTP/1.1" 200 2909 "-" "Apache-HttpClient/4.5.14 (Java/17.0.9)" 1281 0.004 [knime-keycloak-8443] [] ***HIDDEN***:8443 2909 0.004 200 4da03019-591b-4c93-8c89-a2c1e1112342
***HIDDEN*** - - [21/Nov/2023:14:34:47 +0000] "GET /auth/realms/knime/protocol/openid-connect/certs HTTP/1.1" 200 2909 "-" "Apache-HttpClient/4.5.14 (Java/17.0.9)" 1281 0.004 [knime-keycloak-8443] [] ***HIDDEN***:8443 2909 0.004 200 d8cc5fe5-ef7a-46a7-8884-3383b6ece1b3
***HIDDEN*** - - [21/Nov/2023:14:34:52 +0000] "GET /auth/realms/knime/protocol/openid-connect/certs HTTP/1.1" 200 2909 "-" "Apache-HttpClient/4.5.14 (Java/17.0.9)" 1281 0.004 [knime-keycloak-8443] [] ***HIDDEN***:8443 2909 0.004 200 a327ffc8-d900-4396-8ff8-815c9dec4140
***HIDDEN*** - - [21/Nov/2023:14:34:57 +0000] "GET /auth/realms/knime/protocol/openid-connect/certs HTTP/1.1" 200 2909 "-" "Apache-HttpClient/4.5.14 (Java/17.0.9)" 1281 0.004 [knime-keycloak-8443] [] ***HIDDEN***:8443 2909 0.004 200 389c4651-f557-4d7d-b34e-8b4b61d21060
***HIDDEN*** - - [21/Nov/2023:14:35:02 +0000] "GET /auth/realms/knime/protocol/openid-connect/certs HTTP/1.1" 200 2909 "-" "Apache-HttpClient/4.5.14 (Java/17.0.9)" 1281 0.004 [knime-keycloak-8443] [] ***HIDDEN***:8443 2909 0.004 200 b84d5f4d-6465-4c27-bec8-caf992002785
***HIDDEN*** - - [21/Nov/2023:14:35:07 +0000] "GET /auth/realms/knime/protocol/openid-connect/certs HTTP/1.1" 200 2909 "-" "Apache-HttpClient/4.5.14 (Java/17.0.9)" 1281 0.004 [knime-keycloak-8443] [] ***HIDDEN***:8443 2909 0.004 200 90639c71-e5a8-43ea-8739-8ce83ec382c6
***HIDDEN*** - - [21/Nov/2023:14:35:12 +0000] "GET /auth/realms/knime/protocol/openid-connect/certs HTTP/1.1" 200 2909 "-" "Apache-HttpClient/4.5.14 (Java/17.0.9)" 1281 0.004 [knime-keycloak-8443] [] ***HIDDEN***:8443 2909 0.004 200 afa04b5b-b25a-43e0-87ba-9dc9b6af2cd6
***HIDDEN*** - - [21/Nov/2023:14:35:17 +0000] "GET /auth/realms/knime/protocol/openid-connect/certs HTTP/1.1" 200 2909 "-" "Apache-HttpClient/4.5.14 (Java/17.0.9)" 1281 0.004 [knime-keycloak-8443] [] ***HIDDEN***:8443 2909 0.004 200 55c5cffa-83df-4c8d-801e-d83ae6788ca8
***HIDDEN*** - - [21/Nov/2023:14:35:23 +0000] "GET /auth/realms/knime/protocol/openid-connect/certs HTTP/1.1" 200 2909 "-" "Apache-HttpClient/4.5.14 (Java/17.0.9)" 1281 0.004 [knime-keycloak-8443] [] ***HIDDEN***:8443 2909 0.004 200 cd617e0c-7330-4590-a3a0-94fcb0bc0fa6
***HIDDEN*** - - [21/Nov/2023:14:35:27 +0000] "GET /auth/realms/knime/protocol/openid-connect/certs HTTP/1.1" 200 2909 "-" "Apache-HttpClient/4.5.14 (Java/17.0.9)" 1281 0.004 [knime-keycloak-8443] [] ***HIDDEN***:8443 2909 0.008 200 ca8d85e9-8efb-48a7-90d0-2c29edc61a5b
***HIDDEN*** - - [21/Nov/2023:14:35:32 +0000] "GET /auth/realms/knime/protocol/openid-connect/certs HTTP/1.1" 200 2909 "-" "Apache-HttpClient/4.5.14 (Java/17.0.9)" 1281 0.004 [knime-keycloak-8443] [] ***HIDDEN***:8443 2909 0.004 200 a02087ee-d220-4ade-8792-5560cfabb4ec
***HIDDEN*** - - [21/Nov/2023:14:35:37 +0000] "GET /auth/realms/knime/protocol/openid-connect/certs HTTP/1.1" 200 2909 "-" "Apache-HttpClient/4.5.14 (Java/17.0.9)" 1281 0.004 [knime-keycloak-8443] [] ***HIDDEN***:8443 2909 0.004 200 bb881fc6-746d-490a-99f2-6aa8147d9fbd
***HIDDEN*** - - [21/Nov/2023:14:35:42 +0000] "GET /auth/realms/knime/protocol/openid-connect/certs HTTP/1.1" 200 2909 "-" "Apache-HttpClient/4.5.14 (Java/17.0.9)" 1281 0.005 [knime-keycloak-8443] [] ***HIDDEN***:8443 2909 0.004 200 9edf18a2-2440-42a5-b69f-64ab3ed37bab
***HIDDEN*** - - [21/Nov/2023:14:35:47 +0000] "GET /auth/realms/knime/protocol/openid-connect/certs HTTP/1.1" 200 2909 "-" "Apache-HttpClient/4.5.14 (Java/17.0.9)" 1281 0.004 [knime-keycloak-8443] [] ***HIDDEN***:8443 2909 0.004 200 387a8b49-a03c-4b19-b36d-64245e2db4c8
***HIDDEN*** - - [21/Nov/2023:14:35:52 +0000] "GET /auth/realms/knime/protocol/openid-connect/certs HTTP/1.1" 200 2909 "-" "Apache-HttpClient/4.5.14 (Java/17.0.9)" 1281 0.004 [knime-keycloak-8443] [] ***HIDDEN***:8443 2909 0.004 200 e316946b-a76a-4f4a-b515-60193d616abe
***HIDDEN*** - - [21/Nov/2023:14:35:57 +0000] "GET /auth/realms/knime/protocol/openid-connect/certs HTTP/1.1" 200 2909 "-" "Apache-HttpClient/4.5.14 (Java/17.0.9)" 1281 0.004 [knime-keycloak-8443] [] ***HIDDEN***:8443 2909 0.004 200 6df7199b-0069-4ba7-aa1a-bdcf1071725f
***HIDDEN*** - - [21/Nov/2023:14:36:02 +0000] "GET /auth/realms/knime/protocol/openid-connect/certs HTTP/1.1" 200 2909 "-" "Apache-HttpClient/4.5.14 (Java/17.0.9)" 1281 0.004 [knime-keycloak-8443] [] ***HIDDEN***:8443 2909 0.004 200 2b334582-9a90-4498-be36-d559ad5ae410
***HIDDEN*** - - [21/Nov/2023:14:36:07 +0000] "GET /auth/realms/knime/protocol/openid-connect/certs HTTP/1.1" 200 2909 "-" "Apache-HttpClient/4.5.14 (Java/17.0.9)" 1281 0.004 [knime-keycloak-8443] [] ***HIDDEN***:8443 2909 0.004 200 4409fd94-ecee-450c-b2ee-ca54343b2498
***HIDDEN*** - - [21/Nov/2023:14:36:12 +0000] "GET /auth/realms/knime/protocol/openid-connect/certs HTTP/1.1" 200 2909 "-" "Apache-HttpClient/4.5.14 (Java/17.0.9)" 1281 0.004 [knime-keycloak-8443] [] ***HIDDEN***:8443 2909 0.004 200 560cd680-2710-41d0-8743-7f345f465ea4
***HIDDEN*** - - [21/Nov/2023:14:36:17 +0000] "GET /auth/realms/knime/protocol/openid-connect/certs HTTP/1.1" 200 2909 "-" "Apache-HttpClient/4.5.14 (Java/17.0.9)" 1281 0.004 [knime-keycloak-8443] [] ***HIDDEN***:8443 2909 0.004 200 c84e3b4c-7475-4666-9665-b1e0c1818c19
***HIDDEN*** - - [21/Nov/2023:14:36:22 +0000] "GET /auth/realms/knime/protocol/openid-connect/certs HTTP/1.1" 200 2909 "-" "Apache-HttpClient/4.5.14 (Java/17.0.9)" 1281 0.004 [knime-keycloak-8443] [] ***HIDDEN***:8443 2909 0.004 200 d74ed9ac-1338-4bc0-a754-6ef15c81d869
***HIDDEN*** - - [21/Nov/2023:14:36:27 +0000] "GET /auth/realms/knime/protocol/openid-connect/certs HTTP/1.1" 200 2909 "-" "Apache-HttpClient/4.5.14 (Java/17.0.9)" 1281 0.005 [knime-keycloak-8443] [] ***HIDDEN***:8443 2909 0.004 200 c62c639d-8f31-411d-a7ef-7e4e8ac180c4
***HIDDEN*** - - [21/Nov/2023:14:36:32 +0000] "GET /auth/realms/knime/protocol/openid-connect/certs HTTP/1.1" 200 2909 "-" "Apache-HttpClient/4.5.14 (Java/17.0.9)" 1281 0.004 [knime-keycloak-8443] [] ***HIDDEN***:8443 2909 0.004 200 6bc32906-35a1-488b-b266-8dce4f71cc40
***HIDDEN*** - - [21/Nov/2023:14:36:37 +0000] "GET /auth/realms/knime/protocol/openid-connect/certs HTTP/1.1" 200 2909 "-" "Apache-HttpClient/4.5.14 (Java/17.0.9)" 1281 0.004 [knime-keycloak-8443] [] ***HIDDEN***:8443 2909 0.004 200 8c3131f1-1855-4bda-81d4-77a98721de77
***HIDDEN*** - - [21/Nov/2023:14:36:42 +0000] "GET /auth/realms/knime/protocol/openid-connect/certs HTTP/1.1" 200 2909 "-" "Apache-HttpClient/4.5.14 (Java/17.0.9)" 1281 0.004 [knime-keycloak-8443] [] ***HIDDEN***:8443 2909 0.004 200 263e67fc-50e3-4c9d-bf2c-3109d54f5512
***HIDDEN*** - - [21/Nov/2023:14:36:47 +0000] "GET /auth/realms/knime/protocol/openid-connect/certs HTTP/1.1" 200 2909 "-" "Apache-HttpClient/4.5.14 (Java/17.0.9)" 1281 0.004 [knime-keycloak-8443] [] ***HIDDEN***:8443 2909 0.004 200 2b6dd99b-e125-4042-aeef-5b5af6da0f65
***HIDDEN*** - - [21/Nov/2023:14:36:52 +0000] "GET /auth/realms/knime/protocol/openid-connect/certs HTTP/1.1" 200 2909 "-" "Apache-HttpClient/4.5.14 (Java/17.0.9)" 1281 0.003 [knime-keycloak-8443] [] ***HIDDEN***:8443 2909 0.004 200 793781a1-1adf-4ac8-853c-8c8cd40c6f67
***HIDDEN*** - - [21/Nov/2023:14:36:57 +0000] "GET /auth/realms/knime/protocol/openid-connect/certs HTTP/1.1" 200 2909 "-" "Apache-HttpClient/4.5.14 (Java/17.0.9)" 1281 0.004 [knime-keycloak-8443] [] ***HIDDEN***:8443 2909 0.004 200 108f950a-8675-4559-98d7-622e6ad1e649
***HIDDEN*** - - [21/Nov/2023:14:37:02 +0000] "GET /auth/realms/knime/protocol/openid-connect/certs HTTP/1.1" 200 2909 "-" "Apache-HttpClient/4.5.14 (Java/17.0.9)" 1281 0.004 [knime-keycloak-8443] [] ***HIDDEN***:8443 2909 0.004 200 96450e13-165a-475d-a249-f0523f8199c6
***HIDDEN*** - - [21/Nov/2023:14:37:07 +0000] "GET /auth/realms/knime/protocol/openid-connect/certs HTTP/1.1" 200 2909 "-" "Apache-HttpClient/4.5.14 (Java/17.0.9)" 1281 0.004 [knime-keycloak-8443] [] ***HIDDEN***:8443 2909 0.004 200 cc93e4c9-c3af-4eea-bb85-334b22cbc35e
***HIDDEN*** - - [21/Nov/2023:14:37:12 +0000] "GET /auth/realms/knime/protocol/openid-connect/certs HTTP/1.1" 200 2909 "-" "Apache-HttpClient/4.5.14 (Java/17.0.9)" 1281 0.004 [knime-keycloak-8443] [] ***HIDDEN***:8443 2909 0.004 200 093167d3-9b6d-40d7-a454-dba82347e315
***HIDDEN*** - - [21/Nov/2023:14:37:17 +0000] "GET /auth/realms/knime/protocol/openid-connect/certs HTTP/1.1" 200 2909 "-" "Apache-HttpClient/4.5.14 (Java/17.0.9)" 1281 0.004 [knime-keycloak-8443] [] ***HIDDEN***:8443 2909 0.004 200 bdace858-b860-47cf-b10e-ffd8af0f3f66
***HIDDEN*** - - [21/Nov/2023:14:37:22 +0000] "GET /auth/realms/knime/protocol/openid-connect/certs HTTP/1.1" 200 2909 "-" "Apache-HttpClient/4.5.14 (Java/17.0.9)" 1281 0.004 [knime-keycloak-8443] [] ***HIDDEN***:8443 2909 0.004 200 d6e6045a-05f8-474b-ad57-32f5ce4d309c
***HIDDEN*** - - [21/Nov/2023:14:37:27 +0000] "GET /auth/realms/knime/protocol/openid-connect/certs HTTP/1.1" 200 2909 "-" "Apache-HttpClient/4.5.14 (Java/17.0.9)" 1281 0.004 [knime-keycloak-8443] [] ***HIDDEN***:8443 2909 0.004 200 46f15a3e-87e2-4d7f-b20e-cecb0d5ef1f7
***HIDDEN*** - - [21/Nov/2023:14:37:32 +0000] "GET /auth/realms/knime/protocol/openid-connect/certs HTTP/1.1" 200 2909 "-" "Apache-HttpClient/4.5.14 (Java/17.0.9)" 1281 0.004 [knime-keycloak-8443] [] ***HIDDEN***:8443 2909 0.004 200 cdffd853-0496-4584-937b-a5ef7e406ab8
***HIDDEN*** - - [21/Nov/2023:14:37:37 +0000] "GET /auth/realms/knime/protocol/openid-connect/certs HTTP/1.1" 200 2909 "-" "Apache-HttpClient/4.5.14 (Java/17.0.9)" 1281 0.004 [knime-keycloak-8443] [] ***HIDDEN***:8443 2909 0.004 200 44eb6d1c-16bb-46c8-b8c5-826f4547be1f
***HIDDEN*** - - [21/Nov/2023:14:37:42 +0000] "GET /auth/realms/knime/protocol/openid-connect/certs HTTP/1.1" 200 2909 "-" "Apache-HttpClient/4.5.14 (Java/17.0.9)" 1281 0.004 [knime-keycloak-8443] [] ***HIDDEN***:8443 2909 0.004 200 7d2d8f16-d7cd-4dd1-90ea-b25ba6bd913d
***HIDDEN*** - - [21/Nov/2023:14:37:47 +0000] "GET /auth/realms/knime/protocol/openid-connect/certs HTTP/1.1" 200 2909 "-" "Apache-HttpClient/4.5.14 (Java/17.0.9)" 1281 0.005 [knime-keycloak-8443] [] ***HIDDEN***:8443 2909 0.008 200 56ca08eb-69ba-4cba-b56d-6b9c92212519
***HIDDEN*** - - [21/Nov/2023:14:37:52 +0000] "GET /auth/realms/knime/protocol/openid-connect/certs HTTP/1.1" 200 2909 "-" "Apache-HttpClient/4.5.14 (Java/17.0.9)" 1281 0.004 [knime-keycloak-8443] [] ***HIDDEN***:8443 2909 0.004 200 aff5d40c-f89d-46d4-b171-a8c6ee0537e5
***HIDDEN*** - - [21/Nov/2023:14:37:57 +0000] "GET /auth/realms/knime/protocol/openid-connect/certs HTTP/1.1" 200 2909 "-" "Apache-HttpClient/4.5.14 (Java/17.0.9)" 1281 0.004 [knime-keycloak-8443] [] ***HIDDEN***:8443 2909 0.004 200 f2d0e366-867c-4171-91a5-bfd822e73bc4
***HIDDEN*** - - [21/Nov/2023:14:38:02 +0000] "GET /auth/realms/knime/protocol/openid-connect/certs HTTP/1.1" 200 2909 "-" "Apache-HttpClient/4.5.14 (Java/17.0.9)" 1281 0.004 [knime-keycloak-8443] [] ***HIDDEN***:8443 2909 0.004 200 56d437bd-c6c9-48e7-a27a-59b096467d0d
***HIDDEN*** - - [21/Nov/2023:14:38:07 +0000] "GET /auth/realms/knime/protocol/openid-connect/certs HTTP/1.1" 200 2909 "-" "Apache-HttpClient/4.5.14 (Java/17.0.9)" 1281 0.004 [knime-keycloak-8443] [] ***HIDDEN***:8443 2909 0.004 200 f79a3546-b832-49e9-af52-977f977d0b6b
***HIDDEN*** - - [21/Nov/2023:14:38:12 +0000] "GET /auth/realms/knime/protocol/openid-connect/certs HTTP/1.1" 200 2909 "-" "Apache-HttpClient/4.5.14 (Java/17.0.9)" 1281 0.004 [knime-keycloak-8443] [] ***HIDDEN***:8443 2909 0.004 200 8befda35-9eb3-47ad-b964-defcefa8b026
***HIDDEN*** - - [21/Nov/2023:14:38:17 +0000] "GET /auth/realms/knime/protocol/openid-connect/certs HTTP/1.1" 200 2909 "-" "Apache-HttpClient/4.5.14 (Java/17.0.9)" 1281 0.004 [knime-keycloak-8443] [] ***HIDDEN***:8443 2909 0.004 200 0bb9b71a-5a8e-4b6a-8fa6-b3b0c0be876d
***HIDDEN*** - - [21/Nov/2023:14:38:22 +0000] "GET /auth/realms/knime/protocol/openid-connect/certs HTTP/1.1" 200 2909 "-" "Apache-HttpClient/4.5.14 (Java/17.0.9)" 1281 0.004 [knime-keycloak-8443] [] ***HIDDEN***:8443 2909 0.004 200 813d15c7-b819-4c33-a578-c7445286dd56
***HIDDEN*** - - [21/Nov/2023:14:38:27 +0000] "GET /auth/realms/knime/protocol/openid-connect/certs HTTP/1.1" 200 2909 "-" "Apache-HttpClient/4.5.14 (Java/17.0.9)" 1281 0.004 [knime-keycloak-8443] [] ***HIDDEN***:8443 2909 0.004 200 fe1f717f-2f5d-4e7d-9e84-9737811dfb7b
***HIDDEN*** - - [21/Nov/2023:14:38:32 +0000] "GET /auth/realms/knime/protocol/openid-connect/certs HTTP/1.1" 200 2909 "-" "Apache-HttpClient/4.5.14 (Java/17.0.9)" 1281 0.004 [knime-keycloak-8443] [] ***HIDDEN***:8443 2909 0.004 200 877b4859-6d55-4e64-9ba3-68f3aa429c2d
***HIDDEN*** - - [21/Nov/2023:14:38:37 +0000] "GET /auth/realms/knime/protocol/openid-connect/certs HTTP/1.1" 200 2909 "-" "Apache-HttpClient/4.5.14 (Java/17.0.9)" 1281 0.004 [knime-keycloak-8443] [] ***HIDDEN***:8443 2909 0.004 200 455da15b-3ea1-498d-8aad-965d5aaa2021
***HIDDEN*** - - [21/Nov/2023:14:38:42 +0000] "GET /auth/realms/knime/protocol/openid-connect/certs HTTP/1.1" 200 2909 "-" "Apache-HttpClient/4.5.14 (Java/17.0.9)" 1281 0.004 [knime-keycloak-8443] [] ***HIDDEN***:8443 2909 0.004 200 3f6cb6df-cfd8-4c5b-ae34-c5af91f4691a
***HIDDEN*** - - [21/Nov/2023:14:38:47 +0000] "GET /auth/realms/knime/protocol/openid-connect/certs HTTP/1.1" 200 2909 "-" "Apache-HttpClient/4.5.14 (Java/17.0.9)" 1281 0.004 [knime-keycloak-8443] [] ***HIDDEN***:8443 2909 0.004 200 4d79d6df-6392-41a0-bf51-2c523b1bad99
***HIDDEN*** - - [21/Nov/2023:14:38:52 +0000] "GET /auth/realms/knime/protocol/openid-connect/certs HTTP/1.1" 200 2909 "-" "Apache-HttpClient/4.5.14 (Java/17.0.9)" 1281 0.005 [knime-keycloak-8443] [] ***HIDDEN***:8443 2909 0.008 200 8bb0a29a-0a78-4be3-b5ab-4a0b2e37bf07
***HIDDEN*** - - [21/Nov/2023:14:38:57 +0000] "GET /auth/realms/knime/protocol/openid-connect/certs HTTP/1.1" 200 2909 "-" "Apache-HttpClient/4.5.14 (Java/17.0.9)" 1281 0.004 [knime-keycloak-8443] [] ***HIDDEN***:8443 2909 0.004 200 75638d73-f669-44a3-ba54-99bd88296274
***HIDDEN*** - - [21/Nov/2023:14:39:02 +0000] "GET /auth/realms/knime/protocol/openid-connect/certs HTTP/1.1" 200 2909 "-" "Apache-HttpClient/4.5.14 (Java/17.0.9)" 1281 0.004 [knime-keycloak-8443] [] ***HIDDEN***:8443 2909 0.004 200 f9782dd3-f4b1-4e4b-923e-80bf302963f5
***HIDDEN*** - - [21/Nov/2023:14:39:07 +0000] "GET /auth/realms/knime/protocol/openid-connect/certs HTTP/1.1" 200 2909 "-" "Apache-HttpClient/4.5.14 (Java/17.0.9)" 1281 0.004 [knime-keycloak-8443] [] ***HIDDEN***:8443 2909 0.004 200 c5f482f9-4aad-4d65-bcf9-aed6f2556934
***HIDDEN*** - - [21/Nov/2023:14:39:12 +0000] "GET /auth/realms/knime/protocol/openid-connect/certs HTTP/1.1" 200 2909 "-" "Apache-HttpClient/4.5.14 (Java/17.0.9)" 1281 0.005 [knime-keycloak-8443] [] ***HIDDEN***:8443 2909 0.004 200 955d7b63-658f-4de5-bc8d-c4786eb7e900
***HIDDEN*** - - [21/Nov/2023:14:39:17 +0000] "GET /auth/realms/knime/protocol/openid-connect/certs HTTP/1.1" 200 2909 "-" "Apache-HttpClient/4.5.14 (Java/17.0.9)" 1281 0.004 [knime-keycloak-8443] [] ***HIDDEN***:8443 2909 0.004 200 4898f513-8a5a-43ed-a1b4-f6c0b529a9d3
***HIDDEN*** - - [21/Nov/2023:14:39:22 +0000] "GET /auth/realms/knime/protocol/openid-connect/certs HTTP/1.1" 200 2909 "-" "Apache-HttpClient/4.5.14 (Java/17.0.9)" 1281 0.004 [knime-keycloak-8443] [] ***HIDDEN***:8443 2909 0.004 200 2c87920e-4937-4292-b7cc-992c91206e18
***HIDDEN*** - - [21/Nov/2023:14:39:27 +0000] "GET /auth/realms/knime/protocol/openid-connect/certs HTTP/1.1" 200 2909 "-" "Apache-HttpClient/4.5.14 (Java/17.0.9)" 1281 0.004 [knime-keycloak-8443] [] ***HIDDEN***:8443 2909 0.004 200 c5cf6f5c-afcf-466a-b3dc-bf623027d8e9
***HIDDEN*** - - [21/Nov/2023:14:39:32 +0000] "GET /auth/realms/knime/protocol/openid-connect/certs HTTP/1.1" 200 2909 "-" "Apache-HttpClient/4.5.14 (Java/17.0.9)" 1281 0.003 [knime-keycloak-8443] [] ***HIDDEN***:8443 2909 0.004 200 5d1cb5ed-e28e-4c36-84d8-be3c1871a7f3
***HIDDEN*** - - [21/Nov/2023:14:39:37 +0000] "GET /auth/realms/knime/protocol/openid-connect/certs HTTP/1.1" 200 2909 "-" "Apache-HttpClient/4.5.14 (Java/17.0.9)" 1281 0.005 [knime-keycloak-8443] [] ***HIDDEN***:8443 2909 0.004 200 b9412052-eaa0-4acc-a70d-e209a764ef4f
***HIDDEN*** - - [21/Nov/2023:14:39:42 +0000] "GET /auth/realms/knime/protocol/openid-connect/certs HTTP/1.1" 200 2909 "-" "Apache-HttpClient/4.5.14 (Java/17.0.9)" 1281 0.004 [knime-keycloak-8443] [] ***HIDDEN***:8443 2909 0.004 200 0c0f30e0-d323-4fd6-8d54-99dea933d27a
***HIDDEN*** - - [21/Nov/2023:14:39:47 +0000] "GET /auth/realms/knime/protocol/openid-connect/certs HTTP/1.1" 200 2909 "-" "Apache-HttpClient/4.5.14 (Java/17.0.9)" 1281 0.004 [knime-keycloak-8443] [] ***HIDDEN***:8443 2909 0.004 200 51edd486-8ccf-418b-ae55-d4003e69026d
***HIDDEN*** - - [21/Nov/2023:14:39:52 +0000] "GET /auth/realms/knime/protocol/openid-connect/certs HTTP/1.1" 200 2909 "-" "Apache-HttpClient/4.5.14 (Java/17.0.9)" 1281 0.004 [knime-keycloak-8443] [] ***HIDDEN***:8443 2909 0.004 200 a426cbd3-add7-4a5f-a725-28b2159c600a
***HIDDEN*** - - [21/Nov/2023:14:39:57 +0000] "GET /auth/realms/knime/protocol/openid-connect/certs HTTP/1.1" 200 2909 "-" "Apache-HttpClient/4.5.14 (Java/17.0.9)" 1281 0.003 [knime-keycloak-8443] [] ***HIDDEN***:8443 2909 0.004 200 94185aad-6849-4076-b440-11cf808670f6
***HIDDEN*** - - [21/Nov/2023:14:40:02 +0000] "GET /auth/realms/knime/protocol/openid-connect/certs HTTP/1.1" 200 2909 "-" "Apache-HttpClient/4.5.14 (Java/17.0.9)" 1281 0.004 [knime-keycloak-8443] [] ***HIDDEN***:8443 2909 0.004 200 7a37b7e2-f903-4f67-8d0e-d192e8ccc9c3
***HIDDEN*** - - [21/Nov/2023:14:40:07 +0000] "GET /auth/realms/knime/protocol/openid-connect/certs HTTP/1.1" 200 2909 "-" "Apache-HttpClient/4.5.14 (Java/17.0.9)" 1281 0.004 [knime-keycloak-8443] [] ***HIDDEN***:8443 2909 0.004 200 56a75b75-84fb-4873-af6d-b69af1474847
***HIDDEN*** - - [21/Nov/2023:14:40:12 +0000] "GET /auth/realms/knime/protocol/openid-connect/certs HTTP/1.1" 200 2909 "-" "Apache-HttpClient/4.5.14 (Java/17.0.9)" 1281 0.004 [knime-keycloak-8443] [] ***HIDDEN***:8443 2909 0.004 200 80a5341a-0de1-4a51-8cda-2d48e6d277b4
***HIDDEN*** - - [21/Nov/2023:14:40:17 +0000] "GET /auth/realms/knime/protocol/openid-connect/certs HTTP/1.1" 200 2909 "-" "Apache-HttpClient/4.5.14 (Java/17.0.9)" 1281 0.004 [knime-keycloak-8443] [] ***HIDDEN***:8443 2909 0.004 200 ccdf073a-0b8c-4c08-bc4e-8de30bcb2fbf
***HIDDEN*** - - [21/Nov/2023:14:40:22 +0000] "GET /auth/realms/knime/protocol/openid-connect/certs HTTP/1.1" 200 2909 "-" "Apache-HttpClient/4.5.14 (Java/17.0.9)" 1281 0.003 [knime-keycloak-8443] [] ***HIDDEN***:8443 2909 0.004 200 e043400f-354c-4c82-a9c4-76339543117a
***HIDDEN*** - - [21/Nov/2023:14:40:27 +0000] "GET /auth/realms/knime/protocol/openid-connect/certs HTTP/1.1" 200 2909 "-" "Apache-HttpClient/4.5.14 (Java/17.0.9)" 1281 0.005 [knime-keycloak-8443] [] ***HIDDEN***:8443 2909 0.004 200 a9d8c5d9-4ac1-4889-957c-373b5bc9c638
***HIDDEN*** - - [21/Nov/2023:14:40:32 +0000] "GET /auth/realms/knime/protocol/openid-connect/certs HTTP/1.1" 200 2909 "-" "Apache-HttpClient/4.5.14 (Java/17.0.9)" 1281 0.004 [knime-keycloak-8443] [] ***HIDDEN***:8443 2909 0.004 200 2c525ee4-e060-47ac-b82c-dc5e292114f8
***HIDDEN*** - - [21/Nov/2023:14:40:37 +0000] "GET /auth/realms/knime/protocol/openid-connect/certs HTTP/1.1" 200 2909 "-" "Apache-HttpClient/4.5.14 (Java/17.0.9)" 1281 0.003 [knime-keycloak-8443] [] ***HIDDEN***:8443 2909 0.000 200 141a09bd-5022-41f6-ae8d-2dfba83e2828
***HIDDEN*** - - [21/Nov/2023:14:40:42 +0000] "GET /auth/realms/knime/protocol/openid-connect/certs HTTP/1.1" 200 2909 "-" "Apache-HttpClient/4.5.14 (Java/17.0.9)" 1281 0.003 [knime-keycloak-8443] [] ***HIDDEN***:8443 2909 0.004 200 7c477b9e-6532-4201-b953-701b298e136e
***HIDDEN*** - - [21/Nov/2023:14:40:47 +0000] "GET /auth/realms/knime/protocol/openid-connect/certs HTTP/1.1" 200 2909 "-" "Apache-HttpClient/4.5.14 (Java/17.0.9)" 1281 0.004 [knime-keycloak-8443] [] ***HIDDEN***:8443 2909 0.004 200 8bb790e3-021c-4ace-9077-7e0903add6e7
***HIDDEN*** - - [21/Nov/2023:14:40:52 +0000] "GET /auth/realms/knime/protocol/openid-connect/certs HTTP/1.1" 200 2909 "-" "Apache-HttpClient/4.5.14 (Java/17.0.9)" 1281 0.004 [knime-keycloak-8443] [] ***HIDDEN***:8443 2909 0.004 200 550f7ca9-5a4f-42b2-94b2-fb0ca08719da
***HIDDEN*** - - [21/Nov/2023:14:40:57 +0000] "GET /auth/realms/knime/protocol/openid-connect/certs HTTP/1.1" 200 2909 "-" "Apache-HttpClient/4.5.14 (Java/17.0.9)" 1281 0.003 [knime-keycloak-8443] [] ***HIDDEN***:8443 2909 0.004 200 63e1e2ed-9d99-4bc5-af56-adc3cc6732e6
***HIDDEN*** - - [21/Nov/2023:14:41:02 +0000] "GET /auth/realms/knime/protocol/openid-connect/certs HTTP/1.1" 200 2909 "-" "Apache-HttpClient/4.5.14 (Java/17.0.9)" 1281 0.004 [knime-keycloak-8443] [] ***HIDDEN***:8443 2909 0.004 200 feccbb32-f15f-4e58-8e9e-6abed83abe15
***HIDDEN*** - - [21/Nov/2023:14:41:07 +0000] "GET /auth/realms/knime/protocol/openid-connect/certs HTTP/1.1" 200 2909 "-" "Apache-HttpClient/4.5.14 (Java/17.0.9)" 1281 0.004 [knime-keycloak-8443] [] ***HIDDEN***:8443 2909 0.004 200 e35b2e6b-736e-4371-adc6-99d5bd26543d
***HIDDEN*** - - [21/Nov/2023:14:41:12 +0000] "GET /auth/realms/knime/protocol/openid-connect/certs HTTP/1.1" 200 2909 "-" "Apache-HttpClient/4.5.14 (Java/17.0.9)" 1281 0.004 [knime-keycloak-8443] [] ***HIDDEN***:8443 2909 0.004 200 dfc681b6-c964-4f3e-931f-b38c7ca19a87
***HIDDEN*** - - [21/Nov/2023:14:41:17 +0000] "GET /auth/realms/knime/protocol/openid-connect/certs HTTP/1.1" 200 2909 "-" "Apache-HttpClient/4.5.14 (Java/17.0.9)" 1281 0.004 [knime-keycloak-8443] [] ***HIDDEN***:8443 2909 0.004 200 47ea921d-33c3-4812-9990-f188120b8dd0
***HIDDEN*** - - [21/Nov/2023:14:41:22 +0000] "GET /auth/realms/knime/protocol/openid-connect/certs HTTP/1.1" 200 2909 "-" "Apache-HttpClient/4.5.14 (Java/17.0.9)" 1281 0.003 [knime-keycloak-8443] [] ***HIDDEN***:8443 2909 0.004 200 384a846e-821c-4bc1-80f4-2da34e2ed459
***HIDDEN*** - search-sync-service [21/Nov/2023:14:41:27 +0000] "POST /auth/realms/knime/protocol/openid-connect/token HTTP/1.1" 200 1225 "-" "Vert.x-WebClient/4.4.4" 1504 0.292 [knime-keycloak-8443] [] ***HIDDEN***:8443 1225 0.292 200 7a81ab47-ee23-45d0-920f-0fb2be5b65f7
***HIDDEN*** - - [21/Nov/2023:14:41:27 +0000] "GET /auth/realms/knime/protocol/openid-connect/certs HTTP/1.1" 200 2909 "-" "Java/17.0.9" 1377 0.005 [knime-keycloak-8443] [] ***HIDDEN***:8443 2909 0.008 200 1c217c63-a47a-430c-b51b-a7fca40e30eb
***HIDDEN*** - - [21/Nov/2023:14:41:27 +0000] "GET /auth/realms/knime/protocol/openid-connect/certs HTTP/1.1" 200 2909 "-" "Apache-HttpClient/4.5.14 (Java/17.0.9)" 1281 0.004 [knime-keycloak-8443] [] ***HIDDEN***:8443 2909 0.004 200 e84d7d9d-413f-439b-b689-4dc58586650b
***HIDDEN*** - - [21/Nov/2023:14:41:32 +0000] "GET /auth/realms/knime/protocol/openid-connect/certs HTTP/1.1" 200 2909 "-" "Apache-HttpClient/4.5.14 (Java/17.0.9)" 1281 0.003 [knime-keycloak-8443] [] ***HIDDEN***:8443 2909 0.004 200 5772f7d7-ae18-4f21-a139-9bdcaa85e308
***HIDDEN*** - - [21/Nov/2023:14:41:37 +0000] "GET /auth/realms/knime/protocol/openid-connect/certs HTTP/1.1" 200 2909 "-" "Apache-HttpClient/4.5.14 (Java/17.0.9)" 1281 0.004 [knime-keycloak-8443] [] ***HIDDEN***:8443 2909 0.004 200 6ac7752b-9449-447c-81cf-3d7d250bc280
***HIDDEN*** - - [21/Nov/2023:14:41:42 +0000] "GET /auth/realms/knime/protocol/openid-connect/certs HTTP/1.1" 200 2909 "-" "Apache-HttpClient/4.5.14 (Java/17.0.9)" 1281 0.004 [knime-keycloak-8443] [] ***HIDDEN***:8443 2909 0.004 200 68bb8a3b-1454-4033-a127-aed623f0cf46
***HIDDEN*** - - [21/Nov/2023:14:41:47 +0000] "GET /auth/realms/knime/protocol/openid-connect/certs HTTP/1.1" 200 2909 "-" "Apache-HttpClient/4.5.14 (Java/17.0.9)" 1281 0.004 [knime-keycloak-8443] [] ***HIDDEN***:8443 2909 0.004 200 cbadde72-b1ae-43ae-80b9-c4fb731825b4
***HIDDEN*** - - [21/Nov/2023:14:41:52 +0000] "GET /auth/realms/knime/protocol/openid-connect/certs HTTP/1.1" 200 2909 "-" "Apache-HttpClient/4.5.14 (Java/17.0.9)" 1281 0.004 [knime-keycloak-8443] [] ***HIDDEN***:8443 2909 0.004 200 5c97496c-8bed-4a7e-b8f6-b17d2b789ffb
***HIDDEN*** - - [21/Nov/2023:14:41:57 +0000] "GET /auth/realms/knime/protocol/openid-connect/certs HTTP/1.1" 200 2909 "-" "Apache-HttpClient/4.5.14 (Java/17.0.9)" 1281 0.003 [knime-keycloak-8443] [] ***HIDDEN***:8443 2909 0.004 200 f0c7d56c-558a-4f29-a7b2-1a2fa87ca86c
***HIDDEN*** - - [21/Nov/2023:14:42:02 +0000] "GET /auth/realms/knime/protocol/openid-connect/certs HTTP/1.1" 200 2909 "-" "Apache-HttpClient/4.5.14 (Java/17.0.9)" 1281 0.003 [knime-keycloak-8443] [] ***HIDDEN***:8443 2909 0.004 200 32e20c17-20d7-461d-a9a6-684d82a478d0
***HIDDEN*** - - [21/Nov/2023:14:42:07 +0000] "GET /auth/realms/knime/protocol/openid-connect/certs HTTP/1.1" 200 2909 "-" "Apache-HttpClient/4.5.14 (Java/17.0.9)" 1281 0.004 [knime-keycloak-8443] [] ***HIDDEN***:8443 2909 0.004 200 8b7d6302-f12c-45ba-9479-9dbd8b9f2910
***HIDDEN*** - - [21/Nov/2023:14:42:12 +0000] "GET /auth/realms/knime/protocol/openid-connect/certs HTTP/1.1" 200 2909 "-" "Apache-HttpClient/4.5.14 (Java/17.0.9)" 1281 0.003 [knime-keycloak-8443] [] ***HIDDEN***:8443 2909 0.004 200 2a40090b-a8da-4830-ba52-bcc780688e52
***HIDDEN*** - - [21/Nov/2023:14:42:17 +0000] "GET /auth/realms/knime/protocol/openid-connect/certs HTTP/1.1" 200 2909 "-" "Apache-HttpClient/4.5.14 (Java/17.0.9)" 1281 0.004 [knime-keycloak-8443] [] ***HIDDEN***:8443 2909 0.004 200 b354395a-7c65-4a99-852c-6eae7431d178
***HIDDEN*** - - [21/Nov/2023:14:42:22 +0000] "GET /auth/realms/knime/protocol/openid-connect/certs HTTP/1.1" 200 2909 "-" "Apache-HttpClient/4.5.14 (Java/17.0.9)" 1281 0.003 [knime-keycloak-8443] [] ***HIDDEN***:8443 2909 0.004 200 390f1610-427b-9e16-bab4-9fd6028e81eb
***HIDDEN*** - - [21/Nov/2023:14:42:27 +0000] "GET /auth/realms/knime/protocol/openid-connect/certs HTTP/1.1" 200 2909 "-" "Apache-HttpClient/4.5.14 (Java/17.0.9)" 1281 0.003 [knime-keycloak-8443] [] ***HIDDEN***:8443 2909 0.004 200 81a94213-d1db-46ad-a9cb-7bf742609911
***HIDDEN*** - - [21/Nov/2023:14:42:32 +0000] "GET /auth/realms/knime/protocol/openid-connect/certs HTTP/1.1" 200 2909 "-" "Apache-HttpClient/4.5.14 (Java/17.0.9)" 1281 0.004 [knime-keycloak-8443] [] ***HIDDEN***:8443 2909 0.004 200 8a982191-612c-4939-8194-aefc808f8137
***HIDDEN*** - - [21/Nov/2023:14:42:37 +0000] "GET /auth/realms/knime/protocol/openid-connect/certs HTTP/1.1" 200 2909 "-" "Apache-HttpClient/4.5.14 (Java/17.0.9)" 1281 0.003 [knime-keycloak-8443] [] ***HIDDEN***:8443 2909 0.000 200 8fa74063-e8e3-4986-bbb3-1199c9f9f216
***HIDDEN*** - - [21/Nov/2023:14:42:42 +0000] "GET /auth/realms/knime/protocol/openid-connect/certs HTTP/1.1" 200 2909 "-" "Apache-HttpClient/4.5.14 (Java/17.0.9)" 1281 0.003 [knime-keycloak-8443] [] ***HIDDEN***:8443 2909 0.004 200 8fcf7b3c-d4ce-4e49-9e13-f1cb5e1e3ab5
***HIDDEN*** - - [21/Nov/2023:14:42:47 +0000] "GET /auth/realms/knime/protocol/openid-connect/certs HTTP/1.1" 200 2909 "-" "Apache-HttpClient/4.5.14 (Java/17.0.9)" 1281 0.004 [knime-keycloak-8443] [] ***HIDDEN***:8443 2909 0.004 200 ac8d8542-647b-432f-87e6-cf4fcb9c6ade
***HIDDEN*** - - [21/Nov/2023:14:42:52 +0000] "GET /auth/realms/knime/protocol/openid-connect/certs HTTP/1.1" 200 2909 "-" "Apache-HttpClient/4.5.14 (Java/17.0.9)" 1281 0.003 [knime-keycloak-8443] [] ***HIDDEN***:8443 2909 0.004 200 c2ef5ac2-6426-4364-853a-0bfe22867b5f
***HIDDEN*** - - [21/Nov/2023:14:42:57 +0000] "GET /auth/realms/knime/protocol/openid-connect/certs HTTP/1.1" 200 2909 "-" "Apache-HttpClient/4.5.14 (Java/17.0.9)" 1281 0.003 [knime-keycloak-8443] [] ***HIDDEN***:8443 2909 0.004 200 ee540134-1ded-45d4-82c8-d783dfc673ba
***HIDDEN*** - - [21/Nov/2023:14:43:02 +0000] "GET /auth/realms/knime/protocol/openid-connect/certs HTTP/1.1" 200 2909 "-" "Apache-HttpClient/4.5.14 (Java/17.0.9)" 1281 0.003 [knime-keycloak-8443] [] ***HIDDEN***:8443 2909 0.004 200 4436918e-c377-41d9-982e-cfbe463a4b5a
***HIDDEN*** - - [21/Nov/2023:14:43:07 +0000] "GET /auth/realms/knime/protocol/openid-connect/certs HTTP/1.1" 200 2909 "-" "Apache-HttpClient/4.5.14 (Java/17.0.9)" 1281 0.003 [knime-keycloak-8443] [] ***HIDDEN***:8443 2909 0.004 200 345565b7-38e5-44f6-890d-d8f4c381127a
***HIDDEN*** - - [21/Nov/2023:14:43:12 +0000] "GET /auth/realms/knime/protocol/openid-connect/certs HTTP/1.1" 200 2909 "-" "Apache-HttpClient/4.5.14 (Java/17.0.9)" 1281 0.003 [knime-keycloak-8443] [] ***HIDDEN***:8443 2909 0.004 200 22ddf97d-1022-41e7-8b83-40a9e3c1b2c2
***HIDDEN*** - - [21/Nov/2023:14:43:17 +0000] "GET /auth/realms/knime/protocol/openid-connect/certs HTTP/1.1" 200 2909 "-" "Apache-HttpClient/4.5.14 (Java/17.0.9)" 1281 0.003 [knime-keycloak-8443] [] ***HIDDEN***:8443 2909 0.004 200 44232783-82c1-42af-bba7-5ae86b358fd8
***HIDDEN*** - - [21/Nov/2023:14:43:22 +0000] "GET /auth/realms/knime/protocol/openid-connect/certs HTTP/1.1" 200 2909 "-" "Apache-HttpClient/4.5.14 (Java/17.0.9)" 1281 0.003 [knime-keycloak-8443] [] ***HIDDEN***:8443 2909 0.004 200 37edcfff-ce0e-44bb-8f6d-c9eeb4dda51a
***HIDDEN*** - - [21/Nov/2023:14:43:27 +0000] "GET /auth/realms/knime/protocol/openid-connect/certs HTTP/1.1" 200 2909 "-" "Apache-HttpClient/4.5.14 (Java/17.0.9)" 1281 0.004 [knime-keycloak-8443] [] ***HIDDEN***:8443 2909 0.004 200 6a456965-c133-4221-8e6e-9d1aae7f7284
***HIDDEN*** - - [21/Nov/2023:14:43:32 +0000] "GET /auth/realms/knime/protocol/openid-connect/certs HTTP/1.1" 200 2909 "-" "Apache-HttpClient/4.5.14 (Java/17.0.9)" 1281 0.004 [knime-keycloak-8443] [] ***HIDDEN***:8443 2909 0.004 200 96ca44a5-b910-4969-923a-b882477e6306
***HIDDEN*** - - [21/Nov/2023:14:43:37 +0000] "GET /auth/realms/knime/protocol/openid-connect/certs HTTP/1.1" 200 2909 "-" "Apache-HttpClient/4.5.14 (Java/17.0.9)" 1281 0.004 [knime-keycloak-8443] [] ***HIDDEN***:8443 2909 0.004 200 bded9c4d-f2c3-4a43-8472-a2b4f28b1133
***HIDDEN*** - - [21/Nov/2023:14:43:42 +0000] "GET /auth/realms/knime/protocol/openid-connect/certs HTTP/1.1" 200 2909 "-" "Apache-HttpClient/4.5.14 (Java/17.0.9)" 1281 0.003 [knime-keycloak-8443] [] ***HIDDEN***:8443 2909 0.004 200 b3e1bc7f-9d28-402d-ab63-4bae0f76a14c
***HIDDEN*** - - [21/Nov/2023:14:43:47 +0000] "GET /auth/realms/knime/protocol/openid-connect/certs HTTP/1.1" 200 2909 "-" "Apache-HttpClient/4.5.14 (Java/17.0.9)" 1281 0.004 [knime-keycloak-8443] [] ***HIDDEN***:8443 2909 0.004 200 4d03cc87-a91c-45f9-9886-f4be2b49d516
***HIDDEN*** - - [21/Nov/2023:14:43:52 +0000] "GET /auth/realms/knime/protocol/openid-connect/certs HTTP/1.1" 200 2909 "-" "Apache-HttpClient/4.5.14 (Java/17.0.9)" 1281 0.003 [knime-keycloak-8443] [] ***HIDDEN***:8443 2909 0.004 200 ba2d5448-d9b4-4402-bb6a-9e6de5d88231
***HIDDEN*** - - [21/Nov/2023:14:43:57 +0000] "GET /auth/realms/knime/protocol/openid-connect/certs HTTP/1.1" 200 2909 "-" "Apache-HttpClient/4.5.14 (Java/17.0.9)" 1281 0.003 [knime-keycloak-8443] [] ***HIDDEN***:8443 2909 0.004 200 a92f20a2-74ba-4048-bfc5-ea35bb6eb889
***HIDDEN*** - - [21/Nov/2023:14:44:02 +0000] "GET /auth/realms/knime/protocol/openid-connect/certs HTTP/1.1" 200 2909 "-" "Apache-HttpClient/4.5.14 (Java/17.0.9)" 1281 0.004 [knime-keycloak-8443] [] ***HIDDEN***:8443 2909 0.004 200 33693f10-17d3-4064-b706-73546c57a0ab
***HIDDEN*** - - [21/Nov/2023:14:44:07 +0000] "GET /auth/realms/knime/protocol/openid-connect/certs HTTP/1.1" 200 2909 "-" "Apache-HttpClient/4.5.14 (Java/17.0.9)" 1281 0.004 [knime-keycloak-8443] [] ***HIDDEN***:8443 2909 0.004 200 95cab48c-ceea-4e27-b635-106faa312b92
***HIDDEN*** - - [21/Nov/2023:14:44:12 +0000] "GET /auth/realms/knime/protocol/openid-connect/certs HTTP/1.1" 200 2909 "-" "Apache-HttpClient/4.5.14 (Java/17.0.9)" 1281 0.004 [knime-keycloak-8443] [] ***HIDDEN***:8443 2909 0.004 200 ea7aa192-bb8a-48f4-a58d-ce150f54cca1
***HIDDEN*** - - [21/Nov/2023:14:44:17 +0000] "GET /auth/realms/knime/protocol/openid-connect/certs HTTP/1.1" 200 2909 "-" "Apache-HttpClient/4.5.14 (Java/17.0.9)" 1281 0.004 [knime-keycloak-8443] [] ***HIDDEN***:8443 2909 0.004 200 38316064-11ad-9a9e-acfe-38c5b295e81b
***HIDDEN*** - - [21/Nov/2023:14:44:22 +0000] "GET /auth/realms/knime/protocol/openid-connect/certs HTTP/1.1" 200 2909 "-" "Apache-HttpClient/4.5.14 (Java/17.0.9)" 1281 0.003 [knime-keycloak-8443] [] ***HIDDEN***:8443 2909 0.004 200 21c7abe6-58b7-45de-9569-c1c0da05d0a0
***HIDDEN*** - - [21/Nov/2023:14:44:27 +0000] "GET /auth/realms/knime/protocol/openid-connect/certs HTTP/1.1" 200 2909 "-" "Apache-HttpClient/4.5.14 (Java/17.0.9)" 1281 0.003 [knime-keycloak-8443] [] ***HIDDEN***:8443 2909 0.004 200 93aef247-40c0-4012-9332-9a1c191532a2
***HIDDEN*** - - [21/Nov/2023:14:44:32 +0000] "GET /auth/realms/knime/protocol/openid-connect/certs HTTP/1.1" 200 2909 "-" "Apache-HttpClient/4.5.14 (Java/17.0.9)" 1281 0.003 [knime-keycloak-8443] [] ***HIDDEN***:8443 2909 0.004 200 cc71d4ca-b689-41cc-9c13-0a278a759593
***HIDDEN*** - - [21/Nov/2023:14:44:37 +0000] "GET /auth/realms/knime/protocol/openid-connect/certs HTTP/1.1" 200 2909 "-" "Apache-HttpClient/4.5.14 (Java/17.0.9)" 1281 0.003 [knime-keycloak-8443] [] ***HIDDEN***:8443 2909 0.004 200 96e7152c-327d-4d68-b25a-340a07d027aa
***HIDDEN*** - - [21/Nov/2023:14:44:42 +0000] "GET /auth/realms/knime/protocol/openid-connect/certs HTTP/1.1" 200 2909 "-" "Apache-HttpClient/4.5.14 (Java/17.0.9)" 1281 0.003 [knime-keycloak-8443] [] ***HIDDEN***:8443 2909 0.004 200 5da77701-719f-44f6-bd2a-8a9fa5144daf
***HIDDEN*** - - [21/Nov/2023:14:44:47 +0000] "GET /auth/realms/knime/protocol/openid-connect/certs HTTP/1.1" 200 2909 "-" "Apache-HttpClient/4.5.14 (Java/17.0.9)" 1281 0.004 [knime-keycloak-8443] [] ***HIDDEN***:8443 2909 0.004 200 ced16e19-ee20-4baa-8f5b-17a28106d056
***HIDDEN*** - - [21/Nov/2023:14:44:52 +0000] "GET /auth/realms/knime/protocol/openid-connect/certs HTTP/1.1" 200 2909 "-" "Apache-HttpClient/4.5.14 (Java/17.0.9)" 1281 0.004 [knime-keycloak-8443] [] ***HIDDEN***:8443 2909 0.004 200 513375ab-5a17-4c9b-97a2-09b7b8b41df9
***HIDDEN*** - - [21/Nov/2023:14:44:57 +0000] "GET /auth/realms/knime/protocol/openid-connect/certs HTTP/1.1" 200 2909 "-" "Apache-HttpClient/4.5.14 (Java/17.0.9)" 1281 0.003 [knime-keycloak-8443] [] ***HIDDEN***:8443 2909 0.004 200 ab4d5000-4cc8-45c3-8355-37cae7fe336f
***HIDDEN*** - - [21/Nov/2023:14:45:02 +0000] "GET /auth/realms/knime/protocol/openid-connect/certs HTTP/1.1" 200 2909 "-" "Apache-HttpClient/4.5.14 (Java/17.0.9)" 1281 0.003 [knime-keycloak-8443] [] ***HIDDEN***:8443 2909 0.004 200 8b837e03-c72d-458b-9dfc-649c67f8bcc9
***HIDDEN*** - - [21/Nov/2023:14:45:07 +0000] "GET /auth/realms/knime/protocol/openid-connect/certs HTTP/1.1" 200 2909 "-" "Apache-HttpClient/4.5.14 (Java/17.0.9)" 1281 0.003 [knime-keycloak-8443] [] ***HIDDEN***:8443 2909 0.004 200 7f71a430-41ad-468e-a047-60e12d0ef537
***HIDDEN*** - - [21/Nov/2023:14:45:12 +0000] "GET /auth/realms/knime/protocol/openid-connect/certs HTTP/1.1" 200 2909 "-" "Apache-HttpClient/4.5.14 (Java/17.0.9)" 1281 0.003 [knime-keycloak-8443] [] ***HIDDEN***:8443 2909 0.000 200 9d2129f1-e50d-46b7-89a6-1c19a70a2688
***HIDDEN*** - - [21/Nov/2023:14:45:17 +0000] "GET /auth/realms/knime/protocol/openid-connect/certs HTTP/1.1" 200 2909 "-" "Apache-HttpClient/4.5.14 (Java/17.0.9)" 1281 0.003 [knime-keycloak-8443] [] ***HIDDEN***:8443 2909 0.004 200 287c73ee-98b4-4706-80c0-9d830d8b3c57
***HIDDEN*** - - [21/Nov/2023:14:45:22 +0000] "GET /auth/realms/knime/protocol/openid-connect/certs HTTP/1.1" 200 2909 "-" "Apache-HttpClient/4.5.14 (Java/17.0.9)" 1281 0.003 [knime-keycloak-8443] [] ***HIDDEN***:8443 2909 0.000 200 47a65151-c261-4d2d-b3cc-68c3f71d432f
***HIDDEN*** - - [21/Nov/2023:14:45:27 +0000] "GET /auth/realms/knime/protocol/openid-connect/certs HTTP/1.1" 200 2909 "-" "Apache-HttpClient/4.5.14 (Java/17.0.9)" 1281 0.003 [knime-keycloak-8443] [] ***HIDDEN***:8443 2909 0.004 200 e0641079-abd7-4a9f-bccf-b4818f7b8f6e
***HIDDEN*** - - [21/Nov/2023:14:45:32 +0000] "GET /auth/realms/knime/protocol/openid-connect/certs HTTP/1.1" 200 2909 "-" "Apache-HttpClient/4.5.14 (Java/17.0.9)" 1281 0.003 [knime-keycloak-8443] [] ***HIDDEN***:8443 2909 0.000 200 8a261b43-bb06-4b03-9a30-2beb9dc40f1f
***HIDDEN*** - - [21/Nov/2023:14:45:37 +0000] "GET /auth/realms/knime/protocol/openid-connect/certs HTTP/1.1" 200 2909 "-" "Apache-HttpClient/4.5.14 (Java/17.0.9)" 1281 0.003 [knime-keycloak-8443] [] ***HIDDEN***:8443 2909 0.000 200 4c0f8e36-d505-4870-a430-e98212675ebf
***HIDDEN*** - - [21/Nov/2023:14:45:42 +0000] "GET /auth/realms/knime/protocol/openid-connect/certs HTTP/1.1" 200 2909 "-" "Apache-HttpClient/4.5.14 (Java/17.0.9)" 1281 0.003 [knime-keycloak-8443] [] ***HIDDEN***:8443 2909 0.004 200 9b5de1c5-a7e5-4418-ade3-350d29f92118
***HIDDEN*** - - [21/Nov/2023:14:45:47 +0000] "GET /auth/realms/knime/protocol/openid-connect/certs HTTP/1.1" 200 2909 "-" "Apache-HttpClient/4.5.14 (Java/17.0.9)" 1281 0.003 [knime-keycloak-8443] [] ***HIDDEN***:8443 2909 0.004 200 3246fede-c513-4e0d-b397-cf92939ba5c5
***HIDDEN*** - - [21/Nov/2023:14:45:52 +0000] "GET /auth/realms/knime/protocol/openid-connect/certs HTTP/1.1" 200 2909 "-" "Apache-HttpClient/4.5.14 (Java/17.0.9)" 1281 0.003 [knime-keycloak-8443] [] ***HIDDEN***:8443 2909 0.004 200 b1b4c7cc-30e2-4e19-894b-bd6dc551ada4
***HIDDEN*** - - [21/Nov/2023:14:45:57 +0000] "GET /auth/realms/knime/protocol/openid-connect/certs HTTP/1.1" 200 2909 "-" "Apache-HttpClient/4.5.14 (Java/17.0.9)" 1281 0.004 [knime-keycloak-8443] [] ***HIDDEN***:8443 2909 0.004 200 a7017dbd-73f0-4d5a-b77a-66e0764708af
***HIDDEN*** - - [21/Nov/2023:14:46:02 +0000] "GET /auth/realms/knime/protocol/openid-connect/certs HTTP/1.1" 200 2909 "-" "Apache-HttpClient/4.5.14 (Java/17.0.9)" 1281 0.003 [knime-keycloak-8443] [] ***HIDDEN***:8443 2909 0.000 200 c0680cc9-d02c-424d-bff5-1390b1078eff
***HIDDEN*** - - [21/Nov/2023:14:46:07 +0000] "GET /auth/realms/knime/protocol/openid-connect/certs HTTP/1.1" 200 2909 "-" "Apache-HttpClient/4.5.14 (Java/17.0.9)" 1281 0.003 [knime-keycloak-8443] [] ***HIDDEN***:8443 2909 0.000 200 3081b167-27d8-4bd1-8466-c066953fb22a
***HIDDEN*** - - [21/Nov/2023:14:46:12 +0000] "GET /auth/realms/knime/protocol/openid-connect/certs HTTP/1.1" 200 2909 "-" "Apache-HttpClient/4.5.14 (Java/17.0.9)" 1281 0.004 [knime-keycloak-8443] [] ***HIDDEN***:8443 2909 0.000 200 f1a9c1b4-192d-42bf-88f1-7162c1b81402
***HIDDEN*** - - [21/Nov/2023:14:46:17 +0000] "GET /auth/realms/knime/protocol/openid-connect/certs HTTP/1.1" 200 2909 "-" "Apache-HttpClient/4.5.14 (Java/17.0.9)" 1281 0.003 [knime-keycloak-8443] [] ***HIDDEN***:8443 2909 0.004 200 c06944e6-bd0f-4593-bdb2-dc21bc40b75f
***HIDDEN*** - - [21/Nov/2023:14:46:22 +0000] "GET /auth/realms/knime/protocol/openid-connect/certs HTTP/1.1" 200 2909 "-" "Apache-HttpClient/4.5.14 (Java/17.0.9)" 1281 0.003 [knime-keycloak-8443] [] ***HIDDEN***:8443 2909 0.004 200 a8639fa0-bb0a-40ce-b6ee-fbc852cc81ec
***HIDDEN*** - - [21/Nov/2023:14:46:27 +0000] "GET /auth/realms/knime/protocol/openid-connect/certs HTTP/1.1" 200 2909 "-" "Apache-HttpClient/4.5.14 (Java/17.0.9)" 1281 0.003 [knime-keycloak-8443] [] ***HIDDEN***:8443 2909 0.004 200 23b8254c-5a05-4359-b819-8cb9d020cff8
***HIDDEN*** - - [21/Nov/2023:14:46:32 +0000] "GET /auth/realms/knime/protocol/openid-connect/certs HTTP/1.1" 200 2909 "-" "Apache-HttpClient/4.5.14 (Java/17.0.9)" 1281 0.004 [knime-keycloak-8443] [] ***HIDDEN***:8443 2909 0.004 200 e393384e-0c64-4b63-b7d4-fb5e5039da76
***HIDDEN*** - - [21/Nov/2023:14:46:37 +0000] "GET /auth/realms/knime/protocol/openid-connect/certs HTTP/1.1" 200 2909 "-" "Apache-HttpClient/4.5.14 (Java/17.0.9)" 1281 0.003 [knime-keycloak-8443] [] ***HIDDEN***:8443 2909 0.000 200 d21909c9-f1d6-4d26-ad76-0c8de1ed23f0
***HIDDEN*** - - [21/Nov/2023:14:46:42 +0000] "GET /auth/realms/knime/protocol/openid-connect/certs HTTP/1.1" 200 2909 "-" "Apache-HttpClient/4.5.14 (Java/17.0.9)" 1281 0.003 [knime-keycloak-8443] [] ***HIDDEN***:8443 2909 0.004 200 f87be92a-b64a-495c-9b6b-0018193eef39
***HIDDEN*** - - [21/Nov/2023:14:46:47 +0000] "GET /auth/realms/knime/protocol/openid-connect/certs HTTP/1.1" 200 2909 "-" "Apache-HttpClient/4.5.14 (Java/17.0.9)" 1281 0.004 [knime-keycloak-8443] [] ***HIDDEN***:8443 2909 0.004 200 7cc0e694-8c98-49cd-b44d-4834d2f3dd5f
***HIDDEN*** - - [21/Nov/2023:14:46:52 +0000] "GET /auth/realms/knime/protocol/openid-connect/certs HTTP/1.1" 200 2909 "-" "Apache-HttpClient/4.5.14 (Java/17.0.9)" 1281 0.003 [knime-keycloak-8443] [] ***HIDDEN***:8443 2909 0.004 200 c836bdbb-6c1f-4e68-915c-cf95030d69ad
***HIDDEN*** - - [21/Nov/2023:14:46:57 +0000] "GET /auth/realms/knime/protocol/openid-connect/certs HTTP/1.1" 200 2909 "-" "Apache-HttpClient/4.5.14 (Java/17.0.9)" 1281 0.003 [knime-keycloak-8443] [] ***HIDDEN***:8443 2909 0.000 200 e14afb2a-1c2b-4364-9948-08c7f56e0e13
***HIDDEN*** - - [21/Nov/2023:14:47:02 +0000] "GET /auth/realms/knime/protocol/openid-connect/certs HTTP/1.1" 200 2909 "-" "Apache-HttpClient/4.5.14 (Java/17.0.9)" 1281 0.003 [knime-keycloak-8443] [] ***HIDDEN***:8443 2909 0.004 200 2a86f9cb-be88-4e00-8ab7-e34540c4a7d6
***HIDDEN*** - - [21/Nov/2023:14:47:07 +0000] "GET /auth/realms/knime/protocol/openid-connect/certs HTTP/1.1" 200 2909 "-" "Apache-HttpClient/4.5.14 (Java/17.0.9)" 1281 0.003 [knime-keycloak-8443] [] ***HIDDEN***:8443 2909 0.000 200 212fd8f1-517d-4826-9230-cdfc21582dec
***HIDDEN*** - - [21/Nov/2023:14:47:12 +0000] "GET /auth/realms/knime/protocol/openid-connect/certs HTTP/1.1" 200 2909 "-" "Apache-HttpClient/4.5.14 (Java/17.0.9)" 1281 0.003 [knime-keycloak-8443] [] ***HIDDEN***:8443 2909 0.000 200 90406e78-8f46-4446-b44e-31d2003230bd
***HIDDEN*** - - [21/Nov/2023:14:47:17 +0000] "GET /auth/realms/knime/protocol/openid-connect/certs HTTP/1.1" 200 2909 "-" "Apache-HttpClient/4.5.14 (Java/17.0.9)" 1281 0.003 [knime-keycloak-8443] [] ***HIDDEN***:8443 2909 0.004 200 f4daa6f4-7ede-4342-9586-5672a55d20b7
***HIDDEN*** - - [21/Nov/2023:14:47:22 +0000] "GET /auth/realms/knime/protocol/openid-connect/certs HTTP/1.1" 200 2909 "-" "Apache-HttpClient/4.5.14 (Java/17.0.9)" 1281 0.003 [knime-keycloak-8443] [] ***HIDDEN***:8443 2909 0.004 200 02614e5c-2638-4878-9b91-f53e21e284ea
***HIDDEN*** - - [21/Nov/2023:14:47:27 +0000] "GET /auth/realms/knime/protocol/openid-connect/certs HTTP/1.1" 200 2909 "-" "Apache-HttpClient/4.5.14 (Java/17.0.9)" 1281 0.003 [knime-keycloak-8443] [] ***HIDDEN***:8443 2909 0.004 200 15b930f4-5f3f-4746-9812-c61b688a0a41
***HIDDEN*** - - [21/Nov/2023:14:47:32 +0000] "GET /auth/realms/knime/protocol/openid-connect/certs HTTP/1.1" 200 2909 "-" "Apache-HttpClient/4.5.14 (Java/17.0.9)" 1281 0.003 [knime-keycloak-8443] [] ***HIDDEN***:8443 2909 0.004 200 15bf18a4-4a5a-41e6-891c-b733fbd31802
***HIDDEN*** - - [21/Nov/2023:14:47:37 +0000] "GET /auth/realms/knime/protocol/openid-connect/certs HTTP/1.1" 200 2909 "-" "Apache-HttpClient/4.5.14 (Java/17.0.9)" 1281 0.010 [knime-keycloak-8443] [] ***HIDDEN***:8443 2909 0.008 200 25b52a7b-4fd1-4f21-92da-eca69648dd35
***HIDDEN*** - - [21/Nov/2023:14:47:42 +0000] "GET /auth/realms/knime/protocol/openid-connect/certs HTTP/1.1" 200 2909 "-" "Apache-HttpClient/4.5.14 (Java/17.0.9)" 1281 0.003 [knime-keycloak-8443] [] ***HIDDEN***:8443 2909 0.004 200 2b285eec-1a83-4d20-8b1b-a3e5e9b1fa1a
***HIDDEN*** - - [21/Nov/2023:14:47:47 +0000] "GET /auth/realms/knime/protocol/openid-connect/certs HTTP/1.1" 200 2909 "-" "Apache-HttpClient/4.5.14 (Java/17.0.9)" 1281 0.004 [knime-keycloak-8443] [] ***HIDDEN***:8443 2909 0.004 200 3315a6d2-70a3-4738-9d3f-eb22b1e94ca8
***HIDDEN*** - - [21/Nov/2023:14:47:52 +0000] "GET /auth/realms/knime/protocol/openid-connect/certs HTTP/1.1" 200 2909 "-" "Apache-HttpClient/4.5.14 (Java/17.0.9)" 1281 0.004 [knime-keycloak-8443] [] ***HIDDEN***:8443 2909 0.004 200 1928b865-a631-40fa-b54b-f37e6b4dc76a
***HIDDEN*** - - [21/Nov/2023:14:47:57 +0000] "GET /auth/realms/knime/protocol/openid-connect/certs HTTP/1.1" 200 2909 "-" "Apache-HttpClient/4.5.14 (Java/17.0.9)" 1281 0.003 [knime-keycloak-8443] [] ***HIDDEN***:8443 2909 0.004 200 26695262-3423-432f-8989-fcd90681cfcb
***HIDDEN*** - - [21/Nov/2023:14:48:02 +0000] "GET /auth/realms/knime/protocol/openid-connect/certs HTTP/1.1" 200 2909 "-" "Apache-HttpClient/4.5.14 (Java/17.0.9)" 1281 0.003 [knime-keycloak-8443] [] ***HIDDEN***:8443 2909 0.004 200 10b690de-5d3b-9479-82ff-5c2676aa081b
***HIDDEN*** - - [21/Nov/2023:14:48:07 +0000] "GET /auth/realms/knime/protocol/openid-connect/certs HTTP/1.1" 200 2909 "-" "Apache-HttpClient/4.5.14 (Java/17.0.9)" 1281 0.004 [knime-keycloak-8443] [] ***HIDDEN***:8443 2909 0.004 200 3fe47a0f-7f7c-45d4-a8a9-0336089df078
***HIDDEN*** - - [21/Nov/2023:14:48:12 +0000] "GET /auth/realms/knime/protocol/openid-connect/certs HTTP/1.1" 200 2909 "-" "Apache-HttpClient/4.5.14 (Java/17.0.9)" 1281 0.003 [knime-keycloak-8443] [] ***HIDDEN***:8443 2909 0.004 200 948c03f7-41d6-4a4f-b358-92c667fa7553
***HIDDEN*** - - [21/Nov/2023:14:48:17 +0000] "GET /auth/realms/knime/protocol/openid-connect/certs HTTP/1.1" 200 2909 "-" "Apache-HttpClient/4.5.14 (Java/17.0.9)" 1281 0.004 [knime-keycloak-8443] [] ***HIDDEN***:8443 2909 0.004 200 b2250d59-8e1a-4199-8275-c853590f3b42
***HIDDEN*** - - [21/Nov/2023:14:48:22 +0000] "GET /auth/realms/knime/protocol/openid-connect/certs HTTP/1.1" 200 2909 "-" "Apache-HttpClient/4.5.14 (Java/17.0.9)" 1281 0.004 [knime-keycloak-8443] [] ***HIDDEN***:8443 2909 0.004 200 90ecd246-dd7e-4d63-8c32-5574db3c3c1d
***HIDDEN*** - - [21/Nov/2023:14:48:27 +0000] "GET /auth/realms/knime/protocol/openid-connect/certs HTTP/1.1" 200 2909 "-" "Apache-HttpClient/4.5.14 (Java/17.0.9)" 1281 0.003 [knime-keycloak-8443] [] ***HIDDEN***:8443 2909 0.004 200 d3194e48-b65e-4f01-9b47-2fddeba7410a
***HIDDEN*** - - [21/Nov/2023:14:48:32 +0000] "GET /auth/realms/knime/protocol/openid-connect/certs HTTP/1.1" 200 2909 "-" "Apache-HttpClient/4.5.14 (Java/17.0.9)" 1281 0.003 [knime-keycloak-8443] [] ***HIDDEN***:8443 2909 0.004 200 a20dd4d2-86c5-4207-b4e4-89ff1781bd67
***HIDDEN*** - - [21/Nov/2023:14:48:37 +0000] "GET /auth/realms/knime/protocol/openid-connect/certs HTTP/1.1" 200 2909 "-" "Apache-HttpClient/4.5.14 (Java/17.0.9)" 1281 0.004 [knime-keycloak-8443] [] ***HIDDEN***:8443 2909 0.004 200 7c32444b-d5e1-4012-a987-f040c448a4c4
***HIDDEN*** - - [21/Nov/2023:14:48:42 +0000] "GET /auth/realms/knime/protocol/openid-connect/certs HTTP/1.1" 200 2909 "-" "Apache-HttpClient/4.5.14 (Java/17.0.9)" 1281 0.003 [knime-keycloak-8443] [] ***HIDDEN***:8443 2909 0.004 200 faadada6-56e4-4cab-ba7c-a3f2782ea3a9
***HIDDEN*** - - [21/Nov/2023:14:48:47 +0000] "GET /auth/realms/knime/protocol/openid-connect/certs HTTP/1.1" 200 2909 "-" "Apache-HttpClient/4.5.14 (Java/17.0.9)" 1281 0.003 [knime-keycloak-8443] [] ***HIDDEN***:8443 2909 0.004 200 5f24243d-cbf4-4ad5-bb55-55aaf8b42446
***HIDDEN*** - - [21/Nov/2023:14:48:52 +0000] "GET /auth/realms/knime/protocol/openid-connect/certs HTTP/1.1" 200 2909 "-" "Apache-HttpClient/4.5.14 (Java/17.0.9)" 1281 0.005 [knime-keycloak-8443] [] ***HIDDEN***:8443 2909 0.004 200 c23beea8-462b-4d8a-a25a-044ad29e0f81
***HIDDEN*** - - [21/Nov/2023:14:48:57 +0000] "GET /auth/realms/knime/protocol/openid-connect/certs HTTP/1.1" 200 2909 "-" "Apache-HttpClient/4.5.14 (Java/17.0.9)" 1281 0.003 [knime-keycloak-8443] [] ***HIDDEN***:8443 2909 0.004 200 6ac2697d-17a9-4173-b505-b8aec7281531
***HIDDEN*** - - [21/Nov/2023:14:49:02 +0000] "GET /auth/realms/knime/protocol/openid-connect/certs HTTP/1.1" 200 2909 "-" "Apache-HttpClient/4.5.14 (Java/17.0.9)" 1281 0.003 [knime-keycloak-8443] [] ***HIDDEN***:8443 2909 0.004 200 973cdc41-f479-4170-9812-f0e2dba0578a
***HIDDEN*** - - [21/Nov/2023:14:49:07 +0000] "GET /auth/realms/knime/protocol/openid-connect/certs HTTP/1.1" 200 2909 "-" "Apache-HttpClient/4.5.14 (Java/17.0.9)" 1281 0.004 [knime-keycloak-8443] [] ***HIDDEN***:8443 2909 0.004 200 7f828f74-5120-43e7-8317-bac45ee7f132
***HIDDEN*** - - [21/Nov/2023:14:49:12 +0000] "GET /auth/realms/knime/protocol/openid-connect/certs HTTP/1.1" 200 2909 "-" "Apache-HttpClient/4.5.14 (Java/17.0.9)" 1281 0.003 [knime-keycloak-8443] [] ***HIDDEN***:8443 2909 0.000 200 32b95996-893a-4fc4-afb3-ed47b3f0b96c
***HIDDEN*** - - [21/Nov/2023:14:49:17 +0000] "GET /auth/realms/knime/protocol/openid-connect/certs HTTP/1.1" 200 2909 "-" "Apache-HttpClient/4.5.14 (Java/17.0.9)" 1281 0.004 [knime-keycloak-8443] [] ***HIDDEN***:8443 2909 0.004 200 c68bc6b6-4560-4f0d-a285-64b85c8ca892
***HIDDEN*** - - [21/Nov/2023:14:49:22 +0000] "GET /auth/realms/knime/protocol/openid-connect/certs HTTP/1.1" 200 2909 "-" "Apache-HttpClient/4.5.14 (Java/17.0.9)" 1281 0.003 [knime-keycloak-8443] [] ***HIDDEN***:8443 2909 0.004 200 b8fb36e1-b6bb-4dd2-9023-d5260955c7cf
***HIDDEN*** - - [21/Nov/2023:14:49:27 +0000] "GET /auth/realms/knime/protocol/openid-connect/certs HTTP/1.1" 200 2909 "-" "Apache-HttpClient/4.5.14 (Java/17.0.9)" 1281 0.003 [knime-keycloak-8443] [] ***HIDDEN***:8443 2909 0.004 200 c04128e5-5394-495f-ad8d-914e874141a7
***HIDDEN*** - - [21/Nov/2023:14:49:32 +0000] "GET /auth/realms/knime/protocol/openid-connect/certs HTTP/1.1" 200 2909 "-" "Apache-HttpClient/4.5.14 (Java/17.0.9)" 1281 0.003 [knime-keycloak-8443] [] ***HIDDEN***:8443 2909 0.004 200 310ddd77-d6dc-4e1a-9bfd-7ea47aa6cad3
***HIDDEN*** - - [21/Nov/2023:14:49:37 +0000] "GET /auth/realms/knime/protocol/openid-connect/certs HTTP/1.1" 200 2909 "-" "Apache-HttpClient/4.5.14 (Java/17.0.9)" 1281 0.004 [knime-keycloak-8443] [] ***HIDDEN***:8443 2909 0.004 200 f1b756ea-79c3-4bd6-88fb-a61988dd7240
***HIDDEN*** - - [21/Nov/2023:14:49:42 +0000] "GET /auth/realms/knime/protocol/openid-connect/certs HTTP/1.1" 200 2909 "-" "Apache-HttpClient/4.5.14 (Java/17.0.9)" 1281 0.003 [knime-keycloak-8443] [] ***HIDDEN***:8443 2909 0.004 200 914a734d-3570-4790-94c4-0da067440fd2
***HIDDEN*** - - [21/Nov/2023:14:49:47 +0000] "GET /auth/realms/knime/protocol/openid-connect/certs HTTP/1.1" 200 2909 "-" "Apache-HttpClient/4.5.14 (Java/17.0.9)" 1281 0.004 [knime-keycloak-8443] [] ***HIDDEN***:8443 2909 0.004 200 2ae5e781-2b8e-92dd-b330-eeb6577c665e
***HIDDEN*** - - [21/Nov/2023:14:49:52 +0000] "GET /auth/realms/knime/protocol/openid-connect/certs HTTP/1.1" 200 2909 "-" "Apache-HttpClient/4.5.14 (Java/17.0.9)" 1281 0.004 [knime-keycloak-8443] [] ***HIDDEN***:8443 2909 0.004 200 43324198-1478-4db4-8a34-e9f5edbe5d90
***HIDDEN*** - - [21/Nov/2023:14:49:57 +0000] "GET /auth/realms/knime/protocol/openid-connect/certs HTTP/1.1" 200 2909 "-" "Apache-HttpClient/4.5.14 (Java/17.0.9)" 1281 0.003 [knime-keycloak-8443] [] ***HIDDEN***:8443 2909 0.004 200 58643a41-e24a-461a-8813-2e5266f154bd
***HIDDEN*** - - [21/Nov/2023:14:50:02 +0000] "GET /auth/realms/knime/protocol/openid-connect/certs HTTP/1.1" 200 2909 "-" "Apache-HttpClient/4.5.14 (Java/17.0.9)" 1281 0.003 [knime-keycloak-8443] [] ***HIDDEN***:8443 2909 0.000 200 11cb0f67-b0d0-47ab-870e-7456a7ba0746
***HIDDEN*** - - [21/Nov/2023:14:50:07 +0000] "GET /auth/realms/knime/protocol/openid-connect/certs HTTP/1.1" 200 2909 "-" "Apache-HttpClient/4.5.14 (Java/17.0.9)" 1281 0.003 [knime-keycloak-8443] [] ***HIDDEN***:8443 2909 0.000 200 4d052623-f517-4c57-ad49-15a1325ec07b
***HIDDEN*** - - [21/Nov/2023:14:50:12 +0000] "GET /auth/realms/knime/protocol/openid-connect/certs HTTP/1.1" 200 2909 "-" "Apache-HttpClient/4.5.14 (Java/17.0.9)" 1281 0.004 [knime-keycloak-8443] [] ***HIDDEN***:8443 2909 0.004 200 3e8e4ad5-211a-42ec-a2af-c7349a30adff
***HIDDEN*** - - [21/Nov/2023:14:50:17 +0000] "GET /auth/realms/knime/protocol/openid-connect/certs HTTP/1.1" 200 2909 "-" "Apache-HttpClient/4.5.14 (Java/17.0.9)" 1281 0.003 [knime-keycloak-8443] [] ***HIDDEN***:8443 2909 0.004 200 96f7e185-8087-4fad-b2b4-38df89666520
***HIDDEN*** - - [21/Nov/2023:14:50:22 +0000] "GET /auth/realms/knime/protocol/openid-connect/certs HTTP/1.1" 200 2909 "-" "Apache-HttpClient/4.5.14 (Java/17.0.9)" 1281 0.003 [knime-keycloak-8443] [] ***HIDDEN***:8443 2909 0.000 200 170b3a77-9526-4049-bd93-059b4017357b
***HIDDEN*** - - [21/Nov/2023:14:50:27 +0000] "GET /auth/realms/knime/protocol/openid-connect/certs HTTP/1.1" 200 2909 "-" "Apache-HttpClient/4.5.14 (Java/17.0.9)" 1281 0.003 [knime-keycloak-8443] [] ***HIDDEN***:8443 2909 0.004 200 3ee8831c-414e-41b7-baca-6f554dcc5536
***HIDDEN*** - - [21/Nov/2023:14:50:32 +0000] "GET /auth/realms/knime/protocol/openid-connect/certs HTTP/1.1" 200 2909 "-" "Apache-HttpClient/4.5.14 (Java/17.0.9)" 1281 0.003 [knime-keycloak-8443] [] ***HIDDEN***:8443 2909 0.004 200 f115aa52-856b-4502-8fe8-e7910f1e6826
***HIDDEN*** - - [21/Nov/2023:14:50:37 +0000] "GET /auth/realms/knime/protocol/openid-connect/certs HTTP/1.1" 200 2909 "-" "Apache-HttpClient/4.5.14 (Java/17.0.9)" 1281 0.004 [knime-keycloak-8443] [] ***HIDDEN***:8443 2909 0.004 200 f248391f-06d8-499b-860e-262b94f8af94
***HIDDEN*** - - [21/Nov/2023:14:50:42 +0000] "GET /auth/realms/knime/protocol/openid-connect/certs HTTP/1.1" 200 2909 "-" "Apache-HttpClient/4.5.14 (Java/17.0.9)" 1281 0.003 [knime-keycloak-8443] [] ***HIDDEN***:8443 2909 0.000 200 ef6b95ef-4b7a-49d5-944c-4e16c76dd24c
***HIDDEN*** - - [21/Nov/2023:14:50:47 +0000] "GET /auth/realms/knime/protocol/openid-connect/certs HTTP/1.1" 200 2909 "-" "Apache-HttpClient/4.5.14 (Java/17.0.9)" 1281 0.003 [knime-keycloak-8443] [] ***HIDDEN***:8443 2909 0.000 200 5a4403c0-7e16-457d-b68f-1da3fbba177e
***HIDDEN*** - - [21/Nov/2023:14:50:52 +0000] "GET /auth/realms/knime/protocol/openid-connect/certs HTTP/1.1" 200 2909 "-" "Apache-HttpClient/4.5.14 (Java/17.0.9)" 1281 0.003 [knime-keycloak-8443] [] ***HIDDEN***:8443 2909 0.004 200 76e3b4c9-4c4c-4488-b7e8-fc5bbf59fcac
***HIDDEN*** - - [21/Nov/2023:14:50:57 +0000] "GET /auth/realms/knime/protocol/openid-connect/certs HTTP/1.1" 200 2909 "-" "Apache-HttpClient/4.5.14 (Java/17.0.9)" 1281 0.003 [knime-keycloak-8443] [] ***HIDDEN***:8443 2909 0.000 200 286f88a5-da62-4deb-a709-ce30ceeab002
***HIDDEN*** - - [21/Nov/2023:14:51:02 +0000] "GET /auth/realms/knime/protocol/openid-connect/certs HTTP/1.1" 200 2909 "-" "Apache-HttpClient/4.5.14 (Java/17.0.9)" 1281 0.004 [knime-keycloak-8443] [] ***HIDDEN***:8443 2909 0.004 200 f6e813d0-0a80-4bb2-be0e-6a340da598c7
***HIDDEN*** - - [21/Nov/2023:14:51:07 +0000] "GET /auth/realms/knime/protocol/openid-connect/certs HTTP/1.1" 200 2909 "-" "Apache-HttpClient/4.5.14 (Java/17.0.9)" 1281 0.003 [knime-keycloak-8443] [] ***HIDDEN***:8443 2909 0.004 200 83cd7785-2039-4cf3-9899-8953475d4e60
***HIDDEN*** - - [21/Nov/2023:14:51:12 +0000] "GET /auth/realms/knime/protocol/openid-connect/certs HTTP/1.1" 200 2909 "-" "Apache-HttpClient/4.5.14 (Java/17.0.9)" 1281 0.004 [knime-keycloak-8443] [] ***HIDDEN***:8443 2909 0.000 200 845597a4-47da-4844-bcd6-d43a9c931be9
***HIDDEN*** - - [21/Nov/2023:14:51:17 +0000] "GET /auth/realms/knime/protocol/openid-connect/certs HTTP/1.1" 200 2909 "-" "Apache-HttpClient/4.5.14 (Java/17.0.9)" 1281 0.003 [knime-keycloak-8443] [] ***HIDDEN***:8443 2909 0.000 200 ae3d0055-a2ed-442d-ba49-b197c1da5bb3
***HIDDEN*** - - [21/Nov/2023:14:51:22 +0000] "GET /auth/realms/knime/protocol/openid-connect/certs HTTP/1.1" 200 2909 "-" "Apache-HttpClient/4.5.14 (Java/17.0.9)" 1281 0.003 [knime-keycloak-8443] [] ***HIDDEN***:8443 2909 0.000 200 40101680-813f-4f56-93bc-d39b4179a8da
***HIDDEN*** - search-sync-service [21/Nov/2023:14:51:27 +0000] "POST /auth/realms/knime/protocol/openid-connect/token HTTP/1.1" 200 1225 "-" "Vert.x-WebClient/4.4.4" 1504 0.028 [knime-keycloak-8443] [] ***HIDDEN***:8443 1225 0.028 200 062e3a22-d6bf-411d-bdbe-2bf021777642
***HIDDEN*** - - [21/Nov/2023:14:51:27 +0000] "GET /auth/realms/knime/protocol/openid-connect/certs HTTP/1.1" 200 2909 "-" "Apache-HttpClient/4.5.14 (Java/17.0.9)" 1281 0.003 [knime-keycloak-8443] [] ***HIDDEN***:8443 2909 0.004 200 9593970c-b0b4-4f5f-854e-7106d05919e1
***HIDDEN*** - - [21/Nov/2023:14:51:32 +0000] "GET /auth/realms/knime/protocol/openid-connect/certs HTTP/1.1" 200 2909 "-" "Apache-HttpClient/4.5.14 (Java/17.0.9)" 1281 0.003 [knime-keycloak-8443] [] ***HIDDEN***:8443 2909 0.000 200 7daefad9-8632-419c-b650-4d14acc10400
***HIDDEN*** - - [21/Nov/2023:14:51:37 +0000] "GET /auth/realms/knime/protocol/openid-connect/certs HTTP/1.1" 200 2909 "-" "Apache-HttpClient/4.5.14 (Java/17.0.9)" 1281 0.003 [knime-keycloak-8443] [] ***HIDDEN***:8443 2909 0.000 200 c24021d0-da40-482f-a0e0-4dd11855d629
***HIDDEN*** - - [21/Nov/2023:14:51:42 +0000] "GET /auth/realms/knime/protocol/openid-connect/certs HTTP/1.1" 200 2909 "-" "Apache-HttpClient/4.5.14 (Java/17.0.9)" 1281 0.004 [knime-keycloak-8443] [] ***HIDDEN***:8443 2909 0.004 200 2c3c66a9-c3e0-476a-b136-5ef0afc34058
***HIDDEN*** - - [21/Nov/2023:14:51:47 +0000] "GET /auth/realms/knime/protocol/openid-connect/certs HTTP/1.1" 200 2909 "-" "Apache-HttpClient/4.5.14 (Java/17.0.9)" 1281 0.003 [knime-keycloak-8443] [] ***HIDDEN***:8443 2909 0.000 200 4b80a958-2575-44fd-91dd-4a23b69f5fff
***HIDDEN*** - - [21/Nov/2023:14:51:52 +0000] "GET /auth/realms/knime/protocol/openid-connect/certs HTTP/1.1" 200 2909 "-" "Apache-HttpClient/4.5.14 (Java/17.0.9)" 1281 0.003 [knime-keycloak-8443] [] ***HIDDEN***:8443 2909 0.000 200 286e49b0-111d-46f8-9a2f-62e2a4e0e4b9
***HIDDEN*** - - [21/Nov/2023:14:51:57 +0000] "GET /auth/realms/knime/protocol/openid-connect/certs HTTP/1.1" 200 2909 "-" "Apache-HttpClient/4.5.14 (Java/17.0.9)" 1281 0.010 [knime-keycloak-8443] [] ***HIDDEN***:8443 2909 0.012 200 6171fdd8-11f9-4fe4-b6d4-330f8c0b8219
***HIDDEN*** - - [21/Nov/2023:14:52:02 +0000] "GET /auth/realms/knime/protocol/openid-connect/certs HTTP/1.1" 200 2909 "-" "Apache-HttpClient/4.5.14 (Java/17.0.9)" 1281 0.003 [knime-keycloak-8443] [] ***HIDDEN***:8443 2909 0.004 200 46c3bfcd-ce85-4199-8fec-659293f60b7a
***HIDDEN*** - - [21/Nov/2023:14:52:07 +0000] "GET /auth/realms/knime/protocol/openid-connect/certs HTTP/1.1" 200 2909 "-" "Apache-HttpClient/4.5.14 (Java/17.0.9)" 1281 0.004 [knime-keycloak-8443] [] ***HIDDEN***:8443 2909 0.004 200 96138174-22cd-47c9-81c5-ee6bfb3fcfef
***HIDDEN*** - - [21/Nov/2023:14:52:12 +0000] "GET /auth/realms/knime/protocol/openid-connect/certs HTTP/1.1" 200 2909 "-" "Apache-HttpClient/4.5.14 (Java/17.0.9)" 1281 0.004 [knime-keycloak-8443] [] ***HIDDEN***:8443 2909 0.004 200 e9ab256b-d97b-4604-8230-d84bb5036c98
***HIDDEN*** - - [21/Nov/2023:14:52:17 +0000] "GET /auth/realms/knime/protocol/openid-connect/certs HTTP/1.1" 200 2909 "-" "Apache-HttpClient/4.5.14 (Java/17.0.9)" 1281 0.003 [knime-keycloak-8443] [] ***HIDDEN***:8443 2909 0.000 200 f838ba29-956c-4374-8f9b-b33790aa1960
***HIDDEN*** - - [21/Nov/2023:14:52:22 +0000] "GET /auth/realms/knime/protocol/openid-connect/certs HTTP/1.1" 200 2909 "-" "Apache-HttpClient/4.5.14 (Java/17.0.9)" 1281 0.003 [knime-keycloak-8443] [] ***HIDDEN***:8443 2909 0.000 200 3e9793c2-8b14-4e08-9922-0e122fad504a
***HIDDEN*** - - [21/Nov/2023:14:52:27 +0000] "GET /auth/realms/knime/protocol/openid-connect/certs HTTP/1.1" 200 2909 "-" "Apache-HttpClient/4.5.14 (Java/17.0.9)" 1281 0.003 [knime-keycloak-8443] [] ***HIDDEN***:8443 2909 0.000 200 29f3707f-9a79-41ac-ab47-f09c0bbd5055
***HIDDEN*** - - [21/Nov/2023:14:52:32 +0000] "GET /auth/realms/knime/protocol/openid-connect/certs HTTP/1.1" 200 2909 "-" "Apache-HttpClient/4.5.14 (Java/17.0.9)" 1281 0.004 [knime-keycloak-8443] [] ***HIDDEN***:8443 2909 0.004 200 eb30c80f-b840-4897-90d1-cd41ce2bb677
***HIDDEN*** - - [21/Nov/2023:14:52:37 +0000] "GET /auth/realms/knime/protocol/openid-connect/certs HTTP/1.1" 200 2909 "-" "Apache-HttpClient/4.5.14 (Java/17.0.9)" 1281 0.003 [knime-keycloak-8443] [] ***HIDDEN***:8443 2909 0.000 200 734090e6-9084-4e62-917e-b0143a1b4e8f
***HIDDEN*** - - [21/Nov/2023:14:52:42 +0000] "GET /auth/realms/knime/protocol/openid-connect/certs HTTP/1.1" 200 2909 "-" "Apache-HttpClient/4.5.14 (Java/17.0.9)" 1281 0.003 [knime-keycloak-8443] [] ***HIDDEN***:8443 2909 0.000 200 fd73c3f8-55b7-4d47-bf88-d3f57b6cd080
***HIDDEN*** - - [21/Nov/2023:14:52:47 +0000] "GET /auth/realms/knime/protocol/openid-connect/certs HTTP/1.1" 200 2909 "-" "Apache-HttpClient/4.5.14 (Java/17.0.9)" 1281 0.003 [knime-keycloak-8443] [] ***HIDDEN***:8443 2909 0.004 200 f8e1872a-7334-4506-92d7-cf8a2612ffea
***HIDDEN*** - - [21/Nov/2023:14:52:52 +0000] "GET /auth/realms/knime/protocol/openid-connect/certs HTTP/1.1" 200 2909 "-" "Apache-HttpClient/4.5.14 (Java/17.0.9)" 1281 0.003 [knime-keycloak-8443] [] ***HIDDEN***:8443 2909 0.004 200 4f4a7cdf-ae44-4a4f-893f-9e0de2a7dfd7
***HIDDEN*** - - [21/Nov/2023:14:52:57 +0000] "GET /auth/realms/knime/protocol/openid-connect/certs HTTP/1.1" 200 2909 "-" "Apache-HttpClient/4.5.14 (Java/17.0.9)" 1281 0.003 [knime-keycloak-8443] [] ***HIDDEN***:8443 2909 0.000 200 96ff204d-dcbf-4874-9cc3-7f4e811d3718
***HIDDEN*** - - [21/Nov/2023:14:53:02 +0000] "GET /auth/realms/knime/protocol/openid-connect/certs HTTP/1.1" 200 2909 "-" "Apache-HttpClient/4.5.14 (Java/17.0.9)" 1281 0.004 [knime-keycloak-8443] [] ***HIDDEN***:8443 2909 0.004 200 d5d778ab-be88-4b22-9514-a38101399165
***HIDDEN*** - - [21/Nov/2023:14:53:07 +0000] "GET /auth/realms/knime/protocol/openid-connect/certs HTTP/1.1" 200 2909 "-" "Apache-HttpClient/4.5.14 (Java/17.0.9)" 1281 0.004 [knime-keycloak-8443] [] ***HIDDEN***:8443 2909 0.004 200 fa10abbb-cb90-484e-b67c-26e1090ca388
***HIDDEN*** - - [21/Nov/2023:14:53:12 +0000] "GET /auth/realms/knime/protocol/openid-connect/certs HTTP/1.1" 200 2909 "-" "Apache-HttpClient/4.5.14 (Java/17.0.9)" 1281 0.003 [knime-keycloak-8443] [] ***HIDDEN***:8443 2909 0.004 200 de4bb6c9-3d56-43a3-a8f5-488cfc2ffaa2
***HIDDEN*** - - [21/Nov/2023:14:53:17 +0000] "GET /auth/realms/knime/protocol/openid-connect/certs HTTP/1.1" 200 2909 "-" "Apache-HttpClient/4.5.14 (Java/17.0.9)" 1281 0.003 [knime-keycloak-8443] [] ***HIDDEN***:8443 2909 0.004 200 7beeb45b-9792-4074-8946-c5e80c7f9b99
***HIDDEN*** - - [21/Nov/2023:14:53:22 +0000] "GET /auth/realms/knime/protocol/openid-connect/certs HTTP/1.1" 200 2909 "-" "Apache-HttpClient/4.5.14 (Java/17.0.9)" 1281 0.003 [knime-keycloak-8443] [] ***HIDDEN***:8443 2909 0.000 200 c766c894-69f7-4aba-be74-1eb0b5e6f8ff
***HIDDEN*** - - [21/Nov/2023:14:53:27 +0000] "GET /auth/realms/knime/protocol/openid-connect/certs HTTP/1.1" 200 2909 "-" "Apache-HttpClient/4.5.14 (Java/17.0.9)" 1281 0.004 [knime-keycloak-8443] [] ***HIDDEN***:8443 2909 0.004 200 3785bdff-9897-4e96-972a-093346ea9c32
***HIDDEN*** - - [21/Nov/2023:14:53:32 +0000] "GET /auth/realms/knime/protocol/openid-connect/certs HTTP/1.1" 200 2909 "-" "Apache-HttpClient/4.5.14 (Java/17.0.9)" 1281 0.003 [knime-keycloak-8443] [] ***HIDDEN***:8443 2909 0.000 200 54dd4903-4d95-4c14-b4fa-41b76f57afc0
***HIDDEN*** - - [21/Nov/2023:14:53:37 +0000] "GET /auth/realms/knime/protocol/openid-connect/certs HTTP/1.1" 200 2909 "-" "Apache-HttpClient/4.5.14 (Java/17.0.9)" 1281 0.003 [knime-keycloak-8443] [] ***HIDDEN***:8443 2909 0.000 200 3d2b0a95-dda9-486d-9fdf-ec80bb5bc2dd
***HIDDEN*** - - [21/Nov/2023:14:53:42 +0000] "GET /auth/realms/knime/protocol/openid-connect/certs HTTP/1.1" 200 2909 "-" "Apache-HttpClient/4.5.14 (Java/17.0.9)" 1281 0.003 [knime-keycloak-8443] [] ***HIDDEN***:8443 2909 0.004 200 0d691e3d-bd52-4aed-a102-98e4fbd42df9
***HIDDEN*** - - [21/Nov/2023:14:53:47 +0000] "GET /auth/realms/knime/protocol/openid-connect/certs HTTP/1.1" 200 2909 "-" "Apache-HttpClient/4.5.14 (Java/17.0.9)" 1281 0.004 [knime-keycloak-8443] [] ***HIDDEN***:8443 2909 0.004 200 211d9612-3982-46ea-88ed-c2195c34d28b
***HIDDEN*** - - [21/Nov/2023:14:53:52 +0000] "GET /auth/realms/knime/protocol/openid-connect/certs HTTP/1.1" 200 2909 "-" "Apache-HttpClient/4.5.14 (Java/17.0.9)" 1281 0.003 [knime-keycloak-8443] [] ***HIDDEN***:8443 2909 0.004 200 dc156754-73dc-4086-b2a1-40a1f50acce9
***HIDDEN*** - - [21/Nov/2023:14:53:57 +0000] "GET /auth/realms/knime/protocol/openid-connect/certs HTTP/1.1" 200 2909 "-" "Apache-HttpClient/4.5.14 (Java/17.0.9)" 1281 0.003 [knime-keycloak-8443] [] ***HIDDEN***:8443 2909 0.000 200 61ff8f0e-b10a-44ac-983f-6b2f6ec5250a
***HIDDEN*** - - [21/Nov/2023:14:54:02 +0000] "GET /auth/realms/knime/protocol/openid-connect/certs HTTP/1.1" 200 2909 "-" "Apache-HttpClient/4.5.14 (Java/17.0.9)" 1281 0.004 [knime-keycloak-8443] [] ***HIDDEN***:8443 2909 0.004 200 5154e7ab-432d-43c0-98fe-5784524cede8
***HIDDEN*** - - [21/Nov/2023:14:54:07 +0000] "GET /auth/realms/knime/protocol/openid-connect/certs HTTP/1.1" 200 2909 "-" "Apache-HttpClient/4.5.14 (Java/17.0.9)" 1281 0.004 [knime-keycloak-8443] [] ***HIDDEN***:8443 2909 0.000 200 fb15717d-80f7-44f5-a496-c28bdd6df7cb
***HIDDEN*** - - [21/Nov/2023:14:54:12 +0000] "GET /auth/realms/knime/protocol/openid-connect/certs HTTP/1.1" 200 2909 "-" "Apache-HttpClient/4.5.14 (Java/17.0.9)" 1281 0.004 [knime-keycloak-8443] [] ***HIDDEN***:8443 2909 0.000 200 69220a09-4d88-4b20-91d2-35cc57a16500
***HIDDEN*** - - [21/Nov/2023:14:54:17 +0000] "GET /auth/realms/knime/protocol/openid-connect/certs HTTP/1.1" 200 2909 "-" "Apache-HttpClient/4.5.14 (Java/17.0.9)" 1281 0.003 [knime-keycloak-8443] [] ***HIDDEN***:8443 2909 0.004 200 760aa971-7096-42e4-a23d-f5f79b8f9909
***HIDDEN*** - - [21/Nov/2023:14:54:22 +0000] "GET /auth/realms/knime/protocol/openid-connect/certs HTTP/1.1" 200 2909 "-" "Apache-HttpClient/4.5.14 (Java/17.0.9)" 1281 0.003 [knime-keycloak-8443] [] ***HIDDEN***:8443 2909 0.000 200 eb25f84a-6002-4974-9744-dc574c444125
***HIDDEN*** - - [21/Nov/2023:14:54:27 +0000] "GET /auth/realms/knime/protocol/openid-connect/certs HTTP/1.1" 200 2909 "-" "Apache-HttpClient/4.5.14 (Java/17.0.9)" 1281 0.003 [knime-keycloak-8443] [] ***HIDDEN***:8443 2909 0.004 200 a15e660f-0d62-430d-9c5d-31d3c0ee9eac
***HIDDEN*** - - [21/Nov/2023:14:54:32 +0000] "GET /auth/realms/knime/protocol/openid-connect/certs HTTP/1.1" 200 2909 "-" "Apache-HttpClient/4.5.14 (Java/17.0.9)" 1281 0.003 [knime-keycloak-8443] [] ***HIDDEN***:8443 2909 0.004 200 2b6a3114-722d-49b4-9188-a1f34a567298
***HIDDEN*** - - [21/Nov/2023:14:54:37 +0000] "GET /auth/realms/knime/protocol/openid-connect/certs HTTP/1.1" 200 2909 "-" "Apache-HttpClient/4.5.14 (Java/17.0.9)" 1281 0.003 [knime-keycloak-8443] [] ***HIDDEN***:8443 2909 0.004 200 ed697ed7-07ca-4ea3-811e-943f75ccf8de
***HIDDEN*** - - [21/Nov/2023:14:54:42 +0000] "GET /auth/realms/knime/protocol/openid-connect/certs HTTP/1.1" 200 2909 "-" "Apache-HttpClient/4.5.14 (Java/17.0.9)" 1281 0.003 [knime-keycloak-8443] [] ***HIDDEN***:8443 2909 0.000 200 17eb6de1-9c14-4036-aeb9-00ee827a7074
***HIDDEN*** - - [21/Nov/2023:14:54:47 +0000] "GET /auth/realms/knime/protocol/openid-connect/certs HTTP/1.1" 200 2909 "-" "Apache-HttpClient/4.5.14 (Java/17.0.9)" 1281 0.002 [knime-keycloak-8443] [] ***HIDDEN***:8443 2909 0.000 200 96aeb58e-fda6-4c64-968d-2f620e69e631
***HIDDEN*** - - [21/Nov/2023:14:54:52 +0000] "GET /auth/realms/knime/protocol/openid-connect/certs HTTP/1.1" 200 2909 "-" "Apache-HttpClient/4.5.14 (Java/17.0.9)" 1281 0.002 [knime-keycloak-8443] [] ***HIDDEN***:8443 2909 0.004 200 a1db2d19-5607-41a8-be24-fda285676845
***HIDDEN*** - - [21/Nov/2023:14:54:57 +0000] "GET /auth/realms/knime/protocol/openid-connect/certs HTTP/1.1" 200 2909 "-" "Apache-HttpClient/4.5.14 (Java/17.0.9)" 1281 0.003 [knime-keycloak-8443] [] ***HIDDEN***:8443 2909 0.000 200 fd1a3408-c72c-443b-ab8c-7852776af4f8
***HIDDEN*** - - [21/Nov/2023:14:55:02 +0000] "GET /auth/realms/knime/protocol/openid-connect/certs HTTP/1.1" 200 2909 "-" "Apache-HttpClient/4.5.14 (Java/17.0.9)" 1281 0.003 [knime-keycloak-8443] [] ***HIDDEN***:8443 2909 0.004 200 a97c8e0a-032c-4ae8-9055-4641c49b00fc
***HIDDEN*** - - [21/Nov/2023:14:55:07 +0000] "GET /auth/realms/knime/protocol/openid-connect/certs HTTP/1.1" 200 2909 "-" "Apache-HttpClient/4.5.14 (Java/17.0.9)" 1281 0.003 [knime-keycloak-8443] [] ***HIDDEN***:8443 2909 0.000 200 601b0763-73a9-4ef2-ac79-81ce7b10b228
***HIDDEN*** - - [21/Nov/2023:14:55:12 +0000] "GET /auth/realms/knime/protocol/openid-connect/certs HTTP/1.1" 200 2909 "-" "Apache-HttpClient/4.5.14 (Java/17.0.9)" 1281 0.003 [knime-keycloak-8443] [] ***HIDDEN***:8443 2909 0.004 200 53fa42c1-1701-9599-b46b-1d07e3df0eea
***HIDDEN*** - - [21/Nov/2023:14:55:17 +0000] "GET /auth/realms/knime/protocol/openid-connect/certs HTTP/1.1" 200 2909 "-" "Apache-HttpClient/4.5.14 (Java/17.0.9)" 1281 0.002 [knime-keycloak-8443] [] ***HIDDEN***:8443 2909 0.000 200 0b874105-c84a-419c-93d5-aa95d1a236e1
***HIDDEN*** - - [21/Nov/2023:14:55:22 +0000] "GET /auth/realms/knime/protocol/openid-connect/certs HTTP/1.1" 200 2909 "-" "Apache-HttpClient/4.5.14 (Java/17.0.9)" 1281 0.003 [knime-keycloak-8443] [] ***HIDDEN***:8443 2909 0.000 200 de1ec6ba-2d59-4cf3-929b-80a901b748a7
***HIDDEN*** - - [21/Nov/2023:14:55:27 +0000] "GET /auth/realms/knime/protocol/openid-connect/certs HTTP/1.1" 200 2909 "-" "Apache-HttpClient/4.5.14 (Java/17.0.9)" 1281 0.003 [knime-keycloak-8443] [] ***HIDDEN***:8443 2909 0.004 200 bd060835-9498-4bbb-8fad-af11793f4820
***HIDDEN*** - - [21/Nov/2023:14:55:32 +0000] "GET /auth/realms/knime/protocol/openid-connect/certs HTTP/1.1" 200 2909 "-" "Apache-HttpClient/4.5.14 (Java/17.0.9)" 1281 0.003 [knime-keycloak-8443] [] ***HIDDEN***:8443 2909 0.000 200 df78dd11-09b1-935a-aaeb-24fe2a2fafdf
***HIDDEN*** - - [21/Nov/2023:14:55:37 +0000] "GET /auth/realms/knime/protocol/openid-connect/certs HTTP/1.1" 200 2909 "-" "Apache-HttpClient/4.5.14 (Java/17.0.9)" 1281 0.003 [knime-keycloak-8443] [] ***HIDDEN***:8443 2909 0.004 200 f34ee396-6664-4558-b9ba-9b952fcc1358
***HIDDEN*** - - [21/Nov/2023:14:55:42 +0000] "GET /auth/realms/knime/protocol/openid-connect/certs HTTP/1.1" 200 2909 "-" "Apache-HttpClient/4.5.14 (Java/17.0.9)" 1281 0.003 [knime-keycloak-8443] [] ***HIDDEN***:8443 2909 0.000 200 440c46e3-d1b2-4a70-aff4-943250e140ba
***HIDDEN*** - - [21/Nov/2023:14:55:47 +0000] "GET /auth/realms/knime/protocol/openid-connect/certs HTTP/1.1" 200 2909 "-" "Apache-HttpClient/4.5.14 (Java/17.0.9)" 1281 0.003 [knime-keycloak-8443] [] ***HIDDEN***:8443 2909 0.000 200 7999ab09-bf69-4b1e-9418-eba47263a821
***HIDDEN*** - - [21/Nov/2023:14:55:52 +0000] "GET /auth/realms/knime/protocol/openid-connect/certs HTTP/1.1" 200 2909 "-" "Apache-HttpClient/4.5.14 (Java/17.0.9)" 1281 0.003 [knime-keycloak-8443] [] ***HIDDEN***:8443 2909 0.004 200 6f4972d6-89eb-4b73-804d-52acb983436b
***HIDDEN*** - - [21/Nov/2023:14:55:57 +0000] "GET /auth/realms/knime/protocol/openid-connect/certs HTTP/1.1" 200 2909 "-" "Apache-HttpClient/4.5.14 (Java/17.0.9)" 1281 0.002 [knime-keycloak-8443] [] ***HIDDEN***:8443 2909 0.000 200 bca10463-0fb9-418d-95a1-980b7481d9b9
***HIDDEN*** - - [21/Nov/2023:14:56:02 +0000] "GET /auth/realms/knime/protocol/openid-connect/certs HTTP/1.1" 200 2909 "-" "Apache-HttpClient/4.5.14 (Java/17.0.9)" 1281 0.003 [knime-keycloak-8443] [] ***HIDDEN***:8443 2909 0.004 200 99ce3f95-5f06-4322-a332-2054bbcee35e
***HIDDEN*** - - [21/Nov/2023:14:56:07 +0000] "GET /auth/realms/knime/protocol/openid-connect/certs HTTP/1.1" 200 2909 "-" "Apache-HttpClient/4.5.14 (Java/17.0.9)" 1281 0.004 [knime-keycloak-8443] [] ***HIDDEN***:8443 2909 0.000 200 03164f6d-9fce-4f3d-957a-b881f9e2e82b
***HIDDEN*** - - [21/Nov/2023:14:56:12 +0000] "GET /auth/realms/knime/protocol/openid-connect/certs HTTP/1.1" 200 2909 "-" "Apache-HttpClient/4.5.14 (Java/17.0.9)" 1281 0.003 [knime-keycloak-8443] [] ***HIDDEN***:8443 2909 0.004 200 9c7f65d4-83fe-49ed-855a-799e3263eca0
***HIDDEN*** - - [21/Nov/2023:14:56:17 +0000] "GET /auth/realms/knime/protocol/openid-connect/certs HTTP/1.1" 200 2909 "-" "Apache-HttpClient/4.5.14 (Java/17.0.9)" 1281 0.003 [knime-keycloak-8443] [] ***HIDDEN***:8443 2909 0.004 200 3f8ba43d-6832-4162-9f69-87a3150047b2
***HIDDEN*** - - [21/Nov/2023:14:56:22 +0000] "GET /auth/realms/knime/protocol/openid-connect/certs HTTP/1.1" 200 2909 "-" "Apache-HttpClient/4.5.14 (Java/17.0.9)" 1281 0.003 [knime-keycloak-8443] [] ***HIDDEN***:8443 2909 0.000 200 54fb0c12-04b7-4a40-837f-5880d9e861e9
***HIDDEN*** - - [21/Nov/2023:14:56:27 +0000] "GET /auth/realms/knime/protocol/openid-connect/certs HTTP/1.1" 200 2909 "-" "Apache-HttpClient/4.5.14 (Java/17.0.9)" 1281 0.003 [knime-keycloak-8443] [] ***HIDDEN***:8443 2909 0.000 200 f5b95868-5369-498c-86c5-870cab7b9862
***HIDDEN*** - - [21/Nov/2023:14:56:32 +0000] "GET /auth/realms/knime/protocol/openid-connect/certs HTTP/1.1" 200 2909 "-" "Apache-HttpClient/4.5.14 (Java/17.0.9)" 1281 0.003 [knime-keycloak-8443] [] ***HIDDEN***:8443 2909 0.004 200 3f6037ad-a2e7-40f9-bbe8-8ec33f1f26f4
***HIDDEN*** - - [21/Nov/2023:14:56:37 +0000] "GET /auth/realms/knime/protocol/openid-connect/certs HTTP/1.1" 200 2909 "-" "Apache-HttpClient/4.5.14 (Java/17.0.9)" 1281 0.002 [knime-keycloak-8443] [] ***HIDDEN***:8443 2909 0.004 200 c6c4c7f5-381c-45bb-8f05-f2bbc0ef9616
***HIDDEN*** - - [21/Nov/2023:14:56:42 +0000] "GET /auth/realms/knime/protocol/openid-connect/certs HTTP/1.1" 200 2909 "-" "Apache-HttpClient/4.5.14 (Java/17.0.9)" 1281 0.003 [knime-keycloak-8443] [] ***HIDDEN***:8443 2909 0.000 200 93cd61ce-132c-4deb-808c-3357c24058b9
***HIDDEN*** - - [21/Nov/2023:14:56:47 +0000] "GET /auth/realms/knime/protocol/openid-connect/certs HTTP/1.1" 200 2909 "-" "Apache-HttpClient/4.5.14 (Java/17.0.9)" 1281 0.004 [knime-keycloak-8443] [] ***HIDDEN***:8443 2909 0.004 200 7abe38b8-ab22-4a36-8109-6cf1d561aaca
***HIDDEN*** - - [21/Nov/2023:14:56:52 +0000] "GET /auth/realms/knime/protocol/openid-connect/certs HTTP/1.1" 200 2909 "-" "Apache-HttpClient/4.5.14 (Java/17.0.9)" 1281 0.003 [knime-keycloak-8443] [] ***HIDDEN***:8443 2909 0.000 200 9c77a71e-87c8-486a-b3f2-cea0a1690fe1
***HIDDEN*** - - [21/Nov/2023:14:56:57 +0000] "GET /auth/realms/knime/protocol/openid-connect/certs HTTP/1.1" 200 2909 "-" "Apache-HttpClient/4.5.14 (Java/17.0.9)" 1281 0.003 [knime-keycloak-8443] [] ***HIDDEN***:8443 2909 0.000 200 8da330de-1a97-41c7-87a4-92bfdcab325f
***HIDDEN*** - - [21/Nov/2023:14:57:02 +0000] "GET /auth/realms/knime/protocol/openid-connect/certs HTTP/1.1" 200 2909 "-" "Apache-HttpClient/4.5.14 (Java/17.0.9)" 1281 0.003 [knime-keycloak-8443] [] ***HIDDEN***:8443 2909 0.000 200 9c95f5a6-f33d-4938-b0b6-b7e75743a3d9
***HIDDEN*** - - [21/Nov/2023:14:57:07 +0000] "GET /auth/realms/knime/protocol/openid-connect/certs HTTP/1.1" 200 2909 "-" "Apache-HttpClient/4.5.14 (Java/17.0.9)" 1281 0.003 [knime-keycloak-8443] [] ***HIDDEN***:8443 2909 0.004 200 71e92b06-9853-4a35-8457-3e2d3d8d4404
***HIDDEN*** - - [21/Nov/2023:14:57:12 +0000] "GET /auth/realms/knime/protocol/openid-connect/certs HTTP/1.1" 200 2909 "-" "Apache-HttpClient/4.5.14 (Java/17.0.9)" 1281 0.003 [knime-keycloak-8443] [] ***HIDDEN***:8443 2909 0.000 200 cc146a1f-a788-4400-8fd1-29ace507f023
***HIDDEN*** - - [21/Nov/2023:14:57:17 +0000] "GET /auth/realms/knime/protocol/openid-connect/certs HTTP/1.1" 200 2909 "-" "Apache-HttpClient/4.5.14 (Java/17.0.9)" 1281 0.003 [knime-keycloak-8443] [] ***HIDDEN***:8443 2909 0.000 200 a7aadfae-255d-4f77-8fa7-8ba044f61fc3
***HIDDEN*** - - [21/Nov/2023:14:57:22 +0000] "GET /auth/realms/knime/protocol/openid-connect/certs HTTP/1.1" 200 2909 "-" "Apache-HttpClient/4.5.14 (Java/17.0.9)" 1281 0.002 [knime-keycloak-8443] [] ***HIDDEN***:8443 2909 0.004 200 c8fe6a0a-6a69-4b3e-ac19-c74c2e75348f
***HIDDEN*** - - [21/Nov/2023:14:57:27 +0000] "GET /auth/realms/knime/protocol/openid-connect/certs HTTP/1.1" 200 2909 "-" "Apache-HttpClient/4.5.14 (Java/17.0.9)" 1281 0.002 [knime-keycloak-8443] [] ***HIDDEN***:8443 2909 0.000 200 48413d47-efad-4284-b47f-ec5857bda36f
***HIDDEN*** - - [21/Nov/2023:14:57:32 +0000] "GET /auth/realms/knime/protocol/openid-connect/certs HTTP/1.1" 200 2909 "-" "Apache-HttpClient/4.5.14 (Java/17.0.9)" 1281 0.003 [knime-keycloak-8443] [] ***HIDDEN***:8443 2909 0.000 200 699d64ce-d038-4846-8bce-ab06c8390c9e
***HIDDEN*** - - [21/Nov/2023:14:57:37 +0000] "GET /auth/realms/knime/protocol/openid-connect/certs HTTP/1.1" 200 2909 "-" "Apache-HttpClient/4.5.14 (Java/17.0.9)" 1281 0.002 [knime-keycloak-8443] [] ***HIDDEN***:8443 2909 0.000 200 38a0501d-6c1a-4ff1-86c9-9d57c5bea6fc
***HIDDEN*** - - [21/Nov/2023:14:57:42 +0000] "GET /auth/realms/knime/protocol/openid-connect/certs HTTP/1.1" 200 2909 "-" "Apache-HttpClient/4.5.14 (Java/17.0.9)" 1281 0.003 [knime-keycloak-8443] [] ***HIDDEN***:8443 2909 0.004 200 fac0293d-524e-4a50-a648-7238cb7eb535
***HIDDEN*** - - [21/Nov/2023:14:57:47 +0000] "GET /auth/realms/knime/protocol/openid-connect/certs HTTP/1.1" 200 2909 "-" "Apache-HttpClient/4.5.14 (Java/17.0.9)" 1281 0.002 [knime-keycloak-8443] [] ***HIDDEN***:8443 2909 0.004 200 3a7a87cb-55e6-4c57-b3ee-a73cf0fb4101
***HIDDEN*** - - [21/Nov/2023:14:57:52 +0000] "GET /auth/realms/knime/protocol/openid-connect/certs HTTP/1.1" 200 2909 "-" "Apache-HttpClient/4.5.14 (Java/17.0.9)" 1281 0.002 [knime-keycloak-8443] [] ***HIDDEN***:8443 2909 0.000 200 8f87b35f-00d9-4fe9-8796-faff8782e859
***HIDDEN*** - - [21/Nov/2023:14:57:57 +0000] "GET /auth/realms/knime/protocol/openid-connect/certs HTTP/1.1" 200 2909 "-" "Apache-HttpClient/4.5.14 (Java/17.0.9)" 1281 0.003 [knime-keycloak-8443] [] ***HIDDEN***:8443 2909 0.000 200 d7f7a59b-a712-4cdb-aec7-0503cdf4de45
***HIDDEN*** - - [21/Nov/2023:14:58:02 +0000] "GET /auth/realms/knime/protocol/openid-connect/certs HTTP/1.1" 200 2909 "-" "Apache-HttpClient/4.5.14 (Java/17.0.9)" 1281 0.003 [knime-keycloak-8443] [] ***HIDDEN***:8443 2909 0.000 200 ab5855d7-fb30-4880-bb23-26cea240aa33
***HIDDEN*** - - [21/Nov/2023:14:58:07 +0000] "GET /auth/realms/knime/protocol/openid-connect/certs HTTP/1.1" 200 2909 "-" "Apache-HttpClient/4.5.14 (Java/17.0.9)" 1281 0.003 [knime-keycloak-8443] [] ***HIDDEN***:8443 2909 0.000 200 219cd797-e3d2-4b10-82ce-7ed0b20b5227
***HIDDEN*** - - [21/Nov/2023:14:58:12 +0000] "GET /auth/realms/knime/protocol/openid-connect/certs HTTP/1.1" 200 2909 "-" "Apache-HttpClient/4.5.14 (Java/17.0.9)" 1281 0.003 [knime-keycloak-8443] [] ***HIDDEN***:8443 2909 0.004 200 7004f123-8e90-43f3-a93e-3b067e7d7c40
***HIDDEN*** - - [21/Nov/2023:14:58:17 +0000] "GET /auth/realms/knime/protocol/openid-connect/certs HTTP/1.1" 200 2909 "-" "Apache-HttpClient/4.5.14 (Java/17.0.9)" 1281 0.003 [knime-keycloak-8443] [] ***HIDDEN***:8443 2909 0.000 200 38eb5238-cbd9-4e49-88d9-b717be2bc845
***HIDDEN*** - - [21/Nov/2023:14:58:22 +0000] "GET /auth/realms/knime/protocol/openid-connect/certs HTTP/1.1" 200 2909 "-" "Apache-HttpClient/4.5.14 (Java/17.0.9)" 1281 0.003 [knime-keycloak-8443] [] ***HIDDEN***:8443 2909 0.004 200 ed6482fe-425e-4740-9c17-3ebc77579270
***HIDDEN*** - - [21/Nov/2023:14:58:27 +0000] "GET /auth/realms/knime/protocol/openid-connect/certs HTTP/1.1" 200 2909 "-" "Apache-HttpClient/4.5.14 (Java/17.0.9)" 1281 0.003 [knime-keycloak-8443] [] ***HIDDEN***:8443 2909 0.004 200 458382f8-8b54-453b-b694-47889fb9f462
***HIDDEN*** - - [21/Nov/2023:14:58:32 +0000] "GET /auth/realms/knime/protocol/openid-connect/certs HTTP/1.1" 200 2909 "-" "Apache-HttpClient/4.5.14 (Java/17.0.9)" 1281 0.002 [knime-keycloak-8443] [] ***HIDDEN***:8443 2909 0.000 200 4e01f5e3-ca9e-46b6-84f1-5da9eda618dd
***HIDDEN*** - - [21/Nov/2023:14:58:37 +0000] "GET /auth/realms/knime/protocol/openid-connect/certs HTTP/1.1" 200 2909 "-" "Apache-HttpClient/4.5.14 (Java/17.0.9)" 1281 0.003 [knime-keycloak-8443] [] ***HIDDEN***:8443 2909 0.000 200 d525101d-c65c-42c1-91d9-6ec3fad692e5
***HIDDEN*** - - [21/Nov/2023:14:58:42 +0000] "GET /auth/realms/knime/protocol/openid-connect/certs HTTP/1.1" 200 2909 "-" "Apache-HttpClient/4.5.14 (Java/17.0.9)" 1281 0.002 [knime-keycloak-8443] [] ***HIDDEN***:8443 2909 0.000 200 86e9b053-ee31-4a33-bafb-d25a7b100bc3
***HIDDEN*** - - [21/Nov/2023:14:58:47 +0000] "GET /auth/realms/knime/protocol/openid-connect/certs HTTP/1.1" 200 2909 "-" "Apache-HttpClient/4.5.14 (Java/17.0.9)" 1281 0.003 [knime-keycloak-8443] [] ***HIDDEN***:8443 2909 0.004 200 fe4befa4-3f7a-4017-aea8-d0b59ba29fc6
***HIDDEN*** - - [21/Nov/2023:14:58:52 +0000] "GET /auth/realms/knime/protocol/openid-connect/certs HTTP/1.1" 200 2909 "-" "Apache-HttpClient/4.5.14 (Java/17.0.9)" 1281 0.003 [knime-keycloak-8443] [] ***HIDDEN***:8443 2909 0.000 200 796b4b8e-cbac-4d88-9bea-d79cfb884424
***HIDDEN*** - - [21/Nov/2023:14:58:57 +0000] "GET /auth/realms/knime/protocol/openid-connect/certs HTTP/1.1" 200 2909 "-" "Apache-HttpClient/4.5.14 (Java/17.0.9)" 1281 0.002 [knime-keycloak-8443] [] ***HIDDEN***:8443 2909 0.000 200 3136dc08-71a2-4452-acf2-3b7ca98efab7
***HIDDEN*** - - [21/Nov/2023:14:59:02 +0000] "GET /auth/realms/knime/protocol/openid-connect/certs HTTP/1.1" 200 2909 "-" "Apache-HttpClient/4.5.14 (Java/17.0.9)" 1281 0.003 [knime-keycloak-8443] [] ***HIDDEN***:8443 2909 0.000 200 f0a524d5-fde9-420a-af0c-302e93947877
***HIDDEN*** - - [21/Nov/2023:14:59:07 +0000] "GET /auth/realms/knime/protocol/openid-connect/certs HTTP/1.1" 200 2909 "-" "Apache-HttpClient/4.5.14 (Java/17.0.9)" 1281 0.002 [knime-keycloak-8443] [] ***HIDDEN***:8443 2909 0.004 200 ff6f7840-c700-491b-96b8-64119cef14e4
***HIDDEN*** - - [21/Nov/2023:14:59:12 +0000] "GET /auth/realms/knime/protocol/openid-connect/certs HTTP/1.1" 200 2909 "-" "Apache-HttpClient/4.5.14 (Java/17.0.9)" 1281 0.003 [knime-keycloak-8443] [] ***HIDDEN***:8443 2909 0.000 200 d8d9acda-8391-4a3d-83a5-2a2476db7721
***HIDDEN*** - - [21/Nov/2023:14:59:17 +0000] "GET /auth/realms/knime/protocol/openid-connect/certs HTTP/1.1" 200 2909 "-" "Apache-HttpClient/4.5.14 (Java/17.0.9)" 1281 0.002 [knime-keycloak-8443] [] ***HIDDEN***:8443 2909 0.000 200 94ecdbe2-eb9f-4cb8-a56d-f451bbe4b5f0
***HIDDEN*** - - [21/Nov/2023:14:59:22 +0000] "GET /auth/realms/knime/protocol/openid-connect/certs HTTP/1.1" 200 2909 "-" "Apache-HttpClient/4.5.14 (Java/17.0.9)" 1281 0.003 [knime-keycloak-8443] [] ***HIDDEN***:8443 2909 0.004 200 544b4b79-97ea-4f3b-b372-e326ef429e12
***HIDDEN*** - - [21/Nov/2023:14:59:27 +0000] "GET /auth/realms/knime/protocol/openid-connect/certs HTTP/1.1" 200 2909 "-" "Apache-HttpClient/4.5.14 (Java/17.0.9)" 1281 0.003 [knime-keycloak-8443] [] ***HIDDEN***:8443 2909 0.004 200 22e79e56-cb6a-4bf9-8102-43c4d23de861
***HIDDEN*** - - [21/Nov/2023:14:59:32 +0000] "GET /auth/realms/knime/protocol/openid-connect/certs HTTP/1.1" 200 2909 "-" "Apache-HttpClient/4.5.14 (Java/17.0.9)" 1281 0.003 [knime-keycloak-8443] [] ***HIDDEN***:8443 2909 0.000 200 ad1bac58-27a9-4821-b0e2-b95fb76ed778
***HIDDEN*** - - [21/Nov/2023:14:59:37 +0000] "GET /auth/realms/knime/protocol/openid-connect/certs HTTP/1.1" 200 2909 "-" "Apache-HttpClient/4.5.14 (Java/17.0.9)" 1281 0.003 [knime-keycloak-8443] [] ***HIDDEN***:8443 2909 0.004 200 a724932d-7202-430b-81b5-159f24670f06
***HIDDEN*** - - [21/Nov/2023:14:59:42 +0000] "GET /auth/realms/knime/protocol/openid-connect/certs HTTP/1.1" 200 2909 "-" "Apache-HttpClient/4.5.14 (Java/17.0.9)" 1281 0.003 [knime-keycloak-8443] [] ***HIDDEN***:8443 2909 0.004 200 b5890572-722e-4d48-ae77-d19115f43616
***HIDDEN*** - - [21/Nov/2023:14:59:47 +0000] "GET /auth/realms/knime/protocol/openid-connect/certs HTTP/1.1" 200 2909 "-" "Apache-HttpClient/4.5.14 (Java/17.0.9)" 1281 0.003 [knime-keycloak-8443] [] ***HIDDEN***:8443 2909 0.000 200 fcad59c0-7ad2-4a63-9788-8da4cd935c5b
***HIDDEN*** - - [21/Nov/2023:14:59:52 +0000] "GET /auth/realms/knime/protocol/openid-connect/certs HTTP/1.1" 200 2909 "-" "Apache-HttpClient/4.5.14 (Java/17.0.9)" 1281 0.003 [knime-keycloak-8443] [] ***HIDDEN***:8443 2909 0.004 200 fe34bc00-6ad8-4299-bfc5-801f70c611b1
***HIDDEN*** - - [21/Nov/2023:14:59:57 +0000] "GET /auth/realms/knime/protocol/openid-connect/certs HTTP/1.1" 200 2909 "-" "Apache-HttpClient/4.5.14 (Java/17.0.9)" 1281 0.003 [knime-keycloak-8443] [] ***HIDDEN***:8443 2909 0.000 200 9724c412-4927-4768-acf8-9988d3e1a08a
***HIDDEN*** - - [21/Nov/2023:15:00:02 +0000] "GET /auth/realms/knime/protocol/openid-connect/certs HTTP/1.1" 200 2909 "-" "Apache-HttpClient/4.5.14 (Java/17.0.9)" 1281 0.003 [knime-keycloak-8443] [] ***HIDDEN***:8443 2909 0.004 200 fb7cbdcd-1fad-4ec2-aadd-d09104a11d3d
***HIDDEN*** - - [21/Nov/2023:15:00:07 +0000] "GET /auth/realms/knime/protocol/openid-connect/certs HTTP/1.1" 200 2909 "-" "Apache-HttpClient/4.5.14 (Java/17.0.9)" 1281 0.003 [knime-keycloak-8443] [] ***HIDDEN***:8443 2909 0.000 200 8b7d0649-8bf6-435c-b372-67d3e4b6ce28
***HIDDEN*** - - [21/Nov/2023:15:00:12 +0000] "GET /auth/realms/knime/protocol/openid-connect/certs HTTP/1.1" 200 2909 "-" "Apache-HttpClient/4.5.14 (Java/17.0.9)" 1281 0.003 [knime-keycloak-8443] [] ***HIDDEN***:8443 2909 0.004 200 d2060de6-8237-470f-b05c-e4a94123d434
***HIDDEN*** - - [21/Nov/2023:15:00:17 +0000] "GET /auth/realms/knime/protocol/openid-connect/certs HTTP/1.1" 200 2909 "-" "Apache-HttpClient/4.5.14 (Java/17.0.9)" 1281 0.002 [knime-keycloak-8443] [] ***HIDDEN***:8443 2909 0.000 200 f965c475-63bf-40a7-aff4-cc282eb07fbf
***HIDDEN*** - - [21/Nov/2023:15:00:22 +0000] "GET /auth/realms/knime/protocol/openid-connect/certs HTTP/1.1" 200 2909 "-" "Apache-HttpClient/4.5.14 (Java/17.0.9)" 1281 0.004 [knime-keycloak-8443] [] ***HIDDEN***:8443 2909 0.004 200 3c29c8b4-020c-4ac3-a5ba-5a0e022b5d0a
***HIDDEN*** - - [21/Nov/2023:15:00:27 +0000] "GET /auth/realms/knime/protocol/openid-connect/certs HTTP/1.1" 200 2909 "-" "Apache-HttpClient/4.5.14 (Java/17.0.9)" 1281 0.003 [knime-keycloak-8443] [] ***HIDDEN***:8443 2909 0.000 200 a5843339-154b-491e-83dc-b5cfc085c43c
***HIDDEN*** - - [21/Nov/2023:15:00:32 +0000] "GET /auth/realms/knime/protocol/openid-connect/certs HTTP/1.1" 200 2909 "-" "Apache-HttpClient/4.5.14 (Java/17.0.9)" 1281 0.003 [knime-keycloak-8443] [] ***HIDDEN***:8443 2909 0.004 200 58afdcc7-5d53-4ffb-ba0c-c4ac55c507fc
***HIDDEN*** - - [21/Nov/2023:15:00:37 +0000] "GET /auth/realms/knime/protocol/openid-connect/certs HTTP/1.1" 200 2909 "-" "Apache-HttpClient/4.5.14 (Java/17.0.9)" 1281 0.003 [knime-keycloak-8443] [] ***HIDDEN***:8443 2909 0.004 200 947de115-14b5-4ccd-b8b2-2a1f29702359
***HIDDEN*** - - [21/Nov/2023:15:00:42 +0000] "GET /auth/realms/knime/protocol/openid-connect/certs HTTP/1.1" 200 2909 "-" "Apache-HttpClient/4.5.14 (Java/17.0.9)" 1281 0.003 [knime-keycloak-8443] [] ***HIDDEN***:8443 2909 0.004 200 c0f3b8f4-cf64-473e-8f16-e206143b1260
***HIDDEN*** - - [21/Nov/2023:15:00:47 +0000] "GET /auth/realms/knime/protocol/openid-connect/certs HTTP/1.1" 200 2909 "-" "Apache-HttpClient/4.5.14 (Java/17.0.9)" 1281 0.003 [knime-keycloak-8443] [] ***HIDDEN***:8443 2909 0.004 200 c048f6ff-80d8-4046-9774-339f03bc1469
***HIDDEN*** - - [21/Nov/2023:15:00:52 +0000] "GET /auth/realms/knime/protocol/openid-connect/certs HTTP/1.1" 200 2909 "-" "Apache-HttpClient/4.5.14 (Java/17.0.9)" 1281 0.003 [knime-keycloak-8443] [] ***HIDDEN***:8443 2909 0.000 200 11133180-2c33-4fd4-b0a3-506797b483aa
***HIDDEN*** - - [21/Nov/2023:15:00:57 +0000] "GET /auth/realms/knime/protocol/openid-connect/certs HTTP/1.1" 200 2909 "-" "Apache-HttpClient/4.5.14 (Java/17.0.9)" 1281 0.002 [knime-keycloak-8443] [] ***HIDDEN***:8443 2909 0.004 200 e50919b2-0414-4543-ad3c-725ff902de6b
***HIDDEN*** - - [21/Nov/2023:15:01:02 +0000] "GET /auth/realms/knime/protocol/openid-connect/certs HTTP/1.1" 200 2909 "-" "Apache-HttpClient/4.5.14 (Java/17.0.9)" 1281 0.002 [knime-keycloak-8443] [] ***HIDDEN***:8443 2909 0.004 200 7b5e3f50-118f-49f2-ba7e-88c212534b2a
***HIDDEN*** - - [21/Nov/2023:15:01:07 +0000] "GET /auth/realms/knime/protocol/openid-connect/certs HTTP/1.1" 200 2909 "-" "Apache-HttpClient/4.5.14 (Java/17.0.9)" 1281 0.003 [knime-keycloak-8443] [] ***HIDDEN***:8443 2909 0.004 200 cf974de6-a791-4341-bfc1-955d251e4ab5
***HIDDEN*** - - [21/Nov/2023:15:01:12 +0000] "GET /auth/realms/knime/protocol/openid-connect/certs HTTP/1.1" 200 2909 "-" "Apache-HttpClient/4.5.14 (Java/17.0.9)" 1281 0.003 [knime-keycloak-8443] [] ***HIDDEN***:8443 2909 0.000 200 4b82fb63-c3c3-4e13-a56a-aa884eede47c
***HIDDEN*** - - [21/Nov/2023:15:01:17 +0000] "GET /auth/realms/knime/protocol/openid-connect/certs HTTP/1.1" 200 2909 "-" "Apache-HttpClient/4.5.14 (Java/17.0.9)" 1281 0.003 [knime-keycloak-8443] [] ***HIDDEN***:8443 2909 0.004 200 51f23ce1-43e2-42de-b752-50ffecc3f915
***HIDDEN*** - - [21/Nov/2023:15:01:22 +0000] "GET /auth/realms/knime/protocol/openid-connect/certs HTTP/1.1" 200 2909 "-" "Apache-HttpClient/4.5.14 (Java/17.0.9)" 1281 0.003 [knime-keycloak-8443] [] ***HIDDEN***:8443 2909 0.004 200 c66471d6-12f7-4047-9e94-c391008f48ac
***HIDDEN*** - search-sync-service [21/Nov/2023:15:01:27 +0000] "POST /auth/realms/knime/protocol/openid-connect/token HTTP/1.1" 200 1225 "-" "Vert.x-WebClient/4.4.4" 1504 0.019 [knime-keycloak-8443] [] ***HIDDEN***:8443 1225 0.016 200 d64990b2-0413-49a4-a51b-957ac9d1f1c3
***HIDDEN*** - - [21/Nov/2023:15:01:27 +0000] "GET /auth/realms/knime/protocol/openid-connect/certs HTTP/1.1" 200 2909 "-" "Apache-HttpClient/4.5.14 (Java/17.0.9)" 1281 0.002 [knime-keycloak-8443] [] ***HIDDEN***:8443 2909 0.000 200 4b0dfe9d-0f9a-457c-b157-877fe6ac81d7
***HIDDEN*** - - [21/Nov/2023:15:01:27 +0000] "CONNECT www.google.com:443 HTTP/1.1" 400 150 "-" "-" 0 0.283 [] [] - - - - a7daf5012fa4d7413d977db76dcd7111
***HIDDEN*** - - [21/Nov/2023:15:01:32 +0000] "GET /auth/realms/knime/protocol/openid-connect/certs HTTP/1.1" 200 2909 "-" "Apache-HttpClient/4.5.14 (Java/17.0.9)" 1281 0.002 [knime-keycloak-8443] [] ***HIDDEN***:8443 2909 0.000 200 90af1d6f-9745-45fc-ad0a-7327c68d143b
***HIDDEN*** - - [21/Nov/2023:15:01:37 +0000] "GET /auth/realms/knime/protocol/openid-connect/certs HTTP/1.1" 200 2909 "-" "Apache-HttpClient/4.5.14 (Java/17.0.9)" 1281 0.003 [knime-keycloak-8443] [] ***HIDDEN***:8443 2909 0.004 200 68752c1a-3014-4ddc-97d0-659744e5633f
***HIDDEN*** - - [21/Nov/2023:15:01:42 +0000] "GET /auth/realms/knime/protocol/openid-connect/certs HTTP/1.1" 200 2909 "-" "Apache-HttpClient/4.5.14 (Java/17.0.9)" 1281 0.003 [knime-keycloak-8443] [] ***HIDDEN***:8443 2909 0.004 200 8d764d4f-ecfc-450c-841a-d94cae3d46c2
***HIDDEN*** - - [21/Nov/2023:15:01:47 +0000] "GET /auth/realms/knime/protocol/openid-connect/certs HTTP/1.1" 200 2909 "-" "Apache-HttpClient/4.5.14 (Java/17.0.9)" 1281 0.003 [knime-keycloak-8443] [] ***HIDDEN***:8443 2909 0.000 200 a70d8f0e-bba9-4243-b19a-990681486c58
***HIDDEN*** - - [21/Nov/2023:15:01:52 +0000] "GET /auth/realms/knime/protocol/openid-connect/certs HTTP/1.1" 200 2909 "-" "Apache-HttpClient/4.5.14 (Java/17.0.9)" 1281 0.003 [knime-keycloak-8443] [] ***HIDDEN***:8443 2909 0.004 200 e71aa27c-9e2f-4dae-8ffe-5aa1c055397b
***HIDDEN*** - - [21/Nov/2023:15:01:57 +0000] "GET /auth/realms/knime/protocol/openid-connect/certs HTTP/1.1" 200 2909 "-" "Apache-HttpClient/4.5.14 (Java/17.0.9)" 1281 0.003 [knime-keycloak-8443] [] ***HIDDEN***:8443 2909 0.004 200 0337db24-b596-477c-b45f-67966cdd80d2
***HIDDEN*** - - [21/Nov/2023:15:02:02 +0000] "GET /auth/realms/knime/protocol/openid-connect/certs HTTP/1.1" 200 2909 "-" "Apache-HttpClient/4.5.14 (Java/17.0.9)" 1281 0.002 [knime-keycloak-8443] [] ***HIDDEN***:8443 2909 0.004 200 bccfa6b2-7183-4cc6-9444-4af101e784b2
***HIDDEN*** - - [21/Nov/2023:15:02:07 +0000] "GET /auth/realms/knime/protocol/openid-connect/certs HTTP/1.1" 200 2909 "-" "Apache-HttpClient/4.5.14 (Java/17.0.9)" 1281 0.003 [knime-keycloak-8443] [] ***HIDDEN***:8443 2909 0.004 200 cb7797af-bd20-4015-9629-84d6a027c4ae
***HIDDEN*** - - [21/Nov/2023:15:02:12 +0000] "GET /auth/realms/knime/protocol/openid-connect/certs HTTP/1.1" 200 2909 "-" "Apache-HttpClient/4.5.14 (Java/17.0.9)" 1281 0.002 [knime-keycloak-8443] [] ***HIDDEN***:8443 2909 0.000 200 f4bdf278-5a81-407e-a5e9-f0f36ac0956e
***HIDDEN*** - - [21/Nov/2023:15:02:17 +0000] "GET /auth/realms/knime/protocol/openid-connect/certs HTTP/1.1" 200 2909 "-" "Apache-HttpClient/4.5.14 (Java/17.0.9)" 1281 0.002 [knime-keycloak-8443] [] ***HIDDEN***:8443 2909 0.000 200 5a2222b6-06ba-4974-a16b-fe819daae747
***HIDDEN*** - - [21/Nov/2023:15:02:22 +0000] "GET /auth/realms/knime/protocol/openid-connect/certs HTTP/1.1" 200 2909 "-" "Apache-HttpClient/4.5.14 (Java/17.0.9)" 1281 0.002 [knime-keycloak-8443] [] ***HIDDEN***:8443 2909 0.000 200 423385e2-9a81-4310-bb4e-f9ac78021dc7
***HIDDEN*** - - [21/Nov/2023:15:02:27 +0000] "GET /auth/realms/knime/protocol/openid-connect/certs HTTP/1.1" 200 2909 "-" "Apache-HttpClient/4.5.14 (Java/17.0.9)" 1281 0.003 [knime-keycloak-8443] [] ***HIDDEN***:8443 2909 0.004 200 fa3f4264-c2b4-4e0a-b33e-abdf59df6a33
***HIDDEN*** - - [21/Nov/2023:15:02:32 +0000] "GET /auth/realms/knime/protocol/openid-connect/certs HTTP/1.1" 200 2909 "-" "Apache-HttpClient/4.5.14 (Java/17.0.9)" 1281 0.003 [knime-keycloak-8443] [] ***HIDDEN***:8443 2909 0.000 200 a170e050-0b9c-4647-ab31-419d83ab8822
***HIDDEN*** - - [21/Nov/2023:15:02:37 +0000] "GET /auth/realms/knime/protocol/openid-connect/certs HTTP/1.1" 200 2909 "-" "Apache-HttpClient/4.5.14 (Java/17.0.9)" 1281 0.003 [knime-keycloak-8443] [] ***HIDDEN***:8443 2909 0.004 200 ba4204f2-238f-4a0e-bb33-6b1812a9a8bc
***HIDDEN*** - - [21/Nov/2023:15:02:42 +0000] "GET /auth/realms/knime/protocol/openid-connect/certs HTTP/1.1" 200 2909 "-" "Apache-HttpClient/4.5.14 (Java/17.0.9)" 1281 0.003 [knime-keycloak-8443] [] ***HIDDEN***:8443 2909 0.004 200 a0084ece-ab24-47c8-95c9-5c528db42580
***HIDDEN*** - - [21/Nov/2023:15:02:47 +0000] "GET /auth/realms/knime/protocol/openid-connect/certs HTTP/1.1" 200 2909 "-" "Apache-HttpClient/4.5.14 (Java/17.0.9)" 1281 0.003 [knime-keycloak-8443] [] ***HIDDEN***:8443 2909 0.000 200 f5260fd6-d7dc-43b1-9112-76738e0736bf
***HIDDEN*** - - [21/Nov/2023:15:02:52 +0000] "GET /auth/realms/knime/protocol/openid-connect/certs HTTP/1.1" 200 2909 "-" "Apache-HttpClient/4.5.14 (Java/17.0.9)" 1281 0.003 [knime-keycloak-8443] [] ***HIDDEN***:8443 2909 0.004 200 254a3ce4-758b-4181-9536-586d02999018
***HIDDEN*** - - [21/Nov/2023:15:02:57 +0000] "GET /auth/realms/knime/protocol/openid-connect/certs HTTP/1.1" 200 2909 "-" "Apache-HttpClient/4.5.14 (Java/17.0.9)" 1281 0.003 [knime-keycloak-8443] [] ***HIDDEN***:8443 2909 0.004 200 06f0c640-d6ba-43de-a933-bb5611d81e36
***HIDDEN*** - - [21/Nov/2023:15:03:02 +0000] "GET /auth/realms/knime/protocol/openid-connect/certs HTTP/1.1" 200 2909 "-" "Apache-HttpClient/4.5.14 (Java/17.0.9)" 1281 0.002 [knime-keycloak-8443] [] ***HIDDEN***:8443 2909 0.000 200 56645e22-d0e4-437a-89e5-3be7fcaf31e5
***HIDDEN*** - - [21/Nov/2023:15:03:07 +0000] "GET /auth/realms/knime/protocol/openid-connect/certs HTTP/1.1" 200 2909 "-" "Apache-HttpClient/4.5.14 (Java/17.0.9)" 1281 0.002 [knime-keycloak-8443] [] ***HIDDEN***:8443 2909 0.000 200 44485a45-5979-4a89-964d-e9617d6afa7b
***HIDDEN*** - - [21/Nov/2023:15:03:12 +0000] "GET /auth/realms/knime/protocol/openid-connect/certs HTTP/1.1" 200 2909 "-" "Apache-HttpClient/4.5.14 (Java/17.0.9)" 1281 0.003 [knime-keycloak-8443] [] ***HIDDEN***:8443 2909 0.000 200 330f3a42-8b9a-409b-9c30-8b989ce80979
***HIDDEN*** - - [21/Nov/2023:15:03:17 +0000] "GET /auth/realms/knime/protocol/openid-connect/certs HTTP/1.1" 200 2909 "-" "Apache-HttpClient/4.5.14 (Java/17.0.9)" 1281 0.003 [knime-keycloak-8443] [] ***HIDDEN***:8443 2909 0.000 200 47f0a0ac-174f-46e6-b0c6-e312d4cef4ac
***HIDDEN*** - - [21/Nov/2023:15:03:22 +0000] "GET /auth/realms/knime/protocol/openid-connect/certs HTTP/1.1" 200 2909 "-" "Apache-HttpClient/4.5.14 (Java/17.0.9)" 1281 0.003 [knime-keycloak-8443] [] ***HIDDEN***:8443 2909 0.000 200 6fb9d0e4-607e-47e1-90cb-c53bdfe37176
***HIDDEN*** - - [21/Nov/2023:15:03:27 +0000] "GET /auth/realms/knime/protocol/openid-connect/certs HTTP/1.1" 200 2909 "-" "Apache-HttpClient/4.5.14 (Java/17.0.9)" 1281 0.003 [knime-keycloak-8443] [] ***HIDDEN***:8443 2909 0.004 200 34f76964-68a0-46fa-9608-262bf417af07
***HIDDEN*** - - [21/Nov/2023:15:03:32 +0000] "GET /auth/realms/knime/protocol/openid-connect/certs HTTP/1.1" 200 2909 "-" "Apache-HttpClient/4.5.14 (Java/17.0.9)" 1281 0.003 [knime-keycloak-8443] [] ***HIDDEN***:8443 2909 0.000 200 2059b52e-0e53-484e-953b-34b696fc4bde
***HIDDEN*** - - [21/Nov/2023:15:03:37 +0000] "GET /auth/realms/knime/protocol/openid-connect/certs HTTP/1.1" 200 2909 "-" "Apache-HttpClient/4.5.14 (Java/17.0.9)" 1281 0.003 [knime-keycloak-8443] [] ***HIDDEN***:8443 2909 0.004 200 ebf7ad71-074d-43da-b1da-82e2e6b54830
***HIDDEN*** - - [21/Nov/2023:15:03:42 +0000] "GET /auth/realms/knime/protocol/openid-connect/certs HTTP/1.1" 200 2909 "-" "Apache-HttpClient/4.5.14 (Java/17.0.9)" 1281 0.003 [knime-keycloak-8443] [] ***HIDDEN***:8443 2909 0.000 200 f3d7f3a9-1e97-472c-bba9-bf838d8c97c3
***HIDDEN*** - - [21/Nov/2023:15:03:47 +0000] "GET /auth/realms/knime/protocol/openid-connect/certs HTTP/1.1" 200 2909 "-" "Apache-HttpClient/4.5.14 (Java/17.0.9)" 1281 0.003 [knime-keycloak-8443] [] ***HIDDEN***:8443 2909 0.000 200 a217cfd1-ae73-4286-a3af-1cbe558ad693
***HIDDEN*** - - [21/Nov/2023:15:03:52 +0000] "GET /auth/realms/knime/protocol/openid-connect/certs HTTP/1.1" 200 2909 "-" "Apache-HttpClient/4.5.14 (Java/17.0.9)" 1281 0.002 [knime-keycloak-8443] [] ***HIDDEN***:8443 2909 0.004 200 be4a65e1-0465-48be-ab52-9ddc793af7d7
***HIDDEN*** - - [21/Nov/2023:15:03:57 +0000] "GET /auth/realms/knime/protocol/openid-connect/certs HTTP/1.1" 200 2909 "-" "Apache-HttpClient/4.5.14 (Java/17.0.9)" 1281 0.003 [knime-keycloak-8443] [] ***HIDDEN***:8443 2909 0.004 200 cc6c6e41-6f56-479f-bfb7-3dfc8844e15c
***HIDDEN*** - - [21/Nov/2023:15:04:02 +0000] "GET /auth/realms/knime/protocol/openid-connect/certs HTTP/1.1" 200 2909 "-" "Apache-HttpClient/4.5.14 (Java/17.0.9)" 1281 0.009 [knime-keycloak-8443] [] ***HIDDEN***:8443 2909 0.008 200 126e804a-59dd-45df-b911-ea3bf9fccd7d
***HIDDEN*** - - [21/Nov/2023:15:04:07 +0000] "GET /auth/realms/knime/protocol/openid-connect/certs HTTP/1.1" 200 2909 "-" "Apache-HttpClient/4.5.14 (Java/17.0.9)" 1281 0.003 [knime-keycloak-8443] [] ***HIDDEN***:8443 2909 0.004 200 345a6dd2-4f40-4b44-9983-556e6a04e082
***HIDDEN*** - - [21/Nov/2023:15:04:12 +0000] "GET /auth/realms/knime/protocol/openid-connect/certs HTTP/1.1" 200 2909 "-" "Apache-HttpClient/4.5.14 (Java/17.0.9)" 1281 0.003 [knime-keycloak-8443] [] ***HIDDEN***:8443 2909 0.000 200 9651f7ff-c58d-4486-a1a1-c0828cfab1de
***HIDDEN*** - - [21/Nov/2023:15:04:17 +0000] "GET /auth/realms/knime/protocol/openid-connect/certs HTTP/1.1" 200 2909 "-" "Apache-HttpClient/4.5.14 (Java/17.0.9)" 1281 0.002 [knime-keycloak-8443] [] ***HIDDEN***:8443 2909 0.000 200 b28e522f-992b-4c71-b5f8-d5271ffe536d
***HIDDEN*** - - [21/Nov/2023:15:04:22 +0000] "GET /auth/realms/knime/protocol/openid-connect/certs HTTP/1.1" 200 2909 "-" "Apache-HttpClient/4.5.14 (Java/17.0.9)" 1281 0.002 [knime-keycloak-8443] [] ***HIDDEN***:8443 2909 0.000 200 d38cafe9-b8b3-48ea-8502-defd89d5c5c0
***HIDDEN*** - - [21/Nov/2023:15:04:27 +0000] "GET /auth/realms/knime/protocol/openid-connect/certs HTTP/1.1" 200 2909 "-" "Apache-HttpClient/4.5.14 (Java/17.0.9)" 1281 0.003 [knime-keycloak-8443] [] ***HIDDEN***:8443 2909 0.000 200 fedc0acc-cb1e-48fb-b9b6-f5280bdc0a9c
***HIDDEN*** - - [21/Nov/2023:15:04:32 +0000] "GET /auth/realms/knime/protocol/openid-connect/certs HTTP/1.1" 200 2909 "-" "Apache-HttpClient/4.5.14 (Java/17.0.9)" 1281 0.003 [knime-keycloak-8443] [] ***HIDDEN***:8443 2909 0.004 200 2097d5fd-ceb7-43f2-aa45-4c8213e6f9f3
***HIDDEN*** - - [21/Nov/2023:15:04:37 +0000] "GET /auth/realms/knime/protocol/openid-connect/certs HTTP/1.1" 200 2909 "-" "Apache-HttpClient/4.5.14 (Java/17.0.9)" 1281 0.003 [knime-keycloak-8443] [] ***HIDDEN***:8443 2909 0.004 200 ac836930-dc0d-4f90-a806-db9339685f18
***HIDDEN*** - - [21/Nov/2023:15:04:42 +0000] "GET /auth/realms/knime/protocol/openid-connect/certs HTTP/1.1" 200 2909 "-" "Apache-HttpClient/4.5.14 (Java/17.0.9)" 1281 0.003 [knime-keycloak-8443] [] ***HIDDEN***:8443 2909 0.004 200 8fc947de-02cc-43c7-be12-9aa136e0611b
***HIDDEN*** - - [21/Nov/2023:15:04:47 +0000] "GET /auth/realms/knime/protocol/openid-connect/certs HTTP/1.1" 200 2909 "-" "Apache-HttpClient/4.5.14 (Java/17.0.9)" 1281 0.003 [knime-keycloak-8443] [] ***HIDDEN***:8443 2909 0.004 200 a42eef6c-b237-47cb-b903-181987600b1a
***HIDDEN*** - - [21/Nov/2023:15:04:52 +0000] "GET /auth/realms/knime/protocol/openid-connect/certs HTTP/1.1" 200 2909 "-" "Apache-HttpClient/4.5.14 (Java/17.0.9)" 1281 0.002 [knime-keycloak-8443] [] ***HIDDEN***:8443 2909 0.000 200 c17d9aed-5d3d-4053-8338-040c5873d642
***HIDDEN*** - - [21/Nov/2023:15:04:57 +0000] "GET /auth/realms/knime/protocol/openid-connect/certs HTTP/1.1" 200 2909 "-" "Apache-HttpClient/4.5.14 (Java/17.0.9)" 1281 0.003 [knime-keycloak-8443] [] ***HIDDEN***:8443 2909 0.004 200 53a9801a-1027-469d-9f6a-b11f6d1d3c20
***HIDDEN*** - - [21/Nov/2023:15:05:02 +0000] "GET /auth/realms/knime/protocol/openid-connect/certs HTTP/1.1" 200 2909 "-" "Apache-HttpClient/4.5.14 (Java/17.0.9)" 1281 0.003 [knime-keycloak-8443] [] ***HIDDEN***:8443 2909 0.000 200 ff2f660d-8dc6-47a9-8943-ff329b251327
***HIDDEN*** - - [21/Nov/2023:15:05:07 +0000] "GET /auth/realms/knime/protocol/openid-connect/certs HTTP/1.1" 200 2909 "-" "Apache-HttpClient/4.5.14 (Java/17.0.9)" 1281 0.002 [knime-keycloak-8443] [] ***HIDDEN***:8443 2909 0.000 200 5159c06b-cc63-40c9-a0da-e04273f3edd6
***HIDDEN*** - - [21/Nov/2023:15:05:12 +0000] "GET /auth/realms/knime/protocol/openid-connect/certs HTTP/1.1" 200 2909 "-" "Apache-HttpClient/4.5.14 (Java/17.0.9)" 1281 0.002 [knime-keycloak-8443] [] ***HIDDEN***:8443 2909 0.004 200 cdac8bfb-fdca-45bb-85d5-2f99f7581ddb
***HIDDEN*** - - [21/Nov/2023:15:05:17 +0000] "GET /auth/realms/knime/protocol/openid-connect/certs HTTP/1.1" 200 2909 "-" "Apache-HttpClient/4.5.14 (Java/17.0.9)" 1281 0.002 [knime-keycloak-8443] [] ***HIDDEN***:8443 2909 0.000 200 36590ac8-7269-4344-b118-4d973a320195
***HIDDEN*** - - [21/Nov/2023:15:05:22 +0000] "GET /auth/realms/knime/protocol/openid-connect/certs HTTP/1.1" 200 2909 "-" "Apache-HttpClient/4.5.14 (Java/17.0.9)" 1281 0.003 [knime-keycloak-8443] [] ***HIDDEN***:8443 2909 0.004 200 41a390cc-e39f-46fe-aec9-fcdb69e5a0ec
***HIDDEN*** - - [21/Nov/2023:15:05:27 +0000] "GET /auth/realms/knime/protocol/openid-connect/certs HTTP/1.1" 200 2909 "-" "Apache-HttpClient/4.5.14 (Java/17.0.9)" 1281 0.003 [knime-keycloak-8443] [] ***HIDDEN***:8443 2909 0.004 200 f198f23a-25cd-433a-8896-b9aff259ffc0
***HIDDEN*** - - [21/Nov/2023:15:05:32 +0000] "GET /auth/realms/knime/protocol/openid-connect/certs HTTP/1.1" 200 2909 "-" "Apache-HttpClient/4.5.14 (Java/17.0.9)" 1281 0.003 [knime-keycloak-8443] [] ***HIDDEN***:8443 2909 0.004 200 11fd94e6-e3cc-43ae-8725-7f7b4c3bbf8e
***HIDDEN*** - - [21/Nov/2023:15:05:37 +0000] "GET /auth/realms/knime/protocol/openid-connect/certs HTTP/1.1" 200 2909 "-" "Apache-HttpClient/4.5.14 (Java/17.0.9)" 1281 0.002 [knime-keycloak-8443] [] ***HIDDEN***:8443 2909 0.000 200 b0b24999-6d83-43d3-8fda-0039ab1a64b3
***HIDDEN*** - - [21/Nov/2023:15:05:42 +0000] "GET /auth/realms/knime/protocol/openid-connect/certs HTTP/1.1" 200 2909 "-" "Apache-HttpClient/4.5.14 (Java/17.0.9)" 1281 0.002 [knime-keycloak-8443] [] ***HIDDEN***:8443 2909 0.004 200 91d52125-cda2-43b9-88ff-6186ae2814e6
***HIDDEN*** - - [21/Nov/2023:15:05:47 +0000] "GET /auth/realms/knime/protocol/openid-connect/certs HTTP/1.1" 200 2909 "-" "Apache-HttpClient/4.5.14 (Java/17.0.9)" 1281 0.002 [knime-keycloak-8443] [] ***HIDDEN***:8443 2909 0.000 200 262064cd-652c-4e9c-9352-8095c6f94dac
***HIDDEN*** - - [21/Nov/2023:15:05:52 +0000] "GET /auth/realms/knime/protocol/openid-connect/certs HTTP/1.1" 200 2909 "-" "Apache-HttpClient/4.5.14 (Java/17.0.9)" 1281 0.002 [knime-keycloak-8443] [] ***HIDDEN***:8443 2909 0.000 200 a38d4dc4-1e54-456b-8f86-c3ce2db5d54e
***HIDDEN*** - - [21/Nov/2023:15:05:57 +0000] "GET /auth/realms/knime/protocol/openid-connect/certs HTTP/1.1" 200 2909 "-" "Apache-HttpClient/4.5.14 (Java/17.0.9)" 1281 0.002 [knime-keycloak-8443] [] ***HIDDEN***:8443 2909 0.004 200 8af2746b-4121-4ee7-9cfb-9faf5f8dc768
***HIDDEN*** - - [21/Nov/2023:15:06:02 +0000] "GET /auth/realms/knime/protocol/openid-connect/certs HTTP/1.1" 200 2909 "-" "Apache-HttpClient/4.5.14 (Java/17.0.9)" 1281 0.003 [knime-keycloak-8443] [] ***HIDDEN***:8443 2909 0.000 200 628734c9-57a3-4aa5-b6d8-218fdfd0c287
***HIDDEN*** - - [21/Nov/2023:15:06:07 +0000] "GET /auth/realms/knime/protocol/openid-connect/certs HTTP/1.1" 200 2909 "-" "Apache-HttpClient/4.5.14 (Java/17.0.9)" 1281 0.002 [knime-keycloak-8443] [] ***HIDDEN***:8443 2909 0.000 200 4c43d08d-f98a-4a3b-acb2-d21f15ad58fb
***HIDDEN*** - - [21/Nov/2023:15:06:12 +0000] "GET /auth/realms/knime/protocol/openid-connect/certs HTTP/1.1" 200 2909 "-" "Apache-HttpClient/4.5.14 (Java/17.0.9)" 1281 0.002 [knime-keycloak-8443] [] ***HIDDEN***:8443 2909 0.004 200 637b58a9-ed70-4418-a346-62832fbc8c17
***HIDDEN*** - - [21/Nov/2023:15:06:17 +0000] "GET /auth/realms/knime/protocol/openid-connect/certs HTTP/1.1" 200 2909 "-" "Apache-HttpClient/4.5.14 (Java/17.0.9)" 1281 0.003 [knime-keycloak-8443] [] ***HIDDEN***:8443 2909 0.004 200 0555fbbe-181d-4eb2-b7a5-c51fac06c2da
***HIDDEN*** - - [21/Nov/2023:15:06:22 +0000] "GET /auth/realms/knime/protocol/openid-connect/certs HTTP/1.1" 200 2909 "-" "Apache-HttpClient/4.5.14 (Java/17.0.9)" 1281 0.002 [knime-keycloak-8443] [] ***HIDDEN***:8443 2909 0.000 200 c9169ad6-caa5-4a78-8e94-44964a0b83a1
***HIDDEN*** - - [21/Nov/2023:15:06:27 +0000] "GET /auth/realms/knime/protocol/openid-connect/certs HTTP/1.1" 200 2909 "-" "Apache-HttpClient/4.5.14 (Java/17.0.9)" 1281 0.003 [knime-keycloak-8443] [] ***HIDDEN***:8443 2909 0.000 200 50ab00b7-f159-456f-8b38-6d2ee8ca1916
***HIDDEN*** - - [21/Nov/2023:15:06:32 +0000] "GET /auth/realms/knime/protocol/openid-connect/certs HTTP/1.1" 200 2909 "-" "Apache-HttpClient/4.5.14 (Java/17.0.9)" 1281 0.002 [knime-keycloak-8443] [] ***HIDDEN***:8443 2909 0.000 200 7b749394-9021-430a-b8fb-086f6cf9aad5
***HIDDEN*** - - [21/Nov/2023:15:06:37 +0000] "GET /auth/realms/knime/protocol/openid-connect/certs HTTP/1.1" 200 2909 "-" "Apache-HttpClient/4.5.14 (Java/17.0.9)" 1281 0.003 [knime-keycloak-8443] [] ***HIDDEN***:8443 2909 0.000 200 201f7007-de06-4bd4-8bea-d4e1e1aa9471
***HIDDEN*** - - [21/Nov/2023:15:06:42 +0000] "GET /auth/realms/knime/protocol/openid-connect/certs HTTP/1.1" 200 2909 "-" "Apache-HttpClient/4.5.14 (Java/17.0.9)" 1281 0.002 [knime-keycloak-8443] [] ***HIDDEN***:8443 2909 0.000 200 48127775-c098-4e70-ad7a-f9fe6b6b7fdd
***HIDDEN*** - - [21/Nov/2023:15:06:47 +0000] "GET /auth/realms/knime/protocol/openid-connect/certs HTTP/1.1" 200 2909 "-" "Apache-HttpClient/4.5.14 (Java/17.0.9)" 1281 0.002 [knime-keycloak-8443] [] ***HIDDEN***:8443 2909 0.000 200 47483052-9331-410b-8e68-7e683d737f44
***HIDDEN*** - - [21/Nov/2023:15:06:52 +0000] "GET /auth/realms/knime/protocol/openid-connect/certs HTTP/1.1" 200 2909 "-" "Apache-HttpClient/4.5.14 (Java/17.0.9)" 1281 0.003 [knime-keycloak-8443] [] ***HIDDEN***:8443 2909 0.004 200 3d03c416-6565-4f0b-a83e-733d184ea197
***HIDDEN*** - - [21/Nov/2023:15:06:57 +0000] "GET /auth/realms/knime/protocol/openid-connect/certs HTTP/1.1" 200 2909 "-" "Apache-HttpClient/4.5.14 (Java/17.0.9)" 1281 0.003 [knime-keycloak-8443] [] ***HIDDEN***:8443 2909 0.004 200 511cec90-ebd6-950e-ac8b-5432d4ffcf65
***HIDDEN*** - - [21/Nov/2023:15:07:02 +0000] "GET /auth/realms/knime/protocol/openid-connect/certs HTTP/1.1" 200 2909 "-" "Apache-HttpClient/4.5.14 (Java/17.0.9)" 1281 0.003 [knime-keycloak-8443] [] ***HIDDEN***:8443 2909 0.000 200 78288bbc-1653-4f6c-9000-9ef77c836d0f
***HIDDEN*** - - [21/Nov/2023:15:07:07 +0000] "GET /auth/realms/knime/protocol/openid-connect/certs HTTP/1.1" 200 2909 "-" "Apache-HttpClient/4.5.14 (Java/17.0.9)" 1281 0.002 [knime-keycloak-8443] [] ***HIDDEN***:8443 2909 0.000 200 31471c16-d15c-4b7e-a337-6c40b652fbf6
***HIDDEN*** - - [21/Nov/2023:15:07:12 +0000] "GET /auth/realms/knime/protocol/openid-connect/certs HTTP/1.1" 200 2909 "-" "Apache-HttpClient/4.5.14 (Java/17.0.9)" 1281 0.003 [knime-keycloak-8443] [] ***HIDDEN***:8443 2909 0.004 200 6573bde2-cf5e-481e-afe8-8afb3ba080cc
***HIDDEN*** - - [21/Nov/2023:15:07:17 +0000] "GET /auth/realms/knime/protocol/openid-connect/certs HTTP/1.1" 200 2909 "-" "Apache-HttpClient/4.5.14 (Java/17.0.9)" 1281 0.003 [knime-keycloak-8443] [] ***HIDDEN***:8443 2909 0.004 200 909e36a7-f66a-4166-848a-32fd37d378a4
***HIDDEN*** - - [21/Nov/2023:15:07:22 +0000] "GET /auth/realms/knime/protocol/openid-connect/certs HTTP/1.1" 200 2909 "-" "Apache-HttpClient/4.5.14 (Java/17.0.9)" 1281 0.003 [knime-keycloak-8443] [] ***HIDDEN***:8443 2909 0.004 200 284823e1-29e6-4512-b487-73356fe75265
***HIDDEN*** - - [21/Nov/2023:15:07:27 +0000] "GET /auth/realms/knime/protocol/openid-connect/certs HTTP/1.1" 200 2909 "-" "Apache-HttpClient/4.5.14 (Java/17.0.9)" 1281 0.003 [knime-keycloak-8443] [] ***HIDDEN***:8443 2909 0.004 200 8534d81a-2f3d-497e-86bb-714be48ceabe
***HIDDEN*** - - [21/Nov/2023:15:07:32 +0000] "GET /auth/realms/knime/protocol/openid-connect/certs HTTP/1.1" 200 2909 "-" "Apache-HttpClient/4.5.14 (Java/17.0.9)" 1281 0.003 [knime-keycloak-8443] [] ***HIDDEN***:8443 2909 0.004 200 580e9844-3d09-4414-bfa1-dbb4881ea966
***HIDDEN*** - - [21/Nov/2023:15:07:37 +0000] "GET /auth/realms/knime/protocol/openid-connect/certs HTTP/1.1" 200 2909 "-" "Apache-HttpClient/4.5.14 (Java/17.0.9)" 1281 0.002 [knime-keycloak-8443] [] ***HIDDEN***:8443 2909 0.000 200 07b1963c-eb71-4dc5-be12-0d5d520b22d6
***HIDDEN*** - - [21/Nov/2023:15:07:42 +0000] "GET /auth/realms/knime/protocol/openid-connect/certs HTTP/1.1" 200 2909 "-" "Apache-HttpClient/4.5.14 (Java/17.0.9)" 1281 0.003 [knime-keycloak-8443] [] ***HIDDEN***:8443 2909 0.000 200 329b50e3-d340-4ebf-b6c6-89edf534767d
***HIDDEN*** - - [21/Nov/2023:15:07:47 +0000] "GET /auth/realms/knime/protocol/openid-connect/certs HTTP/1.1" 200 2909 "-" "Apache-HttpClient/4.5.14 (Java/17.0.9)" 1281 0.002 [knime-keycloak-8443] [] ***HIDDEN***:8443 2909 0.004 200 41962bf5-ac93-44ca-ae19-3a606d9b8e83
***HIDDEN*** - - [21/Nov/2023:15:07:52 +0000] "GET /auth/realms/knime/protocol/openid-connect/certs HTTP/1.1" 200 2909 "-" "Apache-HttpClient/4.5.14 (Java/17.0.9)" 1281 0.002 [knime-keycloak-8443] [] ***HIDDEN***:8443 2909 0.000 200 503a813a-b2a1-4d44-a6d0-7fe9b847bf3b
***HIDDEN*** - - [21/Nov/2023:15:07:57 +0000] "GET /auth/realms/knime/protocol/openid-connect/certs HTTP/1.1" 200 2909 "-" "Apache-HttpClient/4.5.14 (Java/17.0.9)" 1281 0.002 [knime-keycloak-8443] [] ***HIDDEN***:8443 2909 0.004 200 1f9f5e3f-0ee9-4728-8345-db87e21fa9c9
***HIDDEN*** - - [21/Nov/2023:15:08:02 +0000] "GET /auth/realms/knime/protocol/openid-connect/certs HTTP/1.1" 200 2909 "-" "Apache-HttpClient/4.5.14 (Java/17.0.9)" 1281 0.002 [knime-keycloak-8443] [] ***HIDDEN***:8443 2909 0.004 200 d0449482-8b35-415e-8156-0b6c1077250e
***HIDDEN*** - - [21/Nov/2023:15:08:07 +0000] "GET /auth/realms/knime/protocol/openid-connect/certs HTTP/1.1" 200 2909 "-" "Apache-HttpClient/4.5.14 (Java/17.0.9)" 1281 0.003 [knime-keycloak-8443] [] ***HIDDEN***:8443 2909 0.004 200 acfba54b-1a54-4cb3-932a-66924b2e6284
***HIDDEN*** - - [21/Nov/2023:15:08:12 +0000] "GET /auth/realms/knime/protocol/openid-connect/certs HTTP/1.1" 200 2909 "-" "Apache-HttpClient/4.5.14 (Java/17.0.9)" 1281 0.003 [knime-keycloak-8443] [] ***HIDDEN***:8443 2909 0.000 200 62b389d0-19a9-4af8-b12e-1e5caf81df04
***HIDDEN*** - - [21/Nov/2023:15:08:17 +0000] "GET /auth/realms/knime/protocol/openid-connect/certs HTTP/1.1" 200 2909 "-" "Apache-HttpClient/4.5.14 (Java/17.0.9)" 1281 0.003 [knime-keycloak-8443] [] ***HIDDEN***:8443 2909 0.000 200 6aabd854-f250-4147-aac4-034fb47355bf
***HIDDEN*** - - [21/Nov/2023:15:08:22 +0000] "GET /auth/realms/knime/protocol/openid-connect/certs HTTP/1.1" 200 2909 "-" "Apache-HttpClient/4.5.14 (Java/17.0.9)" 1281 0.009 [knime-keycloak-8443] [] ***HIDDEN***:8443 2909 0.012 200 52136eeb-5648-49fe-b2da-a9c06f4f85d7
***HIDDEN*** - - [21/Nov/2023:15:08:27 +0000] "GET /auth/realms/knime/protocol/openid-connect/certs HTTP/1.1" 200 2909 "-" "Apache-HttpClient/4.5.14 (Java/17.0.9)" 1281 0.002 [knime-keycloak-8443] [] ***HIDDEN***:8443 2909 0.000 200 e1fdf751-629b-4d7f-85d6-92063c273271
***HIDDEN*** - - [21/Nov/2023:15:08:32 +0000] "GET /auth/realms/knime/protocol/openid-connect/certs HTTP/1.1" 200 2909 "-" "Apache-HttpClient/4.5.14 (Java/17.0.9)" 1281 0.002 [knime-keycloak-8443] [] ***HIDDEN***:8443 2909 0.004 200 7996970f-0817-4afb-aa8d-b6ee1ccdb5ce
***HIDDEN*** - - [21/Nov/2023:15:08:37 +0000] "GET /auth/realms/knime/protocol/openid-connect/certs HTTP/1.1" 200 2909 "-" "Apache-HttpClient/4.5.14 (Java/17.0.9)" 1281 0.003 [knime-keycloak-8443] [] ***HIDDEN***:8443 2909 0.000 200 fb1f2330-8153-42a3-bc12-ab6e9d245eb3
***HIDDEN*** - - [21/Nov/2023:15:08:42 +0000] "GET /auth/realms/knime/protocol/openid-connect/certs HTTP/1.1" 200 2909 "-" "Apache-HttpClient/4.5.14 (Java/17.0.9)" 1281 0.003 [knime-keycloak-8443] [] ***HIDDEN***:8443 2909 0.004 200 be676196-3323-48e2-9cdc-7a1d241bb028
***HIDDEN*** - - [21/Nov/2023:15:08:47 +0000] "GET /auth/realms/knime/protocol/openid-connect/certs HTTP/1.1" 200 2909 "-" "Apache-HttpClient/4.5.14 (Java/17.0.9)" 1281 0.003 [knime-keycloak-8443] [] ***HIDDEN***:8443 2909 0.000 200 063a1ea4-df71-4cc4-8fd9-f72101eafff0
***HIDDEN*** - - [21/Nov/2023:15:08:52 +0000] "GET /auth/realms/knime/protocol/openid-connect/certs HTTP/1.1" 200 2909 "-" "Apache-HttpClient/4.5.14 (Java/17.0.9)" 1281 0.002 [knime-keycloak-8443] [] ***HIDDEN***:8443 2909 0.004 200 21fa1344-48bd-4fe1-9d11-e93da6403f61
***HIDDEN*** - - [21/Nov/2023:15:08:57 +0000] "GET /auth/realms/knime/protocol/openid-connect/certs HTTP/1.1" 200 2909 "-" "Apache-HttpClient/4.5.14 (Java/17.0.9)" 1281 0.002 [knime-keycloak-8443] [] ***HIDDEN***:8443 2909 0.004 200 e8276f5f-d3f4-4ae4-94ca-941c8cd2fb3c
***HIDDEN*** - - [21/Nov/2023:15:09:02 +0000] "GET /auth/realms/knime/protocol/openid-connect/certs HTTP/1.1" 200 2909 "-" "Apache-HttpClient/4.5.14 (Java/17.0.9)" 1281 0.002 [knime-keycloak-8443] [] ***HIDDEN***:8443 2909 0.000 200 58ab9261-bf00-47f7-80f3-fea965de9670
***HIDDEN*** - - [21/Nov/2023:15:09:07 +0000] "GET /auth/realms/knime/protocol/openid-connect/certs HTTP/1.1" 200 2909 "-" "Apache-HttpClient/4.5.14 (Java/17.0.9)" 1281 0.002 [knime-keycloak-8443] [] ***HIDDEN***:8443 2909 0.004 200 5ea92432-94aa-4fbe-88db-ce67224a3579
***HIDDEN*** - - [21/Nov/2023:15:09:12 +0000] "GET /auth/realms/knime/protocol/openid-connect/certs HTTP/1.1" 200 2909 "-" "Apache-HttpClient/4.5.14 (Java/17.0.9)" 1281 0.003 [knime-keycloak-8443] [] ***HIDDEN***:8443 2909 0.004 200 e3ec66b5-e635-448d-9607-fd6399f956be
***HIDDEN*** - - [21/Nov/2023:15:09:17 +0000] "GET /auth/realms/knime/protocol/openid-connect/certs HTTP/1.1" 200 2909 "-" "Apache-HttpClient/4.5.14 (Java/17.0.9)" 1281 0.002 [knime-keycloak-8443] [] ***HIDDEN***:8443 2909 0.004 200 892a4e7c-127e-4210-844a-e119f36db4e2
***HIDDEN*** - - [21/Nov/2023:15:09:22 +0000] "GET /auth/realms/knime/protocol/openid-connect/certs HTTP/1.1" 200 2909 "-" "Apache-HttpClient/4.5.14 (Java/17.0.9)" 1281 0.002 [knime-keycloak-8443] [] ***HIDDEN***:8443 2909 0.000 200 8db19bde-dc47-4fc4-bc85-afe52f916370
***HIDDEN*** - - [21/Nov/2023:15:09:27 +0000] "GET /auth/realms/knime/protocol/openid-connect/certs HTTP/1.1" 200 2909 "-" "Apache-HttpClient/4.5.14 (Java/17.0.9)" 1281 0.003 [knime-keycloak-8443] [] ***HIDDEN***:8443 2909 0.004 200 aaaeb787-785a-4fc1-8a8f-1c06746dc1a6
***HIDDEN*** - - [21/Nov/2023:15:09:32 +0000] "GET /auth/realms/knime/protocol/openid-connect/certs HTTP/1.1" 200 2909 "-" "Apache-HttpClient/4.5.14 (Java/17.0.9)" 1281 0.002 [knime-keycloak-8443] [] ***HIDDEN***:8443 2909 0.004 200 3703d04b-636c-4bc3-a82f-7e06ca0aa9bb
***HIDDEN*** - - [21/Nov/2023:15:09:37 +0000] "GET /auth/realms/knime/protocol/openid-connect/certs HTTP/1.1" 200 2909 "-" "Apache-HttpClient/4.5.14 (Java/17.0.9)" 1281 0.002 [knime-keycloak-8443] [] ***HIDDEN***:8443 2909 0.000 200 1fc611e5-7800-48cf-b5cb-ab736a8ea190
***HIDDEN*** - - [21/Nov/2023:15:09:42 +0000] "GET /auth/realms/knime/protocol/openid-connect/certs HTTP/1.1" 200 2909 "-" "Apache-HttpClient/4.5.14 (Java/17.0.9)" 1281 0.003 [knime-keycloak-8443] [] ***HIDDEN***:8443 2909 0.004 200 7cbe17db-4fff-494a-bc8b-c00eec582804
***HIDDEN*** - - [21/Nov/2023:15:09:47 +0000] "GET /auth/realms/knime/protocol/openid-connect/certs HTTP/1.1" 200 2909 "-" "Apache-HttpClient/4.5.14 (Java/17.0.9)" 1281 0.002 [knime-keycloak-8443] [] ***HIDDEN***:8443 2909 0.004 200 26e8c8f2-b43b-9706-b732-0fe8685c6e8e
***HIDDEN*** - - [21/Nov/2023:15:09:52 +0000] "GET /auth/realms/knime/protocol/openid-connect/certs HTTP/1.1" 200 2909 "-" "Apache-HttpClient/4.5.14 (Java/17.0.9)" 1281 0.003 [knime-keycloak-8443] [] ***HIDDEN***:8443 2909 0.004 200 3a72d16f-f8a0-4453-9458-64d0ea522d60
***HIDDEN*** - - [21/Nov/2023:15:09:57 +0000] "GET /auth/realms/knime/protocol/openid-connect/certs HTTP/1.1" 200 2909 "-" "Apache-HttpClient/4.5.14 (Java/17.0.9)" 1281 0.003 [knime-keycloak-8443] [] ***HIDDEN***:8443 2909 0.000 200 11e95ad2-4e88-4f46-abe4-ddafcbd058e6
***HIDDEN*** - - [21/Nov/2023:15:10:02 +0000] "GET /auth/realms/knime/protocol/openid-connect/certs HTTP/1.1" 200 2909 "-" "Apache-HttpClient/4.5.14 (Java/17.0.9)" 1281 0.002 [knime-keycloak-8443] [] ***HIDDEN***:8443 2909 0.004 200 9dc3e084-c385-45d3-ac50-e998be53da0a
***HIDDEN*** - - [21/Nov/2023:15:10:07 +0000] "GET /auth/realms/knime/protocol/openid-connect/certs HTTP/1.1" 200 2909 "-" "Apache-HttpClient/4.5.14 (Java/17.0.9)" 1281 0.002 [knime-keycloak-8443] [] ***HIDDEN***:8443 2909 0.004 200 94eed7b3-85f9-44aa-84b6-9ac724898976
***HIDDEN*** - - [21/Nov/2023:15:10:12 +0000] "GET /auth/realms/knime/protocol/openid-connect/certs HTTP/1.1" 200 2909 "-" "Apache-HttpClient/4.5.14 (Java/17.0.9)" 1281 0.002 [knime-keycloak-8443] [] ***HIDDEN***:8443 2909 0.004 200 a3f2a0dc-11e9-4b48-893b-02c3947e0aa9
***HIDDEN*** - - [21/Nov/2023:15:10:17 +0000] "GET /auth/realms/knime/protocol/openid-connect/certs HTTP/1.1" 200 2909 "-" "Apache-HttpClient/4.5.14 (Java/17.0.9)" 1281 0.002 [knime-keycloak-8443] [] ***HIDDEN***:8443 2909 0.004 200 877f76cb-d23d-4e7c-9c3e-bf57d3ce1e80
***HIDDEN*** - - [21/Nov/2023:15:10:22 +0000] "GET /auth/realms/knime/protocol/openid-connect/certs HTTP/1.1" 200 2909 "-" "Apache-HttpClient/4.5.14 (Java/17.0.9)" 1281 0.003 [knime-keycloak-8443] [] ***HIDDEN***:8443 2909 0.000 200 e1f515bd-e4b0-40df-bfd7-a399a9f8f0dd
***HIDDEN*** - - [21/Nov/2023:15:10:27 +0000] "GET /auth/realms/knime/protocol/openid-connect/certs HTTP/1.1" 200 2909 "-" "Apache-HttpClient/4.5.14 (Java/17.0.9)" 1281 0.002 [knime-keycloak-8443] [] ***HIDDEN***:8443 2909 0.004 200 2bc2d4d0-427e-470e-978f-c70a834c8a38
***HIDDEN*** - - [21/Nov/2023:15:10:32 +0000] "GET /auth/realms/knime/protocol/openid-connect/certs HTTP/1.1" 200 2909 "-" "Apache-HttpClient/4.5.14 (Java/17.0.9)" 1281 0.002 [knime-keycloak-8443] [] ***HIDDEN***:8443 2909 0.000 200 bd9cca6f-c7b3-4233-84d5-8902a7edc17d
***HIDDEN*** - - [21/Nov/2023:15:10:37 +0000] "GET /auth/realms/knime/protocol/openid-connect/certs HTTP/1.1" 200 2909 "-" "Apache-HttpClient/4.5.14 (Java/17.0.9)" 1281 0.003 [knime-keycloak-8443] [] ***HIDDEN***:8443 2909 0.000 200 80ed62f0-6741-41d5-922f-3e60b1b1d527
***HIDDEN*** - - [21/Nov/2023:15:10:42 +0000] "GET /auth/realms/knime/protocol/openid-connect/certs HTTP/1.1" 200 2909 "-" "Apache-HttpClient/4.5.14 (Java/17.0.9)" 1281 0.003 [knime-keycloak-8443] [] ***HIDDEN***:8443 2909 0.004 200 16e5ee7f-4ce4-49d3-bc4e-605f4f363cda
***HIDDEN*** - - [21/Nov/2023:15:10:47 +0000] "GET /auth/realms/knime/protocol/openid-connect/certs HTTP/1.1" 200 2909 "-" "Apache-HttpClient/4.5.14 (Java/17.0.9)" 1281 0.002 [knime-keycloak-8443] [] ***HIDDEN***:8443 2909 0.000 200 377f8c8b-41b0-43dc-90dc-8d8f3b7824ca
***HIDDEN*** - - [21/Nov/2023:15:10:52 +0000] "GET /auth/realms/knime/protocol/openid-connect/certs HTTP/1.1" 200 2909 "-" "Apache-HttpClient/4.5.14 (Java/17.0.9)" 1281 0.002 [knime-keycloak-8443] [] ***HIDDEN***:8443 2909 0.004 200 e7b95efe-05b7-4577-a5ed-a1c113750102
***HIDDEN*** - - [21/Nov/2023:15:10:57 +0000] "GET /auth/realms/knime/protocol/openid-connect/certs HTTP/1.1" 200 2909 "-" "Apache-HttpClient/4.5.14 (Java/17.0.9)" 1281 0.003 [knime-keycloak-8443] [] ***HIDDEN***:8443 2909 0.004 200 f644367f-df9b-4cf5-9ae8-57d024fb0c2e
***HIDDEN*** - - [21/Nov/2023:15:11:02 +0000] "GET /auth/realms/knime/protocol/openid-connect/certs HTTP/1.1" 200 2909 "-" "Apache-HttpClient/4.5.14 (Java/17.0.9)" 1281 0.003 [knime-keycloak-8443] [] ***HIDDEN***:8443 2909 0.004 200 575efe6d-e5b7-40a9-9e22-68a9fd0fc49e
***HIDDEN*** - - [21/Nov/2023:15:11:07 +0000] "GET /auth/realms/knime/protocol/openid-connect/certs HTTP/1.1" 200 2909 "-" "Apache-HttpClient/4.5.14 (Java/17.0.9)" 1281 0.003 [knime-keycloak-8443] [] ***HIDDEN***:8443 2909 0.004 200 e4f84859-72d0-40d6-8e3e-718546f15951
***HIDDEN*** - - [21/Nov/2023:15:11:12 +0000] "GET /auth/realms/knime/protocol/openid-connect/certs HTTP/1.1" 200 2909 "-" "Apache-HttpClient/4.5.14 (Java/17.0.9)" 1281 0.003 [knime-keycloak-8443] [] ***HIDDEN***:8443 2909 0.004 200 cd266372-633a-419c-ada2-8d4bbfdf8000
***HIDDEN*** - - [21/Nov/2023:15:11:17 +0000] "GET /auth/realms/knime/protocol/openid-connect/certs HTTP/1.1" 200 2909 "-" "Apache-HttpClient/4.5.14 (Java/17.0.9)" 1281 0.002 [knime-keycloak-8443] [] ***HIDDEN***:8443 2909 0.004 200 a6306c2c-c9db-4e61-971a-92fc05b8e600
***HIDDEN*** - - [21/Nov/2023:15:11:22 +0000] "GET /auth/realms/knime/protocol/openid-connect/certs HTTP/1.1" 200 2909 "-" "Apache-HttpClient/4.5.14 (Java/17.0.9)" 1281 0.002 [knime-keycloak-8443] [] ***HIDDEN***:8443 2909 0.000 200 91f13a5e-fb58-479b-9ca0-b7e131a5cf24
***HIDDEN*** - search-sync-service [21/Nov/2023:15:11:27 +0000] "POST /auth/realms/knime/protocol/openid-connect/token HTTP/1.1" 200 1225 "-" "Vert.x-WebClient/4.4.4" 1504 0.022 [knime-keycloak-8443] [] ***HIDDEN***:8443 1225 0.024 200 dad7f5c6-5394-4037-80fd-c5958b53587e
***HIDDEN*** - - [21/Nov/2023:15:11:27 +0000] "GET /auth/realms/knime/protocol/openid-connect/certs HTTP/1.1" 200 2909 "-" "Apache-HttpClient/4.5.14 (Java/17.0.9)" 1281 0.002 [knime-keycloak-8443] [] ***HIDDEN***:8443 2909 0.004 200 17244cdf-5233-4451-a109-721dd321b30a
***HIDDEN*** - - [21/Nov/2023:15:11:32 +0000] "GET /auth/realms/knime/protocol/openid-connect/certs HTTP/1.1" 200 2909 "-" "Apache-HttpClient/4.5.14 (Java/17.0.9)" 1281 0.002 [knime-keycloak-8443] [] ***HIDDEN***:8443 2909 0.000 200 024d80af-2990-4c4e-885a-a1868ea4fd40
***HIDDEN*** - - [21/Nov/2023:15:11:37 +0000] "GET /auth/realms/knime/protocol/openid-connect/certs HTTP/1.1" 200 2909 "-" "Apache-HttpClient/4.5.14 (Java/17.0.9)" 1281 0.003 [knime-keycloak-8443] [] ***HIDDEN***:8443 2909 0.004 200 af5329a1-94df-4355-9521-f9cdf02482cc
***HIDDEN*** - - [21/Nov/2023:15:11:42 +0000] "GET /auth/realms/knime/protocol/openid-connect/certs HTTP/1.1" 200 2909 "-" "Apache-HttpClient/4.5.14 (Java/17.0.9)" 1281 0.002 [knime-keycloak-8443] [] ***HIDDEN***:8443 2909 0.000 200 3c27e70e-1bb7-4faa-aaa1-4c2662a342c6
***HIDDEN*** - - [21/Nov/2023:15:11:47 +0000] "GET /auth/realms/knime/protocol/openid-connect/certs HTTP/1.1" 200 2909 "-" "Apache-HttpClient/4.5.14 (Java/17.0.9)" 1281 0.003 [knime-keycloak-8443] [] ***HIDDEN***:8443 2909 0.000 200 45162c90-9806-4d68-a930-1a367cf20f25
***HIDDEN*** - - [21/Nov/2023:15:11:52 +0000] "GET /auth/realms/knime/protocol/openid-connect/certs HTTP/1.1" 200 2909 "-" "Apache-HttpClient/4.5.14 (Java/17.0.9)" 1281 0.003 [knime-keycloak-8443] [] ***HIDDEN***:8443 2909 0.000 200 3ba6c021-dc31-4614-bbfc-69fe142a530f
***HIDDEN*** - - [21/Nov/2023:15:11:57 +0000] "GET /auth/realms/knime/protocol/openid-connect/certs HTTP/1.1" 200 2909 "-" "Apache-HttpClient/4.5.14 (Java/17.0.9)" 1281 0.002 [knime-keycloak-8443] [] ***HIDDEN***:8443 2909 0.000 200 917484f1-35b8-4db7-9cf6-b40f9a51b0e9
***HIDDEN*** - - [21/Nov/2023:15:12:02 +0000] "GET /auth/realms/knime/protocol/openid-connect/certs HTTP/1.1" 200 2909 "-" "Apache-HttpClient/4.5.14 (Java/17.0.9)" 1281 0.003 [knime-keycloak-8443] [] ***HIDDEN***:8443 2909 0.004 200 90fac5fb-1a74-4f85-a7e0-0486b08639fd
***HIDDEN*** - - [21/Nov/2023:15:12:07 +0000] "GET /auth/realms/knime/protocol/openid-connect/certs HTTP/1.1" 200 2909 "-" "Apache-HttpClient/4.5.14 (Java/17.0.9)" 1281 0.002 [knime-keycloak-8443] [] ***HIDDEN***:8443 2909 0.004 200 3e2961ae-8623-4290-a478-35eabe1310e4
***HIDDEN*** - - [21/Nov/2023:15:12:12 +0000] "GET /auth/realms/knime/protocol/openid-connect/certs HTTP/1.1" 200 2909 "-" "Apache-HttpClient/4.5.14 (Java/17.0.9)" 1281 0.003 [knime-keycloak-8443] [] ***HIDDEN***:8443 2909 0.000 200 c74921f2-2fc2-4778-b676-e1f509600106
***HIDDEN*** - - [21/Nov/2023:15:12:17 +0000] "GET /auth/realms/knime/protocol/openid-connect/certs HTTP/1.1" 200 2909 "-" "Apache-HttpClient/4.5.14 (Java/17.0.9)" 1281 0.002 [knime-keycloak-8443] [] ***HIDDEN***:8443 2909 0.000 200 b987ec4a-be70-4511-8809-b29b315d2854
***HIDDEN*** - - [21/Nov/2023:15:12:22 +0000] "GET /auth/realms/knime/protocol/openid-connect/certs HTTP/1.1" 200 2909 "-" "Apache-HttpClient/4.5.14 (Java/17.0.9)" 1281 0.002 [knime-keycloak-8443] [] ***HIDDEN***:8443 2909 0.000 200 d8d6379f-2093-45be-ab92-7dc9a2f31ff5
***HIDDEN*** - - [21/Nov/2023:15:12:27 +0000] "GET /auth/realms/knime/protocol/openid-connect/certs HTTP/1.1" 200 2909 "-" "Apache-HttpClient/4.5.14 (Java/17.0.9)" 1281 0.003 [knime-keycloak-8443] [] ***HIDDEN***:8443 2909 0.004 200 cdf5a427-0da1-4072-804c-94c05fa17f91
***HIDDEN*** - - [21/Nov/2023:15:12:32 +0000] "GET /auth/realms/knime/protocol/openid-connect/certs HTTP/1.1" 200 2909 "-" "Apache-HttpClient/4.5.14 (Java/17.0.9)" 1281 0.003 [knime-keycloak-8443] [] ***HIDDEN***:8443 2909 0.000 200 26e0aa5a-2d1a-43b4-b04e-aee04f3f0fb0
***HIDDEN*** - - [21/Nov/2023:15:12:37 +0000] "GET /auth/realms/knime/protocol/openid-connect/certs HTTP/1.1" 200 2909 "-" "Apache-HttpClient/4.5.14 (Java/17.0.9)" 1281 0.002 [knime-keycloak-8443] [] ***HIDDEN***:8443 2909 0.004 200 413d68ea-7597-4e2a-a5a3-ec47d6e0e34b
***HIDDEN*** - - [21/Nov/2023:15:12:42 +0000] "GET /auth/realms/knime/protocol/openid-connect/certs HTTP/1.1" 200 2909 "-" "Apache-HttpClient/4.5.14 (Java/17.0.9)" 1281 0.003 [knime-keycloak-8443] [] ***HIDDEN***:8443 2909 0.000 200 25635148-8560-4737-9d88-ca5f1fc5b515
***HIDDEN*** - - [21/Nov/2023:15:12:47 +0000] "GET /auth/realms/knime/protocol/openid-connect/certs HTTP/1.1" 200 2909 "-" "Apache-HttpClient/4.5.14 (Java/17.0.9)" 1281 0.002 [knime-keycloak-8443] [] ***HIDDEN***:8443 2909 0.004 200 7da51771-4d47-4c25-9d74-47d3655a8996
***HIDDEN*** - - [21/Nov/2023:15:12:52 +0000] "GET /auth/realms/knime/protocol/openid-connect/certs HTTP/1.1" 200 2909 "-" "Apache-HttpClient/4.5.14 (Java/17.0.9)" 1281 0.003 [knime-keycloak-8443] [] ***HIDDEN***:8443 2909 0.000 200 687726e1-35c1-4a96-8b78-b977da9b0ed9
***HIDDEN*** - - [21/Nov/2023:15:12:57 +0000] "GET /auth/realms/knime/protocol/openid-connect/certs HTTP/1.1" 200 2909 "-" "Apache-HttpClient/4.5.14 (Java/17.0.9)" 1281 0.002 [knime-keycloak-8443] [] ***HIDDEN***:8443 2909 0.004 200 ce2666d5-a388-4817-acf6-f7efe2b090f1
***HIDDEN*** - - [21/Nov/2023:15:13:02 +0000] "GET /auth/realms/knime/protocol/openid-connect/certs HTTP/1.1" 200 2909 "-" "Apache-HttpClient/4.5.14 (Java/17.0.9)" 1281 0.002 [knime-keycloak-8443] [] ***HIDDEN***:8443 2909 0.000 200 ba21d16e-e9df-4b2f-aa34-688fb56b5f82
***HIDDEN*** - - [21/Nov/2023:15:13:07 +0000] "GET /auth/realms/knime/protocol/openid-connect/certs HTTP/1.1" 200 2909 "-" "Apache-HttpClient/4.5.14 (Java/17.0.9)" 1281 0.002 [knime-keycloak-8443] [] ***HIDDEN***:8443 2909 0.000 200 1490939c-04f1-4ff8-8eb3-055f96d66621
***HIDDEN*** - - [21/Nov/2023:15:13:12 +0000] "GET /auth/realms/knime/protocol/openid-connect/certs HTTP/1.1" 200 2909 "-" "Apache-HttpClient/4.5.14 (Java/17.0.9)" 1281 0.003 [knime-keycloak-8443] [] ***HIDDEN***:8443 2909 0.004 200 4f41c983-59d8-4f87-bbf9-5add285e9206
***HIDDEN*** - - [21/Nov/2023:15:13:17 +0000] "GET /auth/realms/knime/protocol/openid-connect/certs HTTP/1.1" 200 2909 "-" "Apache-HttpClient/4.5.14 (Java/17.0.9)" 1281 0.002 [knime-keycloak-8443] [] ***HIDDEN***:8443 2909 0.004 200 ddbbfaee-4d17-43d8-b96f-df381839f2df
***HIDDEN*** - - [21/Nov/2023:15:13:22 +0000] "GET /auth/realms/knime/protocol/openid-connect/certs HTTP/1.1" 200 2909 "-" "Apache-HttpClient/4.5.14 (Java/17.0.9)" 1281 0.002 [knime-keycloak-8443] [] ***HIDDEN***:8443 2909 0.004 200 6ec800be-c107-4673-8402-6aa964ef6aad
***HIDDEN*** - - [21/Nov/2023:15:13:27 +0000] "GET /auth/realms/knime/protocol/openid-connect/certs HTTP/1.1" 200 2909 "-" "Apache-HttpClient/4.5.14 (Java/17.0.9)" 1281 0.003 [knime-keycloak-8443] [] ***HIDDEN***:8443 2909 0.000 200 424ec7d7-e821-4f3f-9a0e-2544cff132e8
***HIDDEN*** - - [21/Nov/2023:15:13:32 +0000] "GET /auth/realms/knime/protocol/openid-connect/certs HTTP/1.1" 200 2909 "-" "Apache-HttpClient/4.5.14 (Java/17.0.9)" 1281 0.003 [knime-keycloak-8443] [] ***HIDDEN***:8443 2909 0.004 200 14968f53-02f7-48e7-8e09-fadd1730812e
***HIDDEN*** - - [21/Nov/2023:15:13:37 +0000] "GET /auth/realms/knime/protocol/openid-connect/certs HTTP/1.1" 200 2909 "-" "Apache-HttpClient/4.5.14 (Java/17.0.9)" 1281 0.003 [knime-keycloak-8443] [] ***HIDDEN***:8443 2909 0.000 200 7d4dc0ce-2a8a-4da9-ba8a-df65909633a5
***HIDDEN*** - - [21/Nov/2023:15:13:42 +0000] "GET /auth/realms/knime/protocol/openid-connect/certs HTTP/1.1" 200 2909 "-" "Apache-HttpClient/4.5.14 (Java/17.0.9)" 1281 0.002 [knime-keycloak-8443] [] ***HIDDEN***:8443 2909 0.000 200 b3f568df-2a1d-4b0a-abaa-c9809b6b905a
***HIDDEN*** - - [21/Nov/2023:15:13:47 +0000] "GET /auth/realms/knime/protocol/openid-connect/certs HTTP/1.1" 200 2909 "-" "Apache-HttpClient/4.5.14 (Java/17.0.9)" 1281 0.002 [knime-keycloak-8443] [] ***HIDDEN***:8443 2909 0.000 200 f46f4980-ee2a-40e1-b7d7-c735857baedb
***HIDDEN*** - - [21/Nov/2023:15:13:52 +0000] "GET /auth/realms/knime/protocol/openid-connect/certs HTTP/1.1" 200 2909 "-" "Apache-HttpClient/4.5.14 (Java/17.0.9)" 1281 0.003 [knime-keycloak-8443] [] ***HIDDEN***:8443 2909 0.000 200 4bf2a3e1-c3f4-4766-847d-446cd9131741
***HIDDEN*** - - [21/Nov/2023:15:13:57 +0000] "GET /auth/realms/knime/protocol/openid-connect/certs HTTP/1.1" 200 2909 "-" "Apache-HttpClient/4.5.14 (Java/17.0.9)" 1281 0.002 [knime-keycloak-8443] [] ***HIDDEN***:8443 2909 0.000 200 77a60950-079f-9f7c-b82f-f51fb61d1ac8
***HIDDEN*** - - [21/Nov/2023:15:14:02 +0000] "GET /auth/realms/knime/protocol/openid-connect/certs HTTP/1.1" 200 2909 "-" "Apache-HttpClient/4.5.14 (Java/17.0.9)" 1281 0.003 [knime-keycloak-8443] [] ***HIDDEN***:8443 2909 0.000 200 bfd417b2-f470-4b80-ab13-7e8a52ff0367
***HIDDEN*** - - [21/Nov/2023:15:14:07 +0000] "GET /auth/realms/knime/protocol/openid-connect/certs HTTP/1.1" 200 2909 "-" "Apache-HttpClient/4.5.14 (Java/17.0.9)" 1281 0.003 [knime-keycloak-8443] [] ***HIDDEN***:8443 2909 0.004 200 6a5aaa6f-abd2-4ec8-a9ae-c55f4b79183b
***HIDDEN*** - - [21/Nov/2023:15:14:12 +0000] "GET /auth/realms/knime/protocol/openid-connect/certs HTTP/1.1" 200 2909 "-" "Apache-HttpClient/4.5.14 (Java/17.0.9)" 1281 0.002 [knime-keycloak-8443] [] ***HIDDEN***:8443 2909 0.004 200 d56c446d-192b-4fbf-b7b2-d63c5262843f
***HIDDEN*** - - [21/Nov/2023:15:14:17 +0000] "GET /auth/realms/knime/protocol/openid-connect/certs HTTP/1.1" 200 2909 "-" "Apache-HttpClient/4.5.14 (Java/17.0.9)" 1281 0.006 [knime-keycloak-8443] [] ***HIDDEN***:8443 2909 0.004 200 75fc77bd-ebd9-4131-80c6-069047c6e95c
***HIDDEN*** - - [21/Nov/2023:15:14:22 +0000] "GET /auth/realms/knime/protocol/openid-connect/certs HTTP/1.1" 200 2909 "-" "Apache-HttpClient/4.5.14 (Java/17.0.9)" 1281 0.002 [knime-keycloak-8443] [] ***HIDDEN***:8443 2909 0.004 200 870287d8-21c5-952e-85b7-d740bb8b237c
***HIDDEN*** - - [21/Nov/2023:15:14:27 +0000] "GET /auth/realms/knime/protocol/openid-connect/certs HTTP/1.1" 200 2909 "-" "Apache-HttpClient/4.5.14 (Java/17.0.9)" 1281 0.002 [knime-keycloak-8443] [] ***HIDDEN***:8443 2909 0.004 200 d33777bf-f17c-4505-be3d-5fd468d9f260
***HIDDEN*** - - [21/Nov/2023:15:14:32 +0000] "GET /auth/realms/knime/protocol/openid-connect/certs HTTP/1.1" 200 2909 "-" "Apache-HttpClient/4.5.14 (Java/17.0.9)" 1281 0.002 [knime-keycloak-8443] [] ***HIDDEN***:8443 2909 0.004 200 326a6dff-0f7d-4976-a720-c0068abec7c5
***HIDDEN*** - - [21/Nov/2023:15:14:37 +0000] "GET /auth/realms/knime/protocol/openid-connect/certs HTTP/1.1" 200 2909 "-" "Apache-HttpClient/4.5.14 (Java/17.0.9)" 1281 0.003 [knime-keycloak-8443] [] ***HIDDEN***:8443 2909 0.000 200 ff9bc3a5-62ff-4634-92eb-923deff4aac8
***HIDDEN*** - - [21/Nov/2023:15:14:42 +0000] "GET /auth/realms/knime/protocol/openid-connect/certs HTTP/1.1" 200 2909 "-" "Apache-HttpClient/4.5.14 (Java/17.0.9)" 1281 0.002 [knime-keycloak-8443] [] ***HIDDEN***:8443 2909 0.000 200 b1b7c0a8-191b-4b57-bbe6-0675c96ccba3
***HIDDEN*** - - [21/Nov/2023:15:14:47 +0000] "GET /auth/realms/knime/protocol/openid-connect/certs HTTP/1.1" 200 2909 "-" "Apache-HttpClient/4.5.14 (Java/17.0.9)" 1281 0.002 [knime-keycloak-8443] [] ***HIDDEN***:8443 2909 0.000 200 99c48ee9-e17e-4b1f-be39-6e15c2dc6d56
***HIDDEN*** - - [21/Nov/2023:15:14:52 +0000] "GET /auth/realms/knime/protocol/openid-connect/certs HTTP/1.1" 200 2909 "-" "Apache-HttpClient/4.5.14 (Java/17.0.9)" 1281 0.003 [knime-keycloak-8443] [] ***HIDDEN***:8443 2909 0.004 200 fc3858fe-70cc-4866-87c4-d0858732b93b
***HIDDEN*** - - [21/Nov/2023:15:14:57 +0000] "GET /auth/realms/knime/protocol/openid-connect/certs HTTP/1.1" 200 2909 "-" "Apache-HttpClient/4.5.14 (Java/17.0.9)" 1281 0.003 [knime-keycloak-8443] [] ***HIDDEN***:8443 2909 0.000 200 12789f28-1bd1-4bb9-8a7e-5d0536752ff1
***HIDDEN*** - - [21/Nov/2023:15:15:02 +0000] "GET /auth/realms/knime/protocol/openid-connect/certs HTTP/1.1" 200 2909 "-" "Apache-HttpClient/4.5.14 (Java/17.0.9)" 1281 0.003 [knime-keycloak-8443] [] ***HIDDEN***:8443 2909 0.004 200 faff8fb3-1d15-471a-bb1f-b6ebed4d000d
***HIDDEN*** - - [21/Nov/2023:15:15:07 +0000] "GET /auth/realms/knime/protocol/openid-connect/certs HTTP/1.1" 200 2909 "-" "Apache-HttpClient/4.5.14 (Java/17.0.9)" 1281 0.002 [knime-keycloak-8443] [] ***HIDDEN***:8443 2909 0.004 200 1dcedee7-4eec-471a-b05d-7169575f9681
***HIDDEN*** - - [21/Nov/2023:15:15:12 +0000] "GET /auth/realms/knime/protocol/openid-connect/certs HTTP/1.1" 200 2909 "-" "Apache-HttpClient/4.5.14 (Java/17.0.9)" 1281 0.003 [knime-keycloak-8443] [] ***HIDDEN***:8443 2909 0.000 200 a50721a8-71db-4dd6-9e52-4782ebbc91e1
***HIDDEN*** - - [21/Nov/2023:15:15:17 +0000] "GET /auth/realms/knime/protocol/openid-connect/certs HTTP/1.1" 200 2909 "-" "Apache-HttpClient/4.5.14 (Java/17.0.9)" 1281 0.002 [knime-keycloak-8443] [] ***HIDDEN***:8443 2909 0.000 200 88c5ea71-8826-4c73-8a59-130da5a06b9c
***HIDDEN*** - - [21/Nov/2023:15:15:22 +0000] "GET /auth/realms/knime/protocol/openid-connect/certs HTTP/1.1" 200 2909 "-" "Apache-HttpClient/4.5.14 (Java/17.0.9)" 1281 0.002 [knime-keycloak-8443] [] ***HIDDEN***:8443 2909 0.004 200 30628b20-5ea9-4b8a-9f98-583ecda4f30d
***HIDDEN*** - - [21/Nov/2023:15:15:27 +0000] "GET /auth/realms/knime/protocol/openid-connect/certs HTTP/1.1" 200 2909 "-" "Apache-HttpClient/4.5.14 (Java/17.0.9)" 1281 0.002 [knime-keycloak-8443] [] ***HIDDEN***:8443 2909 0.004 200 373dd5dd-b851-4035-b060-c4ebe71fb960
***HIDDEN*** - - [21/Nov/2023:15:15:32 +0000] "GET /auth/realms/knime/protocol/openid-connect/certs HTTP/1.1" 200 2909 "-" "Apache-HttpClient/4.5.14 (Java/17.0.9)" 1281 0.002 [knime-keycloak-8443] [] ***HIDDEN***:8443 2909 0.004 200 11253ed5-95d7-4ffb-b3d2-7cd50809136c
***HIDDEN*** - - [21/Nov/2023:15:15:37 +0000] "GET /auth/realms/knime/protocol/openid-connect/certs HTTP/1.1" 200 2909 "-" "Apache-HttpClient/4.5.14 (Java/17.0.9)" 1281 0.003 [knime-keycloak-8443] [] ***HIDDEN***:8443 2909 0.004 200 68e72dd9-2cb9-45a3-9a12-4c2407e20fee
***HIDDEN*** - - [21/Nov/2023:15:15:42 +0000] "GET /auth/realms/knime/protocol/openid-connect/certs HTTP/1.1" 200 2909 "-" "Apache-HttpClient/4.5.14 (Java/17.0.9)" 1281 0.003 [knime-keycloak-8443] [] ***HIDDEN***:8443 2909 0.004 200 93e0e681-0988-4c61-aa64-8cddbbcdf162
***HIDDEN*** - - [21/Nov/2023:15:15:47 +0000] "GET /auth/realms/knime/protocol/openid-connect/certs HTTP/1.1" 200 2909 "-" "Apache-HttpClient/4.5.14 (Java/17.0.9)" 1281 0.003 [knime-keycloak-8443] [] ***HIDDEN***:8443 2909 0.000 200 50e42db3-72dd-4b1a-b045-ab18349afcee
***HIDDEN*** - - [21/Nov/2023:15:15:52 +0000] "GET /auth/realms/knime/protocol/openid-connect/certs HTTP/1.1" 200 2909 "-" "Apache-HttpClient/4.5.14 (Java/17.0.9)" 1281 0.003 [knime-keycloak-8443] [] ***HIDDEN***:8443 2909 0.004 200 0940e581-8127-4971-b5c9-54e80049c5d3
***HIDDEN*** - - [21/Nov/2023:15:15:57 +0000] "GET /auth/realms/knime/protocol/openid-connect/certs HTTP/1.1" 200 2909 "-" "Apache-HttpClient/4.5.14 (Java/17.0.9)" 1281 0.002 [knime-keycloak-8443] [] ***HIDDEN***:8443 2909 0.000 200 6032ab84-808f-43f6-8fb5-1fccf497e9af
***HIDDEN*** - - [21/Nov/2023:15:16:02 +0000] "GET /auth/realms/knime/protocol/openid-connect/certs HTTP/1.1" 200 2909 "-" "Apache-HttpClient/4.5.14 (Java/17.0.9)" 1281 0.002 [knime-keycloak-8443] [] ***HIDDEN***:8443 2909 0.000 200 91e30c9b-2c1c-4a6f-b1b4-d1afe170d45c
***HIDDEN*** - - [21/Nov/2023:15:16:07 +0000] "GET /auth/realms/knime/protocol/openid-connect/certs HTTP/1.1" 200 2909 "-" "Apache-HttpClient/4.5.14 (Java/17.0.9)" 1281 0.002 [knime-keycloak-8443] [] ***HIDDEN***:8443 2909 0.004 200 0cb2e38b-52a7-4b23-b53d-40632b6338af
***HIDDEN*** - - [21/Nov/2023:15:16:12 +0000] "GET /auth/realms/knime/protocol/openid-connect/certs HTTP/1.1" 200 2909 "-" "Apache-HttpClient/4.5.14 (Java/17.0.9)" 1281 0.002 [knime-keycloak-8443] [] ***HIDDEN***:8443 2909 0.004 200 10a3af5b-57a5-4778-8c8d-e36e26da92c8
***HIDDEN*** - - [21/Nov/2023:15:16:17 +0000] "GET /auth/realms/knime/protocol/openid-connect/certs HTTP/1.1" 200 2909 "-" "Apache-HttpClient/4.5.14 (Java/17.0.9)" 1281 0.002 [knime-keycloak-8443] [] ***HIDDEN***:8443 2909 0.000 200 bd0f7809-e541-420a-b6be-72a2e2583c4e
***HIDDEN*** - - [21/Nov/2023:15:16:22 +0000] "GET /auth/realms/knime/protocol/openid-connect/certs HTTP/1.1" 200 2909 "-" "Apache-HttpClient/4.5.14 (Java/17.0.9)" 1281 0.003 [knime-keycloak-8443] [] ***HIDDEN***:8443 2909 0.000 200 fecfe8eb-39d3-4bea-a5ed-837db085f76b
***HIDDEN*** - - [21/Nov/2023:15:16:27 +0000] "GET /auth/realms/knime/protocol/openid-connect/certs HTTP/1.1" 200 2909 "-" "Apache-HttpClient/4.5.14 (Java/17.0.9)" 1281 0.003 [knime-keycloak-8443] [] ***HIDDEN***:8443 2909 0.004 200 0e4791b0-1ef4-4abd-99a4-f82488f786ac
***HIDDEN*** - - [21/Nov/2023:15:16:32 +0000] "GET /auth/realms/knime/protocol/openid-connect/certs HTTP/1.1" 200 2909 "-" "Apache-HttpClient/4.5.14 (Java/17.0.9)" 1281 0.003 [knime-keycloak-8443] [] ***HIDDEN***:8443 2909 0.004 200 befa72cd-3bad-4816-97ae-5be230a24574
***HIDDEN*** - - [21/Nov/2023:15:16:37 +0000] "GET /auth/realms/knime/protocol/openid-connect/certs HTTP/1.1" 200 2909 "-" "Apache-HttpClient/4.5.14 (Java/17.0.9)" 1281 0.002 [knime-keycloak-8443] [] ***HIDDEN***:8443 2909 0.000 200 ee5e5aa5-a234-4c1b-ae6d-05c86afcd6aa
***HIDDEN*** - - [21/Nov/2023:15:16:42 +0000] "GET /auth/realms/knime/protocol/openid-connect/certs HTTP/1.1" 200 2909 "-" "Apache-HttpClient/4.5.14 (Java/17.0.9)" 1281 0.002 [knime-keycloak-8443] [] ***HIDDEN***:8443 2909 0.004 200 af88e4be-e6ca-45af-93e9-a0a95e9d8364
***HIDDEN*** - - [21/Nov/2023:15:16:47 +0000] "GET /auth/realms/knime/protocol/openid-connect/certs HTTP/1.1" 200 2909 "-" "Apache-HttpClient/4.5.14 (Java/17.0.9)" 1281 0.003 [knime-keycloak-8443] [] ***HIDDEN***:8443 2909 0.000 200 586d977e-e67b-44d1-a1ed-85965efbd83f
***HIDDEN*** - - [21/Nov/2023:15:16:52 +0000] "GET /auth/realms/knime/protocol/openid-connect/certs HTTP/1.1" 200 2909 "-" "Apache-HttpClient/4.5.14 (Java/17.0.9)" 1281 0.003 [knime-keycloak-8443] [] ***HIDDEN***:8443 2909 0.000 200 3dac61b5-3db3-4a9c-ab2c-1c9b107040a3
***HIDDEN*** - - [21/Nov/2023:15:16:57 +0000] "GET /auth/realms/knime/protocol/openid-connect/certs HTTP/1.1" 200 2909 "-" "Apache-HttpClient/4.5.14 (Java/17.0.9)" 1281 0.002 [knime-keycloak-8443] [] ***HIDDEN***:8443 2909 0.004 200 a369ce11-44fa-4b23-98f7-b9068c7d3f64
***HIDDEN*** - - [21/Nov/2023:15:17:02 +0000] "GET /auth/realms/knime/protocol/openid-connect/certs HTTP/1.1" 200 2909 "-" "Apache-HttpClient/4.5.14 (Java/17.0.9)" 1281 0.003 [knime-keycloak-8443] [] ***HIDDEN***:8443 2909 0.004 200 b8cf18f0-4cf4-95d5-a19c-9f272fbac9f2
***HIDDEN*** - - [21/Nov/2023:15:17:07 +0000] "GET /auth/realms/knime/protocol/openid-connect/certs HTTP/1.1" 200 2909 "-" "Apache-HttpClient/4.5.14 (Java/17.0.9)" 1281 0.002 [knime-keycloak-8443] [] ***HIDDEN***:8443 2909 0.004 200 376927f7-9a4e-44d5-8730-c39aa340af47
***HIDDEN*** - - [21/Nov/2023:15:17:12 +0000] "GET /auth/realms/knime/protocol/openid-connect/certs HTTP/1.1" 200 2909 "-" "Apache-HttpClient/4.5.14 (Java/17.0.9)" 1281 0.002 [knime-keycloak-8443] [] ***HIDDEN***:8443 2909 0.000 200 ec9405fd-6bd8-40dd-a07f-7ddbf4f742c7
***HIDDEN*** - - [21/Nov/2023:15:17:17 +0000] "GET /auth/realms/knime/protocol/openid-connect/certs HTTP/1.1" 200 2909 "-" "Apache-HttpClient/4.5.14 (Java/17.0.9)" 1281 0.002 [knime-keycloak-8443] [] ***HIDDEN***:8443 2909 0.004 200 b3f2abd5-71aa-41ec-a82a-0764c17536d1
***HIDDEN*** - - [21/Nov/2023:15:17:22 +0000] "GET /auth/realms/knime/protocol/openid-connect/certs HTTP/1.1" 200 2909 "-" "Apache-HttpClient/4.5.14 (Java/17.0.9)" 1281 0.002 [knime-keycloak-8443] [] ***HIDDEN***:8443 2909 0.004 200 61b824d7-4e56-451b-8a5b-bf16cd6a5070
***HIDDEN*** - - [21/Nov/2023:15:17:27 +0000] "GET /auth/realms/knime/protocol/openid-connect/certs HTTP/1.1" 200 2909 "-" "Apache-HttpClient/4.5.14 (Java/17.0.9)" 1281 0.002 [knime-keycloak-8443] [] ***HIDDEN***:8443 2909 0.000 200 e8dff28c-0a20-40ec-a731-a13c03117632
***HIDDEN*** - - [21/Nov/2023:15:17:32 +0000] "GET /auth/realms/knime/protocol/openid-connect/certs HTTP/1.1" 200 2909 "-" "Apache-HttpClient/4.5.14 (Java/17.0.9)" 1281 0.003 [knime-keycloak-8443] [] ***HIDDEN***:8443 2909 0.000 200 f5ca95df-1749-42b7-82b5-2d6425a0d379
***HIDDEN*** - - [21/Nov/2023:15:17:37 +0000] "GET /auth/realms/knime/protocol/openid-connect/certs HTTP/1.1" 200 2909 "-" "Apache-HttpClient/4.5.14 (Java/17.0.9)" 1281 0.003 [knime-keycloak-8443] [] ***HIDDEN***:8443 2909 0.004 200 50ca4bb5-fa57-4c0f-a7bb-55edd719328a
***HIDDEN*** - - [21/Nov/2023:15:17:42 +0000] "GET /auth/realms/knime/protocol/openid-connect/certs HTTP/1.1" 200 2909 "-" "Apache-HttpClient/4.5.14 (Java/17.0.9)" 1281 0.002 [knime-keycloak-8443] [] ***HIDDEN***:8443 2909 0.004 200 4c19d6c6-c3ce-473d-89a2-b03db478d103
***HIDDEN*** - - [21/Nov/2023:15:17:47 +0000] "GET /auth/realms/knime/protocol/openid-connect/certs HTTP/1.1" 200 2909 "-" "Apache-HttpClient/4.5.14 (Java/17.0.9)" 1281 0.002 [knime-keycloak-8443] [] ***HIDDEN***:8443 2909 0.000 200 54299d26-6b4a-4096-9c9a-366c0fff7cdc
***HIDDEN*** - - [21/Nov/2023:15:17:52 +0000] "GET /auth/realms/knime/protocol/openid-connect/certs HTTP/1.1" 200 2909 "-" "Apache-HttpClient/4.5.14 (Java/17.0.9)" 1281 0.003 [knime-keycloak-8443] [] ***HIDDEN***:8443 2909 0.000 200 050bcd0d-038a-4711-b5cc-a8b581e70565
***HIDDEN*** - - [21/Nov/2023:15:17:57 +0000] "GET /auth/realms/knime/protocol/openid-connect/certs HTTP/1.1" 200 2909 "-" "Apache-HttpClient/4.5.14 (Java/17.0.9)" 1281 0.002 [knime-keycloak-8443] [] ***HIDDEN***:8443 2909 0.000 200 3e3704a9-401d-42cc-90a1-8d096a764b03
***HIDDEN*** - - [21/Nov/2023:15:18:02 +0000] "GET /auth/realms/knime/protocol/openid-connect/certs HTTP/1.1" 200 2909 "-" "Apache-HttpClient/4.5.14 (Java/17.0.9)" 1281 0.002 [knime-keycloak-8443] [] ***HIDDEN***:8443 2909 0.000 200 1dd9d32c-4608-4e6b-9947-362cd282abd4
***HIDDEN*** - - [21/Nov/2023:15:18:07 +0000] "GET /auth/realms/knime/protocol/openid-connect/certs HTTP/1.1" 200 2909 "-" "Apache-HttpClient/4.5.14 (Java/17.0.9)" 1281 0.002 [knime-keycloak-8443] [] ***HIDDEN***:8443 2909 0.000 200 7d7e7a1b-a07e-47c5-82a0-ee2f20d942ec
***HIDDEN*** - - [21/Nov/2023:15:18:12 +0000] "GET /auth/realms/knime/protocol/openid-connect/certs HTTP/1.1" 200 2909 "-" "Apache-HttpClient/4.5.14 (Java/17.0.9)" 1281 0.002 [knime-keycloak-8443] [] ***HIDDEN***:8443 2909 0.004 200 8592c44a-23af-433b-9f24-7790edb4ac05
***HIDDEN*** - - [21/Nov/2023:15:18:17 +0000] "GET /auth/realms/knime/protocol/openid-connect/certs HTTP/1.1" 200 2909 "-" "Apache-HttpClient/4.5.14 (Java/17.0.9)" 1281 0.003 [knime-keycloak-8443] [] ***HIDDEN***:8443 2909 0.004 200 08807da1-a28a-436b-8786-3e9b2895ad4d
***HIDDEN*** - - [21/Nov/2023:15:18:22 +0000] "GET /auth/realms/knime/protocol/openid-connect/certs HTTP/1.1" 200 2909 "-" "Apache-HttpClient/4.5.14 (Java/17.0.9)" 1281 0.002 [knime-keycloak-8443] [] ***HIDDEN***:8443 2909 0.000 200 55b0dad6-a629-495e-8e9d-46ba74cd4e42
***HIDDEN*** - - [21/Nov/2023:15:18:27 +0000] "GET /auth/realms/knime/protocol/openid-connect/certs HTTP/1.1" 200 2909 "-" "Apache-HttpClient/4.5.14 (Java/17.0.9)" 1281 0.002 [knime-keycloak-8443] [] ***HIDDEN***:8443 2909 0.004 200 a34b41bc-777b-4537-b743-f017a4a25aa7
***HIDDEN*** - - [21/Nov/2023:15:18:32 +0000] "GET /auth/realms/knime/protocol/openid-connect/certs HTTP/1.1" 200 2909 "-" "Apache-HttpClient/4.5.14 (Java/17.0.9)" 1281 0.002 [knime-keycloak-8443] [] ***HIDDEN***:8443 2909 0.004 200 fd3c7ffa-27c7-4ece-a194-ab64b0d11923
***HIDDEN*** - - [21/Nov/2023:15:18:37 +0000] "GET /auth/realms/knime/protocol/openid-connect/certs HTTP/1.1" 200 2909 "-" "Apache-HttpClient/4.5.14 (Java/17.0.9)" 1281 0.003 [knime-keycloak-8443] [] ***HIDDEN***:8443 2909 0.000 200 a666c006-6466-4ca4-900d-b62f11624836
***HIDDEN*** - - [21/Nov/2023:15:18:42 +0000] "GET /auth/realms/knime/protocol/openid-connect/certs HTTP/1.1" 200 2909 "-" "Apache-HttpClient/4.5.14 (Java/17.0.9)" 1281 0.002 [knime-keycloak-8443] [] ***HIDDEN***:8443 2909 0.004 200 15ba68fd-6859-4bd1-bd50-e76208130e5b
***HIDDEN*** - - [21/Nov/2023:15:18:47 +0000] "GET /auth/realms/knime/protocol/openid-connect/certs HTTP/1.1" 200 2909 "-" "Apache-HttpClient/4.5.14 (Java/17.0.9)" 1281 0.003 [knime-keycloak-8443] [] ***HIDDEN***:8443 2909 0.000 200 cf0626fc-21aa-41d6-91f7-3b7d03b95a24
***HIDDEN*** - - [21/Nov/2023:15:18:52 +0000] "GET /auth/realms/knime/protocol/openid-connect/certs HTTP/1.1" 200 2909 "-" "Apache-HttpClient/4.5.14 (Java/17.0.9)" 1281 0.002 [knime-keycloak-8443] [] ***HIDDEN***:8443 2909 0.000 200 2a89a000-3871-4a84-97e0-45f6e78fc14e
***HIDDEN*** - - [21/Nov/2023:15:18:57 +0000] "GET /auth/realms/knime/protocol/openid-connect/certs HTTP/1.1" 200 2909 "-" "Apache-HttpClient/4.5.14 (Java/17.0.9)" 1281 0.003 [knime-keycloak-8443] [] ***HIDDEN***:8443 2909 0.000 200 cb6292e4-42c6-4821-9a62-d48f3be96cca
***HIDDEN*** - - [21/Nov/2023:15:19:02 +0000] "GET /auth/realms/knime/protocol/openid-connect/certs HTTP/1.1" 200 2909 "-" "Apache-HttpClient/4.5.14 (Java/17.0.9)" 1281 0.003 [knime-keycloak-8443] [] ***HIDDEN***:8443 2909 0.004 200 e0f72f2f-29f3-4da4-b27a-0bbd80ecdca8
***HIDDEN*** - - [21/Nov/2023:15:19:07 +0000] "GET /auth/realms/knime/protocol/openid-connect/certs HTTP/1.1" 200 2909 "-" "Apache-HttpClient/4.5.14 (Java/17.0.9)" 1281 0.002 [knime-keycloak-8443] [] ***HIDDEN***:8443 2909 0.004 200 a9008876-dec4-4d2a-86be-9e2802381b13
***HIDDEN*** - - [21/Nov/2023:15:19:12 +0000] "GET /auth/realms/knime/protocol/openid-connect/certs HTTP/1.1" 200 2909 "-" "Apache-HttpClient/4.5.14 (Java/17.0.9)" 1281 0.003 [knime-keycloak-8443] [] ***HIDDEN***:8443 2909 0.004 200 a839788b-a922-4887-9b62-8ee84fb1153a
***HIDDEN*** - - [21/Nov/2023:15:19:17 +0000] "GET /auth/realms/knime/protocol/openid-connect/certs HTTP/1.1" 200 2909 "-" "Apache-HttpClient/4.5.14 (Java/17.0.9)" 1281 0.002 [knime-keycloak-8443] [] ***HIDDEN***:8443 2909 0.004 200 fe2a9c5b-5684-435f-9b2e-4d9bda8b51dd
***HIDDEN*** - - [21/Nov/2023:15:19:22 +0000] "GET /auth/realms/knime/protocol/openid-connect/certs HTTP/1.1" 200 2909 "-" "Apache-HttpClient/4.5.14 (Java/17.0.9)" 1281 0.002 [knime-keycloak-8443] [] ***HIDDEN***:8443 2909 0.004 200 a19f2bf3-ae17-4145-9495-ed339577da66
***HIDDEN*** - - [21/Nov/2023:15:19:27 +0000] "GET /auth/realms/knime/protocol/openid-connect/certs HTTP/1.1" 200 2909 "-" "Apache-HttpClient/4.5.14 (Java/17.0.9)" 1281 0.003 [knime-keycloak-8443] [] ***HIDDEN***:8443 2909 0.004 200 c4dc01b2-efc2-4ed7-b475-4902cf2242ea
***HIDDEN*** - - [21/Nov/2023:15:19:32 +0000] "GET /auth/realms/knime/protocol/openid-connect/certs HTTP/1.1" 200 2909 "-" "Apache-HttpClient/4.5.14 (Java/17.0.9)" 1281 0.002 [knime-keycloak-8443] [] ***HIDDEN***:8443 2909 0.000 200 d5ed1d91-de72-40aa-b519-5bb14b536706
***HIDDEN*** - - [21/Nov/2023:15:19:37 +0000] "GET /auth/realms/knime/protocol/openid-connect/certs HTTP/1.1" 200 2909 "-" "Apache-HttpClient/4.5.14 (Java/17.0.9)" 1281 0.003 [knime-keycloak-8443] [] ***HIDDEN***:8443 2909 0.004 200 c50ca571-3c5f-489b-8b7d-d857ae55b71f
***HIDDEN*** - - [21/Nov/2023:15:19:42 +0000] "GET /auth/realms/knime/protocol/openid-connect/certs HTTP/1.1" 200 2909 "-" "Apache-HttpClient/4.5.14 (Java/17.0.9)" 1281 0.003 [knime-keycloak-8443] [] ***HIDDEN***:8443 2909 0.000 200 e97c3c80-1195-4c9c-812c-218506ba54e1
***HIDDEN*** - - [21/Nov/2023:15:19:47 +0000] "GET /auth/realms/knime/protocol/openid-connect/certs HTTP/1.1" 200 2909 "-" "Apache-HttpClient/4.5.14 (Java/17.0.9)" 1281 0.002 [knime-keycloak-8443] [] ***HIDDEN***:8443 2909 0.000 200 62c987b8-7c70-43d7-81b1-39f08863b541
***HIDDEN*** - - [21/Nov/2023:15:19:52 +0000] "GET /auth/realms/knime/protocol/openid-connect/certs HTTP/1.1" 200 2909 "-" "Apache-HttpClient/4.5.14 (Java/17.0.9)" 1281 0.002 [knime-keycloak-8443] [] ***HIDDEN***:8443 2909 0.004 200 e0a4bb2d-0ae7-4669-bcf3-248b896be677
***HIDDEN*** - - [21/Nov/2023:15:19:57 +0000] "GET /auth/realms/knime/protocol/openid-connect/certs HTTP/1.1" 200 2909 "-" "Apache-HttpClient/4.5.14 (Java/17.0.9)" 1281 0.002 [knime-keycloak-8443] [] ***HIDDEN***:8443 2909 0.004 200 a76aa76c-55a9-4b36-ae91-79609b1b62b8
***HIDDEN*** - - [21/Nov/2023:15:20:02 +0000] "GET /auth/realms/knime/protocol/openid-connect/certs HTTP/1.1" 200 2909 "-" "Apache-HttpClient/4.5.14 (Java/17.0.9)" 1281 0.009 [knime-keycloak-8443] [] ***HIDDEN***:8443 2909 0.012 200 2864d257-87e2-4c55-aeaa-5cace01dfc28
***HIDDEN*** - - [21/Nov/2023:15:20:07 +0000] "GET /auth/realms/knime/protocol/openid-connect/certs HTTP/1.1" 200 2909 "-" "Apache-HttpClient/4.5.14 (Java/17.0.9)" 1281 0.003 [knime-keycloak-8443] [] ***HIDDEN***:8443 2909 0.000 200 170368b6-62da-4ea9-ae11-ec9b9a5e7560
***HIDDEN*** - - [21/Nov/2023:15:20:12 +0000] "GET /auth/realms/knime/protocol/openid-connect/certs HTTP/1.1" 200 2909 "-" "Apache-HttpClient/4.5.14 (Java/17.0.9)" 1281 0.002 [knime-keycloak-8443] [] ***HIDDEN***:8443 2909 0.004 200 558758fc-6032-455b-907e-de98286e3174
***HIDDEN*** - - [21/Nov/2023:15:20:17 +0000] "GET /auth/realms/knime/protocol/openid-connect/certs HTTP/1.1" 200 2909 "-" "Apache-HttpClient/4.5.14 (Java/17.0.9)" 1281 0.002 [knime-keycloak-8443] [] ***HIDDEN***:8443 2909 0.004 200 0980f840-4dcf-4b2a-a593-acd0ac1b8c9d
***HIDDEN*** - - [21/Nov/2023:15:20:22 +0000] "GET /auth/realms/knime/protocol/openid-connect/certs HTTP/1.1" 200 2909 "-" "Apache-HttpClient/4.5.14 (Java/17.0.9)" 1281 0.002 [knime-keycloak-8443] [] ***HIDDEN***:8443 2909 0.000 200 df7e1a91-1197-48c7-8ce9-cebb9039f7c0
***HIDDEN*** - - [21/Nov/2023:15:20:27 +0000] "GET /auth/realms/knime/protocol/openid-connect/certs HTTP/1.1" 200 2909 "-" "Apache-HttpClient/4.5.14 (Java/17.0.9)" 1281 0.002 [knime-keycloak-8443] [] ***HIDDEN***:8443 2909 0.004 200 040337ee-312c-4475-8682-71b34d3b5d3c
***HIDDEN*** - - [21/Nov/2023:15:20:32 +0000] "GET /auth/realms/knime/protocol/openid-connect/certs HTTP/1.1" 200 2909 "-" "Apache-HttpClient/4.5.14 (Java/17.0.9)" 1281 0.002 [knime-keycloak-8443] [] ***HIDDEN***:8443 2909 0.004 200 8364c010-f76b-4991-85bf-d58dc50f58cc
***HIDDEN*** - - [21/Nov/2023:15:20:37 +0000] "GET /auth/realms/knime/protocol/openid-connect/certs HTTP/1.1" 200 2909 "-" "Apache-HttpClient/4.5.14 (Java/17.0.9)" 1281 0.003 [knime-keycloak-8443] [] ***HIDDEN***:8443 2909 0.000 200 ad75b31d-4663-4794-bb2f-037598c04d28
***HIDDEN*** - - [21/Nov/2023:15:20:42 +0000] "GET /auth/realms/knime/protocol/openid-connect/certs HTTP/1.1" 200 2909 "-" "Apache-HttpClient/4.5.14 (Java/17.0.9)" 1281 0.003 [knime-keycloak-8443] [] ***HIDDEN***:8443 2909 0.000 200 03b6075e-d9d4-4c8c-8c4a-97edd8ad0cd8
***HIDDEN*** - - [21/Nov/2023:15:20:47 +0000] "GET /auth/realms/knime/protocol/openid-connect/certs HTTP/1.1" 200 2909 "-" "Apache-HttpClient/4.5.14 (Java/17.0.9)" 1281 0.002 [knime-keycloak-8443] [] ***HIDDEN***:8443 2909 0.004 200 da32a7e5-4e59-4ff8-a052-095240bc5714
***HIDDEN*** - - [21/Nov/2023:15:20:52 +0000] "GET /auth/realms/knime/protocol/openid-connect/certs HTTP/1.1" 200 2909 "-" "Apache-HttpClient/4.5.14 (Java/17.0.9)" 1281 0.002 [knime-keycloak-8443] [] ***HIDDEN***:8443 2909 0.004 200 48298060-375a-4e5e-a4b7-3e1ede84baad
***HIDDEN*** - - [21/Nov/2023:15:20:57 +0000] "GET /auth/realms/knime/protocol/openid-connect/certs HTTP/1.1" 200 2909 "-" "Apache-HttpClient/4.5.14 (Java/17.0.9)" 1281 0.002 [knime-keycloak-8443] [] ***HIDDEN***:8443 2909 0.000 200 ef137866-5a58-47d6-b499-19bb580f7daa
***HIDDEN*** - - [21/Nov/2023:15:21:02 +0000] "GET /auth/realms/knime/protocol/openid-connect/certs HTTP/1.1" 200 2909 "-" "Apache-HttpClient/4.5.14 (Java/17.0.9)" 1281 0.003 [knime-keycloak-8443] [] ***HIDDEN***:8443 2909 0.004 200 52236233-1e18-446e-a4af-d660cc9d2007
***HIDDEN*** - - [21/Nov/2023:15:21:07 +0000] "GET /auth/realms/knime/protocol/openid-connect/certs HTTP/1.1" 200 2909 "-" "Apache-HttpClient/4.5.14 (Java/17.0.9)" 1281 0.002 [knime-keycloak-8443] [] ***HIDDEN***:8443 2909 0.004 200 703c6d8e-41ea-48e5-ac26-f1c336887ef8
***HIDDEN*** - - [21/Nov/2023:15:21:12 +0000] "GET /auth/realms/knime/protocol/openid-connect/certs HTTP/1.1" 200 2909 "-" "Apache-HttpClient/4.5.14 (Java/17.0.9)" 1281 0.002 [knime-keycloak-8443] [] ***HIDDEN***:8443 2909 0.004 200 1912fea6-ff90-4c16-bd45-453772760053
***HIDDEN*** - - [21/Nov/2023:15:21:17 +0000] "GET /auth/realms/knime/protocol/openid-connect/certs HTTP/1.1" 200 2909 "-" "Apache-HttpClient/4.5.14 (Java/17.0.9)" 1281 0.002 [knime-keycloak-8443] [] ***HIDDEN***:8443 2909 0.000 200 8fb4db2c-1c54-4a00-9208-52acebc88f59
***HIDDEN*** - - [21/Nov/2023:15:21:22 +0000] "GET /auth/realms/knime/protocol/openid-connect/certs HTTP/1.1" 200 2909 "-" "Apache-HttpClient/4.5.14 (Java/17.0.9)" 1281 0.002 [knime-keycloak-8443] [] ***HIDDEN***:8443 2909 0.000 200 43677280-6e98-4d8d-8837-36b1cb3979f2
***HIDDEN*** - search-sync-service [21/Nov/2023:15:21:27 +0000] "POST /auth/realms/knime/protocol/openid-connect/token HTTP/1.1" 200 1225 "-" "Vert.x-WebClient/4.4.4" 1504 0.018 [knime-keycloak-8443] [] ***HIDDEN***:8443 1225 0.020 200 e491dd98-e8fd-415a-bdaa-dae4a9e3ad72
***HIDDEN*** - - [21/Nov/2023:15:21:27 +0000] "GET /auth/realms/knime/protocol/openid-connect/certs HTTP/1.1" 200 2909 "-" "Apache-HttpClient/4.5.14 (Java/17.0.9)" 1281 0.003 [knime-keycloak-8443] [] ***HIDDEN***:8443 2909 0.004 200 827223cd-5cf8-46c3-97b3-bc8157c0b44a
***HIDDEN*** - - [21/Nov/2023:15:21:32 +0000] "GET /auth/realms/knime/protocol/openid-connect/certs HTTP/1.1" 200 2909 "-" "Apache-HttpClient/4.5.14 (Java/17.0.9)" 1281 0.003 [knime-keycloak-8443] [] ***HIDDEN***:8443 2909 0.004 200 6db19b63-6dc0-48a7-aeb5-ff80c8f62076
***HIDDEN*** - - [21/Nov/2023:15:21:37 +0000] "GET /auth/realms/knime/protocol/openid-connect/certs HTTP/1.1" 200 2909 "-" "Apache-HttpClient/4.5.14 (Java/17.0.9)" 1281 0.003 [knime-keycloak-8443] [] ***HIDDEN***:8443 2909 0.000 200 51189f10-0e2f-44a5-aa37-371dff4ee792
***HIDDEN*** - - [21/Nov/2023:15:21:42 +0000] "GET /auth/realms/knime/protocol/openid-connect/certs HTTP/1.1" 200 2909 "-" "Apache-HttpClient/4.5.14 (Java/17.0.9)" 1281 0.002 [knime-keycloak-8443] [] ***HIDDEN***:8443 2909 0.004 200 d8dbd68c-eac7-4eb2-b8e0-68c1cb980c12
***HIDDEN*** - - [21/Nov/2023:15:21:47 +0000] "GET /auth/realms/knime/protocol/openid-connect/certs HTTP/1.1" 200 2909 "-" "Apache-HttpClient/4.5.14 (Java/17.0.9)" 1281 0.002 [knime-keycloak-8443] [] ***HIDDEN***:8443 2909 0.004 200 05c51b94-fa69-4a3f-b4dc-fd8eb60f6bd0
***HIDDEN*** - - [21/Nov/2023:15:21:52 +0000] "GET /auth/realms/knime/protocol/openid-connect/certs HTTP/1.1" 200 2909 "-" "Apache-HttpClient/4.5.14 (Java/17.0.9)" 1281 0.002 [knime-keycloak-8443] [] ***HIDDEN***:8443 2909 0.000 200 cad0d4af-d3cf-44b4-92e4-0ad2073f0c1e
***HIDDEN*** - - [21/Nov/2023:15:21:57 +0000] "GET /auth/realms/knime/protocol/openid-connect/certs HTTP/1.1" 200 2909 "-" "Apache-HttpClient/4.5.14 (Java/17.0.9)" 1281 0.002 [knime-keycloak-8443] [] ***HIDDEN***:8443 2909 0.004 200 2b5b529f-0f37-4de7-9758-a85f4fa178df
***HIDDEN*** - - [21/Nov/2023:15:22:02 +0000] "GET /auth/realms/knime/protocol/openid-connect/certs HTTP/1.1" 200 2909 "-" "Apache-HttpClient/4.5.14 (Java/17.0.9)" 1281 0.003 [knime-keycloak-8443] [] ***HIDDEN***:8443 2909 0.004 200 dce51ef0-dae3-4a54-b2e0-eaa6edbb5f29
***HIDDEN*** - - [21/Nov/2023:15:22:07 +0000] "GET /auth/realms/knime/protocol/openid-connect/certs HTTP/1.1" 200 2909 "-" "Apache-HttpClient/4.5.14 (Java/17.0.9)" 1281 0.002 [knime-keycloak-8443] [] ***HIDDEN***:8443 2909 0.000 200 fa898ea7-3b17-4f4b-8293-4b44ba8d52b9
***HIDDEN*** - - [21/Nov/2023:15:22:12 +0000] "GET /auth/realms/knime/protocol/openid-connect/certs HTTP/1.1" 200 2909 "-" "Apache-HttpClient/4.5.14 (Java/17.0.9)" 1281 0.003 [knime-keycloak-8443] [] ***HIDDEN***:8443 2909 0.004 200 481737e2-906f-43bd-86c4-b886a5c78e12
***HIDDEN*** - - [21/Nov/2023:15:22:17 +0000] "GET /auth/realms/knime/protocol/openid-connect/certs HTTP/1.1" 200 2909 "-" "Apache-HttpClient/4.5.14 (Java/17.0.9)" 1281 0.002 [knime-keycloak-8443] [] ***HIDDEN***:8443 2909 0.004 200 5e818db6-57e0-46e6-a806-0d6602fdd5e8
***HIDDEN*** - - [21/Nov/2023:15:22:22 +0000] "GET /auth/realms/knime/protocol/openid-connect/certs HTTP/1.1" 200 2909 "-" "Apache-HttpClient/4.5.14 (Java/17.0.9)" 1281 0.002 [knime-keycloak-8443] [] ***HIDDEN***:8443 2909 0.000 200 95b820b0-f5ad-4e5b-a327-0478a4090289
***HIDDEN*** - - [21/Nov/2023:15:22:27 +0000] "GET /auth/realms/knime/protocol/openid-connect/certs HTTP/1.1" 200 2909 "-" "Apache-HttpClient/4.5.14 (Java/17.0.9)" 1281 0.002 [knime-keycloak-8443] [] ***HIDDEN***:8443 2909 0.000 200 f21aa04f-9b69-4c37-8900-4df7f04ef89d
***HIDDEN*** - - [21/Nov/2023:15:22:32 +0000] "GET /auth/realms/knime/protocol/openid-connect/certs HTTP/1.1" 200 2909 "-" "Apache-HttpClient/4.5.14 (Java/17.0.9)" 1281 0.002 [knime-keycloak-8443] [] ***HIDDEN***:8443 2909 0.000 200 e8d903da-e4a1-4ab9-8e9b-a28f093fa857
***HIDDEN*** - - [21/Nov/2023:15:22:37 +0000] "GET /auth/realms/knime/protocol/openid-connect/certs HTTP/1.1" 200 2909 "-" "Apache-HttpClient/4.5.14 (Java/17.0.9)" 1281 0.002 [knime-keycloak-8443] [] ***HIDDEN***:8443 2909 0.004 200 b68ae806-e30e-47a5-bf83-3f2e76e4a320
***HIDDEN*** - - [21/Nov/2023:15:22:42 +0000] "GET /auth/realms/knime/protocol/openid-connect/certs HTTP/1.1" 200 2909 "-" "Apache-HttpClient/4.5.14 (Java/17.0.9)" 1281 0.003 [knime-keycloak-8443] [] ***HIDDEN***:8443 2909 0.004 200 26ec19d3-d7b1-4475-ab19-af9acff28b11
***HIDDEN*** - - [21/Nov/2023:15:22:47 +0000] "GET /auth/realms/knime/protocol/openid-connect/certs HTTP/1.1" 200 2909 "-" "Apache-HttpClient/4.5.14 (Java/17.0.9)" 1281 0.002 [knime-keycloak-8443] [] ***HIDDEN***:8443 2909 0.004 200 f6b435a0-026e-4810-89cd-891f31a11b47
***HIDDEN*** - - [21/Nov/2023:15:22:52 +0000] "GET /auth/realms/knime/protocol/openid-connect/certs HTTP/1.1" 200 2909 "-" "Apache-HttpClient/4.5.14 (Java/17.0.9)" 1281 0.003 [knime-keycloak-8443] [] ***HIDDEN***:8443 2909 0.004 200 9d5c210a-be02-4919-975f-c8083cb8ff6f
***HIDDEN*** - - [21/Nov/2023:15:22:57 +0000] "GET /auth/realms/knime/protocol/openid-connect/certs HTTP/1.1" 200 2909 "-" "Apache-HttpClient/4.5.14 (Java/17.0.9)" 1281 0.002 [knime-keycloak-8443] [] ***HIDDEN***:8443 2909 0.004 200 9f1ea905-9959-4324-b0f4-9d5e987bdb5a
***HIDDEN*** - - [21/Nov/2023:15:23:02 +0000] "GET /auth/realms/knime/protocol/openid-connect/certs HTTP/1.1" 200 2909 "-" "Apache-HttpClient/4.5.14 (Java/17.0.9)" 1281 0.002 [knime-keycloak-8443] [] ***HIDDEN***:8443 2909 0.000 200 5be3325a-4865-4852-8d88-f4ac63e13a48
***HIDDEN*** - - [21/Nov/2023:15:23:07 +0000] "GET /auth/realms/knime/protocol/openid-connect/certs HTTP/1.1" 200 2909 "-" "Apache-HttpClient/4.5.14 (Java/17.0.9)" 1281 0.003 [knime-keycloak-8443] [] ***HIDDEN***:8443 2909 0.004 200 eeeda69d-e546-4dfe-a8b6-c7a5d25139d9
***HIDDEN*** - - [21/Nov/2023:15:23:12 +0000] "GET /auth/realms/knime/protocol/openid-connect/certs HTTP/1.1" 200 2909 "-" "Apache-HttpClient/4.5.14 (Java/17.0.9)" 1281 0.002 [knime-keycloak-8443] [] ***HIDDEN***:8443 2909 0.004 200 acb48c07-7d97-4577-8b0b-12c8d798cc0c
***HIDDEN*** - - [21/Nov/2023:15:23:17 +0000] "GET /auth/realms/knime/protocol/openid-connect/certs HTTP/1.1" 200 2909 "-" "Apache-HttpClient/4.5.14 (Java/17.0.9)" 1281 0.003 [knime-keycloak-8443] [] ***HIDDEN***:8443 2909 0.000 200 cc7ed6b7-7490-4255-a905-f0c12acd3c17
***HIDDEN*** - - [21/Nov/2023:15:23:22 +0000] "GET /auth/realms/knime/protocol/openid-connect/certs HTTP/1.1" 200 2909 "-" "Apache-HttpClient/4.5.14 (Java/17.0.9)" 1281 0.002 [knime-keycloak-8443] [] ***HIDDEN***:8443 2909 0.004 200 770626ea-873e-47ba-aba7-f20a54d9af5c
***HIDDEN*** - - [21/Nov/2023:15:23:27 +0000] "GET /auth/realms/knime/protocol/openid-connect/certs HTTP/1.1" 200 2909 "-" "Apache-HttpClient/4.5.14 (Java/17.0.9)" 1281 0.002 [knime-keycloak-8443] [] ***HIDDEN***:8443 2909 0.004 200 811d2449-6194-47b6-a018-87fab30ca8da
***HIDDEN*** - - [21/Nov/2023:15:23:32 +0000] "GET /auth/realms/knime/protocol/openid-connect/certs HTTP/1.1" 200 2909 "-" "Apache-HttpClient/4.5.14 (Java/17.0.9)" 1281 0.002 [knime-keycloak-8443] [] ***HIDDEN***:8443 2909 0.004 200 d4a43796-64aa-431c-95a3-7df0459bb925
***HIDDEN*** - - [21/Nov/2023:15:23:37 +0000] "GET /auth/realms/knime/protocol/openid-connect/certs HTTP/1.1" 200 2909 "-" "Apache-HttpClient/4.5.14 (Java/17.0.9)" 1281 0.002 [knime-keycloak-8443] [] ***HIDDEN***:8443 2909 0.000 200 aa2d15f4-06aa-43cc-a38c-3aa9375ac7db
***HIDDEN*** - - [21/Nov/2023:15:23:42 +0000] "GET /auth/realms/knime/protocol/openid-connect/certs HTTP/1.1" 200 2909 "-" "Apache-HttpClient/4.5.14 (Java/17.0.9)" 1281 0.002 [knime-keycloak-8443] [] ***HIDDEN***:8443 2909 0.004 200 7d2ade09-2ef5-4e97-a924-35c3a88cfcc9
***HIDDEN*** - - [21/Nov/2023:15:23:47 +0000] "GET /auth/realms/knime/protocol/openid-connect/certs HTTP/1.1" 200 2909 "-" "Apache-HttpClient/4.5.14 (Java/17.0.9)" 1281 0.002 [knime-keycloak-8443] [] ***HIDDEN***:8443 2909 0.000 200 fe5f07f1-eddf-4d49-8964-16363e3ccb9a
***HIDDEN*** - - [21/Nov/2023:15:23:52 +0000] "GET /auth/realms/knime/protocol/openid-connect/certs HTTP/1.1" 200 2909 "-" "Apache-HttpClient/4.5.14 (Java/17.0.9)" 1281 0.002 [knime-keycloak-8443] [] ***HIDDEN***:8443 2909 0.004 200 f6127f8a-505d-4cce-8ba1-ab48d2a0a16e
***HIDDEN*** - - [21/Nov/2023:15:23:57 +0000] "GET /auth/realms/knime/protocol/openid-connect/certs HTTP/1.1" 200 2909 "-" "Apache-HttpClient/4.5.14 (Java/17.0.9)" 1281 0.002 [knime-keycloak-8443] [] ***HIDDEN***:8443 2909 0.004 200 4dad714b-d478-4522-8b6d-9eebfd0968f8
***HIDDEN*** - - [21/Nov/2023:15:24:02 +0000] "GET /auth/realms/knime/protocol/openid-connect/certs HTTP/1.1" 200 2909 "-" "Apache-HttpClient/4.5.14 (Java/17.0.9)" 1281 0.002 [knime-keycloak-8443] [] ***HIDDEN***:8443 2909 0.004 200 abc32353-b64c-4dfe-9a7d-093e82fd56a1
***HIDDEN*** - - [21/Nov/2023:15:24:07 +0000] "GET /auth/realms/knime/protocol/openid-connect/certs HTTP/1.1" 200 2909 "-" "Apache-HttpClient/4.5.14 (Java/17.0.9)" 1281 0.002 [knime-keycloak-8443] [] ***HIDDEN***:8443 2909 0.004 200 3cec8fac-5e76-4d9e-bf59-5c2c7f8bd7b9
***HIDDEN*** - - [21/Nov/2023:15:24:12 +0000] "GET /auth/realms/knime/protocol/openid-connect/certs HTTP/1.1" 200 2909 "-" "Apache-HttpClient/4.5.14 (Java/17.0.9)" 1281 0.003 [knime-keycloak-8443] [] ***HIDDEN***:8443 2909 0.000 200 d2e188e7-a9fa-4b33-ad32-158da0694668
***HIDDEN*** - - [21/Nov/2023:15:24:17 +0000] "GET /auth/realms/knime/protocol/openid-connect/certs HTTP/1.1" 200 2909 "-" "Apache-HttpClient/4.5.14 (Java/17.0.9)" 1281 0.002 [knime-keycloak-8443] [] ***HIDDEN***:8443 2909 0.004 200 6b2cc1f1-ba1a-4e8f-a0b4-e108da4934e1
***HIDDEN*** - - [21/Nov/2023:15:24:22 +0000] "GET /auth/realms/knime/protocol/openid-connect/certs HTTP/1.1" 200 2909 "-" "Apache-HttpClient/4.5.14 (Java/17.0.9)" 1281 0.002 [knime-keycloak-8443] [] ***HIDDEN***:8443 2909 0.000 200 2779ae37-b096-4b44-b8f6-f0fc4944f908
***HIDDEN*** - - [21/Nov/2023:15:24:27 +0000] "GET /auth/realms/knime/protocol/openid-connect/certs HTTP/1.1" 200 2909 "-" "Apache-HttpClient/4.5.14 (Java/17.0.9)" 1281 0.002 [knime-keycloak-8443] [] ***HIDDEN***:8443 2909 0.004 200 5e3c4c43-9589-4a50-9693-8a2e028278ff
***HIDDEN*** - - [21/Nov/2023:15:24:32 +0000] "GET /auth/realms/knime/protocol/openid-connect/certs HTTP/1.1" 200 2909 "-" "Apache-HttpClient/4.5.14 (Java/17.0.9)" 1281 0.002 [knime-keycloak-8443] [] ***HIDDEN***:8443 2909 0.004 200 380bfc3d-c707-4927-b110-882efc053779
***HIDDEN*** - - [21/Nov/2023:15:24:37 +0000] "GET /auth/realms/knime/protocol/openid-connect/certs HTTP/1.1" 200 2909 "-" "Apache-HttpClient/4.5.14 (Java/17.0.9)" 1281 0.003 [knime-keycloak-8443] [] ***HIDDEN***:8443 2909 0.004 200 1243c8b5-9c48-4f27-b810-842d34ef2e07
***HIDDEN*** - - [21/Nov/2023:15:24:42 +0000] "GET /auth/realms/knime/protocol/openid-connect/certs HTTP/1.1" 200 2909 "-" "Apache-HttpClient/4.5.14 (Java/17.0.9)" 1281 0.002 [knime-keycloak-8443] [] ***HIDDEN***:8443 2909 0.004 200 4c2ce318-2028-46cc-8588-26cf710f4130
***HIDDEN*** - - [21/Nov/2023:15:24:47 +0000] "GET /auth/realms/knime/protocol/openid-connect/certs HTTP/1.1" 200 2909 "-" "Apache-HttpClient/4.5.14 (Java/17.0.9)" 1281 0.002 [knime-keycloak-8443] [] ***HIDDEN***:8443 2909 0.000 200 f77ae2a4-0fab-49f5-8e10-ae8b70c9106b
***HIDDEN*** - - [21/Nov/2023:15:24:52 +0000] "GET /auth/realms/knime/protocol/openid-connect/certs HTTP/1.1" 200 2909 "-" "Apache-HttpClient/4.5.14 (Java/17.0.9)" 1281 0.002 [knime-keycloak-8443] [] ***HIDDEN***:8443 2909 0.004 200 5229ce1d-46c2-4f65-a411-a237b357427f
***HIDDEN*** - - [21/Nov/2023:15:24:57 +0000] "GET /auth/realms/knime/protocol/openid-connect/certs HTTP/1.1" 200 2909 "-" "Apache-HttpClient/4.5.14 (Java/17.0.9)" 1281 0.002 [knime-keycloak-8443] [] ***HIDDEN***:8443 2909 0.000 200 ff5104df-713b-442f-b788-d1fb806ef908
***HIDDEN*** - - [21/Nov/2023:15:25:02 +0000] "GET /auth/realms/knime/protocol/openid-connect/certs HTTP/1.1" 200 2909 "-" "Apache-HttpClient/4.5.14 (Java/17.0.9)" 1281 0.002 [knime-keycloak-8443] [] ***HIDDEN***:8443 2909 0.004 200 a8d87280-1bf9-4b69-8211-35f23cd7aa88
***HIDDEN*** - - [21/Nov/2023:15:25:07 +0000] "GET /auth/realms/knime/protocol/openid-connect/certs HTTP/1.1" 200 2909 "-" "Apache-HttpClient/4.5.14 (Java/17.0.9)" 1281 0.003 [knime-keycloak-8443] [] ***HIDDEN***:8443 2909 0.000 200 3d5020b7-fec3-4d57-8a2b-aa40e5655ab3
***HIDDEN*** - - [21/Nov/2023:15:25:12 +0000] "GET /auth/realms/knime/protocol/openid-connect/certs HTTP/1.1" 200 2909 "-" "Apache-HttpClient/4.5.14 (Java/17.0.9)" 1281 0.002 [knime-keycloak-8443] [] ***HIDDEN***:8443 2909 0.004 200 473f6929-c750-4a70-a480-c10f725f3792
***HIDDEN*** - - [21/Nov/2023:15:25:17 +0000] "GET /auth/realms/knime/protocol/openid-connect/certs HTTP/1.1" 200 2909 "-" "Apache-HttpClient/4.5.14 (Java/17.0.9)" 1281 0.002 [knime-keycloak-8443] [] ***HIDDEN***:8443 2909 0.004 200 556c7d2e-1d74-4b2e-9887-fab7155709c3
***HIDDEN*** - - [21/Nov/2023:15:25:22 +0000] "GET /auth/realms/knime/protocol/openid-connect/certs HTTP/1.1" 200 2909 "-" "Apache-HttpClient/4.5.14 (Java/17.0.9)" 1281 0.003 [knime-keycloak-8443] [] ***HIDDEN***:8443 2909 0.000 200 3872d7e2-d45b-4444-b34b-7680e8075834
***HIDDEN*** - - [21/Nov/2023:15:25:27 +0000] "GET /auth/realms/knime/protocol/openid-connect/certs HTTP/1.1" 200 2909 "-" "Apache-HttpClient/4.5.14 (Java/17.0.9)" 1281 0.002 [knime-keycloak-8443] [] ***HIDDEN***:8443 2909 0.004 200 5501525f-732a-4507-bb12-8519ada90311
***HIDDEN*** - - [21/Nov/2023:15:25:32 +0000] "GET /auth/realms/knime/protocol/openid-connect/certs HTTP/1.1" 200 2909 "-" "Apache-HttpClient/4.5.14 (Java/17.0.9)" 1281 0.003 [knime-keycloak-8443] [] ***HIDDEN***:8443 2909 0.000 200 e17448f2-de59-49ad-9533-9d7a63d40133
***HIDDEN*** - - [21/Nov/2023:15:25:37 +0000] "GET /auth/realms/knime/protocol/openid-connect/certs HTTP/1.1" 200 2909 "-" "Apache-HttpClient/4.5.14 (Java/17.0.9)" 1281 0.002 [knime-keycloak-8443] [] ***HIDDEN***:8443 2909 0.004 200 1a21f9d3-34b5-42ca-9b1f-0104078ed064
***HIDDEN*** - - [21/Nov/2023:15:25:42 +0000] "GET /auth/realms/knime/protocol/openid-connect/certs HTTP/1.1" 200 2909 "-" "Apache-HttpClient/4.5.14 (Java/17.0.9)" 1281 0.002 [knime-keycloak-8443] [] ***HIDDEN***:8443 2909 0.004 200 7858b7b1-dfa0-45fc-a313-be24824e48a5
***HIDDEN*** - - [21/Nov/2023:15:25:47 +0000] "GET /auth/realms/knime/protocol/openid-connect/certs HTTP/1.1" 200 2909 "-" "Apache-HttpClient/4.5.14 (Java/17.0.9)" 1281 0.002 [knime-keycloak-8443] [] ***HIDDEN***:8443 2909 0.004 200 ce73c7ae-6054-42ca-898a-f5537d03abb0
***HIDDEN*** - - [21/Nov/2023:15:25:52 +0000] "GET /auth/realms/knime/protocol/openid-connect/certs HTTP/1.1" 200 2909 "-" "Apache-HttpClient/4.5.14 (Java/17.0.9)" 1281 0.002 [knime-keycloak-8443] [] ***HIDDEN***:8443 2909 0.004 200 968ecdf8-816e-41a5-9728-0afb170fcc72
***HIDDEN*** - - [21/Nov/2023:15:25:57 +0000] "GET /auth/realms/knime/protocol/openid-connect/certs HTTP/1.1" 200 2909 "-" "Apache-HttpClient/4.5.14 (Java/17.0.9)" 1281 0.002 [knime-keycloak-8443] [] ***HIDDEN***:8443 2909 0.000 200 bac82fd6-ef38-4d3a-a9ea-054673d8a3f4
***HIDDEN*** - - [21/Nov/2023:15:26:02 +0000] "GET /auth/realms/knime/protocol/openid-connect/certs HTTP/1.1" 200 2909 "-" "Apache-HttpClient/4.5.14 (Java/17.0.9)" 1281 0.003 [knime-keycloak-8443] [] ***HIDDEN***:8443 2909 0.000 200 e697f69f-59ba-49ae-8977-13be41341d20
***HIDDEN*** - - [21/Nov/2023:15:26:07 +0000] "GET /auth/realms/knime/protocol/openid-connect/certs HTTP/1.1" 200 2909 "-" "Apache-HttpClient/4.5.14 (Java/17.0.9)" 1281 0.002 [knime-keycloak-8443] [] ***HIDDEN***:8443 2909 0.000 200 3d483902-2176-4539-834f-0456716ed605
***HIDDEN*** - - [21/Nov/2023:15:26:12 +0000] "GET /auth/realms/knime/protocol/openid-connect/certs HTTP/1.1" 200 2909 "-" "Apache-HttpClient/4.5.14 (Java/17.0.9)" 1281 0.003 [knime-keycloak-8443] [] ***HIDDEN***:8443 2909 0.000 200 629c3d8d-8bfe-42dd-8ec1-91b7eecde9cd
***HIDDEN*** - - [21/Nov/2023:15:26:17 +0000] "GET /auth/realms/knime/protocol/openid-connect/certs HTTP/1.1" 200 2909 "-" "Apache-HttpClient/4.5.14 (Java/17.0.9)" 1281 0.002 [knime-keycloak-8443] [] ***HIDDEN***:8443 2909 0.004 200 ba93efe3-3aab-4e1a-a3c9-03010c63fa3a
***HIDDEN*** - - [21/Nov/2023:15:26:22 +0000] "GET /auth/realms/knime/protocol/openid-connect/certs HTTP/1.1" 200 2909 "-" "Apache-HttpClient/4.5.14 (Java/17.0.9)" 1281 0.003 [knime-keycloak-8443] [] ***HIDDEN***:8443 2909 0.004 200 b43bda64-1f03-4bfc-9bc7-9b217d41bf0d
***HIDDEN*** - - [21/Nov/2023:15:26:27 +0000] "GET /auth/realms/knime/protocol/openid-connect/certs HTTP/1.1" 200 2909 "-" "Apache-HttpClient/4.5.14 (Java/17.0.9)" 1281 0.002 [knime-keycloak-8443] [] ***HIDDEN***:8443 2909 0.004 200 5e7e3b21-bf4b-40bf-a2b9-bad358abef36
***HIDDEN*** - - [21/Nov/2023:15:26:32 +0000] "GET /auth/realms/knime/protocol/openid-connect/certs HTTP/1.1" 200 2909 "-" "Apache-HttpClient/4.5.14 (Java/17.0.9)" 1281 0.002 [knime-keycloak-8443] [] ***HIDDEN***:8443 2909 0.000 200 543e25cc-3d5c-4cdf-86cd-500f87a6e579
***HIDDEN*** - - [21/Nov/2023:15:26:37 +0000] "GET /auth/realms/knime/protocol/openid-connect/certs HTTP/1.1" 200 2909 "-" "Apache-HttpClient/4.5.14 (Java/17.0.9)" 1281 0.002 [knime-keycloak-8443] [] ***HIDDEN***:8443 2909 0.004 200 09006a2d-d317-4208-9ae4-b9a355e241fc
***HIDDEN*** - - [21/Nov/2023:15:26:42 +0000] "GET /auth/realms/knime/protocol/openid-connect/certs HTTP/1.1" 200 2909 "-" "Apache-HttpClient/4.5.14 (Java/17.0.9)" 1281 0.003 [knime-keycloak-8443] [] ***HIDDEN***:8443 2909 0.000 200 58efdd60-fef9-4834-8bfe-bec5c7aa2f38
***HIDDEN*** - - [21/Nov/2023:15:26:47 +0000] "GET /auth/realms/knime/protocol/openid-connect/certs HTTP/1.1" 200 2909 "-" "Apache-HttpClient/4.5.14 (Java/17.0.9)" 1281 0.009 [knime-keycloak-8443] [] ***HIDDEN***:8443 2909 0.008 200 7b006149-813d-4c75-8ded-3bff16ea0a8d
***HIDDEN*** - - [21/Nov/2023:15:26:52 +0000] "GET /auth/realms/knime/protocol/openid-connect/certs HTTP/1.1" 200 2909 "-" "Apache-HttpClient/4.5.14 (Java/17.0.9)" 1281 0.002 [knime-keycloak-8443] [] ***HIDDEN***:8443 2909 0.004 200 97d695e1-ffec-4eb3-96cb-0233465f1c06
***HIDDEN*** - - [21/Nov/2023:15:26:57 +0000] "GET /auth/realms/knime/protocol/openid-connect/certs HTTP/1.1" 200 2909 "-" "Apache-HttpClient/4.5.14 (Java/17.0.9)" 1281 0.002 [knime-keycloak-8443] [] ***HIDDEN***:8443 2909 0.004 200 64ce71f0-f29d-4d4d-be2d-e36943f9ec27
***HIDDEN*** - - [21/Nov/2023:15:27:02 +0000] "GET /auth/realms/knime/protocol/openid-connect/certs HTTP/1.1" 200 2909 "-" "Apache-HttpClient/4.5.14 (Java/17.0.9)" 1281 0.002 [knime-keycloak-8443] [] ***HIDDEN***:8443 2909 0.004 200 af5a361b-2c85-4365-a9c5-0acc7edc3c8e
***HIDDEN*** - - [21/Nov/2023:15:27:07 +0000] "GET /auth/realms/knime/protocol/openid-connect/certs HTTP/1.1" 200 2909 "-" "Apache-HttpClient/4.5.14 (Java/17.0.9)" 1281 0.002 [knime-keycloak-8443] [] ***HIDDEN***:8443 2909 0.000 200 037bf2d9-7ae1-4b9c-b1a7-c53dfffa8d4c
***HIDDEN*** - - [21/Nov/2023:15:27:12 +0000] "GET /auth/realms/knime/protocol/openid-connect/certs HTTP/1.1" 200 2909 "-" "Apache-HttpClient/4.5.14 (Java/17.0.9)" 1281 0.002 [knime-keycloak-8443] [] ***HIDDEN***:8443 2909 0.004 200 0b1a6ae2-7350-42bf-9121-2235074dac8e
***HIDDEN*** - - [21/Nov/2023:15:27:17 +0000] "GET /auth/realms/knime/protocol/openid-connect/certs HTTP/1.1" 200 2909 "-" "Apache-HttpClient/4.5.14 (Java/17.0.9)" 1281 0.003 [knime-keycloak-8443] [] ***HIDDEN***:8443 2909 0.000 200 5e75302c-5f63-4267-9393-dc6d6fd86995
***HIDDEN*** - - [21/Nov/2023:15:27:22 +0000] "GET /auth/realms/knime/protocol/openid-connect/certs HTTP/1.1" 200 2909 "-" "Apache-HttpClient/4.5.14 (Java/17.0.9)" 1281 0.002 [knime-keycloak-8443] [] ***HIDDEN***:8443 2909 0.000 200 42c3fed3-185d-4ec6-948b-79516fd6f6f6
***HIDDEN*** - - [21/Nov/2023:15:27:27 +0000] "GET /auth/realms/knime/protocol/openid-connect/certs HTTP/1.1" 200 2909 "-" "Apache-HttpClient/4.5.14 (Java/17.0.9)" 1281 0.002 [knime-keycloak-8443] [] ***HIDDEN***:8443 2909 0.004 200 bf8c470d-17b1-4a13-9b58-4fec8d41dbe7
***HIDDEN*** - - [21/Nov/2023:15:27:32 +0000] "GET /auth/realms/knime/protocol/openid-connect/certs HTTP/1.1" 200 2909 "-" "Apache-HttpClient/4.5.14 (Java/17.0.9)" 1281 0.003 [knime-keycloak-8443] [] ***HIDDEN***:8443 2909 0.000 200 ef69dde3-a777-40bf-aaf3-8c367c4123be
***HIDDEN*** - - [21/Nov/2023:15:27:37 +0000] "GET /auth/realms/knime/protocol/openid-connect/certs HTTP/1.1" 200 2909 "-" "Apache-HttpClient/4.5.14 (Java/17.0.9)" 1281 0.002 [knime-keycloak-8443] [] ***HIDDEN***:8443 2909 0.004 200 e2669ab2-a2a4-4927-b86d-8b5be5dbf835
***HIDDEN*** - - [21/Nov/2023:15:27:42 +0000] "GET /auth/realms/knime/protocol/openid-connect/certs HTTP/1.1" 200 2909 "-" "Apache-HttpClient/4.5.14 (Java/17.0.9)" 1281 0.002 [knime-keycloak-8443] [] ***HIDDEN***:8443 2909 0.000 200 90a4663d-559c-46fd-8b35-62e91a0b567f
***HIDDEN*** - - [21/Nov/2023:15:27:47 +0000] "GET /auth/realms/knime/protocol/openid-connect/certs HTTP/1.1" 200 2909 "-" "Apache-HttpClient/4.5.14 (Java/17.0.9)" 1281 0.003 [knime-keycloak-8443] [] ***HIDDEN***:8443 2909 0.004 200 f3d6023b-20ff-4e4f-943e-8b65d4b179d3
***HIDDEN*** - - [21/Nov/2023:15:27:52 +0000] "GET /auth/realms/knime/protocol/openid-connect/certs HTTP/1.1" 200 2909 "-" "Apache-HttpClient/4.5.14 (Java/17.0.9)" 1281 0.002 [knime-keycloak-8443] [] ***HIDDEN***:8443 2909 0.000 200 279c1a33-35b8-4d67-91e0-8e9cec227f42
***HIDDEN*** - - [21/Nov/2023:15:27:57 +0000] "GET /auth/realms/knime/protocol/openid-connect/certs HTTP/1.1" 200 2909 "-" "Apache-HttpClient/4.5.14 (Java/17.0.9)" 1281 0.002 [knime-keycloak-8443] [] ***HIDDEN***:8443 2909 0.004 200 5e10a52c-8a62-4530-8a1d-d189d58c19af
***HIDDEN*** - - [21/Nov/2023:15:28:02 +0000] "GET /auth/realms/knime/protocol/openid-connect/certs HTTP/1.1" 200 2909 "-" "Apache-HttpClient/4.5.14 (Java/17.0.9)" 1281 0.002 [knime-keycloak-8443] [] ***HIDDEN***:8443 2909 0.004 200 ea593ae1-badf-43fc-a977-51d7f52e4067
***HIDDEN*** - - [21/Nov/2023:15:28:07 +0000] "GET /auth/realms/knime/protocol/openid-connect/certs HTTP/1.1" 200 2909 "-" "Apache-HttpClient/4.5.14 (Java/17.0.9)" 1281 0.003 [knime-keycloak-8443] [] ***HIDDEN***:8443 2909 0.004 200 fae16c14-b5b5-41d9-80ca-19ec42878c7c
***HIDDEN*** - - [21/Nov/2023:15:28:12 +0000] "GET /auth/realms/knime/protocol/openid-connect/certs HTTP/1.1" 200 2909 "-" "Apache-HttpClient/4.5.14 (Java/17.0.9)" 1281 0.003 [knime-keycloak-8443] [] ***HIDDEN***:8443 2909 0.004 200 6fa7bc1f-c297-44ee-b406-44e0ca0ff155
***HIDDEN*** - - [21/Nov/2023:15:28:17 +0000] "GET /auth/realms/knime/protocol/openid-connect/certs HTTP/1.1" 200 2909 "-" "Apache-HttpClient/4.5.14 (Java/17.0.9)" 1281 0.002 [knime-keycloak-8443] [] ***HIDDEN***:8443 2909 0.004 200 f1608f49-c651-44dc-a453-5a053ce4da1e
***HIDDEN*** - - [21/Nov/2023:15:28:22 +0000] "GET /auth/realms/knime/protocol/openid-connect/certs HTTP/1.1" 200 2909 "-" "Apache-HttpClient/4.5.14 (Java/17.0.9)" 1281 0.002 [knime-keycloak-8443] [] ***HIDDEN***:8443 2909 0.004 200 a59b173a-7e05-432e-8335-380ee402d424
***HIDDEN*** - - [21/Nov/2023:15:28:27 +0000] "GET /auth/realms/knime/protocol/openid-connect/certs HTTP/1.1" 200 2909 "-" "Apache-HttpClient/4.5.14 (Java/17.0.9)" 1281 0.002 [knime-keycloak-8443] [] ***HIDDEN***:8443 2909 0.000 200 089f0bd1-8476-44e2-aab4-0babd802140f
***HIDDEN*** - - [21/Nov/2023:15:28:32 +0000] "GET /auth/realms/knime/protocol/openid-connect/certs HTTP/1.1" 200 2909 "-" "Apache-HttpClient/4.5.14 (Java/17.0.9)" 1281 0.002 [knime-keycloak-8443] [] ***HIDDEN***:8443 2909 0.004 200 edac18fa-cc54-4735-b069-15678807f89f
***HIDDEN*** - - [21/Nov/2023:15:28:37 +0000] "GET /auth/realms/knime/protocol/openid-connect/certs HTTP/1.1" 200 2909 "-" "Apache-HttpClient/4.5.14 (Java/17.0.9)" 1281 0.003 [knime-keycloak-8443] [] ***HIDDEN***:8443 2909 0.004 200 cf017dd4-f281-4c79-9eb6-9dc7deb3a9d5
***HIDDEN*** - - [21/Nov/2023:15:28:42 +0000] "GET /auth/realms/knime/protocol/openid-connect/certs HTTP/1.1" 200 2909 "-" "Apache-HttpClient/4.5.14 (Java/17.0.9)" 1281 0.002 [knime-keycloak-8443] [] ***HIDDEN***:8443 2909 0.004 200 e60e09c6-9293-4c3a-af42-303ab7a26c71
***HIDDEN*** - - [21/Nov/2023:15:28:47 +0000] "GET /auth/realms/knime/protocol/openid-connect/certs HTTP/1.1" 200 2909 "-" "Apache-HttpClient/4.5.14 (Java/17.0.9)" 1281 0.002 [knime-keycloak-8443] [] ***HIDDEN***:8443 2909 0.004 200 90f2e874-efa4-4f4e-bd49-77409e020272
***HIDDEN*** - - [21/Nov/2023:15:28:52 +0000] "GET /auth/realms/knime/protocol/openid-connect/certs HTTP/1.1" 200 2909 "-" "Apache-HttpClient/4.5.14 (Java/17.0.9)" 1281 0.002 [knime-keycloak-8443] [] ***HIDDEN***:8443 2909 0.000 200 061119ab-90b0-4625-b616-02094b1f2f6e
***HIDDEN*** - - [21/Nov/2023:15:28:57 +0000] "GET /auth/realms/knime/protocol/openid-connect/certs HTTP/1.1" 200 2909 "-" "Apache-HttpClient/4.5.14 (Java/17.0.9)" 1281 0.002 [knime-keycloak-8443] [] ***HIDDEN***:8443 2909 0.004 200 8f1c1455-c2ea-405e-a8ff-c58e83b4e8c9
***HIDDEN*** - - [21/Nov/2023:15:29:02 +0000] "GET /auth/realms/knime/protocol/openid-connect/certs HTTP/1.1" 200 2909 "-" "Apache-HttpClient/4.5.14 (Java/17.0.9)" 1281 0.002 [knime-keycloak-8443] [] ***HIDDEN***:8443 2909 0.000 200 86ffd0c8-3acd-4b14-9b44-0764e88a752a
***HIDDEN*** - - [21/Nov/2023:15:29:07 +0000] "GET /auth/realms/knime/protocol/openid-connect/certs HTTP/1.1" 200 2909 "-" "Apache-HttpClient/4.5.14 (Java/17.0.9)" 1281 0.002 [knime-keycloak-8443] [] ***HIDDEN***:8443 2909 0.004 200 addc7cc2-e661-4128-876d-0e475e438ac7
***HIDDEN*** - - [21/Nov/2023:15:29:12 +0000] "GET /auth/realms/knime/protocol/openid-connect/certs HTTP/1.1" 200 2909 "-" "Apache-HttpClient/4.5.14 (Java/17.0.9)" 1281 0.003 [knime-keycloak-8443] [] ***HIDDEN***:8443 2909 0.004 200 addd040a-b3f1-4e7b-9482-41699a3eecbb
***HIDDEN*** - - [21/Nov/2023:15:29:17 +0000] "GET /auth/realms/knime/protocol/openid-connect/certs HTTP/1.1" 200 2909 "-" "Apache-HttpClient/4.5.14 (Java/17.0.9)" 1281 0.002 [knime-keycloak-8443] [] ***HIDDEN***:8443 2909 0.004 200 9545f51f-8851-43ed-9b93-745ec4a0cceb
***HIDDEN*** - - [21/Nov/2023:15:29:22 +0000] "GET /auth/realms/knime/protocol/openid-connect/certs HTTP/1.1" 200 2909 "-" "Apache-HttpClient/4.5.14 (Java/17.0.9)" 1281 0.002 [knime-keycloak-8443] [] ***HIDDEN***:8443 2909 0.004 200 389a6b71-1a64-4674-ba58-3d6926873167
***HIDDEN*** - - [21/Nov/2023:15:29:27 +0000] "GET /auth/realms/knime/protocol/openid-connect/certs HTTP/1.1" 200 2909 "-" "Apache-HttpClient/4.5.14 (Java/17.0.9)" 1281 0.003 [knime-keycloak-8443] [] ***HIDDEN***:8443 2909 0.000 200 efc25c6b-b24f-423b-be2c-3d00c182f7ec
***HIDDEN*** - - [21/Nov/2023:15:29:32 +0000] "GET /auth/realms/knime/protocol/openid-connect/certs HTTP/1.1" 200 2909 "-" "Apache-HttpClient/4.5.14 (Java/17.0.9)" 1281 0.002 [knime-keycloak-8443] [] ***HIDDEN***:8443 2909 0.004 200 1c1558d7-57f7-41ce-bd5e-140f3b51510e
***HIDDEN*** - - [21/Nov/2023:15:29:37 +0000] "GET /auth/realms/knime/protocol/openid-connect/certs HTTP/1.1" 200 2909 "-" "Apache-HttpClient/4.5.14 (Java/17.0.9)" 1281 0.003 [knime-keycloak-8443] [] ***HIDDEN***:8443 2909 0.000 200 69a39db1-596b-4a69-93c9-1ec3f514a48c
***HIDDEN*** - - [21/Nov/2023:15:29:42 +0000] "GET /auth/realms/knime/protocol/openid-connect/certs HTTP/1.1" 200 2909 "-" "Apache-HttpClient/4.5.14 (Java/17.0.9)" 1281 0.002 [knime-keycloak-8443] [] ***HIDDEN***:8443 2909 0.004 200 c56e7216-c206-4946-ac9c-9ed777f13b98
***HIDDEN*** - - [21/Nov/2023:15:29:47 +0000] "GET /auth/realms/knime/protocol/openid-connect/certs HTTP/1.1" 200 2909 "-" "Apache-HttpClient/4.5.14 (Java/17.0.9)" 1281 0.002 [knime-keycloak-8443] [] ***HIDDEN***:8443 2909 0.000 200 c31a4caf-b292-4575-8a96-7f70dfe2a7da
***HIDDEN*** - - [21/Nov/2023:15:29:52 +0000] "GET /auth/realms/knime/protocol/openid-connect/certs HTTP/1.1" 200 2909 "-" "Apache-HttpClient/4.5.14 (Java/17.0.9)" 1281 0.002 [knime-keycloak-8443] [] ***HIDDEN***:8443 2909 0.004 200 73758c42-b727-4836-a9c3-cd55ac61b6e5
***HIDDEN*** - - [21/Nov/2023:15:29:57 +0000] "GET /auth/realms/knime/protocol/openid-connect/certs HTTP/1.1" 200 2909 "-" "Apache-HttpClient/4.5.14 (Java/17.0.9)" 1281 0.002 [knime-keycloak-8443] [] ***HIDDEN***:8443 2909 0.004 200 1fdb1772-ee3f-45fd-b20d-c4521e801ea9
***HIDDEN*** - - [21/Nov/2023:15:30:02 +0000] "GET /auth/realms/knime/protocol/openid-connect/certs HTTP/1.1" 200 2909 "-" "Apache-HttpClient/4.5.14 (Java/17.0.9)" 1281 0.003 [knime-keycloak-8443] [] ***HIDDEN***:8443 2909 0.004 200 ee4b0dd5-5260-404a-8e79-f70b13dd7ea3
***HIDDEN*** - - [21/Nov/2023:15:30:07 +0000] "GET /auth/realms/knime/protocol/openid-connect/certs HTTP/1.1" 200 2909 "-" "Apache-HttpClient/4.5.14 (Java/17.0.9)" 1281 0.002 [knime-keycloak-8443] [] ***HIDDEN***:8443 2909 0.004 200 358be352-c6bc-45ba-bcdb-3d40f3705a2d
***HIDDEN*** - - [21/Nov/2023:15:30:12 +0000] "GET /auth/realms/knime/protocol/openid-connect/certs HTTP/1.1" 200 2909 "-" "Apache-HttpClient/4.5.14 (Java/17.0.9)" 1281 0.002 [knime-keycloak-8443] [] ***HIDDEN***:8443 2909 0.000 200 5d1ccb89-4ed1-445a-97b9-7669d703bb9f
***HIDDEN*** - - [21/Nov/2023:15:30:17 +0000] "GET /auth/realms/knime/protocol/openid-connect/certs HTTP/1.1" 200 2909 "-" "Apache-HttpClient/4.5.14 (Java/17.0.9)" 1281 0.003 [knime-keycloak-8443] [] ***HIDDEN***:8443 2909 0.004 200 792c21b5-8ac8-46c3-937d-53774251ebb3
***HIDDEN*** - - [21/Nov/2023:15:30:22 +0000] "GET /auth/realms/knime/protocol/openid-connect/certs HTTP/1.1" 200 2909 "-" "Apache-HttpClient/4.5.14 (Java/17.0.9)" 1281 0.002 [knime-keycloak-8443] [] ***HIDDEN***:8443 2909 0.004 200 9ecd3aaa-91f4-9782-b024-f3c4c15d906c
***HIDDEN*** - - [21/Nov/2023:15:30:27 +0000] "GET /auth/realms/knime/protocol/openid-connect/certs HTTP/1.1" 200 2909 "-" "Apache-HttpClient/4.5.14 (Java/17.0.9)" 1281 0.002 [knime-keycloak-8443] [] ***HIDDEN***:8443 2909 0.004 200 08d1321d-c36e-48ae-bcf6-3220ad1d022e
***HIDDEN*** - - [21/Nov/2023:15:30:32 +0000] "GET /auth/realms/knime/protocol/openid-connect/certs HTTP/1.1" 200 2909 "-" "Apache-HttpClient/4.5.14 (Java/17.0.9)" 1281 0.002 [knime-keycloak-8443] [] ***HIDDEN***:8443 2909 0.004 200 02e865cb-628d-4d9b-9d50-d94966d062f1
***HIDDEN*** - - [21/Nov/2023:15:30:37 +0000] "GET /auth/realms/knime/protocol/openid-connect/certs HTTP/1.1" 200 2909 "-" "Apache-HttpClient/4.5.14 (Java/17.0.9)" 1281 0.002 [knime-keycloak-8443] [] ***HIDDEN***:8443 2909 0.004 200 6620bf59-72b9-41f6-a37a-2d6a7d9de8ec
***HIDDEN*** - - [21/Nov/2023:15:30:42 +0000] "GET /auth/realms/knime/protocol/openid-connect/certs HTTP/1.1" 200 2909 "-" "Apache-HttpClient/4.5.14 (Java/17.0.9)" 1281 0.002 [knime-keycloak-8443] [] ***HIDDEN***:8443 2909 0.004 200 37f6bd61-1030-4c65-bd4d-c6a8d4ebe15a
***HIDDEN*** - - [21/Nov/2023:15:30:47 +0000] "GET /auth/realms/knime/protocol/openid-connect/certs HTTP/1.1" 200 2909 "-" "Apache-HttpClient/4.5.14 (Java/17.0.9)" 1281 0.002 [knime-keycloak-8443] [] ***HIDDEN***:8443 2909 0.004 200 88510309-99b5-46c9-86b9-7b25f6de0224
***HIDDEN*** - - [21/Nov/2023:15:30:52 +0000] "GET /auth/realms/knime/protocol/openid-connect/certs HTTP/1.1" 200 2909 "-" "Apache-HttpClient/4.5.14 (Java/17.0.9)" 1281 0.002 [knime-keycloak-8443] [] ***HIDDEN***:8443 2909 0.004 200 d9ec7d53-4f98-4414-9afd-b79e12361336
***HIDDEN*** - - [21/Nov/2023:15:30:57 +0000] "GET /auth/realms/knime/protocol/openid-connect/certs HTTP/1.1" 200 2909 "-" "Apache-HttpClient/4.5.14 (Java/17.0.9)" 1281 0.002 [knime-keycloak-8443] [] ***HIDDEN***:8443 2909 0.004 200 cf0aa322-a58e-4aa6-af08-061d8fc0da45
***HIDDEN*** - - [21/Nov/2023:15:31:02 +0000] "GET /auth/realms/knime/protocol/openid-connect/certs HTTP/1.1" 200 2909 "-" "Apache-HttpClient/4.5.14 (Java/17.0.9)" 1281 0.002 [knime-keycloak-8443] [] ***HIDDEN***:8443 2909 0.004 200 055df1ab-cf41-469c-8913-1af499424f7f
***HIDDEN*** - - [21/Nov/2023:15:31:07 +0000] "GET /auth/realms/knime/protocol/openid-connect/certs HTTP/1.1" 200 2909 "-" "Apache-HttpClient/4.5.14 (Java/17.0.9)" 1281 0.002 [knime-keycloak-8443] [] ***HIDDEN***:8443 2909 0.000 200 6c52828f-8962-41ae-81f0-4d2392d18bb9
***HIDDEN*** - - [21/Nov/2023:15:31:12 +0000] "GET /auth/realms/knime/protocol/openid-connect/certs HTTP/1.1" 200 2909 "-" "Apache-HttpClient/4.5.14 (Java/17.0.9)" 1281 0.002 [knime-keycloak-8443] [] ***HIDDEN***:8443 2909 0.004 200 e602edf7-cd6e-46bd-947b-5637b1c288fb
***HIDDEN*** - - [21/Nov/2023:15:31:17 +0000] "GET /auth/realms/knime/protocol/openid-connect/certs HTTP/1.1" 200 2909 "-" "Apache-HttpClient/4.5.14 (Java/17.0.9)" 1281 0.002 [knime-keycloak-8443] [] ***HIDDEN***:8443 2909 0.004 200 e75431d2-7723-4fe8-b041-28f67320b3bb
***HIDDEN*** - - [21/Nov/2023:15:31:22 +0000] "GET /auth/realms/knime/protocol/openid-connect/certs HTTP/1.1" 200 2909 "-" "Apache-HttpClient/4.5.14 (Java/17.0.9)" 1281 0.002 [knime-keycloak-8443] [] ***HIDDEN***:8443 2909 0.000 200 ca03ace7-5552-4212-b19c-ceec3b5892f3
***HIDDEN*** - search-sync-service [21/Nov/2023:15:31:27 +0000] "POST /auth/realms/knime/protocol/openid-connect/token HTTP/1.1" 200 1225 "-" "Vert.x-WebClient/4.4.4" 1504 0.018 [knime-keycloak-8443] [] ***HIDDEN***:8443 1225 0.020 200 95edd8fe-7198-4e64-a72d-c497e84a688d
***HIDDEN*** - - [21/Nov/2023:15:31:27 +0000] "GET /auth/realms/knime/protocol/openid-connect/certs HTTP/1.1" 200 2909 "-" "Apache-HttpClient/4.5.14 (Java/17.0.9)" 1281 0.002 [knime-keycloak-8443] [] ***HIDDEN***:8443 2909 0.004 200 2a1d0044-26c7-4a44-89c8-27eae14f4070
***HIDDEN*** - - [21/Nov/2023:15:31:32 +0000] "GET /auth/realms/knime/protocol/openid-connect/certs HTTP/1.1" 200 2909 "-" "Apache-HttpClient/4.5.14 (Java/17.0.9)" 1281 0.002 [knime-keycloak-8443] [] ***HIDDEN***:8443 2909 0.004 200 0a56815c-e0b7-43f8-b054-2fdbeb659cb7
***HIDDEN*** - - [21/Nov/2023:15:31:37 +0000] "GET /auth/realms/knime/protocol/openid-connect/certs HTTP/1.1" 200 2909 "-" "Apache-HttpClient/4.5.14 (Java/17.0.9)" 1281 0.002 [knime-keycloak-8443] [] ***HIDDEN***:8443 2909 0.004 200 051ef9e6-3ceb-43a7-b2fd-a1701f491ed4
***HIDDEN*** - - [21/Nov/2023:15:31:42 +0000] "GET /auth/realms/knime/protocol/openid-connect/certs HTTP/1.1" 200 2909 "-" "Apache-HttpClient/4.5.14 (Java/17.0.9)" 1281 0.003 [knime-keycloak-8443] [] ***HIDDEN***:8443 2909 0.000 200 060ba73a-e338-423c-a4e1-c92c6b3dc5be
***HIDDEN*** - - [21/Nov/2023:15:31:47 +0000] "GET /auth/realms/knime/protocol/openid-connect/certs HTTP/1.1" 200 2909 "-" "Apache-HttpClient/4.5.14 (Java/17.0.9)" 1281 0.002 [knime-keycloak-8443] [] ***HIDDEN***:8443 2909 0.004 200 8755ca62-9a77-4ef4-8691-a0256eb7f18f
***HIDDEN*** - - [21/Nov/2023:15:31:52 +0000] "GET /auth/realms/knime/protocol/openid-connect/certs HTTP/1.1" 200 2909 "-" "Apache-HttpClient/4.5.14 (Java/17.0.9)" 1281 0.002 [knime-keycloak-8443] [] ***HIDDEN***:8443 2909 0.004 200 c4560348-5db5-4e44-9c31-65a36d2d4dbd
***HIDDEN*** - - [21/Nov/2023:15:31:57 +0000] "GET /auth/realms/knime/protocol/openid-connect/certs HTTP/1.1" 200 2909 "-" "Apache-HttpClient/4.5.14 (Java/17.0.9)" 1281 0.002 [knime-keycloak-8443] [] ***HIDDEN***:8443 2909 0.000 200 87f4e158-fb6b-4eed-bf0c-97e76c6ca82d
***HIDDEN*** - - [21/Nov/2023:15:32:02 +0000] "GET /auth/realms/knime/protocol/openid-connect/certs HTTP/1.1" 200 2909 "-" "Apache-HttpClient/4.5.14 (Java/17.0.9)" 1281 0.002 [knime-keycloak-8443] [] ***HIDDEN***:8443 2909 0.004 200 d22742c0-f90e-4341-9e78-ed3cb5e8f83a
***HIDDEN*** - - [21/Nov/2023:15:32:07 +0000] "GET /auth/realms/knime/protocol/openid-connect/certs HTTP/1.1" 200 2909 "-" "Apache-HttpClient/4.5.14 (Java/17.0.9)" 1281 0.002 [knime-keycloak-8443] [] ***HIDDEN***:8443 2909 0.004 200 52a2968b-fcec-476e-a8a2-e1ae2c835b0a
***HIDDEN*** - - [21/Nov/2023:15:32:12 +0000] "GET /auth/realms/knime/protocol/openid-connect/certs HTTP/1.1" 200 2909 "-" "Apache-HttpClient/4.5.14 (Java/17.0.9)" 1281 0.002 [knime-keycloak-8443] [] ***HIDDEN***:8443 2909 0.004 200 eb47d400-3032-4cce-8b19-39e57640d07d
***HIDDEN*** - - [21/Nov/2023:15:32:17 +0000] "GET /auth/realms/knime/protocol/openid-connect/certs HTTP/1.1" 200 2909 "-" "Apache-HttpClient/4.5.14 (Java/17.0.9)" 1281 0.002 [knime-keycloak-8443] [] ***HIDDEN***:8443 2909 0.000 200 076b5228-0157-4f63-82d2-b0150b715908
***HIDDEN*** - - [21/Nov/2023:15:32:22 +0000] "GET /auth/realms/knime/protocol/openid-connect/certs HTTP/1.1" 200 2909 "-" "Apache-HttpClient/4.5.14 (Java/17.0.9)" 1281 0.002 [knime-keycloak-8443] [] ***HIDDEN***:8443 2909 0.004 200 afe7cf0e-5192-4cb1-89ad-f7dded7b28fb
***HIDDEN*** - - [21/Nov/2023:15:32:27 +0000] "GET /auth/realms/knime/protocol/openid-connect/certs HTTP/1.1" 200 2909 "-" "Apache-HttpClient/4.5.14 (Java/17.0.9)" 1281 0.002 [knime-keycloak-8443] [] ***HIDDEN***:8443 2909 0.004 200 01042961-4f8b-44f4-8ab8-25faa3e25039
***HIDDEN*** - - [21/Nov/2023:15:32:32 +0000] "GET /auth/realms/knime/protocol/openid-connect/certs HTTP/1.1" 200 2909 "-" "Apache-HttpClient/4.5.14 (Java/17.0.9)" 1281 0.002 [knime-keycloak-8443] [] ***HIDDEN***:8443 2909 0.000 200 6b6d1b15-df25-4ef9-8ad2-da54413259ad
***HIDDEN*** - - [21/Nov/2023:15:32:37 +0000] "GET /auth/realms/knime/protocol/openid-connect/certs HTTP/1.1" 200 2909 "-" "Apache-HttpClient/4.5.14 (Java/17.0.9)" 1281 0.002 [knime-keycloak-8443] [] ***HIDDEN***:8443 2909 0.004 200 da0a84c3-25f6-4301-b1b8-ea72f10ac85a
***HIDDEN*** - - [21/Nov/2023:15:32:42 +0000] "GET /auth/realms/knime/protocol/openid-connect/certs HTTP/1.1" 200 2909 "-" "Apache-HttpClient/4.5.14 (Java/17.0.9)" 1281 0.003 [knime-keycloak-8443] [] ***HIDDEN***:8443 2909 0.004 200 12e4629f-0081-49dd-a666-871584b1148f
***HIDDEN*** - - [21/Nov/2023:15:32:47 +0000] "GET /auth/realms/knime/protocol/openid-connect/certs HTTP/1.1" 200 2909 "-" "Apache-HttpClient/4.5.14 (Java/17.0.9)" 1281 0.002 [knime-keycloak-8443] [] ***HIDDEN***:8443 2909 0.004 200 82765b02-7c52-446c-a543-9275ba96c66f
***HIDDEN*** - - [21/Nov/2023:15:32:52 +0000] "GET /auth/realms/knime/protocol/openid-connect/certs HTTP/1.1" 200 2909 "-" "Apache-HttpClient/4.5.14 (Java/17.0.9)" 1281 0.002 [knime-keycloak-8443] [] ***HIDDEN***:8443 2909 0.004 200 73a2f5a2-b80e-4081-ae9d-abf974297b24
***HIDDEN*** - - [21/Nov/2023:15:32:57 +0000] "GET /auth/realms/knime/protocol/openid-connect/certs HTTP/1.1" 200 2909 "-" "Apache-HttpClient/4.5.14 (Java/17.0.9)" 1281 0.002 [knime-keycloak-8443] [] ***HIDDEN***:8443 2909 0.004 200 351c0444-15df-46e6-87f2-82284e223bd8
***HIDDEN*** - - [21/Nov/2023:15:33:02 +0000] "GET /auth/realms/knime/protocol/openid-connect/certs HTTP/1.1" 200 2909 "-" "Apache-HttpClient/4.5.14 (Java/17.0.9)" 1281 0.002 [knime-keycloak-8443] [] ***HIDDEN***:8443 2909 0.004 200 8d14e6ce-a7fe-49fe-b60d-773d17e14bf5
***HIDDEN*** - - [21/Nov/2023:15:33:07 +0000] "GET /auth/realms/knime/protocol/openid-connect/certs HTTP/1.1" 200 2909 "-" "Apache-HttpClient/4.5.14 (Java/17.0.9)" 1281 0.003 [knime-keycloak-8443] [] ***HIDDEN***:8443 2909 0.000 200 9af2709d-5a8f-4537-87ad-51f7b5fc75ee
***HIDDEN*** - - [21/Nov/2023:15:33:12 +0000] "GET /auth/realms/knime/protocol/openid-connect/certs HTTP/1.1" 200 2909 "-" "Apache-HttpClient/4.5.14 (Java/17.0.9)" 1281 0.003 [knime-keycloak-8443] [] ***HIDDEN***:8443 2909 0.004 200 4575324a-1699-4f5f-bb6b-4f14f7c45f3b
***HIDDEN*** - - [21/Nov/2023:15:33:17 +0000] "GET /auth/realms/knime/protocol/openid-connect/certs HTTP/1.1" 200 2909 "-" "Apache-HttpClient/4.5.14 (Java/17.0.9)" 1281 0.003 [knime-keycloak-8443] [] ***HIDDEN***:8443 2909 0.004 200 8fc65973-fba2-479c-9252-85dc7e4fbf69
***HIDDEN*** - - [21/Nov/2023:15:33:22 +0000] "GET /auth/realms/knime/protocol/openid-connect/certs HTTP/1.1" 200 2909 "-" "Apache-HttpClient/4.5.14 (Java/17.0.9)" 1281 0.002 [knime-keycloak-8443] [] ***HIDDEN***:8443 2909 0.004 200 3a44af67-f3d0-44d3-aaa7-e0413c48b352
***HIDDEN*** - - [21/Nov/2023:15:33:27 +0000] "GET /auth/realms/knime/protocol/openid-connect/certs HTTP/1.1" 200 2909 "-" "Apache-HttpClient/4.5.14 (Java/17.0.9)" 1281 0.002 [knime-keycloak-8443] [] ***HIDDEN***:8443 2909 0.000 200 b032c60e-6e56-4dc8-ae8b-4c8f986da267
***HIDDEN*** - - [21/Nov/2023:15:33:32 +0000] "GET /auth/realms/knime/protocol/openid-connect/certs HTTP/1.1" 200 2909 "-" "Apache-HttpClient/4.5.14 (Java/17.0.9)" 1281 0.002 [knime-keycloak-8443] [] ***HIDDEN***:8443 2909 0.004 200 435400f9-e643-4a3f-9176-f7ef98e027b8
***HIDDEN*** - - [21/Nov/2023:15:33:37 +0000] "GET /auth/realms/knime/protocol/openid-connect/certs HTTP/1.1" 200 2909 "-" "Apache-HttpClient/4.5.14 (Java/17.0.9)" 1281 0.002 [knime-keycloak-8443] [] ***HIDDEN***:8443 2909 0.000 200 693c339c-454b-46bf-b7da-4bd52e0cf78e
***HIDDEN*** - - [21/Nov/2023:15:33:42 +0000] "GET /auth/realms/knime/protocol/openid-connect/certs HTTP/1.1" 200 2909 "-" "Apache-HttpClient/4.5.14 (Java/17.0.9)" 1281 0.002 [knime-keycloak-8443] [] ***HIDDEN***:8443 2909 0.000 200 d378c590-3b44-4ba8-8070-d21af3ef265f
***HIDDEN*** - - [21/Nov/2023:15:33:47 +0000] "GET /auth/realms/knime/protocol/openid-connect/certs HTTP/1.1" 200 2909 "-" "Apache-HttpClient/4.5.14 (Java/17.0.9)" 1281 0.003 [knime-keycloak-8443] [] ***HIDDEN***:8443 2909 0.000 200 496f53e3-4236-42c6-a0d1-f242147cacf8
***HIDDEN*** - - [21/Nov/2023:15:33:52 +0000] "GET /auth/realms/knime/protocol/openid-connect/certs HTTP/1.1" 200 2909 "-" "Apache-HttpClient/4.5.14 (Java/17.0.9)" 1281 0.002 [knime-keycloak-8443] [] ***HIDDEN***:8443 2909 0.004 200 f5ad168a-4da7-4a94-8dca-e16ca712c39d
***HIDDEN*** - - [21/Nov/2023:15:33:57 +0000] "GET /auth/realms/knime/protocol/openid-connect/certs HTTP/1.1" 200 2909 "-" "Apache-HttpClient/4.5.14 (Java/17.0.9)" 1281 0.002 [knime-keycloak-8443] [] ***HIDDEN***:8443 2909 0.004 200 e61f1a03-968f-4bf8-821c-e5b0703118cc
***HIDDEN*** - - [21/Nov/2023:15:34:02 +0000] "GET /auth/realms/knime/protocol/openid-connect/certs HTTP/1.1" 200 2909 "-" "Apache-HttpClient/4.5.14 (Java/17.0.9)" 1281 0.002 [knime-keycloak-8443] [] ***HIDDEN***:8443 2909 0.000 200 d425b927-8187-45fc-9c4c-4674e2b6f891
***HIDDEN*** - - [21/Nov/2023:15:34:07 +0000] "GET /auth/realms/knime/protocol/openid-connect/certs HTTP/1.1" 200 2909 "-" "Apache-HttpClient/4.5.14 (Java/17.0.9)" 1281 0.002 [knime-keycloak-8443] [] ***HIDDEN***:8443 2909 0.004 200 948c33f4-9dcb-4808-8448-acdc78d3d089
***HIDDEN*** - - [21/Nov/2023:15:34:12 +0000] "GET /auth/realms/knime/protocol/openid-connect/certs HTTP/1.1" 200 2909 "-" "Apache-HttpClient/4.5.14 (Java/17.0.9)" 1281 0.002 [knime-keycloak-8443] [] ***HIDDEN***:8443 2909 0.004 200 f915f199-0d9a-4e47-89d1-f99e39aca0fc
***HIDDEN*** - - [21/Nov/2023:15:34:17 +0000] "GET /auth/realms/knime/protocol/openid-connect/certs HTTP/1.1" 200 2909 "-" "Apache-HttpClient/4.5.14 (Java/17.0.9)" 1281 0.002 [knime-keycloak-8443] [] ***HIDDEN***:8443 2909 0.004 200 07efc478-2375-4a12-819d-31b056308e93
***HIDDEN*** - - [21/Nov/2023:15:34:22 +0000] "GET /auth/realms/knime/protocol/openid-connect/certs HTTP/1.1" 200 2909 "-" "Apache-HttpClient/4.5.14 (Java/17.0.9)" 1281 0.002 [knime-keycloak-8443] [] ***HIDDEN***:8443 2909 0.004 200 0605c64f-3d1e-4300-84af-073fe9f854bc
***HIDDEN*** - - [21/Nov/2023:15:34:27 +0000] "GET /auth/realms/knime/protocol/openid-connect/certs HTTP/1.1" 200 2909 "-" "Apache-HttpClient/4.5.14 (Java/17.0.9)" 1281 0.002 [knime-keycloak-8443] [] ***HIDDEN***:8443 2909 0.004 200 b4b73e89-ce8b-4500-8986-14cba82d5a46
***HIDDEN*** - - [21/Nov/2023:15:34:32 +0000] "GET /auth/realms/knime/protocol/openid-connect/certs HTTP/1.1" 200 2909 "-" "Apache-HttpClient/4.5.14 (Java/17.0.9)" 1281 0.002 [knime-keycloak-8443] [] ***HIDDEN***:8443 2909 0.004 200 e18ac5f0-06de-43c0-a369-291755fae76a
***HIDDEN*** - - [21/Nov/2023:15:34:37 +0000] "GET /auth/realms/knime/protocol/openid-connect/certs HTTP/1.1" 200 2909 "-" "Apache-HttpClient/4.5.14 (Java/17.0.9)" 1281 0.003 [knime-keycloak-8443] [] ***HIDDEN***:8443 2909 0.000 200 70cad746-fdba-4ede-952d-4d493d80062c
***HIDDEN*** - - [21/Nov/2023:15:34:42 +0000] "GET /auth/realms/knime/protocol/openid-connect/certs HTTP/1.1" 200 2909 "-" "Apache-HttpClient/4.5.14 (Java/17.0.9)" 1281 0.002 [knime-keycloak-8443] [] ***HIDDEN***:8443 2909 0.004 200 074da0dd-e0c7-4985-94ba-3977247791e3
***HIDDEN*** - - [21/Nov/2023:15:34:47 +0000] "GET /auth/realms/knime/protocol/openid-connect/certs HTTP/1.1" 200 2909 "-" "Apache-HttpClient/4.5.14 (Java/17.0.9)" 1281 0.002 [knime-keycloak-8443] [] ***HIDDEN***:8443 2909 0.004 200 3bd08885-8f9b-478f-b78c-28b614588346
***HIDDEN*** - - [21/Nov/2023:15:34:52 +0000] "GET /auth/realms/knime/protocol/openid-connect/certs HTTP/1.1" 200 2909 "-" "Apache-HttpClient/4.5.14 (Java/17.0.9)" 1281 0.002 [knime-keycloak-8443] [] ***HIDDEN***:8443 2909 0.000 200 8f3fbc6d-b85d-4c7d-a771-78dab6b313ca
***HIDDEN*** - - [21/Nov/2023:15:34:57 +0000] "GET /auth/realms/knime/protocol/openid-connect/certs HTTP/1.1" 200 2909 "-" "Apache-HttpClient/4.5.14 (Java/17.0.9)" 1281 0.002 [knime-keycloak-8443] [] ***HIDDEN***:8443 2909 0.004 200 f23f7c4c-b5fe-49ba-b8b3-44f7e8a6ee30
***HIDDEN*** - - [21/Nov/2023:15:35:02 +0000] "GET /auth/realms/knime/protocol/openid-connect/certs HTTP/1.1" 200 2909 "-" "Apache-HttpClient/4.5.14 (Java/17.0.9)" 1281 0.002 [knime-keycloak-8443] [] ***HIDDEN***:8443 2909 0.004 200 9516a4ac-8ed2-46e1-9af7-95cfcd2fa2ac
***HIDDEN*** - - [21/Nov/2023:15:35:07 +0000] "GET /auth/realms/knime/protocol/openid-connect/certs HTTP/1.1" 200 2909 "-" "Apache-HttpClient/4.5.14 (Java/17.0.9)" 1281 0.002 [knime-keycloak-8443] [] ***HIDDEN***:8443 2909 0.004 200 5c14d2f6-5cd2-4ed2-8468-018db2a4a2ce
***HIDDEN*** - - [21/Nov/2023:15:35:12 +0000] "GET /auth/realms/knime/protocol/openid-connect/certs HTTP/1.1" 200 2909 "-" "Apache-HttpClient/4.5.14 (Java/17.0.9)" 1281 0.002 [knime-keycloak-8443] [] ***HIDDEN***:8443 2909 0.004 200 2b899c5c-3868-49f4-b942-f0c818dd2536
***HIDDEN*** - - [21/Nov/2023:15:35:17 +0000] "GET /auth/realms/knime/protocol/openid-connect/certs HTTP/1.1" 200 2909 "-" "Apache-HttpClient/4.5.14 (Java/17.0.9)" 1281 0.002 [knime-keycloak-8443] [] ***HIDDEN***:8443 2909 0.004 200 be8624f5-aab2-4103-95d2-a72cbe580e29
***HIDDEN*** - - [21/Nov/2023:15:35:22 +0000] "GET /auth/realms/knime/protocol/openid-connect/certs HTTP/1.1" 200 2909 "-" "Apache-HttpClient/4.5.14 (Java/17.0.9)" 1281 0.002 [knime-keycloak-8443] [] ***HIDDEN***:8443 2909 0.004 200 7fb49314-92b5-4c68-b2b3-b1b4ada27405
***HIDDEN*** - - [21/Nov/2023:15:35:27 +0000] "GET /auth/realms/knime/protocol/openid-connect/certs HTTP/1.1" 200 2909 "-" "Apache-HttpClient/4.5.14 (Java/17.0.9)" 1281 0.002 [knime-keycloak-8443] [] ***HIDDEN***:8443 2909 0.000 200 5058d5ed-1c4c-45a2-89fc-40babf64b0c6
***HIDDEN*** - - [21/Nov/2023:15:35:32 +0000] "GET /auth/realms/knime/protocol/openid-connect/certs HTTP/1.1" 200 2909 "-" "Apache-HttpClient/4.5.14 (Java/17.0.9)" 1281 0.002 [knime-keycloak-8443] [] ***HIDDEN***:8443 2909 0.004 200 28f173b0-b50a-497c-9e91-4744340cf3c0
***HIDDEN*** - - [21/Nov/2023:15:35:37 +0000] "GET /auth/realms/knime/protocol/openid-connect/certs HTTP/1.1" 200 2909 "-" "Apache-HttpClient/4.5.14 (Java/17.0.9)" 1281 0.002 [knime-keycloak-8443] [] ***HIDDEN***:8443 2909 0.004 200 a31cb20e-b9cd-4f6b-b8f9-dbc2d5124eca
***HIDDEN*** - - [21/Nov/2023:15:35:42 +0000] "GET /auth/realms/knime/protocol/openid-connect/certs HTTP/1.1" 200 2909 "-" "Apache-HttpClient/4.5.14 (Java/17.0.9)" 1281 0.002 [knime-keycloak-8443] [] ***HIDDEN***:8443 2909 0.004 200 e3557509-ec68-406b-91f8-1f08db8235f7
***HIDDEN*** - - [21/Nov/2023:15:35:47 +0000] "GET /auth/realms/knime/protocol/openid-connect/certs HTTP/1.1" 200 2909 "-" "Apache-HttpClient/4.5.14 (Java/17.0.9)" 1281 0.002 [knime-keycloak-8443] [] ***HIDDEN***:8443 2909 0.004 200 8b6acca5-b0bc-4aab-904d-d6bf953c5cef
***HIDDEN*** - - [21/Nov/2023:15:35:52 +0000] "GET /auth/realms/knime/protocol/openid-connect/certs HTTP/1.1" 200 2909 "-" "Apache-HttpClient/4.5.14 (Java/17.0.9)" 1281 0.008 [knime-keycloak-8443] [] ***HIDDEN***:8443 2909 0.012 200 56dd47c5-7012-4d05-87ac-ae049cdd6b93
***HIDDEN*** - - [21/Nov/2023:15:35:57 +0000] "GET /auth/realms/knime/protocol/openid-connect/certs HTTP/1.1" 200 2909 "-" "Apache-HttpClient/4.5.14 (Java/17.0.9)" 1281 0.002 [knime-keycloak-8443] [] ***HIDDEN***:8443 2909 0.004 200 3b975140-f304-4151-830a-13ed503a7dd8
***HIDDEN*** - - [21/Nov/2023:15:36:02 +0000] "GET /auth/realms/knime/protocol/openid-connect/certs HTTP/1.1" 200 2909 "-" "Apache-HttpClient/4.5.14 (Java/17.0.9)" 1281 0.002 [knime-keycloak-8443] [] ***HIDDEN***:8443 2909 0.000 200 cac1a382-b796-400a-8e8f-9759d0da4a25
***HIDDEN*** - - [21/Nov/2023:15:36:07 +0000] "GET /auth/realms/knime/protocol/openid-connect/certs HTTP/1.1" 200 2909 "-" "Apache-HttpClient/4.5.14 (Java/17.0.9)" 1281 0.002 [knime-keycloak-8443] [] ***HIDDEN***:8443 2909 0.004 200 d1292361-72a1-4a17-97d3-a3ccf865dc11
***HIDDEN*** - - [21/Nov/2023:15:36:12 +0000] "GET /auth/realms/knime/protocol/openid-connect/certs HTTP/1.1" 200 2909 "-" "Apache-HttpClient/4.5.14 (Java/17.0.9)" 1281 0.003 [knime-keycloak-8443] [] ***HIDDEN***:8443 2909 0.004 200 ca3cd923-ef09-4073-869b-a0f6f8c8f414
***HIDDEN*** - - [21/Nov/2023:15:36:17 +0000] "GET /auth/realms/knime/protocol/openid-connect/certs HTTP/1.1" 200 2909 "-" "Apache-HttpClient/4.5.14 (Java/17.0.9)" 1281 0.002 [knime-keycloak-8443] [] ***HIDDEN***:8443 2909 0.000 200 c2ad9257-1e3d-4237-8078-b5c2be88678b
***HIDDEN*** - - [21/Nov/2023:15:36:22 +0000] "GET /auth/realms/knime/protocol/openid-connect/certs HTTP/1.1" 200 2909 "-" "Apache-HttpClient/4.5.14 (Java/17.0.9)" 1281 0.003 [knime-keycloak-8443] [] ***HIDDEN***:8443 2909 0.004 200 731b93f3-8604-42cd-a3e5-ac392ba6e8d9
***HIDDEN*** - - [21/Nov/2023:15:36:27 +0000] "GET /auth/realms/knime/protocol/openid-connect/certs HTTP/1.1" 200 2909 "-" "Apache-HttpClient/4.5.14 (Java/17.0.9)" 1281 0.002 [knime-keycloak-8443] [] ***HIDDEN***:8443 2909 0.000 200 d5e52868-099d-4d75-ab33-82ea1f8e0b1d
***HIDDEN*** - - [21/Nov/2023:15:36:32 +0000] "GET /auth/realms/knime/protocol/openid-connect/certs HTTP/1.1" 200 2909 "-" "Apache-HttpClient/4.5.14 (Java/17.0.9)" 1281 0.002 [knime-keycloak-8443] [] ***HIDDEN***:8443 2909 0.004 200 f9b2ccb8-4577-44b0-a208-503732d534e3
***HIDDEN*** - - [21/Nov/2023:15:36:37 +0000] "GET /auth/realms/knime/protocol/openid-connect/certs HTTP/1.1" 200 2909 "-" "Apache-HttpClient/4.5.14 (Java/17.0.9)" 1281 0.002 [knime-keycloak-8443] [] ***HIDDEN***:8443 2909 0.000 200 19e56674-0215-410b-9721-2b7256c61007
***HIDDEN*** - - [21/Nov/2023:15:36:42 +0000] "GET /auth/realms/knime/protocol/openid-connect/certs HTTP/1.1" 200 2909 "-" "Apache-HttpClient/4.5.14 (Java/17.0.9)" 1281 0.002 [knime-keycloak-8443] [] ***HIDDEN***:8443 2909 0.004 200 628f92b5-0cee-4b0a-89d9-02522bb539eb
***HIDDEN*** - - [21/Nov/2023:15:36:47 +0000] "GET /auth/realms/knime/protocol/openid-connect/certs HTTP/1.1" 200 2909 "-" "Apache-HttpClient/4.5.14 (Java/17.0.9)" 1281 0.002 [knime-keycloak-8443] [] ***HIDDEN***:8443 2909 0.004 200 f4fa499a-6933-434d-ac25-eba49b24de93
***HIDDEN*** - - [21/Nov/2023:15:36:52 +0000] "GET /auth/realms/knime/protocol/openid-connect/certs HTTP/1.1" 200 2909 "-" "Apache-HttpClient/4.5.14 (Java/17.0.9)" 1281 0.002 [knime-keycloak-8443] [] ***HIDDEN***:8443 2909 0.000 200 461e74b6-92bc-4480-9e2e-e1c7b8912d49
***HIDDEN*** - - [21/Nov/2023:15:36:57 +0000] "GET /auth/realms/knime/protocol/openid-connect/certs HTTP/1.1" 200 2909 "-" "Apache-HttpClient/4.5.14 (Java/17.0.9)" 1281 0.002 [knime-keycloak-8443] [] ***HIDDEN***:8443 2909 0.004 200 2cb0781a-6746-4797-8be8-87e71fd06d14
***HIDDEN*** - - [21/Nov/2023:15:37:02 +0000] "GET /auth/realms/knime/protocol/openid-connect/certs HTTP/1.1" 200 2909 "-" "Apache-HttpClient/4.5.14 (Java/17.0.9)" 1281 0.005 [knime-keycloak-8443] [] ***HIDDEN***:8443 2909 0.008 200 db8e5ece-0159-4ce8-9179-84d3ac469e85
***HIDDEN*** - - [21/Nov/2023:15:37:07 +0000] "GET /auth/realms/knime/protocol/openid-connect/certs HTTP/1.1" 200 2909 "-" "Apache-HttpClient/4.5.14 (Java/17.0.9)" 1281 0.002 [knime-keycloak-8443] [] ***HIDDEN***:8443 2909 0.004 200 19f742f7-b434-43d9-a1c5-2ae64b061571
***HIDDEN*** - - [21/Nov/2023:15:37:12 +0000] "GET /auth/realms/knime/protocol/openid-connect/certs HTTP/1.1" 200 2909 "-" "Apache-HttpClient/4.5.14 (Java/17.0.9)" 1281 0.002 [knime-keycloak-8443] [] ***HIDDEN***:8443 2909 0.000 200 0682d9ec-fb38-409c-b26f-08ec2d6429de
***HIDDEN*** - - [21/Nov/2023:15:37:17 +0000] "GET /auth/realms/knime/protocol/openid-connect/certs HTTP/1.1" 200 2909 "-" "Apache-HttpClient/4.5.14 (Java/17.0.9)" 1281 0.002 [knime-keycloak-8443] [] ***HIDDEN***:8443 2909 0.004 200 0539f233-093f-49b4-9999-80a0e282f047
***HIDDEN*** - - [21/Nov/2023:15:37:22 +0000] "GET /auth/realms/knime/protocol/openid-connect/certs HTTP/1.1" 200 2909 "-" "Apache-HttpClient/4.5.14 (Java/17.0.9)" 1281 0.002 [knime-keycloak-8443] [] ***HIDDEN***:8443 2909 0.004 200 8e0f40f2-87a1-4b5b-9aaf-5cacf116910f
***HIDDEN*** - - [21/Nov/2023:15:37:27 +0000] "GET /auth/realms/knime/protocol/openid-connect/certs HTTP/1.1" 200 2909 "-" "Apache-HttpClient/4.5.14 (Java/17.0.9)" 1281 0.002 [knime-keycloak-8443] [] ***HIDDEN***:8443 2909 0.004 200 a503d382-678a-4d0a-b909-b2b22871ad21
***HIDDEN*** - - [21/Nov/2023:15:37:32 +0000] "GET /auth/realms/knime/protocol/openid-connect/certs HTTP/1.1" 200 2909 "-" "Apache-HttpClient/4.5.14 (Java/17.0.9)" 1281 0.002 [knime-keycloak-8443] [] ***HIDDEN***:8443 2909 0.004 200 0134fb1d-49ed-4dfa-908f-f469a70cadc6
***HIDDEN*** - - [21/Nov/2023:15:37:37 +0000] "GET /auth/realms/knime/protocol/openid-connect/certs HTTP/1.1" 200 2909 "-" "Apache-HttpClient/4.5.14 (Java/17.0.9)" 1281 0.002 [knime-keycloak-8443] [] ***HIDDEN***:8443 2909 0.004 200 35cc45cb-2c99-498a-8733-4bd87f036795
***HIDDEN*** - - [21/Nov/2023:15:37:42 +0000] "GET /auth/realms/knime/protocol/openid-connect/certs HTTP/1.1" 200 2909 "-" "Apache-HttpClient/4.5.14 (Java/17.0.9)" 1281 0.002 [knime-keycloak-8443] [] ***HIDDEN***:8443 2909 0.004 200 5e2666be-5e94-428b-8fa6-0ed2f644206a
***HIDDEN*** - - [21/Nov/2023:15:37:47 +0000] "GET /auth/realms/knime/protocol/openid-connect/certs HTTP/1.1" 200 2909 "-" "Apache-HttpClient/4.5.14 (Java/17.0.9)" 1281 0.002 [knime-keycloak-8443] [] ***HIDDEN***:8443 2909 0.000 200 e0f98d0b-9848-4658-9883-295d188d1c99
***HIDDEN*** - - [21/Nov/2023:15:37:52 +0000] "GET /auth/realms/knime/protocol/openid-connect/certs HTTP/1.1" 200 2909 "-" "Apache-HttpClient/4.5.14 (Java/17.0.9)" 1281 0.002 [knime-keycloak-8443] [] ***HIDDEN***:8443 2909 0.004 200 c32382a1-30b3-4cb0-9cd6-aedf2f167058
***HIDDEN*** - - [21/Nov/2023:15:37:57 +0000] "GET /auth/realms/knime/protocol/openid-connect/certs HTTP/1.1" 200 2909 "-" "Apache-HttpClient/4.5.14 (Java/17.0.9)" 1281 0.002 [knime-keycloak-8443] [] ***HIDDEN***:8443 2909 0.004 200 3e257a51-1647-4a04-974f-fa21d6a03aeb
***HIDDEN*** - - [21/Nov/2023:15:38:02 +0000] "GET /auth/realms/knime/protocol/openid-connect/certs HTTP/1.1" 200 2909 "-" "Apache-HttpClient/4.5.14 (Java/17.0.9)" 1281 0.002 [knime-keycloak-8443] [] ***HIDDEN***:8443 2909 0.000 200 ad81d4e5-bc7a-47e0-803c-f02c522792e8
***HIDDEN*** - - [21/Nov/2023:15:38:07 +0000] "GET /auth/realms/knime/protocol/openid-connect/certs HTTP/1.1" 200 2909 "-" "Apache-HttpClient/4.5.14 (Java/17.0.9)" 1281 0.002 [knime-keycloak-8443] [] ***HIDDEN***:8443 2909 0.004 200 769d002b-c230-41bc-9c46-c65cdcce23ce
***HIDDEN*** - - [21/Nov/2023:15:38:12 +0000] "GET /auth/realms/knime/protocol/openid-connect/certs HTTP/1.1" 200 2909 "-" "Apache-HttpClient/4.5.14 (Java/17.0.9)" 1281 0.002 [knime-keycloak-8443] [] ***HIDDEN***:8443 2909 0.004 200 512ba3d0-660a-40af-918b-38017faf7a5e
***HIDDEN*** - - [21/Nov/2023:15:38:17 +0000] "GET /auth/realms/knime/protocol/openid-connect/certs HTTP/1.1" 200 2909 "-" "Apache-HttpClient/4.5.14 (Java/17.0.9)" 1281 0.002 [knime-keycloak-8443] [] ***HIDDEN***:8443 2909 0.004 200 1385997b-6010-4e5e-a683-69f043acf2d7
***HIDDEN*** - - [21/Nov/2023:15:38:22 +0000] "GET /auth/realms/knime/protocol/openid-connect/certs HTTP/1.1" 200 2909 "-" "Apache-HttpClient/4.5.14 (Java/17.0.9)" 1281 0.002 [knime-keycloak-8443] [] ***HIDDEN***:8443 2909 0.000 200 d0b7dd4a-c666-43c2-9d04-1ab6a892fad3
***HIDDEN*** - - [21/Nov/2023:15:38:27 +0000] "GET /auth/realms/knime/protocol/openid-connect/certs HTTP/1.1" 200 2909 "-" "Apache-HttpClient/4.5.14 (Java/17.0.9)" 1281 0.002 [knime-keycloak-8443] [] ***HIDDEN***:8443 2909 0.004 200 1b965cd9-9b3d-418c-838e-0024a67e0620
***HIDDEN*** - - [21/Nov/2023:15:38:32 +0000] "GET /auth/realms/knime/protocol/openid-connect/certs HTTP/1.1" 200 2909 "-" "Apache-HttpClient/4.5.14 (Java/17.0.9)" 1281 0.002 [knime-keycloak-8443] [] ***HIDDEN***:8443 2909 0.004 200 a4dabbd8-ced7-43d9-9c80-f4d030452190
***HIDDEN*** - - [21/Nov/2023:15:38:37 +0000] "GET /auth/realms/knime/protocol/openid-connect/certs HTTP/1.1" 200 2909 "-" "Apache-HttpClient/4.5.14 (Java/17.0.9)" 1281 0.002 [knime-keycloak-8443] [] ***HIDDEN***:8443 2909 0.000 200 2418fb52-7283-40c9-97d9-489aff811263
***HIDDEN*** - - [21/Nov/2023:15:38:42 +0000] "GET /auth/realms/knime/protocol/openid-connect/certs HTTP/1.1" 200 2909 "-" "Apache-HttpClient/4.5.14 (Java/17.0.9)" 1281 0.002 [knime-keycloak-8443] [] ***HIDDEN***:8443 2909 0.004 200 a47dab1c-443a-4465-852b-93e7bf08354d
***HIDDEN*** - - [21/Nov/2023:15:38:47 +0000] "GET /auth/realms/knime/protocol/openid-connect/certs HTTP/1.1" 200 2909 "-" "Apache-HttpClient/4.5.14 (Java/17.0.9)" 1281 0.002 [knime-keycloak-8443] [] ***HIDDEN***:8443 2909 0.004 200 25a1873a-6739-462d-a26a-b0b9ca8df407
***HIDDEN*** - - [21/Nov/2023:15:38:52 +0000] "GET /auth/realms/knime/protocol/openid-connect/certs HTTP/1.1" 200 2909 "-" "Apache-HttpClient/4.5.14 (Java/17.0.9)" 1281 0.002 [knime-keycloak-8443] [] ***HIDDEN***:8443 2909 0.004 200 6d497287-0fb7-4aac-8226-cfa6610619b3
***HIDDEN*** - - [21/Nov/2023:15:38:57 +0000] "GET /auth/realms/knime/protocol/openid-connect/certs HTTP/1.1" 200 2909 "-" "Apache-HttpClient/4.5.14 (Java/17.0.9)" 1281 0.002 [knime-keycloak-8443] [] ***HIDDEN***:8443 2909 0.000 200 b160725e-ff32-4899-bfef-16f8d9a41dc7
***HIDDEN*** - - [21/Nov/2023:15:39:02 +0000] "GET /auth/realms/knime/protocol/openid-connect/certs HTTP/1.1" 200 2909 "-" "Apache-HttpClient/4.5.14 (Java/17.0.9)" 1281 0.002 [knime-keycloak-8443] [] ***HIDDEN***:8443 2909 0.004 200 b94438c9-928a-40dc-8d17-782e2c69deb6
***HIDDEN*** - - [21/Nov/2023:15:39:07 +0000] "GET /auth/realms/knime/protocol/openid-connect/certs HTTP/1.1" 200 2909 "-" "Apache-HttpClient/4.5.14 (Java/17.0.9)" 1281 0.002 [knime-keycloak-8443] [] ***HIDDEN***:8443 2909 0.004 200 4238a95b-5621-4fca-9c29-8ce743ea78b7
***HIDDEN*** - - [21/Nov/2023:15:39:12 +0000] "GET /auth/realms/knime/protocol/openid-connect/certs HTTP/1.1" 200 2909 "-" "Apache-HttpClient/4.5.14 (Java/17.0.9)" 1281 0.002 [knime-keycloak-8443] [] ***HIDDEN***:8443 2909 0.000 200 11e62e11-5b37-4e98-ae0f-8635ccbdc055
***HIDDEN*** - - [21/Nov/2023:15:39:17 +0000] "GET /auth/realms/knime/protocol/openid-connect/certs HTTP/1.1" 200 2909 "-" "Apache-HttpClient/4.5.14 (Java/17.0.9)" 1281 0.002 [knime-keycloak-8443] [] ***HIDDEN***:8443 2909 0.004 200 0b1ed0cf-c8c9-4468-a040-5efa6d9a5a35
***HIDDEN*** - - [21/Nov/2023:15:39:22 +0000] "GET /auth/realms/knime/protocol/openid-connect/certs HTTP/1.1" 200 2909 "-" "Apache-HttpClient/4.5.14 (Java/17.0.9)" 1281 0.002 [knime-keycloak-8443] [] ***HIDDEN***:8443 2909 0.004 200 5b2ea169-b973-4135-a93e-70692d2a3c26
***HIDDEN*** - - [21/Nov/2023:15:39:27 +0000] "GET /auth/realms/knime/protocol/openid-connect/certs HTTP/1.1" 200 2909 "-" "Apache-HttpClient/4.5.14 (Java/17.0.9)" 1281 0.003 [knime-keycloak-8443] [] ***HIDDEN***:8443 2909 0.004 200 f8ef4631-001d-4d3e-b379-ad5632a30d5e
***HIDDEN*** - - [21/Nov/2023:15:39:32 +0000] "GET /auth/realms/knime/protocol/openid-connect/certs HTTP/1.1" 200 2909 "-" "Apache-HttpClient/4.5.14 (Java/17.0.9)" 1281 0.003 [knime-keycloak-8443] [] ***HIDDEN***:8443 2909 0.000 200 40387def-7e64-4682-a70f-8ef496953933
***HIDDEN*** - - [21/Nov/2023:15:39:37 +0000] "GET /auth/realms/knime/protocol/openid-connect/certs HTTP/1.1" 200 2909 "-" "Apache-HttpClient/4.5.14 (Java/17.0.9)" 1281 0.002 [knime-keycloak-8443] [] ***HIDDEN***:8443 2909 0.004 200 b9705f67-fd93-4b6e-8a8f-d8c318b54a49
***HIDDEN*** - - [21/Nov/2023:15:39:42 +0000] "GET /auth/realms/knime/protocol/openid-connect/certs HTTP/1.1" 200 2909 "-" "Apache-HttpClient/4.5.14 (Java/17.0.9)" 1281 0.002 [knime-keycloak-8443] [] ***HIDDEN***:8443 2909 0.004 200 a0087c82-874d-4902-96de-9658fd406d31
***HIDDEN*** - - [21/Nov/2023:15:39:47 +0000] "GET /auth/realms/knime/protocol/openid-connect/certs HTTP/1.1" 200 2909 "-" "Apache-HttpClient/4.5.14 (Java/17.0.9)" 1281 0.002 [knime-keycloak-8443] [] ***HIDDEN***:8443 2909 0.004 200 c13a9df9-cf20-4b4a-9417-5e7d5848fe60
***HIDDEN*** - - [21/Nov/2023:15:39:52 +0000] "GET /auth/realms/knime/protocol/openid-connect/certs HTTP/1.1" 200 2909 "-" "Apache-HttpClient/4.5.14 (Java/17.0.9)" 1281 0.002 [knime-keycloak-8443] [] ***HIDDEN***:8443 2909 0.004 200 ea95bfcd-d9d5-4b70-a77b-a74d45063ab5
***HIDDEN*** - - [21/Nov/2023:15:39:57 +0000] "GET /auth/realms/knime/protocol/openid-connect/certs HTTP/1.1" 200 2909 "-" "Apache-HttpClient/4.5.14 (Java/17.0.9)" 1281 0.002 [knime-keycloak-8443] [] ***HIDDEN***:8443 2909 0.004 200 aaba48bb-1df0-44db-a43f-e7274b104f41
***HIDDEN*** - - [21/Nov/2023:15:40:02 +0000] "GET /auth/realms/knime/protocol/openid-connect/certs HTTP/1.1" 200 2909 "-" "Apache-HttpClient/4.5.14 (Java/17.0.9)" 1281 0.002 [knime-keycloak-8443] [] ***HIDDEN***:8443 2909 0.000 200 7375d597-1b7f-4ee3-b261-f1a7bda2e249
***HIDDEN*** - - [21/Nov/2023:15:40:07 +0000] "GET /auth/realms/knime/protocol/openid-connect/certs HTTP/1.1" 200 2909 "-" "Apache-HttpClient/4.5.14 (Java/17.0.9)" 1281 0.002 [knime-keycloak-8443] [] ***HIDDEN***:8443 2909 0.004 200 9fa13d14-c6ee-4417-b7d2-ff6468d47fb5
***HIDDEN*** - - [21/Nov/2023:15:40:12 +0000] "GET /auth/realms/knime/protocol/openid-connect/certs HTTP/1.1" 200 2909 "-" "Apache-HttpClient/4.5.14 (Java/17.0.9)" 1281 0.002 [knime-keycloak-8443] [] ***HIDDEN***:8443 2909 0.004 200 773c5855-6132-451c-a1ae-b67aa732985f
***HIDDEN*** - - [21/Nov/2023:15:40:17 +0000] "GET /auth/realms/knime/protocol/openid-connect/certs HTTP/1.1" 200 2909 "-" "Apache-HttpClient/4.5.14 (Java/17.0.9)" 1281 0.002 [knime-keycloak-8443] [] ***HIDDEN***:8443 2909 0.004 200 0f6f82d5-28ec-4151-b6ca-65c6c5516c35
***HIDDEN*** - - [21/Nov/2023:15:40:22 +0000] "GET /auth/realms/knime/protocol/openid-connect/certs HTTP/1.1" 200 2909 "-" "Apache-HttpClient/4.5.14 (Java/17.0.9)" 1281 0.002 [knime-keycloak-8443] [] ***HIDDEN***:8443 2909 0.000 200 e8e888d3-d849-43e9-8cd8-298dfa1318b4
***HIDDEN*** - - [21/Nov/2023:15:40:27 +0000] "GET /auth/realms/knime/protocol/openid-connect/certs HTTP/1.1" 200 2909 "-" "Apache-HttpClient/4.5.14 (Java/17.0.9)" 1281 0.003 [knime-keycloak-8443] [] ***HIDDEN***:8443 2909 0.004 200 f0801427-cd7d-4eed-8a27-ac6bc70f1c4b
***HIDDEN*** - - [21/Nov/2023:15:40:32 +0000] "GET /auth/realms/knime/protocol/openid-connect/certs HTTP/1.1" 200 2909 "-" "Apache-HttpClient/4.5.14 (Java/17.0.9)" 1281 0.002 [knime-keycloak-8443] [] ***HIDDEN***:8443 2909 0.004 200 2e33466f-d27e-41a3-aac7-8855c06c91f1
***HIDDEN*** - - [21/Nov/2023:15:40:37 +0000] "GET /auth/realms/knime/protocol/openid-connect/certs HTTP/1.1" 200 2909 "-" "Apache-HttpClient/4.5.14 (Java/17.0.9)" 1281 0.002 [knime-keycloak-8443] [] ***HIDDEN***:8443 2909 0.000 200 bd230505-524b-4c05-89e8-2186c5404b6e
***HIDDEN*** - - [21/Nov/2023:15:40:42 +0000] "GET /auth/realms/knime/protocol/openid-connect/certs HTTP/1.1" 200 2909 "-" "Apache-HttpClient/4.5.14 (Java/17.0.9)" 1281 0.002 [knime-keycloak-8443] [] ***HIDDEN***:8443 2909 0.004 200 2d78c364-3ce0-4d27-bb47-7936f5410865
***HIDDEN*** - - [21/Nov/2023:15:40:47 +0000] "GET /auth/realms/knime/protocol/openid-connect/certs HTTP/1.1" 200 2909 "-" "Apache-HttpClient/4.5.14 (Java/17.0.9)" 1281 0.002 [knime-keycloak-8443] [] ***HIDDEN***:8443 2909 0.004 200 a48117e6-d91c-4076-8c06-af6af6a7dde9
***HIDDEN*** - - [21/Nov/2023:15:40:52 +0000] "GET /auth/realms/knime/protocol/openid-connect/certs HTTP/1.1" 200 2909 "-" "Apache-HttpClient/4.5.14 (Java/17.0.9)" 1281 0.002 [knime-keycloak-8443] [] ***HIDDEN***:8443 2909 0.004 200 9f8957eb-f9ef-4aaf-ac13-64ad5e69c0e3
***HIDDEN*** - - [21/Nov/2023:15:40:57 +0000] "GET /auth/realms/knime/protocol/openid-connect/certs HTTP/1.1" 200 2909 "-" "Apache-HttpClient/4.5.14 (Java/17.0.9)" 1281 0.002 [knime-keycloak-8443] [] ***HIDDEN***:8443 2909 0.000 200 2a84af72-2a2a-4bff-910a-ca09717146c9
***HIDDEN*** - - [21/Nov/2023:15:41:02 +0000] "GET /auth/realms/knime/protocol/openid-connect/certs HTTP/1.1" 200 2909 "-" "Apache-HttpClient/4.5.14 (Java/17.0.9)" 1281 0.002 [knime-keycloak-8443] [] ***HIDDEN***:8443 2909 0.004 200 046f85b1-3439-4b13-a03e-15297c166ed8
***HIDDEN*** - - [21/Nov/2023:15:41:07 +0000] "GET /auth/realms/knime/protocol/openid-connect/certs HTTP/1.1" 200 2909 "-" "Apache-HttpClient/4.5.14 (Java/17.0.9)" 1281 0.002 [knime-keycloak-8443] [] ***HIDDEN***:8443 2909 0.004 200 f9d2c56b-a25d-4348-be3b-768f07bf1c83
***HIDDEN*** - - [21/Nov/2023:15:41:12 +0000] "GET /auth/realms/knime/protocol/openid-connect/certs HTTP/1.1" 200 2909 "-" "Apache-HttpClient/4.5.14 (Java/17.0.9)" 1281 0.002 [knime-keycloak-8443] [] ***HIDDEN***:8443 2909 0.000 200 fce73b16-74d4-4476-bc1c-074ae0bbfad8
***HIDDEN*** - - [21/Nov/2023:15:41:17 +0000] "GET /auth/realms/knime/protocol/openid-connect/certs HTTP/1.1" 200 2909 "-" "Apache-HttpClient/4.5.14 (Java/17.0.9)" 1281 0.003 [knime-keycloak-8443] [] ***HIDDEN***:8443 2909 0.000 200 b3c8a7a5-f9aa-4cac-b786-56b8394c624c
***HIDDEN*** - - [21/Nov/2023:15:41:22 +0000] "GET /auth/realms/knime/protocol/openid-connect/certs HTTP/1.1" 200 2909 "-" "Apache-HttpClient/4.5.14 (Java/17.0.9)" 1281 0.002 [knime-keycloak-8443] [] ***HIDDEN***:8443 2909 0.004 200 8e24ac99-9124-40e1-9e35-44b882421779
***HIDDEN*** - search-sync-service [21/Nov/2023:15:41:27 +0000] "POST /auth/realms/knime/protocol/openid-connect/token HTTP/1.1" 200 1225 "-" "Vert.x-WebClient/4.4.4" 1504 0.020 [knime-keycloak-8443] [] ***HIDDEN***:8443 1225 0.020 200 dfa58525-0cfa-4ca2-82a2-773baed83c01
***HIDDEN*** - - [21/Nov/2023:15:41:27 +0000] "GET /auth/realms/knime/protocol/openid-connect/certs HTTP/1.1" 200 2909 "-" "Apache-HttpClient/4.5.14 (Java/17.0.9)" 1281 0.002 [knime-keycloak-8443] [] ***HIDDEN***:8443 2909 0.004 200 5f53f840-dca4-44f8-87b1-eef52c850893
***HIDDEN*** - - [21/Nov/2023:15:41:32 +0000] "GET /auth/realms/knime/protocol/openid-connect/certs HTTP/1.1" 200 2909 "-" "Apache-HttpClient/4.5.14 (Java/17.0.9)" 1281 0.002 [knime-keycloak-8443] [] ***HIDDEN***:8443 2909 0.000 200 ad11e863-703b-45da-9073-2599363916c3
***HIDDEN*** - - [21/Nov/2023:15:41:37 +0000] "GET /auth/realms/knime/protocol/openid-connect/certs HTTP/1.1" 200 2909 "-" "Apache-HttpClient/4.5.14 (Java/17.0.9)" 1281 0.003 [knime-keycloak-8443] [] ***HIDDEN***:8443 2909 0.004 200 52e1f156-2d46-40d4-9ae5-550cf9a7a780
***HIDDEN*** - - [21/Nov/2023:15:41:42 +0000] "GET /auth/realms/knime/protocol/openid-connect/certs HTTP/1.1" 200 2909 "-" "Apache-HttpClient/4.5.14 (Java/17.0.9)" 1281 0.002 [knime-keycloak-8443] [] ***HIDDEN***:8443 2909 0.004 200 6c198409-b98c-4561-aaf1-26729a039c18
***HIDDEN*** - - [21/Nov/2023:15:41:47 +0000] "GET /auth/realms/knime/protocol/openid-connect/certs HTTP/1.1" 200 2909 "-" "Apache-HttpClient/4.5.14 (Java/17.0.9)" 1281 0.002 [knime-keycloak-8443] [] ***HIDDEN***:8443 2909 0.000 200 b0d3a53a-5b09-4b6a-a5fd-05e7fb6350c3
***HIDDEN*** - - [21/Nov/2023:15:41:52 +0000] "GET /auth/realms/knime/protocol/openid-connect/certs HTTP/1.1" 200 2909 "-" "Apache-HttpClient/4.5.14 (Java/17.0.9)" 1281 0.003 [knime-keycloak-8443] [] ***HIDDEN***:8443 2909 0.000 200 c6f67e02-92fb-495b-8868-5f62a79d9702
***HIDDEN*** - - [21/Nov/2023:15:41:57 +0000] "GET /auth/realms/knime/protocol/openid-connect/certs HTTP/1.1" 200 2909 "-" "Apache-HttpClient/4.5.14 (Java/17.0.9)" 1281 0.002 [knime-keycloak-8443] [] ***HIDDEN***:8443 2909 0.004 200 339f8260-8001-476b-9cd5-a736d62a4a81
***HIDDEN*** - - [21/Nov/2023:15:42:02 +0000] "GET /auth/realms/knime/protocol/openid-connect/certs HTTP/1.1" 200 2909 "-" "Apache-HttpClient/4.5.14 (Java/17.0.9)" 1281 0.002 [knime-keycloak-8443] [] ***HIDDEN***:8443 2909 0.004 200 efb111dc-f4c8-4669-9cfa-31182919d20c
***HIDDEN*** - - [21/Nov/2023:15:42:07 +0000] "GET /auth/realms/knime/protocol/openid-connect/certs HTTP/1.1" 200 2909 "-" "Apache-HttpClient/4.5.14 (Java/17.0.9)" 1281 0.002 [knime-keycloak-8443] [] ***HIDDEN***:8443 2909 0.004 200 55021874-484e-4f58-949a-ac4696eb63a6
***HIDDEN*** - - [21/Nov/2023:15:42:12 +0000] "GET /auth/realms/knime/protocol/openid-connect/certs HTTP/1.1" 200 2909 "-" "Apache-HttpClient/4.5.14 (Java/17.0.9)" 1281 0.002 [knime-keycloak-8443] [] ***HIDDEN***:8443 2909 0.004 200 11f3ed0c-024c-454b-8a1b-52b5d4aad0b1
***HIDDEN*** - - [21/Nov/2023:15:42:17 +0000] "GET /auth/realms/knime/protocol/openid-connect/certs HTTP/1.1" 200 2909 "-" "Apache-HttpClient/4.5.14 (Java/17.0.9)" 1281 0.002 [knime-keycloak-8443] [] ***HIDDEN***:8443 2909 0.004 200 c2ec7120-10b6-4344-b0f0-3e46ffb2217f
***HIDDEN*** - - [21/Nov/2023:15:42:22 +0000] "GET /auth/realms/knime/protocol/openid-connect/certs HTTP/1.1" 200 2909 "-" "Apache-HttpClient/4.5.14 (Java/17.0.9)" 1281 0.002 [knime-keycloak-8443] [] ***HIDDEN***:8443 2909 0.000 200 c52e1777-6de0-43a7-b69e-6e777b746166
***HIDDEN*** - - [21/Nov/2023:15:42:27 +0000] "GET /auth/realms/knime/protocol/openid-connect/certs HTTP/1.1" 200 2909 "-" "Apache-HttpClient/4.5.14 (Java/17.0.9)" 1281 0.002 [knime-keycloak-8443] [] ***HIDDEN***:8443 2909 0.004 200 f388a4af-98d1-43f9-9981-00f8bb22c802
***HIDDEN*** - - [21/Nov/2023:15:42:32 +0000] "GET /auth/realms/knime/protocol/openid-connect/certs HTTP/1.1" 200 2909 "-" "Apache-HttpClient/4.5.14 (Java/17.0.9)" 1281 0.003 [knime-keycloak-8443] [] ***HIDDEN***:8443 2909 0.004 200 f8608716-78e0-4348-a41d-97543699fe41
***HIDDEN*** - - [21/Nov/2023:15:42:37 +0000] "GET /auth/realms/knime/protocol/openid-connect/certs HTTP/1.1" 200 2909 "-" "Apache-HttpClient/4.5.14 (Java/17.0.9)" 1281 0.002 [knime-keycloak-8443] [] ***HIDDEN***:8443 2909 0.000 200 38868dbb-632a-4cfd-8215-215de4d964fc
***HIDDEN*** - - [21/Nov/2023:15:42:42 +0000] "GET /auth/realms/knime/protocol/openid-connect/certs HTTP/1.1" 200 2909 "-" "Apache-HttpClient/4.5.14 (Java/17.0.9)" 1281 0.002 [knime-keycloak-8443] [] ***HIDDEN***:8443 2909 0.004 200 d344204e-1199-4d20-90ee-68e46a9d2ac2
***HIDDEN*** - - [21/Nov/2023:15:42:47 +0000] "GET /auth/realms/knime/protocol/openid-connect/certs HTTP/1.1" 200 2909 "-" "Apache-HttpClient/4.5.14 (Java/17.0.9)" 1281 0.003 [knime-keycloak-8443] [] ***HIDDEN***:8443 2909 0.004 200 d6bf6e73-75dc-44e6-bf8f-278ea5888d14
***HIDDEN*** - - [21/Nov/2023:15:42:52 +0000] "GET /auth/realms/knime/protocol/openid-connect/certs HTTP/1.1" 200 2909 "-" "Apache-HttpClient/4.5.14 (Java/17.0.9)" 1281 0.003 [knime-keycloak-8443] [] ***HIDDEN***:8443 2909 0.004 200 cb35fd74-1a19-4111-aeca-4dc9997f70e8
***HIDDEN*** - - [21/Nov/2023:15:42:57 +0000] "GET /auth/realms/knime/protocol/openid-connect/certs HTTP/1.1" 200 2909 "-" "Apache-HttpClient/4.5.14 (Java/17.0.9)" 1281 0.002 [knime-keycloak-8443] [] ***HIDDEN***:8443 2909 0.000 200 bf36ca0f-8ab1-4b75-a11f-528d2ce9bf4a
***HIDDEN*** - - [21/Nov/2023:15:43:02 +0000] "GET /auth/realms/knime/protocol/openid-connect/certs HTTP/1.1" 200 2909 "-" "Apache-HttpClient/4.5.14 (Java/17.0.9)" 1281 0.002 [knime-keycloak-8443] [] ***HIDDEN***:8443 2909 0.004 200 e11a319d-c5c1-4350-8afc-dad00529f423
***HIDDEN*** - - [21/Nov/2023:15:43:07 +0000] "GET /auth/realms/knime/protocol/openid-connect/certs HTTP/1.1" 200 2909 "-" "Apache-HttpClient/4.5.14 (Java/17.0.9)" 1281 0.002 [knime-keycloak-8443] [] ***HIDDEN***:8443 2909 0.004 200 35d6f055-fc8e-4e25-9416-bdff4b137484
***HIDDEN*** - - [21/Nov/2023:15:43:12 +0000] "GET /auth/realms/knime/protocol/openid-connect/certs HTTP/1.1" 200 2909 "-" "Apache-HttpClient/4.5.14 (Java/17.0.9)" 1281 0.002 [knime-keycloak-8443] [] ***HIDDEN***:8443 2909 0.000 200 876b9d01-eb69-42e6-b549-dde07e683126
***HIDDEN*** - - [21/Nov/2023:15:43:17 +0000] "GET /auth/realms/knime/protocol/openid-connect/certs HTTP/1.1" 200 2909 "-" "Apache-HttpClient/4.5.14 (Java/17.0.9)" 1281 0.002 [knime-keycloak-8443] [] ***HIDDEN***:8443 2909 0.004 200 308efe46-f9d9-4caa-9a24-3d54a07b10a2
***HIDDEN*** - - [21/Nov/2023:15:43:22 +0000] "GET /auth/realms/knime/protocol/openid-connect/certs HTTP/1.1" 200 2909 "-" "Apache-HttpClient/4.5.14 (Java/17.0.9)" 1281 0.002 [knime-keycloak-8443] [] ***HIDDEN***:8443 2909 0.004 200 45ffc115-428d-4cb0-bdd2-4c88a04ccdc0
***HIDDEN*** - - [21/Nov/2023:15:43:27 +0000] "GET /auth/realms/knime/protocol/openid-connect/certs HTTP/1.1" 200 2909 "-" "Apache-HttpClient/4.5.14 (Java/17.0.9)" 1281 0.002 [knime-keycloak-8443] [] ***HIDDEN***:8443 2909 0.000 200 43225fad-11e7-470a-abae-4cda029d8079
***HIDDEN*** - - [21/Nov/2023:15:43:32 +0000] "GET /auth/realms/knime/protocol/openid-connect/certs HTTP/1.1" 200 2909 "-" "Apache-HttpClient/4.5.14 (Java/17.0.9)" 1281 0.002 [knime-keycloak-8443] [] ***HIDDEN***:8443 2909 0.000 200 dcdbbb60-92b2-495f-b153-7476203295a6
***HIDDEN*** - - [21/Nov/2023:15:43:37 +0000] "GET /auth/realms/knime/protocol/openid-connect/certs HTTP/1.1" 200 2909 "-" "Apache-HttpClient/4.5.14 (Java/17.0.9)" 1281 0.008 [knime-keycloak-8443] [] ***HIDDEN***:8443 2909 0.008 200 63be457c-5d5a-45ae-a087-891999431ba8
***HIDDEN*** - - [21/Nov/2023:15:43:42 +0000] "GET /auth/realms/knime/protocol/openid-connect/certs HTTP/1.1" 200 2909 "-" "Apache-HttpClient/4.5.14 (Java/17.0.9)" 1281 0.002 [knime-keycloak-8443] [] ***HIDDEN***:8443 2909 0.004 200 add51498-0e68-4cfe-90e3-c934272ad377
***HIDDEN*** - - [21/Nov/2023:15:43:47 +0000] "GET /auth/realms/knime/protocol/openid-connect/certs HTTP/1.1" 200 2909 "-" "Apache-HttpClient/4.5.14 (Java/17.0.9)" 1281 0.002 [knime-keycloak-8443] [] ***HIDDEN***:8443 2909 0.000 200 ccfcf06d-8353-4951-94de-0e534853c31f
***HIDDEN*** - - [21/Nov/2023:15:43:52 +0000] "GET /auth/realms/knime/protocol/openid-connect/certs HTTP/1.1" 200 2909 "-" "Apache-HttpClient/4.5.14 (Java/17.0.9)" 1281 0.002 [knime-keycloak-8443] [] ***HIDDEN***:8443 2909 0.004 200 d1af121c-49dd-4d49-b7f7-fb4676239cae
***HIDDEN*** - - [21/Nov/2023:15:43:57 +0000] "GET /auth/realms/knime/protocol/openid-connect/certs HTTP/1.1" 200 2909 "-" "Apache-HttpClient/4.5.14 (Java/17.0.9)" 1281 0.002 [knime-keycloak-8443] [] ***HIDDEN***:8443 2909 0.004 200 533ffa8f-9cf0-4069-bc9b-2b9b2da7761c
***HIDDEN*** - - [21/Nov/2023:15:44:02 +0000] "GET /auth/realms/knime/protocol/openid-connect/certs HTTP/1.1" 200 2909 "-" "Apache-HttpClient/4.5.14 (Java/17.0.9)" 1281 0.002 [knime-keycloak-8443] [] ***HIDDEN***:8443 2909 0.004 200 a40fe677-866b-4a07-966e-d105eebbddd6
***HIDDEN*** - - [21/Nov/2023:15:44:07 +0000] "GET /auth/realms/knime/protocol/openid-connect/certs HTTP/1.1" 200 2909 "-" "Apache-HttpClient/4.5.14 (Java/17.0.9)" 1281 0.002 [knime-keycloak-8443] [] ***HIDDEN***:8443 2909 0.000 200 f6312af4-8235-4672-8a2e-020752dbdd46
***HIDDEN*** - - [21/Nov/2023:15:44:12 +0000] "GET /auth/realms/knime/protocol/openid-connect/certs HTTP/1.1" 200 2909 "-" "Apache-HttpClient/4.5.14 (Java/17.0.9)" 1281 0.002 [knime-keycloak-8443] [] ***HIDDEN***:8443 2909 0.004 200 568309d2-0659-41d5-93e7-ca32a32f8854
***HIDDEN*** - - [21/Nov/2023:15:44:17 +0000] "GET /auth/realms/knime/protocol/openid-connect/certs HTTP/1.1" 200 2909 "-" "Apache-HttpClient/4.5.14 (Java/17.0.9)" 1281 0.002 [knime-keycloak-8443] [] ***HIDDEN***:8443 2909 0.004 200 d3123bb5-9490-42e4-a880-992d86a13c6c
***HIDDEN*** - - [21/Nov/2023:15:44:22 +0000] "GET /auth/realms/knime/protocol/openid-connect/certs HTTP/1.1" 200 2909 "-" "Apache-HttpClient/4.5.14 (Java/17.0.9)" 1281 0.002 [knime-keycloak-8443] [] ***HIDDEN***:8443 2909 0.000 200 6d200727-8f91-488e-8a70-2726db691c9a
***HIDDEN*** - - [21/Nov/2023:15:44:27 +0000] "GET /auth/realms/knime/protocol/openid-connect/certs HTTP/1.1" 200 2909 "-" "Apache-HttpClient/4.5.14 (Java/17.0.9)" 1281 0.002 [knime-keycloak-8443] [] ***HIDDEN***:8443 2909 0.004 200 16df0ee2-ec8f-49f1-90a7-e73f88aa9e8f
***HIDDEN*** - - [21/Nov/2023:15:44:32 +0000] "GET /auth/realms/knime/protocol/openid-connect/certs HTTP/1.1" 200 2909 "-" "Apache-HttpClient/4.5.14 (Java/17.0.9)" 1281 0.002 [knime-keycloak-8443] [] ***HIDDEN***:8443 2909 0.004 200 38d88947-abce-4581-97e6-13b3a08a4888
***HIDDEN*** - - [21/Nov/2023:15:44:37 +0000] "GET /auth/realms/knime/protocol/openid-connect/certs HTTP/1.1" 200 2909 "-" "Apache-HttpClient/4.5.14 (Java/17.0.9)" 1281 0.002 [knime-keycloak-8443] [] ***HIDDEN***:8443 2909 0.004 200 95107289-ba61-41bb-8152-0f06a5811268
***HIDDEN*** - - [21/Nov/2023:15:44:42 +0000] "GET /auth/realms/knime/protocol/openid-connect/certs HTTP/1.1" 200 2909 "-" "Apache-HttpClient/4.5.14 (Java/17.0.9)" 1281 0.002 [knime-keycloak-8443] [] ***HIDDEN***:8443 2909 0.004 200 ecaeb293-4c90-4fff-9580-dcbd9dd0e935
***HIDDEN*** - - [21/Nov/2023:15:44:47 +0000] "GET /auth/realms/knime/protocol/openid-connect/certs HTTP/1.1" 200 2909 "-" "Apache-HttpClient/4.5.14 (Java/17.0.9)" 1281 0.002 [knime-keycloak-8443] [] ***HIDDEN***:8443 2909 0.004 200 f43167f5-2dff-45af-99dd-831364459e3a
***HIDDEN*** - - [21/Nov/2023:15:44:52 +0000] "GET /auth/realms/knime/protocol/openid-connect/certs HTTP/1.1" 200 2909 "-" "Apache-HttpClient/4.5.14 (Java/17.0.9)" 1281 0.002 [knime-keycloak-8443] [] ***HIDDEN***:8443 2909 0.004 200 8966f96c-b6dc-44b2-943d-192e839ee495
***HIDDEN*** - - [21/Nov/2023:15:44:57 +0000] "GET /auth/realms/knime/protocol/openid-connect/certs HTTP/1.1" 200 2909 "-" "Apache-HttpClient/4.5.14 (Java/17.0.9)" 1281 0.002 [knime-keycloak-8443] [] ***HIDDEN***:8443 2909 0.000 200 7ec6741f-ec6f-41b5-80ca-3b08e251d7aa
***HIDDEN*** - - [21/Nov/2023:15:45:02 +0000] "GET /auth/realms/knime/protocol/openid-connect/certs HTTP/1.1" 200 2909 "-" "Apache-HttpClient/4.5.14 (Java/17.0.9)" 1281 0.002 [knime-keycloak-8443] [] ***HIDDEN***:8443 2909 0.004 200 5792101a-1c80-4736-abbf-8a0291cb0e91
***HIDDEN*** - - [21/Nov/2023:15:45:07 +0000] "GET /auth/realms/knime/protocol/openid-connect/certs HTTP/1.1" 200 2909 "-" "Apache-HttpClient/4.5.14 (Java/17.0.9)" 1281 0.002 [knime-keycloak-8443] [] ***HIDDEN***:8443 2909 0.004 200 8e692ace-c5a3-43f2-9fe9-65ceb7090252
***HIDDEN*** - - [21/Nov/2023:15:45:12 +0000] "GET /auth/realms/knime/protocol/openid-connect/certs HTTP/1.1" 200 2909 "-" "Apache-HttpClient/4.5.14 (Java/17.0.9)" 1281 0.002 [knime-keycloak-8443] [] ***HIDDEN***:8443 2909 0.004 200 f35ccfe2-3dc6-47c8-9c95-b88168ceec57
***HIDDEN*** - - [21/Nov/2023:15:45:17 +0000] "GET /auth/realms/knime/protocol/openid-connect/certs HTTP/1.1" 200 2909 "-" "Apache-HttpClient/4.5.14 (Java/17.0.9)" 1281 0.002 [knime-keycloak-8443] [] ***HIDDEN***:8443 2909 0.000 200 c265ff24-7a0b-4f1c-91a6-2dfce586be09
***HIDDEN*** - - [21/Nov/2023:15:45:22 +0000] "GET /auth/realms/knime/protocol/openid-connect/certs HTTP/1.1" 200 2909 "-" "Apache-HttpClient/4.5.14 (Java/17.0.9)" 1281 0.002 [knime-keycloak-8443] [] ***HIDDEN***:8443 2909 0.004 200 88aa725b-3f6f-40dc-9f25-a97aad1ac28f
***HIDDEN*** - - [21/Nov/2023:15:45:27 +0000] "GET /auth/realms/knime/protocol/openid-connect/certs HTTP/1.1" 200 2909 "-" "Apache-HttpClient/4.5.14 (Java/17.0.9)" 1281 0.002 [knime-keycloak-8443] [] ***HIDDEN***:8443 2909 0.004 200 1eae3faa-a543-4954-97c3-354c78ee5ca9
***HIDDEN*** - - [21/Nov/2023:15:45:32 +0000] "GET /auth/realms/knime/protocol/openid-connect/certs HTTP/1.1" 200 2909 "-" "Apache-HttpClient/4.5.14 (Java/17.0.9)" 1281 0.002 [knime-keycloak-8443] [] ***HIDDEN***:8443 2909 0.000 200 df717dd8-055b-43b6-9541-93e7bed9074a
***HIDDEN*** - - [21/Nov/2023:15:45:37 +0000] "GET /auth/realms/knime/protocol/openid-connect/certs HTTP/1.1" 200 2909 "-" "Apache-HttpClient/4.5.14 (Java/17.0.9)" 1281 0.002 [knime-keycloak-8443] [] ***HIDDEN***:8443 2909 0.004 200 0fe27875-3cc4-4a5a-82a7-45fbb67765ae
***HIDDEN*** - - [21/Nov/2023:15:45:42 +0000] "GET /auth/realms/knime/protocol/openid-connect/certs HTTP/1.1" 200 2909 "-" "Apache-HttpClient/4.5.14 (Java/17.0.9)" 1281 0.002 [knime-keycloak-8443] [] ***HIDDEN***:8443 2909 0.004 200 8df9b46f-dfc7-4119-81e2-63c654afbd34
***HIDDEN*** - - [21/Nov/2023:15:45:47 +0000] "GET /auth/realms/knime/protocol/openid-connect/certs HTTP/1.1" 200 2909 "-" "Apache-HttpClient/4.5.14 (Java/17.0.9)" 1281 0.002 [knime-keycloak-8443] [] ***HIDDEN***:8443 2909 0.004 200 7b190894-8f35-4a1a-9d5f-457846278647
***HIDDEN*** - - [21/Nov/2023:15:45:52 +0000] "GET /auth/realms/knime/protocol/openid-connect/certs HTTP/1.1" 200 2909 "-" "Apache-HttpClient/4.5.14 (Java/17.0.9)" 1281 0.002 [knime-keycloak-8443] [] ***HIDDEN***:8443 2909 0.000 200 4fd775c5-1ca2-4a2f-854c-bc8cd6516cd4
***HIDDEN*** - - [21/Nov/2023:15:45:57 +0000] "GET /auth/realms/knime/protocol/openid-connect/certs HTTP/1.1" 200 2909 "-" "Apache-HttpClient/4.5.14 (Java/17.0.9)" 1281 0.002 [knime-keycloak-8443] [] ***HIDDEN***:8443 2909 0.004 200 baa4aa1f-8da5-4292-a9cd-65e05af7d928
***HIDDEN*** - - [21/Nov/2023:15:46:02 +0000] "GET /auth/realms/knime/protocol/openid-connect/certs HTTP/1.1" 200 2909 "-" "Apache-HttpClient/4.5.14 (Java/17.0.9)" 1281 0.002 [knime-keycloak-8443] [] ***HIDDEN***:8443 2909 0.004 200 0b76f681-f085-4172-9880-7f7ded6c1d81
***HIDDEN*** - - [21/Nov/2023:15:46:07 +0000] "GET /auth/realms/knime/protocol/openid-connect/certs HTTP/1.1" 200 2909 "-" "Apache-HttpClient/4.5.14 (Java/17.0.9)" 1281 0.002 [knime-keycloak-8443] [] ***HIDDEN***:8443 2909 0.000 200 fcd0f99a-159c-4f57-8564-72dca2d02a0c
***HIDDEN*** - - [21/Nov/2023:15:46:12 +0000] "GET /auth/realms/knime/protocol/openid-connect/certs HTTP/1.1" 200 2909 "-" "Apache-HttpClient/4.5.14 (Java/17.0.9)" 1281 0.002 [knime-keycloak-8443] [] ***HIDDEN***:8443 2909 0.004 200 69601186-46a7-443f-8eb0-69bdc983e4d7
***HIDDEN*** - - [21/Nov/2023:15:46:17 +0000] "GET /auth/realms/knime/protocol/openid-connect/certs HTTP/1.1" 200 2909 "-" "Apache-HttpClient/4.5.14 (Java/17.0.9)" 1281 0.002 [knime-keycloak-8443] [] ***HIDDEN***:8443 2909 0.004 200 a7a71fa6-dd9e-468c-b1d0-e66181729e8d
***HIDDEN*** - - [21/Nov/2023:15:46:22 +0000] "GET /auth/realms/knime/protocol/openid-connect/certs HTTP/1.1" 200 2909 "-" "Apache-HttpClient/4.5.14 (Java/17.0.9)" 1281 0.003 [knime-keycloak-8443] [] ***HIDDEN***:8443 2909 0.004 200 ecb7c700-2ab5-4467-920b-ba5a93f278bb
***HIDDEN*** - - [21/Nov/2023:15:46:27 +0000] "GET /auth/realms/knime/protocol/openid-connect/certs HTTP/1.1" 200 2909 "-" "Apache-HttpClient/4.5.14 (Java/17.0.9)" 1281 0.002 [knime-keycloak-8443] [] ***HIDDEN***:8443 2909 0.000 200 2435a163-9ac2-4423-ae25-624b22560028
***HIDDEN*** - - [21/Nov/2023:15:46:32 +0000] "GET /auth/realms/knime/protocol/openid-connect/certs HTTP/1.1" 200 2909 "-" "Apache-HttpClient/4.5.14 (Java/17.0.9)" 1281 0.002 [knime-keycloak-8443] [] ***HIDDEN***:8443 2909 0.004 200 cfe276e7-de60-4bcf-89ae-c3de42d5f9d4
***HIDDEN*** - - [21/Nov/2023:15:46:37 +0000] "GET /auth/realms/knime/protocol/openid-connect/certs HTTP/1.1" 200 2909 "-" "Apache-HttpClient/4.5.14 (Java/17.0.9)" 1281 0.005 [knime-keycloak-8443] [] ***HIDDEN***:8443 2909 0.004 200 7c30a389-4e7c-48eb-9d54-93dee89cf2bf
***HIDDEN*** - - [21/Nov/2023:15:46:42 +0000] "GET /auth/realms/knime/protocol/openid-connect/certs HTTP/1.1" 200 2909 "-" "Apache-HttpClient/4.5.14 (Java/17.0.9)" 1281 0.002 [knime-keycloak-8443] [] ***HIDDEN***:8443 2909 0.000 200 499db9c8-74cb-463e-89f4-6f37ce10485d
***HIDDEN*** - - [21/Nov/2023:15:46:47 +0000] "GET /auth/realms/knime/protocol/openid-connect/certs HTTP/1.1" 200 2909 "-" "Apache-HttpClient/4.5.14 (Java/17.0.9)" 1281 0.002 [knime-keycloak-8443] [] ***HIDDEN***:8443 2909 0.004 200 5c4c31e6-4ff4-472c-b03d-eee7722f60f3
***HIDDEN*** - - [21/Nov/2023:15:46:52 +0000] "GET /auth/realms/knime/protocol/openid-connect/certs HTTP/1.1" 200 2909 "-" "Apache-HttpClient/4.5.14 (Java/17.0.9)" 1281 0.002 [knime-keycloak-8443] [] ***HIDDEN***:8443 2909 0.004 200 457e09d6-9f68-44b8-9795-974c33c6fa25
***HIDDEN*** - - [21/Nov/2023:15:46:57 +0000] "GET /auth/realms/knime/protocol/openid-connect/certs HTTP/1.1" 200 2909 "-" "Apache-HttpClient/4.5.14 (Java/17.0.9)" 1281 0.003 [knime-keycloak-8443] [] ***HIDDEN***:8443 2909 0.004 200 aa615c2a-bae1-4aee-9884-6adeb71b22f2
***HIDDEN*** - - [21/Nov/2023:15:47:02 +0000] "GET /auth/realms/knime/protocol/openid-connect/certs HTTP/1.1" 200 2909 "-" "Apache-HttpClient/4.5.14 (Java/17.0.9)" 1281 0.002 [knime-keycloak-8443] [] ***HIDDEN***:8443 2909 0.000 200 09922911-aa3d-4aa1-aeec-8fb4672958c7
***HIDDEN*** - - [21/Nov/2023:15:47:07 +0000] "GET /auth/realms/knime/protocol/openid-connect/certs HTTP/1.1" 200 2909 "-" "Apache-HttpClient/4.5.14 (Java/17.0.9)" 1281 0.002 [knime-keycloak-8443] [] ***HIDDEN***:8443 2909 0.004 200 3860a2de-77c8-46f5-a765-1706ae23e0a9
***HIDDEN*** - - [21/Nov/2023:15:47:12 +0000] "GET /auth/realms/knime/protocol/openid-connect/certs HTTP/1.1" 200 2909 "-" "Apache-HttpClient/4.5.14 (Java/17.0.9)" 1281 0.002 [knime-keycloak-8443] [] ***HIDDEN***:8443 2909 0.004 200 0b1f24d9-16fb-4dc5-96ff-97238e6619a9
***HIDDEN*** - - [21/Nov/2023:15:47:17 +0000] "GET /auth/realms/knime/protocol/openid-connect/certs HTTP/1.1" 200 2909 "-" "Apache-HttpClient/4.5.14 (Java/17.0.9)" 1281 0.002 [knime-keycloak-8443] [] ***HIDDEN***:8443 2909 0.000 200 f540d50e-d9c2-4ed0-9406-69471726212c
***HIDDEN*** - - [21/Nov/2023:15:47:22 +0000] "GET /auth/realms/knime/protocol/openid-connect/certs HTTP/1.1" 200 2909 "-" "Apache-HttpClient/4.5.14 (Java/17.0.9)" 1281 0.002 [knime-keycloak-8443] [] ***HIDDEN***:8443 2909 0.004 200 e0987807-0532-45f8-a999-1d0f22dccb39
***HIDDEN*** - - [21/Nov/2023:15:47:27 +0000] "GET /auth/realms/knime/protocol/openid-connect/certs HTTP/1.1" 200 2909 "-" "Apache-HttpClient/4.5.14 (Java/17.0.9)" 1281 0.002 [knime-keycloak-8443] [] ***HIDDEN***:8443 2909 0.004 200 a5aab92d-b8a4-4e3e-a98b-6592c848249b
***HIDDEN*** - - [21/Nov/2023:15:47:32 +0000] "GET /auth/realms/knime/protocol/openid-connect/certs HTTP/1.1" 200 2909 "-" "Apache-HttpClient/4.5.14 (Java/17.0.9)" 1281 0.002 [knime-keycloak-8443] [] ***HIDDEN***:8443 2909 0.000 200 fd130d62-8f08-43ae-9b3a-b244a8b1938d
***HIDDEN*** - - [21/Nov/2023:15:47:37 +0000] "GET /auth/realms/knime/protocol/openid-connect/certs HTTP/1.1" 200 2909 "-" "Apache-HttpClient/4.5.14 (Java/17.0.9)" 1281 0.002 [knime-keycloak-8443] [] ***HIDDEN***:8443 2909 0.004 200 93f5406c-d050-4bd0-beb3-db5ec55aa9c6
***HIDDEN*** - - [21/Nov/2023:15:47:42 +0000] "GET /auth/realms/knime/protocol/openid-connect/certs HTTP/1.1" 200 2909 "-" "Apache-HttpClient/4.5.14 (Java/17.0.9)" 1281 0.003 [knime-keycloak-8443] [] ***HIDDEN***:8443 2909 0.004 200 d10f3577-3f04-4ad1-9163-8621c3b2aff8
***HIDDEN*** - - [21/Nov/2023:15:47:47 +0000] "GET /auth/realms/knime/protocol/openid-connect/certs HTTP/1.1" 200 2909 "-" "Apache-HttpClient/4.5.14 (Java/17.0.9)" 1281 0.002 [knime-keycloak-8443] [] ***HIDDEN***:8443 2909 0.004 200 441415a2-1d3c-4486-8e96-59facb7337fd
***HIDDEN*** - - [21/Nov/2023:15:47:52 +0000] "GET /auth/realms/knime/protocol/openid-connect/certs HTTP/1.1" 200 2909 "-" "Apache-HttpClient/4.5.14 (Java/17.0.9)" 1281 0.002 [knime-keycloak-8443] [] ***HIDDEN***:8443 2909 0.004 200 3f7a7ff8-23fc-4f37-ac07-a703a0cbb693
***HIDDEN*** - - [21/Nov/2023:15:47:57 +0000] "GET /auth/realms/knime/protocol/openid-connect/certs HTTP/1.1" 200 2909 "-" "Apache-HttpClient/4.5.14 (Java/17.0.9)" 1281 0.002 [knime-keycloak-8443] [] ***HIDDEN***:8443 2909 0.004 200 2f753dcf-6518-44c3-b086-6197304490b3
***HIDDEN*** - - [21/Nov/2023:15:48:02 +0000] "GET /auth/realms/knime/protocol/openid-connect/certs HTTP/1.1" 200 2909 "-" "Apache-HttpClient/4.5.14 (Java/17.0.9)" 1281 0.002 [knime-keycloak-8443] [] ***HIDDEN***:8443 2909 0.004 200 4a7ef0b7-ce4d-443c-a50b-65c2deaebc90
***HIDDEN*** - - [21/Nov/2023:15:48:07 +0000] "GET /auth/realms/knime/protocol/openid-connect/certs HTTP/1.1" 200 2909 "-" "Apache-HttpClient/4.5.14 (Java/17.0.9)" 1281 0.002 [knime-keycloak-8443] [] ***HIDDEN***:8443 2909 0.004 200 93b2ca38-8078-4fb4-a727-f9204cf369e3
***HIDDEN*** - - [21/Nov/2023:15:48:12 +0000] "GET /auth/realms/knime/protocol/openid-connect/certs HTTP/1.1" 200 2909 "-" "Apache-HttpClient/4.5.14 (Java/17.0.9)" 1281 0.002 [knime-keycloak-8443] [] ***HIDDEN***:8443 2909 0.004 200 948bd241-41d0-4e51-9a5a-59557547c001
***HIDDEN*** - - [21/Nov/2023:15:48:13 +0000] "GET / HTTP/2.0" 200 13537 "-" "Mozilla/5.0 (Macintosh; Intel Mac OS X 10_15_7) AppleWebKit/537.36 (KHTML, like Gecko) Chrome/***HIDDEN*** Safari/537.36" 540 0.469 [istio-system-istio-ingressgateway-443] [] ***HIDDEN***:8443 13550 0.468 200 92dbfead7ed8357711111a92c729da31
***HIDDEN*** - - [21/Nov/2023:15:48:13 +0000] "GET /_nuxt/8951811.modern.js HTTP/2.0" 200 1901 "https://hub.kbh-troubleshooting.com/" "Mozilla/5.0 (Macintosh; Intel Mac OS X 10_15_7) AppleWebKit/537.36 (KHTML, like Gecko) Chrome/***HIDDEN*** Safari/537.36" 120 0.016 [istio-system-istio-ingressgateway-443] [] ***HIDDEN***:8443 1913 0.016 200 fbe96c855f38560c03b8f6f50684ac82
***HIDDEN*** - - [21/Nov/2023:15:48:13 +0000] "GET /_nuxt/d5abc66.modern.js HTTP/2.0" 200 5003 "https://hub.kbh-troubleshooting.com/" "Mozilla/5.0 (Macintosh; Intel Mac OS X 10_15_7) AppleWebKit/537.36 (KHTML, like Gecko) Chrome/***HIDDEN*** Safari/537.36" 36 0.011 [istio-system-istio-ingressgateway-443] [] ***HIDDEN***:8443 5021 0.008 200 889bd471cf73dc8c4b095a06021bc19b
***HIDDEN*** - - [21/Nov/2023:15:48:13 +0000] "GET /_nuxt/23205fdc4673507c4ec17de2db5ee2ba.svg HTTP/2.0" 200 2594 "https://hub.kbh-troubleshooting.com/" "Mozilla/5.0 (Macintosh; Intel Mac OS X 10_15_7) AppleWebKit/537.36 (KHTML, like Gecko) Chrome/***HIDDEN*** Safari/537.36" 111 0.014 [istio-system-istio-ingressgateway-443] [] ***HIDDEN***:8443 2611 0.012 200 277786d8b6c3db218de1851c1ca400cd
2023/11/21 15:48:13 [warn] 167#167: *303807 an upstream response is buffered to a temporary file /tmp/nginx/proxy-temp/0000000001 while reading upstream, client: ***HIDDEN***, server: hub.kbh-troubleshooting.com, request: "GET /_nuxt/4d1bf8f.modern.js HTTP/2.0", upstream: "http://***HIDDEN***:8443/_nuxt/4d1bf8f.modern.js", host: "hub.kbh-troubleshooting.com", referrer: "https://hub.kbh-troubleshooting.com/"
2023/11/21 15:48:13 [warn] 167#167: *303807 an upstream response is buffered to a temporary file /tmp/nginx/proxy-temp/0000000002 while reading upstream, client: ***HIDDEN***, server: hub.kbh-troubleshooting.com, request: "GET /_nuxt/99c2656.modern.js HTTP/2.0", upstream: "http://***HIDDEN***:8443/_nuxt/99c2656.modern.js", host: "hub.kbh-troubleshooting.com", referrer: "https://hub.kbh-troubleshooting.com/"
2023/11/21 15:48:13 [warn] 167#167: *303807 an upstream response is buffered to a temporary file /tmp/nginx/proxy-temp/0000000003 while reading upstream, client: ***HIDDEN***, server: hub.kbh-troubleshooting.com, request: "GET /_nuxt/0cc6ae8.modern.js HTTP/2.0", upstream: "http://***HIDDEN***:8443/_nuxt/0cc6ae8.modern.js", host: "hub.kbh-troubleshooting.com", referrer: "https://hub.kbh-troubleshooting.com/"
***HIDDEN*** - - [21/Nov/2023:15:48:13 +0000] "GET /_nuxt/fonts/roboto-latin-700-normal.e9f5aaf.woff2 HTTP/2.0" 200 15860 "https://hub.kbh-troubleshooting.com/" "Mozilla/5.0 (Macintosh; Intel Mac OS X 10_15_7) AppleWebKit/537.36 (KHTML, like Gecko) Chrome/***HIDDEN*** Safari/537.36" 58 0.006 [istio-system-istio-ingressgateway-443] [] ***HIDDEN***:8443 15860 0.004 200 5daf1aea0022d16bf1b8ca760e5f6e44
***HIDDEN*** - - [21/Nov/2023:15:48:13 +0000] "GET /_nuxt/fonts/roboto-latin-500-normal.3a44e06.woff2 HTTP/2.0" 200 15920 "https://hub.kbh-troubleshooting.com/" "Mozilla/5.0 (Macintosh; Intel Mac OS X 10_15_7) AppleWebKit/537.36 (KHTML, like Gecko) Chrome/***HIDDEN*** Safari/537.36" 54 0.005 [istio-system-istio-ingressgateway-443] [] ***HIDDEN***:8443 15920 0.004 200 854f1c8c6394e888e1a2f3e39afebdd2
***HIDDEN*** - - [21/Nov/2023:15:48:13 +0000] "GET /_nuxt/fonts/roboto-latin-300-normal.b9c2935.woff2 HTTP/2.0" 200 15740 "https://hub.kbh-troubleshooting.com/" "Mozilla/5.0 (Macintosh; Intel Mac OS X 10_15_7) AppleWebKit/537.36 (KHTML, like Gecko) Chrome/***HIDDEN*** Safari/537.36" 54 0.005 [istio-system-istio-ingressgateway-443] [] ***HIDDEN***:8443 15740 0.004 200 43e35e357b227bada6e2b5467015a6ef
***HIDDEN*** - - [21/Nov/2023:15:48:13 +0000] "GET /_nuxt/fonts/roboto-latin-400-normal.15d9f62.woff2 HTTP/2.0" 200 15744 "https://hub.kbh-troubleshooting.com/" "Mozilla/5.0 (Macintosh; Intel Mac OS X 10_15_7) AppleWebKit/537.36 (KHTML, like Gecko) Chrome/***HIDDEN*** Safari/537.36" 54 0.005 [istio-system-istio-ingressgateway-443] [] ***HIDDEN***:8443 15744 0.004 200 fa5a28bf0377b0a26b0e8dbb5750d60d
***HIDDEN*** - - [21/Nov/2023:15:48:13 +0000] "GET /_nuxt/0cc6ae8.modern.js HTTP/2.0" 200 110878 "https://hub.kbh-troubleshooting.com/" "Mozilla/5.0 (Macintosh; Intel Mac OS X 10_15_7) AppleWebKit/537.36 (KHTML, like Gecko) Chrome/***HIDDEN*** Safari/537.36" 36 0.048 [istio-system-istio-ingressgateway-443] [] ***HIDDEN***:8443 110979 0.024 200 78a2d879281d0fa169888207b4614866
***HIDDEN*** - - [21/Nov/2023:15:48:13 +0000] "GET /_nuxt/99c2656.modern.js HTTP/2.0" 200 80309 "https://hub.kbh-troubleshooting.com/" "Mozilla/5.0 (Macintosh; Intel Mac OS X 10_15_7) AppleWebKit/537.36 (KHTML, like Gecko) Chrome/***HIDDEN*** Safari/537.36" 36 0.084 [istio-system-istio-ingressgateway-443] [] ***HIDDEN***:8443 80382 0.020 200 598c0dc67e32449c3c76fff87feb34ed
***HIDDEN*** - - [21/Nov/2023:15:48:13 +0000] "GET /_nuxt/4d1bf8f.modern.js HTTP/2.0" 200 83168 "https://hub.kbh-troubleshooting.com/" "Mozilla/5.0 (Macintosh; Intel Mac OS X 10_15_7) AppleWebKit/537.36 (KHTML, like Gecko) Chrome/***HIDDEN*** Safari/537.36" 36 0.084 [istio-system-istio-ingressgateway-443] [] ***HIDDEN***:8443 83234 0.020 200 27fb09f1f713f84cc7233b7999959ccf
***HIDDEN*** - - [21/Nov/2023:15:48:13 +0000] "GET /_nuxt/3d3c5ac.modern.js HTTP/2.0" 200 2389 "https://hub.kbh-troubleshooting.com/" "Mozilla/5.0 (Macintosh; Intel Mac OS X 10_15_7) AppleWebKit/537.36 (KHTML, like Gecko) Chrome/***HIDDEN*** Safari/537.36" 35 0.003 [istio-system-istio-ingressgateway-443] [] ***HIDDEN***:8443 2406 0.004 200 26fa3c621857f135b9c49d8265325306
***HIDDEN*** - - [21/Nov/2023:15:48:13 +0000] "GET /_nuxt/ae8cd10.modern.js HTTP/2.0" 200 10095 "https://hub.kbh-troubleshooting.com/" "Mozilla/5.0 (Macintosh; Intel Mac OS X 10_15_7) AppleWebKit/537.36 (KHTML, like Gecko) Chrome/***HIDDEN*** Safari/537.36" 35 0.005 [istio-system-istio-ingressgateway-443] [] ***HIDDEN***:8443 10113 0.004 200 882d917ace8757966c0430dfe61e38e7
***HIDDEN*** - - [21/Nov/2023:15:48:13 +0000] "GET /_nuxt/2d8ae90.modern.js HTTP/2.0" 200 5013 "https://hub.kbh-troubleshooting.com/" "Mozilla/5.0 (Macintosh; Intel Mac OS X 10_15_7) AppleWebKit/537.36 (KHTML, like Gecko) Chrome/***HIDDEN*** Safari/537.36" 35 0.006 [istio-system-istio-ingressgateway-443] [] ***HIDDEN***:8443 5031 0.004 200 b6329c6377b2c12edcc01e8e0e69ac7d
***HIDDEN*** - - [21/Nov/2023:15:48:13 +0000] "GET /_nuxt/ebf553c.modern.js HTTP/2.0" 200 4494 "https://hub.kbh-troubleshooting.com/" "Mozilla/5.0 (Macintosh; Intel Mac OS X 10_15_7) AppleWebKit/537.36 (KHTML, like Gecko) Chrome/***HIDDEN*** Safari/537.36" 35 0.006 [istio-system-istio-ingressgateway-443] [] ***HIDDEN***:8443 4512 0.004 200 509d6ef83f446529fd87e8d41d923e84
***HIDDEN*** - - [21/Nov/2023:15:48:13 +0000] "GET /_nuxt/eeea426.modern.js HTTP/2.0" 200 10694 "https://hub.kbh-troubleshooting.com/" "Mozilla/5.0 (Macintosh; Intel Mac OS X 10_15_7) AppleWebKit/537.36 (KHTML, like Gecko) Chrome/***HIDDEN*** Safari/537.36" 35 0.006 [istio-system-istio-ingressgateway-443] [] ***HIDDEN***:8443 10712 0.004 200 64dcbfa496edeeee0602a87e9d0c2498
***HIDDEN*** - - [21/Nov/2023:15:48:13 +0000] "GET /favicon-32.png HTTP/2.0" 200 422 "https://hub.kbh-troubleshooting.com/" "Mozilla/5.0 (Macintosh; Intel Mac OS X 10_15_7) AppleWebKit/537.36 (KHTML, like Gecko) Chrome/***HIDDEN*** Safari/537.36" 28 0.002 [istio-system-istio-ingressgateway-443] [] ***HIDDEN***:8443 422 0.004 200 7f5d8340e5a34fbe2ac09cecbc12abae
***HIDDEN*** - - [21/Nov/2023:15:48:14 +0000] "GET /_nuxt/fbec2f4.modern.js HTTP/2.0" 200 633 "https://hub.kbh-troubleshooting.com/" "Mozilla/5.0 (Macintosh; Intel Mac OS X 10_15_7) AppleWebKit/537.36 (KHTML, like Gecko) Chrome/***HIDDEN*** Safari/537.36" 35 0.004 [istio-system-istio-ingressgateway-443] [] ***HIDDEN***:8443 645 0.004 200 f6fb9952d65ec75183679ad5e6e815eb
***HIDDEN*** - - [21/Nov/2023:15:48:14 +0000] "GET /auth/realms/knime/.well-known/openid-configuration HTTP/1.1" 200 6344 "-" "openid-client/5.1.9 (https://github.com/panva/node-openid-client)" 1301 0.011 [knime-keycloak-8443] [] ***HIDDEN***:8443 6344 0.012 200 f6cbf336-d19b-414a-8f26-d705563cf9c8
***HIDDEN*** - - [21/Nov/2023:15:48:14 +0000] "GET /site/login?wdywtg=%2F HTTP/2.0" 303 0 "https://hub.kbh-troubleshooting.com/site/login?wdywtg=%2F" "Mozilla/5.0 (Macintosh; Intel Mac OS X 10_15_7) AppleWebKit/537.36 (KHTML, like Gecko) Chrome/***HIDDEN*** Safari/537.36" 80 0.031 [istio-system-istio-ingressgateway-443] [] ***HIDDEN***:8443 5 0.032 303 8533d173ae76d9976807e2d8f7808986
***HIDDEN*** - - [21/Nov/2023:15:48:15 +0000] "GET /auth/realms/knime/protocol/openid-connect/auth?client_id=hub-ui&scope=openid%20profile&response_type=code&redirect_uri=http%3A%2F%2Fhub.kbh-troubleshooting.com%2Fsite%2Fpost-login&nonce=4idzROfMknoulb2sivgrYyfAk5eEjaCljCEp9p11ek4 HTTP/1.1" 200 3982 "-" "Mozilla/5.0 (Macintosh; Intel Mac OS X 10_15_7) AppleWebKit/537.36 (KHTML, like Gecko) Chrome/***HIDDEN*** Safari/537.36" 1572 0.339 [knime-keycloak-8443] [] ***HIDDEN***:8443 3982 0.336 200 13b4918bd931169548f1d3b3189d9d83
***HIDDEN*** - - [21/Nov/2023:15:48:15 +0000] "GET /auth/resources/1ijhr/common/keycloak/web_modules/@patternfly/react-core/dist/styles/app.css HTTP/1.1" 200 114969 "-" "Mozilla/5.0 (Macintosh; Intel Mac OS X 10_15_7) AppleWebKit/537.36 (KHTML, like Gecko) Chrome/***HIDDEN*** Safari/537.36" 515 0.096 [knime-keycloak-8443] [] ***HIDDEN***:8443 115007 0.064 200 f4b37ca3bb094d51c6cfbde074708827
***HIDDEN*** - - [21/Nov/2023:15:48:15 +0000] "GET /auth/resources/1ijhr/login/keycloak/img/keycloak-bg.png HTTP/1.1" 200 81912 "-" "Mozilla/5.0 (Macintosh; Intel Mac OS X 10_15_7) AppleWebKit/537.36 (KHTML, like Gecko) Chrome/***HIDDEN*** Safari/537.36" 525 0.006 [knime-keycloak-8443] [] ***HIDDEN***:8443 81913 0.008 200 a66ae41bb3d1dc58b6d154b9b0adbb63
***HIDDEN*** - - [21/Nov/2023:15:48:15 +0000] "GET /auth/resources/1ijhr/common/keycloak/node_modules/patternfly/dist/fonts/OpenSans-Light-webfont.woff2 HTTP/1.1" 200 61392 "-" "Mozilla/5.0 (Macintosh; Intel Mac OS X 10_15_7) AppleWebKit/537.36 (KHTML, like Gecko) Chrome/***HIDDEN*** Safari/537.36" 558 0.008 [knime-keycloak-8443] [] ***HIDDEN***:8443 61398 0.008 200 78e1126c4cfa3ff0609069f60c77dbb2
***HIDDEN*** - - [21/Nov/2023:15:48:15 +0000] "GET /auth/resources/1ijhr/common/keycloak/node_modules/patternfly/dist/fonts/OpenSans-Regular-webfont.woff2 HTTP/1.1" 200 60437 "-" "Mozilla/5.0 (Macintosh; Intel Mac OS X 10_15_7) AppleWebKit/537.36 (KHTML, like Gecko) Chrome/***HIDDEN*** Safari/537.36" 560 0.007 [knime-keycloak-8443] [] ***HIDDEN***:8443 60438 0.004 200 45d623b918604d2d9f05a1b1d820f32c
***HIDDEN*** - - [21/Nov/2023:15:48:17 +0000] "GET /auth/realms/knime/protocol/openid-connect/certs HTTP/1.1" 200 2909 "-" "Apache-HttpClient/4.5.14 (Java/17.0.9)" 1281 0.002 [knime-keycloak-8443] [] ***HIDDEN***:8443 2909 0.004 200 7bcd67ae-4dfb-4b6d-a950-964e31189440
***HIDDEN*** - - [21/Nov/2023:15:48:22 +0000] "GET /auth/realms/knime/protocol/openid-connect/certs HTTP/1.1" 200 2909 "-" "Apache-HttpClient/4.5.14 (Java/17.0.9)" 1281 0.003 [knime-keycloak-8443] [] ***HIDDEN***:8443 2909 0.004 200 ab0e311f-62ff-492e-8739-2f341dbfbd5b
***HIDDEN*** - - [21/Nov/2023:15:48:27 +0000] "GET /auth/realms/knime/protocol/openid-connect/certs HTTP/1.1" 200 2909 "-" "Apache-HttpClient/4.5.14 (Java/17.0.9)" 1281 0.002 [knime-keycloak-8443] [] ***HIDDEN***:8443 2909 0.000 200 3c152baa-31be-4f63-93ea-e84489e9b522
***HIDDEN*** - - [21/Nov/2023:15:48:31 +0000] "POST /auth/realms/knime/login-actions/authenticate?session_code=rVp3DJYDCH5Q59ZxWhCcsazdCjHaOc2Mq-CfCgp2GfY&execution=a3aa1f38-7c88-4aa0-84cf-6de3a6347a0e&client_id=hub-ui&tab_id=9h2dbEFBZRI HTTP/1.1" 302 0 "-" "Mozilla/5.0 (Macintosh; Intel Mac OS X 10_15_7) AppleWebKit/537.36 (KHTML, like Gecko) Chrome/***HIDDEN*** Safari/537.36" 1648 0.155 [knime-keycloak-8443] [] ***HIDDEN***:8443 0 0.152 302 ae358dab67b35db84260971b09cc7881
***HIDDEN*** - - [21/Nov/2023:15:48:31 +0000] "GET /auth/realms/knime/.well-known/openid-configuration HTTP/1.1" 200 6344 "-" "openid-client/5.1.9 (https://github.com/panva/node-openid-client)" 1301 0.009 [knime-keycloak-8443] [] ***HIDDEN***:8443 6344 0.008 200 f6e1c036-c685-4276-8b17-081bee52ab27
***HIDDEN*** - - [21/Nov/2023:15:48:31 +0000] "POST /auth/realms/knime/protocol/openid-connect/token HTTP/1.1" 200 4059 "-" "openid-client/5.1.9 (https://github.com/panva/node-openid-client)" 1605 0.050 [knime-keycloak-8443] [] ***HIDDEN***:8443 4059 0.048 200 66b4b1eb-12a8-4506-b040-4ec2339e7d51
***HIDDEN*** - - [21/Nov/2023:15:48:31 +0000] "GET /auth/realms/knime/protocol/openid-connect/certs HTTP/1.1" 200 2909 "-" "openid-client/5.1.9 (https://github.com/panva/node-openid-client)" 1324 0.002 [knime-keycloak-8443] [] ***HIDDEN***:8443 2909 0.000 200 efec0882-07a0-407e-97c9-88d1ecf5f321
***HIDDEN*** - - [21/Nov/2023:15:48:31 +0000] "GET /site/post-login?session_state=04b12ed7-059b-4ac9-959b-2d6820533743&code=9a6425b8-7a85-499d-9131-67c2cda34aa2.04b12ed7-059b-4ac9-959b-2d6820533743.4eeaa7ca-f6e9-4ce9-8bbd-3796c1f86fda HTTP/1.1" 303 5 "-" "Mozilla/5.0 (Macintosh; Intel Mac OS X 10_15_7) AppleWebKit/537.36 (KHTML, like Gecko) Chrome/***HIDDEN*** Safari/537.36" 774 0.089 [istio-system-istio-ingressgateway-443] [] ***HIDDEN***:8443 5 0.088 303 3e5ea12e4b9102bd99e5ef94c73023aa
***HIDDEN*** - - [21/Nov/2023:15:48:31 +0000] "GET /auth/realms/knime/protocol/openid-connect/certs HTTP/1.1" 200 2909 "-" "Java/17.0.9" 1377 0.008 [knime-keycloak-8443] [] ***HIDDEN***:8443 2909 0.008 200 eed4cbcc-67d1-40ad-bc3c-9a090cc8ed57
***HIDDEN*** - - [21/Nov/2023:15:48:31 +0000] "GET /auth/realms/knime/protocol/openid-connect/certs HTTP/1.1" 200 2909 "-" "Java/17.0.9" 1329 0.002 [knime-keycloak-8443] [] ***HIDDEN***:8443 2909 0.004 200 1f55c56f-cbd9-465b-b411-d1a10a549729
***HIDDEN*** - - [21/Nov/2023:15:48:31 +0000] "GET / HTTP/1.1" 200 15575 "-" "Mozilla/5.0 (Macintosh; Intel Mac OS X 10_15_7) AppleWebKit/537.36 (KHTML, like Gecko) Chrome/***HIDDEN*** Safari/537.36" 592 0.193 [istio-system-istio-ingressgateway-443] [] ***HIDDEN***:8443 15580 0.192 200 a5c13b97f8ad0ae36c029ca220692104
***HIDDEN*** - - [21/Nov/2023:15:48:31 +0000] "GET /_nuxt/0cc6ae8.modern.js HTTP/1.1" 200 110966 "http://hub.kbh-troubleshooting.com/" "Mozilla/5.0 (Macintosh; Intel Mac OS X 10_15_7) AppleWebKit/537.36 (KHTML, like Gecko) Chrome/***HIDDEN*** Safari/537.36" 2271 0.042 [istio-system-istio-ingressgateway-443] [] ***HIDDEN***:8443 110974 0.016 200 0935945a1edebc611526ea2a1c04e6bd
***HIDDEN*** - - [21/Nov/2023:15:48:31 +0000] "GET /_nuxt/99c2656.modern.js HTTP/1.1" 200 80382 "http://hub.kbh-troubleshooting.com/" "Mozilla/5.0 (Macintosh; Intel Mac OS X 10_15_7) AppleWebKit/537.36 (KHTML, like Gecko) Chrome/***HIDDEN*** Safari/537.36" 2271 0.044 [istio-system-istio-ingressgateway-443] [] ***HIDDEN***:8443 80382 0.012 200 ff26374fb149fd56a55706a599e70e38
***HIDDEN*** - - [21/Nov/2023:15:48:31 +0000] "GET /_nuxt/4d1bf8f.modern.js HTTP/1.1" 200 83241 "http://hub.kbh-troubleshooting.com/" "Mozilla/5.0 (Macintosh; Intel Mac OS X 10_15_7) AppleWebKit/537.36 (KHTML, like Gecko) Chrome/***HIDDEN*** Safari/537.36" 2271 0.043 [istio-system-istio-ingressgateway-443] [] ***HIDDEN***:8443 83247 0.012 200 b97b4318db299f82628a2ffb4b3b47ac
***HIDDEN*** - - [21/Nov/2023:15:48:32 +0000] "GET /_/token HTTP/1.1" 200 1210 "http://hub.kbh-troubleshooting.com/" "Mozilla/5.0 (Macintosh; Intel Mac OS X 10_15_7) AppleWebKit/537.36 (KHTML, like Gecko) Chrome/***HIDDEN*** Safari/537.36" 2241 0.005 [istio-system-istio-ingressgateway-443] [] ***HIDDEN***:8443 1210 0.004 200 05596071e72e0ca0db5b7d6bb3567c7f
***HIDDEN*** - - [21/Nov/2023:15:48:32 +0000] "GET /_nuxt/eeea426.modern.js HTTP/1.1" 200 10712 "http://hub.kbh-troubleshooting.com/" "Mozilla/5.0 (Macintosh; Intel Mac OS X 10_15_7) AppleWebKit/537.36 (KHTML, like Gecko) Chrome/***HIDDEN*** Safari/537.36" 2227 0.004 [istio-system-istio-ingressgateway-443] [] ***HIDDEN***:8443 10712 0.004 200 b5c4856a1d1dce2676e3d0a8f26d2acf
***HIDDEN*** - - [21/Nov/2023:15:48:32 +0000] "GET /auth/realms/knime/protocol/openid-connect/certs HTTP/1.1" 200 2909 "-" "Apache-HttpClient/4.5.14 (Java/17.0.9)" 1281 0.002 [knime-keycloak-8443] [] ***HIDDEN***:8443 2909 0.004 200 3ea08a13-a512-4ceb-8071-891b537b56cb
***HIDDEN*** - - [21/Nov/2023:15:48:36 +0000] "OPTIONS /accounts/limits/hub:global/users HTTP/1.1" 200 0 "http://hub.kbh-troubleshooting.com/" "Mozilla/5.0 (Macintosh; Intel Mac OS X 10_15_7) AppleWebKit/537.36 (KHTML, like Gecko) Chrome/***HIDDEN*** Safari/537.36" 533 0.002 [istio-system-istio-ingressgateway-443] [] ***HIDDEN***:8443 0 0.004 200 fe1579499db3a257c2ccd0ce09807211
***HIDDEN*** - - [21/Nov/2023:15:48:36 +0000] "OPTIONS /execution/limits/hub:global/global-cpu-cores HTTP/1.1" 200 0 "http://hub.kbh-troubleshooting.com/" "Mozilla/5.0 (Macintosh; Intel Mac OS X 10_15_7) AppleWebKit/537.36 (KHTML, like Gecko) Chrome/***HIDDEN*** Safari/537.36" 545 0.002 [istio-system-istio-ingressgateway-443] [] ***HIDDEN***:8443 0 0.004 200 55064a69c7aff4dfe32174b137852edf
***HIDDEN*** - - [21/Nov/2023:15:48:36 +0000] "GET /auth/realms/knime/protocol/openid-connect/certs HTTP/1.1" 200 2909 "-" "Java/17.0.9" 1359 0.002 [knime-keycloak-8443] [] ***HIDDEN***:8443 2909 0.000 200 e3b19452-9a55-4190-bd41-152ded657030
***HIDDEN*** - - [21/Nov/2023:15:48:36 +0000] "GET /execution/limits/hub:global/global-cpu-cores HTTP/1.1" 200 29 "http://hub.kbh-troubleshooting.com/" "Mozilla/5.0 (Macintosh; Intel Mac OS X 10_15_7) AppleWebKit/537.36 (KHTML, like Gecko) Chrome/***HIDDEN*** Safari/537.36" 4087 0.260 [istio-system-istio-ingressgateway-443] [] ***HIDDEN***:8443 29 0.256 200 21374fa7e13e50ff2fa33e2d2a12597d
***HIDDEN*** - - [21/Nov/2023:15:48:36 +0000] "GET /accounts/limits/hub:global/users HTTP/1.1" 200 29 "http://hub.kbh-troubleshooting.com/" "Mozilla/5.0 (Macintosh; Intel Mac OS X 10_15_7) AppleWebKit/537.36 (KHTML, like Gecko) Chrome/***HIDDEN*** Safari/537.36" 4075 0.349 [istio-system-istio-ingressgateway-443] [] ***HIDDEN***:8443 29 0.348 200 72f2bfb49b995ed1b5e29bed3ba6b65d
***HIDDEN*** - - [21/Nov/2023:15:48:36 +0000] "OPTIONS /accounts/hub:global HTTP/1.1" 200 0 "http://hub.kbh-troubleshooting.com/" "Mozilla/5.0 (Macintosh; Intel Mac OS X 10_15_7) AppleWebKit/537.36 (KHTML, like Gecko) Chrome/***HIDDEN*** Safari/537.36" 520 0.002 [istio-system-istio-ingressgateway-443] [] ***HIDDEN***:8443 0 0.004 200 57908f32fd39554881ae038aa2833b56
***HIDDEN*** - - [21/Nov/2023:15:48:36 +0000] "GET /accounts/hub:global HTTP/1.1" 200 429 "http://hub.kbh-troubleshooting.com/" "Mozilla/5.0 (Macintosh; Intel Mac OS X 10_15_7) AppleWebKit/537.36 (KHTML, like Gecko) Chrome/***HIDDEN*** Safari/537.36" 4062 0.032 [istio-system-istio-ingressgateway-443] [] ***HIDDEN***:8443 429 0.032 200 7ed3f2984c61d8bb55407d8179e0ca9b
***HIDDEN*** - - [21/Nov/2023:15:48:36 +0000] "GET /_nuxt/037b4f7.modern.js HTTP/1.1" 200 8508 "http://hub.kbh-troubleshooting.com/site/admin" "Mozilla/5.0 (Macintosh; Intel Mac OS X 10_15_7) AppleWebKit/537.36 (KHTML, like Gecko) Chrome/***HIDDEN*** Safari/537.36" 2237 0.005 [istio-system-istio-ingressgateway-443] [] ***HIDDEN***:8443 8508 0.004 200 e23a353e0dd9fd6a9d406db5ae89ded9
***HIDDEN*** - - [21/Nov/2023:15:48:36 +0000] "GET /_nuxt/5788041.modern.js HTTP/1.1" 200 13495 "http://hub.kbh-troubleshooting.com/site/admin" "Mozilla/5.0 (Macintosh; Intel Mac OS X 10_15_7) AppleWebKit/537.36 (KHTML, like Gecko) Chrome/***HIDDEN*** Safari/537.36" 2237 0.005 [istio-system-istio-ingressgateway-443] [] ***HIDDEN***:8443 13495 0.004 200 1aacee71e27ea8a34f067858f5f65b2d
***HIDDEN*** - - [21/Nov/2023:15:48:36 +0000] "GET /_nuxt/aab3371.modern.js HTTP/1.1" 200 9669 "http://hub.kbh-troubleshooting.com/site/admin" "Mozilla/5.0 (Macintosh; Intel Mac OS X 10_15_7) AppleWebKit/537.36 (KHTML, like Gecko) Chrome/***HIDDEN*** Safari/537.36" 2237 0.006 [istio-system-istio-ingressgateway-443] [] ***HIDDEN***:8443 9669 0.004 200 666f7239acc03fd42de5ab70e4a5d029
***HIDDEN*** - - [21/Nov/2023:15:48:36 +0000] "GET /_nuxt/5168020.modern.js HTTP/1.1" 200 9463 "http://hub.kbh-troubleshooting.com/site/admin" "Mozilla/5.0 (Macintosh; Intel Mac OS X 10_15_7) AppleWebKit/537.36 (KHTML, like Gecko) Chrome/***HIDDEN*** Safari/537.36" 2237 0.005 [istio-system-istio-ingressgateway-443] [] ***HIDDEN***:8443 9463 0.004 200 faf916a29d7abe917a453faf7779ed5b
***HIDDEN*** - - [21/Nov/2023:15:48:36 +0000] "GET /_nuxt/b3596b3.modern.js HTTP/1.1" 200 10350 "http://hub.kbh-troubleshooting.com/site/admin" "Mozilla/5.0 (Macintosh; Intel Mac OS X 10_15_7) AppleWebKit/537.36 (KHTML, like Gecko) Chrome/***HIDDEN*** Safari/537.36" 2237 0.004 [istio-system-istio-ingressgateway-443] [] ***HIDDEN***:8443 10350 0.000 200 a97c9934dc6a61d2c352c60e7b01a1a3
***HIDDEN*** - - [21/Nov/2023:15:48:37 +0000] "GET /auth/realms/knime/protocol/openid-connect/certs HTTP/1.1" 200 2909 "-" "Apache-HttpClient/4.5.14 (Java/17.0.9)" 1281 0.002 [knime-keycloak-8443] [] ***HIDDEN***:8443 2909 0.000 200 5e431f73-e3ba-4169-bde2-212310c76f90
***HIDDEN*** - - [21/Nov/2023:15:48:42 +0000] "OPTIONS /accounts/limits/hub:global/teams HTTP/1.1" 200 0 "http://hub.kbh-troubleshooting.com/" "Mozilla/5.0 (Macintosh; Intel Mac OS X 10_15_7) AppleWebKit/537.36 (KHTML, like Gecko) Chrome/***HIDDEN*** Safari/537.36" 533 0.001 [istio-system-istio-ingressgateway-443] [] ***HIDDEN***:8443 0 0.000 200 d92a69cd7914f7c3c926cd3620b69355
***HIDDEN*** - - [21/Nov/2023:15:48:42 +0000] "OPTIONS /accounts/limits/hub:global/users HTTP/1.1" 200 0 "http://hub.kbh-troubleshooting.com/" "Mozilla/5.0 (Macintosh; Intel Mac OS X 10_15_7) AppleWebKit/537.36 (KHTML, like Gecko) Chrome/***HIDDEN*** Safari/537.36" 533 0.000 [istio-system-istio-ingressgateway-443] [] ***HIDDEN***:8443 0 0.000 200 7ab67a9971079bfa282219089aca1d75
***HIDDEN*** - - [21/Nov/2023:15:48:42 +0000] "GET /auth/realms/knime/.well-known/openid-configuration HTTP/1.1" 200 6344 "-" "axios/0.21.4" 1265 0.003 [knime-keycloak-8443] [] ***HIDDEN***:8443 6344 0.004 200 58b3c092-cf7c-42bc-bf74-6c411e015079
***HIDDEN*** - - [21/Nov/2023:15:48:42 +0000] "GET /auth/realms/knime/.well-known/openid-configuration HTTP/1.1" 200 6344 "-" "axios/0.21.4" 1265 0.002 [knime-keycloak-8443] [] ***HIDDEN***:8443 6344 0.004 200 1452563e-d711-465e-9ed9-e2a83c0ba8c7
***HIDDEN*** - - [21/Nov/2023:15:48:42 +0000] "GET /auth/realms/knime/protocol/openid-connect/certs HTTP/1.1" 200 2909 "-" "-" 1193 0.002 [knime-keycloak-8443] [] ***HIDDEN***:8443 2909 0.000 200 b177bbec-6b32-49b9-8aef-7baba3cfc3e2
***HIDDEN*** - - [21/Nov/2023:15:48:42 +0000] "GET /auth/realms/knime/protocol/openid-connect/certs HTTP/1.1" 200 2909 "-" "-" 1193 0.002 [knime-keycloak-8443] [] ***HIDDEN***:8443 2909 0.004 200 78477cf4-23f5-4624-96a8-4c881de36b89
***HIDDEN*** - - [21/Nov/2023:15:48:42 +0000] "OPTIONS /execution/limits/hub:global/global-cpu-cores HTTP/1.1" 200 0 "http://hub.kbh-troubleshooting.com/" "Mozilla/5.0 (Macintosh; Intel Mac OS X 10_15_7) AppleWebKit/537.36 (KHTML, like Gecko) Chrome/***HIDDEN*** Safari/537.36" 545 0.003 [istio-system-istio-ingressgateway-443] [] ***HIDDEN***:8443 0 0.004 200 804533ff44096d6be936a1d9414adc1f
***HIDDEN*** - - [21/Nov/2023:15:48:42 +0000] "OPTIONS /execution/limits/hub:global/execution-contexts HTTP/1.1" 200 0 "http://hub.kbh-troubleshooting.com/" "Mozilla/5.0 (Macintosh; Intel Mac OS X 10_15_7) AppleWebKit/537.36 (KHTML, like Gecko) Chrome/***HIDDEN*** Safari/537.36" 547 0.002 [istio-system-istio-ingressgateway-443] [] ***HIDDEN***:8443 0 0.004 200 42955ffff01af7d9c9b28e4b5d19da51
***HIDDEN*** - - [21/Nov/2023:15:48:42 +0000] "GET /accounts/limits/hub:global/teams HTTP/1.1" 200 37 "http://hub.kbh-troubleshooting.com/" "Mozilla/5.0 (Macintosh; Intel Mac OS X 10_15_7) AppleWebKit/537.36 (KHTML, like Gecko) Chrome/***HIDDEN*** Safari/537.36" 4075 0.074 [istio-system-istio-ingressgateway-443] [] ***HIDDEN***:8443 37 0.072 200 4afda29ec166fa3afa47f5411fda52d7
***HIDDEN*** - - [21/Nov/2023:15:48:42 +0000] "GET /accounts/limits/hub:global/users HTTP/1.1" 200 29 "http://hub.kbh-troubleshooting.com/" "Mozilla/5.0 (Macintosh; Intel Mac OS X 10_15_7) AppleWebKit/537.36 (KHTML, like Gecko) Chrome/***HIDDEN*** Safari/537.36" 4075 0.080 [istio-system-istio-ingressgateway-443] [] ***HIDDEN***:8443 29 0.076 200 dc768d7f3cd396567d5307c7713d5878
***HIDDEN*** - - [21/Nov/2023:15:48:42 +0000] "GET /execution/limits/hub:global/global-cpu-cores HTTP/1.1" 200 29 "http://hub.kbh-troubleshooting.com/" "Mozilla/5.0 (Macintosh; Intel Mac OS X 10_15_7) AppleWebKit/537.36 (KHTML, like Gecko) Chrome/***HIDDEN*** Safari/537.36" 4087 0.102 [istio-system-istio-ingressgateway-443] [] ***HIDDEN***:8443 29 0.100 200 321a42e6f023ec1852f3e80821f12c3a
***HIDDEN*** - - [21/Nov/2023:15:48:42 +0000] "GET /execution/limits/hub:global/execution-contexts HTTP/1.1" 200 37 "http://hub.kbh-troubleshooting.com/" "Mozilla/5.0 (Macintosh; Intel Mac OS X 10_15_7) AppleWebKit/537.36 (KHTML, like Gecko) Chrome/***HIDDEN*** Safari/537.36" 4089 0.105 [istio-system-istio-ingressgateway-443] [] ***HIDDEN***:8443 37 0.104 200 f2f7677532fbc76a2ccbd7b5bfee272d
***HIDDEN*** - - [21/Nov/2023:15:48:42 +0000] "GET /_/bff/execution/contexts/v-core-usage HTTP/1.1" 200 119 "http://hub.kbh-troubleshooting.com/site/admin" "Mozilla/5.0 (Macintosh; Intel Mac OS X 10_15_7) AppleWebKit/537.36 (KHTML, like Gecko) Chrome/***HIDDEN*** Safari/537.36" 4042 0.340 [istio-system-istio-ingressgateway-443] [] ***HIDDEN***:8443 119 0.336 200 0889c3a1630d0d6e5ed6bb77960684e9
***HIDDEN*** - - [21/Nov/2023:15:48:42 +0000] "GET /_/bff/execution/contexts?type=all HTTP/1.1" 200 995 "http://hub.kbh-troubleshooting.com/site/admin" "Mozilla/5.0 (Macintosh; Intel Mac OS X 10_15_7) AppleWebKit/537.36 (KHTML, like Gecko) Chrome/***HIDDEN*** Safari/537.36" 4038 0.423 [istio-system-istio-ingressgateway-443] [] ***HIDDEN***:8443 995 0.420 200 c47fe5f8bf4ef282e8d4fda057146d65
***HIDDEN*** - - [21/Nov/2023:15:48:42 +0000] "OPTIONS /accounts/account:team:dfb1955f-fee7-4a15-89d4-2277dfe8ecf1 HTTP/1.1" 200 0 "http://hub.kbh-troubleshooting.com/" "Mozilla/5.0 (Macintosh; Intel Mac OS X 10_15_7) AppleWebKit/537.36 (KHTML, like Gecko) Chrome/***HIDDEN*** Safari/537.36" 559 0.001 [istio-system-istio-ingressgateway-443] [] ***HIDDEN***:8443 0 0.000 200 e5afb3fcf16fcd1da3e54b9fe9b6a5b4
***HIDDEN*** - - [21/Nov/2023:15:48:42 +0000] "GET /auth/realms/knime/.well-known/openid-configuration HTTP/1.1" 200 6344 "-" "axios/0.21.4" 1265 0.002 [knime-keycloak-8443] [] ***HIDDEN***:8443 6344 0.004 200 71941b54-ec11-45c3-90c6-7565628138fc
***HIDDEN*** - - [21/Nov/2023:15:48:42 +0000] "OPTIONS /accounts/hub:global HTTP/1.1" 200 0 "http://hub.kbh-troubleshooting.com/" "Mozilla/5.0 (Macintosh; Intel Mac OS X 10_15_7) AppleWebKit/537.36 (KHTML, like Gecko) Chrome/***HIDDEN*** Safari/537.36" 520 0.003 [istio-system-istio-ingressgateway-443] [] ***HIDDEN***:8443 0 0.004 200 cb72e4cc57001a6d2c6da8555cd3af40
***HIDDEN*** - - [21/Nov/2023:15:48:42 +0000] "GET /auth/realms/knime/protocol/openid-connect/certs HTTP/1.1" 200 2909 "-" "-" 1193 0.002 [knime-keycloak-8443] [] ***HIDDEN***:8443 2909 0.004 200 30dfdaa9-6af9-4900-be4e-2819c4117f51
***HIDDEN*** - - [21/Nov/2023:15:48:42 +0000] "GET /_nuxt/fcc02c0.modern.js HTTP/1.1" 200 9769 "http://hub.kbh-troubleshooting.com/site/admin/execution-resources" "Mozilla/5.0 (Macintosh; Intel Mac OS X 10_15_7) AppleWebKit/537.36 (KHTML, like Gecko) Chrome/***HIDDEN*** Safari/537.36" 2257 0.006 [istio-system-istio-ingressgateway-443] [] ***HIDDEN***:8443 9769 0.004 200 b9f36c3c178146e038b90ab358965b75
***HIDDEN*** - - [21/Nov/2023:15:48:42 +0000] "GET /execution/limits/hub:global/global-cpu-cores HTTP/1.1" 200 29 "http://hub.kbh-troubleshooting.com/" "Mozilla/5.0 (Macintosh; Intel Mac OS X 10_15_7) AppleWebKit/537.36 (KHTML, like Gecko) Chrome/***HIDDEN*** Safari/537.36" 4087 0.019 [istio-system-istio-ingressgateway-443] [] ***HIDDEN***:8443 29 0.012 200 5dbf4925f3a9e5c5414be27a76127d0f
***HIDDEN*** - - [21/Nov/2023:15:48:42 +0000] "GET /execution/limits/hub:global/execution-contexts HTTP/1.1" 200 37 "http://hub.kbh-troubleshooting.com/" "Mozilla/5.0 (Macintosh; Intel Mac OS X 10_15_7) AppleWebKit/537.36 (KHTML, like Gecko) Chrome/***HIDDEN*** Safari/537.36" 4089 0.028 [istio-system-istio-ingressgateway-443] [] ***HIDDEN***:8443 37 0.024 200 fec8b8338ed242fffc08a191b1e59a42
***HIDDEN*** - - [21/Nov/2023:15:48:42 +0000] "GET /auth/realms/knime/.well-known/openid-configuration HTTP/1.1" 200 6344 "-" "Go-http-client/1.1" 1386 0.009 [knime-keycloak-8443] [] ***HIDDEN***:8443 6344 0.008 200 bd35f853-0ccb-4545-bc9b-932abb07bde6
***HIDDEN*** - - [21/Nov/2023:15:48:42 +0000] "GET /auth/realms/knime/protocol/openid-connect/certs HTTP/1.1" 200 2909 "-" "Go-http-client/1.1" 1383 0.002 [knime-keycloak-8443] [] ***HIDDEN***:8443 2909 0.000 200 6435bf25-6bfe-456b-81d4-95b651c28b06
***HIDDEN*** - - [21/Nov/2023:15:48:42 +0000] "GET /accounts/hub:global HTTP/1.1" 200 429 "http://hub.kbh-troubleshooting.com/" "Mozilla/5.0 (Macintosh; Intel Mac OS X 10_15_7) AppleWebKit/537.36 (KHTML, like Gecko) Chrome/***HIDDEN*** Safari/537.36" 4062 0.068 [istio-system-istio-ingressgateway-443] [] ***HIDDEN***:8443 429 0.064 200 ca78a1419330c77d3e3fd6aa91a95295
***HIDDEN*** - - [21/Nov/2023:15:48:42 +0000] "GET /accounts/account:team:dfb1955f-fee7-4a15-89d4-2277dfe8ecf1 HTTP/1.1" 200 2538 "http://hub.kbh-troubleshooting.com/" "Mozilla/5.0 (Macintosh; Intel Mac OS X 10_15_7) AppleWebKit/537.36 (KHTML, like Gecko) Chrome/***HIDDEN*** Safari/537.36" 4101 0.074 [istio-system-istio-ingressgateway-443] [] ***HIDDEN***:8443 2551 0.072 200 9c6f0e77952c9a7124a72467175240d8
***HIDDEN*** - - [21/Nov/2023:15:48:42 +0000] "GET /_/bff/execution/contexts/status?executionContextIds[]=9043c21d-150c-4de1-bee5-7e992ebd922d HTTP/1.1" 200 92 "http://hub.kbh-troubleshooting.com/site/admin/execution-resources" "Mozilla/5.0 (Macintosh; Intel Mac OS X 10_15_7) AppleWebKit/537.36 (KHTML, like Gecko) Chrome/***HIDDEN*** Safari/537.36" 4115 0.130 [istio-system-istio-ingressgateway-443] [] ***HIDDEN***:8443 92 0.128 200 e6cc43f2bdb9b7ad6a5990e0b2eb18b8
***HIDDEN*** - - [21/Nov/2023:15:48:42 +0000] "GET /auth/realms/knime/protocol/openid-connect/certs HTTP/1.1" 200 2909 "-" "Apache-HttpClient/4.5.14 (Java/17.0.9)" 1281 0.003 [knime-keycloak-8443] [] ***HIDDEN***:8443 2909 0.000 200 6b9a05d1-566f-4e69-a2ad-8f9308276e1e
***HIDDEN*** - - [21/Nov/2023:15:48:45 +0000] "GET /auth/realms/knime/.well-known/openid-configuration HTTP/1.1" 200 6344 "-" "axios/0.21.4" 1265 0.003 [knime-keycloak-8443] [] ***HIDDEN***:8443 6344 0.000 200 ca3d6b51-9160-4c14-826b-ea1d63145c82
***HIDDEN*** - - [21/Nov/2023:15:48:45 +0000] "GET /auth/realms/knime/protocol/openid-connect/certs HTTP/1.1" 200 2909 "-" "-" 1193 0.002 [knime-keycloak-8443] [] ***HIDDEN***:8443 2909 0.000 200 df2a24e0-79ce-4a08-b82e-ab73773b1234
***HIDDEN*** - - [21/Nov/2023:15:48:45 +0000] "GET /_/bff/execution/contexts/status?executionContextIds[]=9043c21d-150c-4de1-bee5-7e992ebd922d HTTP/1.1" 200 97 "http://hub.kbh-troubleshooting.com/site/admin/execution-resources" "Mozilla/5.0 (Macintosh; Intel Mac OS X 10_15_7) AppleWebKit/537.36 (KHTML, like Gecko) Chrome/***HIDDEN*** Safari/537.36" 4115 0.044 [istio-system-istio-ingressgateway-443] [] ***HIDDEN***:8443 97 0.044 200 7b0cae7396b87c6c77276d0ae92ddbd7
***HIDDEN*** - - [21/Nov/2023:15:48:47 +0000] "GET /auth/realms/knime/protocol/openid-connect/certs HTTP/1.1" 200 2909 "-" "Apache-HttpClient/4.5.14 (Java/17.0.9)" 1281 0.002 [knime-keycloak-8443] [] ***HIDDEN***:8443 2909 0.004 200 506ea4aa-658c-4aca-a9a4-8cca29b957c2
***HIDDEN*** - - [21/Nov/2023:15:48:48 +0000] "GET /auth/realms/knime/.well-known/openid-configuration HTTP/1.1" 200 6344 "-" "axios/0.21.4" 1265 0.002 [knime-keycloak-8443] [] ***HIDDEN***:8443 6344 0.004 200 0673c9da-fe1c-41c0-8402-919df4a24940
***HIDDEN*** - - [21/Nov/2023:15:48:48 +0000] "GET /auth/realms/knime/protocol/openid-connect/certs HTTP/1.1" 200 2909 "-" "-" 1193 0.002 [knime-keycloak-8443] [] ***HIDDEN***:8443 2909 0.004 200 cdeb9556-fb2e-4fdb-b094-33a322c94af9
***HIDDEN*** - - [21/Nov/2023:15:48:48 +0000] "GET /_/bff/execution/contexts/status?executionContextIds[]=9043c21d-150c-4de1-bee5-7e992ebd922d HTTP/1.1" 200 97 "http://hub.kbh-troubleshooting.com/site/admin/execution-resources" "Mozilla/5.0 (Macintosh; Intel Mac OS X 10_15_7) AppleWebKit/537.36 (KHTML, like Gecko) Chrome/***HIDDEN*** Safari/537.36" 4115 0.039 [istio-system-istio-ingressgateway-443] [] ***HIDDEN***:8443 97 0.036 200 feb0b10715eb51514b472320e08b1a74
***HIDDEN*** - - [21/Nov/2023:15:48:52 +0000] "GET /auth/realms/knime/.well-known/openid-configuration HTTP/1.1" 200 6344 "-" "axios/0.21.4" 1265 0.003 [knime-keycloak-8443] [] ***HIDDEN***:8443 6344 0.004 200 d90a7a5c-6b95-47f8-9745-020f9cf4d12c
***HIDDEN*** - - [21/Nov/2023:15:48:52 +0000] "GET /auth/realms/knime/protocol/openid-connect/certs HTTP/1.1" 200 2909 "-" "-" 1193 0.002 [knime-keycloak-8443] [] ***HIDDEN***:8443 2909 0.000 200 24b5bec5-b1a1-4681-b4b0-4b3187131802
***HIDDEN*** - - [21/Nov/2023:15:48:52 +0000] "GET /_/bff/execution/contexts/status?executionContextIds[]=9043c21d-150c-4de1-bee5-7e992ebd922d HTTP/1.1" 200 92 "http://hub.kbh-troubleshooting.com/site/admin/execution-resources" "Mozilla/5.0 (Macintosh; Intel Mac OS X 10_15_7) AppleWebKit/537.36 (KHTML, like Gecko) Chrome/***HIDDEN*** Safari/537.36" 4115 0.037 [istio-system-istio-ingressgateway-443] [] ***HIDDEN***:8443 92 0.036 200 f88bb3106a156ee5ecc6be044faa0e70
***HIDDEN*** - - [21/Nov/2023:15:48:52 +0000] "GET /auth/realms/knime/protocol/openid-connect/certs HTTP/1.1" 200 2909 "-" "Apache-HttpClient/4.5.14 (Java/17.0.9)" 1281 0.002 [knime-keycloak-8443] [] ***HIDDEN***:8443 2909 0.004 200 efb1a7f3-0aad-4a0c-9456-0e9f8958d5e3
***HIDDEN*** - - [21/Nov/2023:15:48:55 +0000] "OPTIONS /execution/limits/hub:global/account-cpu-cores HTTP/1.1" 200 0 "http://hub.kbh-troubleshooting.com/" "Mozilla/5.0 (Macintosh; Intel Mac OS X 10_15_7) AppleWebKit/537.36 (KHTML, like Gecko) Chrome/***HIDDEN*** Safari/537.36" 546 0.000 [istio-system-istio-ingressgateway-443] [] ***HIDDEN***:8443 0 0.000 200 d306bf4870d137da7ebed8e66818fcba
***HIDDEN*** - - [21/Nov/2023:15:48:55 +0000] "OPTIONS /accounts/limits/hub:global/team-size HTTP/1.1" 200 0 "http://hub.kbh-troubleshooting.com/" "Mozilla/5.0 (Macintosh; Intel Mac OS X 10_15_7) AppleWebKit/537.36 (KHTML, like Gecko) Chrome/***HIDDEN*** Safari/537.36" 537 0.001 [istio-system-istio-ingressgateway-443] [] ***HIDDEN***:8443 0 0.000 200 62427e92b5d867c94c5f3fc570c75cf7
***HIDDEN*** - - [21/Nov/2023:15:48:55 +0000] "GET /execution/limits/hub:global/account-cpu-cores HTTP/1.1" 404 64 "http://hub.kbh-troubleshooting.com/" "Mozilla/5.0 (Macintosh; Intel Mac OS X 10_15_7) AppleWebKit/537.36 (KHTML, like Gecko) Chrome/***HIDDEN*** Safari/537.36" 4088 0.018 [istio-system-istio-ingressgateway-443] [] ***HIDDEN***:8443 64 0.016 404 021bc01134475cedccf11b1a1b79f070
***HIDDEN*** - - [21/Nov/2023:15:48:55 +0000] "GET /accounts/limits/hub:global/team-size HTTP/1.1" 404 56 "http://hub.kbh-troubleshooting.com/" "Mozilla/5.0 (Macintosh; Intel Mac OS X 10_15_7) AppleWebKit/537.36 (KHTML, like Gecko) Chrome/***HIDDEN*** Safari/537.36" 4079 0.033 [istio-system-istio-ingressgateway-443] [] ***HIDDEN***:8443 56 0.028 404 13f02ea698a8777bbdaf75abdd1180b9
***HIDDEN*** - - [21/Nov/2023:15:48:55 +0000] "GET /auth/realms/knime/.well-known/openid-configuration HTTP/1.1" 200 6344 "-" "axios/0.21.4" 1265 0.003 [knime-keycloak-8443] [] ***HIDDEN***:8443 6344 0.004 200 d7962052-222a-4041-a35a-18ca8304276b
***HIDDEN*** - - [21/Nov/2023:15:48:55 +0000] "GET /auth/realms/knime/protocol/openid-connect/certs HTTP/1.1" 200 2909 "-" "-" 1193 0.001 [knime-keycloak-8443] [] ***HIDDEN***:8443 2909 0.000 200 985f929a-0c96-4149-9832-857d0b16eda6
***HIDDEN*** - - [21/Nov/2023:15:48:55 +0000] "GET /_/bff/execution/contexts/status?executionContextIds[]=9043c21d-150c-4de1-bee5-7e992ebd922d HTTP/1.1" 200 97 "http://hub.kbh-troubleshooting.com/site/admin/execution-resources" "Mozilla/5.0 (Macintosh; Intel Mac OS X 10_15_7) AppleWebKit/537.36 (KHTML, like Gecko) Chrome/***HIDDEN*** Safari/537.36" 4115 0.041 [istio-system-istio-ingressgateway-443] [] ***HIDDEN***:8443 97 0.040 200 0d6578766187484e126e22504db9b7a4
***HIDDEN*** - - [21/Nov/2023:15:48:57 +0000] "GET /auth/realms/knime/protocol/openid-connect/certs HTTP/1.1" 200 2909 "-" "Apache-HttpClient/4.5.14 (Java/17.0.9)" 1281 0.002 [knime-keycloak-8443] [] ***HIDDEN***:8443 2909 0.004 200 c3ae8ff1-74cd-4f90-91a9-8a797dad057e
***HIDDEN*** - - [21/Nov/2023:15:48:58 +0000] "GET /auth/realms/knime/.well-known/openid-configuration HTTP/1.1" 200 6344 "-" "axios/0.21.4" 1265 0.007 [knime-keycloak-8443] [] ***HIDDEN***:8443 6344 0.008 200 f09d2782-9c7f-493f-bf51-10d4e1e88768
***HIDDEN*** - - [21/Nov/2023:15:48:58 +0000] "GET /auth/realms/knime/protocol/openid-connect/certs HTTP/1.1" 200 2909 "-" "-" 1193 0.002 [knime-keycloak-8443] [] ***HIDDEN***:8443 2909 0.000 200 c6cece4b-f9ae-424f-ad47-716f3524b044
***HIDDEN*** - - [21/Nov/2023:15:48:58 +0000] "GET /_/bff/execution/contexts/status?executionContextIds[]=9043c21d-150c-4de1-bee5-7e992ebd922d HTTP/1.1" 200 92 "http://hub.kbh-troubleshooting.com/site/admin/execution-resources" "Mozilla/5.0 (Macintosh; Intel Mac OS X 10_15_7) AppleWebKit/537.36 (KHTML, like Gecko) Chrome/***HIDDEN*** Safari/537.36" 4115 0.042 [istio-system-istio-ingressgateway-443] [] ***HIDDEN***:8443 92 0.040 200 c4c0f486f849a75382d294e9f2e92dd6
***HIDDEN*** - - [21/Nov/2023:15:49:01 +0000] "GET /auth/realms/knime/.well-known/openid-configuration HTTP/1.1" 200 6344 "-" "axios/0.21.4" 1265 0.003 [knime-keycloak-8443] [] ***HIDDEN***:8443 6344 0.000 200 9829ad05-e4f9-4d04-8e1c-8bee2710a1ff
***HIDDEN*** - - [21/Nov/2023:15:49:01 +0000] "GET /auth/realms/knime/protocol/openid-connect/certs HTTP/1.1" 200 2909 "-" "-" 1193 0.002 [knime-keycloak-8443] [] ***HIDDEN***:8443 2909 0.004 200 5fd38813-f4ca-495e-9715-bd6a505c033e
***HIDDEN*** - - [21/Nov/2023:15:49:01 +0000] "GET /_/bff/execution/contexts/status?executionContextIds[]=9043c21d-150c-4de1-bee5-7e992ebd922d HTTP/1.1" 200 92 "http://hub.kbh-troubleshooting.com/site/admin/execution-resources" "Mozilla/5.0 (Macintosh; Intel Mac OS X 10_15_7) AppleWebKit/537.36 (KHTML, like Gecko) Chrome/***HIDDEN*** Safari/537.36" 4115 0.049 [istio-system-istio-ingressgateway-443] [] ***HIDDEN***:8443 92 0.044 200 fdfeb62cbb455c4e9a5ab15f3a50a248
***HIDDEN*** - - [21/Nov/2023:15:49:02 +0000] "GET /auth/realms/knime/protocol/openid-connect/certs HTTP/1.1" 200 2909 "-" "Apache-HttpClient/4.5.14 (Java/17.0.9)" 1281 0.009 [knime-keycloak-8443] [] ***HIDDEN***:8443 2909 0.008 200 8e1a9392-91df-4011-bb42-f575af8c4d35
***HIDDEN*** - - [21/Nov/2023:15:49:04 +0000] "GET /auth/realms/knime/.well-known/openid-configuration HTTP/1.1" 200 6344 "-" "axios/0.21.4" 1265 0.002 [knime-keycloak-8443] [] ***HIDDEN***:8443 6344 0.004 200 0f5a431b-4a47-45ee-9ea8-cca19a61d6ba
***HIDDEN*** - - [21/Nov/2023:15:49:04 +0000] "GET /auth/realms/knime/protocol/openid-connect/certs HTTP/1.1" 200 2909 "-" "-" 1193 0.001 [knime-keycloak-8443] [] ***HIDDEN***:8443 2909 0.000 200 13be8918-7438-4e30-86a9-9a0d19a7e032
***HIDDEN*** - - [21/Nov/2023:15:49:04 +0000] "GET /_/bff/execution/contexts/status?executionContextIds[]=9043c21d-150c-4de1-bee5-7e992ebd922d HTTP/1.1" 200 92 "http://hub.kbh-troubleshooting.com/site/admin/execution-resources" "Mozilla/5.0 (Macintosh; Intel Mac OS X 10_15_7) AppleWebKit/537.36 (KHTML, like Gecko) Chrome/***HIDDEN*** Safari/537.36" 4115 0.036 [istio-system-istio-ingressgateway-443] [] ***HIDDEN***:8443 92 0.036 200 e8eff3c8c738eb719b736608b4953185
***HIDDEN*** - - [21/Nov/2023:15:49:07 +0000] "GET /auth/realms/knime/.well-known/openid-configuration HTTP/1.1" 200 6344 "-" "axios/0.21.4" 1265 0.003 [knime-keycloak-8443] [] ***HIDDEN***:8443 6344 0.000 200 71b9a204-bc41-4ec4-a325-24a07585ab10
***HIDDEN*** - - [21/Nov/2023:15:49:07 +0000] "GET /auth/realms/knime/protocol/openid-connect/certs HTTP/1.1" 200 2909 "-" "-" 1193 0.002 [knime-keycloak-8443] [] ***HIDDEN***:8443 2909 0.000 200 a3b7c642-df3c-9a32-8a90-9a6c0d6562d1
***HIDDEN*** - - [21/Nov/2023:15:49:07 +0000] "GET /_/bff/execution/contexts/status?executionContextIds[]=9043c21d-150c-4de1-bee5-7e992ebd922d HTTP/1.1" 200 92 "http://hub.kbh-troubleshooting.com/site/admin/execution-resources" "Mozilla/5.0 (Macintosh; Intel Mac OS X 10_15_7) AppleWebKit/537.36 (KHTML, like Gecko) Chrome/***HIDDEN*** Safari/537.36" 4115 0.035 [istio-system-istio-ingressgateway-443] [] ***HIDDEN***:8443 92 0.032 200 ab2126998dfeb554a0d60ff0fa713158
***HIDDEN*** - - [21/Nov/2023:15:49:07 +0000] "GET /auth/realms/knime/protocol/openid-connect/certs HTTP/1.1" 200 2909 "-" "Apache-HttpClient/4.5.14 (Java/17.0.9)" 1281 0.002 [knime-keycloak-8443] [] ***HIDDEN***:8443 2909 0.004 200 5c689ffc-726f-4a16-b810-0f19ce40f1df
***HIDDEN*** - - [21/Nov/2023:15:49:12 +0000] "GET /auth/realms/knime/protocol/openid-connect/certs HTTP/1.1" 200 2909 "-" "Apache-HttpClient/4.5.14 (Java/17.0.9)" 1281 0.002 [knime-keycloak-8443] [] ***HIDDEN***:8443 2909 0.004 200 b3862977-eb28-46d9-be98-24a16e535c4b
***HIDDEN*** - - [21/Nov/2023:15:49:17 +0000] "GET /auth/realms/knime/protocol/openid-connect/certs HTTP/1.1" 200 2909 "-" "Apache-HttpClient/4.5.14 (Java/17.0.9)" 1281 0.002 [knime-keycloak-8443] [] ***HIDDEN***:8443 2909 0.004 200 36b7d800-676f-4043-8582-8ddf7dd87036
***HIDDEN*** - - [21/Nov/2023:15:49:22 +0000] "GET /auth/realms/knime/protocol/openid-connect/certs HTTP/1.1" 200 2909 "-" "Apache-HttpClient/4.5.14 (Java/17.0.9)" 1281 0.002 [knime-keycloak-8443] [] ***HIDDEN***:8443 2909 0.000 200 eeda2587-8556-4aca-a868-eb7bdbb8c270
***HIDDEN*** - - [21/Nov/2023:15:49:27 +0000] "GET /auth/realms/knime/protocol/openid-connect/certs HTTP/1.1" 200 2909 "-" "Apache-HttpClient/4.5.14 (Java/17.0.9)" 1281 0.002 [knime-keycloak-8443] [] ***HIDDEN***:8443 2909 0.004 200 dd1ff6da-8ee9-46e1-ad61-b71bcafd71ff
***HIDDEN*** - - [21/Nov/2023:15:49:32 +0000] "GET /auth/realms/knime/protocol/openid-connect/certs HTTP/1.1" 200 2909 "-" "Apache-HttpClient/4.5.14 (Java/17.0.9)" 1281 0.002 [knime-keycloak-8443] [] ***HIDDEN***:8443 2909 0.004 200 8c7d25db-b59d-463f-99a3-f5e6921dcf01
***HIDDEN*** - - [21/Nov/2023:15:49:37 +0000] "GET /auth/realms/knime/protocol/openid-connect/certs HTTP/1.1" 200 2909 "-" "Apache-HttpClient/4.5.14 (Java/17.0.9)" 1281 0.002 [knime-keycloak-8443] [] ***HIDDEN***:8443 2909 0.000 200 50d9475d-2dbd-4c19-91f3-411f48e40bfa
***HIDDEN*** - - [21/Nov/2023:15:49:42 +0000] "GET /auth/realms/knime/protocol/openid-connect/certs HTTP/1.1" 200 2909 "-" "Apache-HttpClient/4.5.14 (Java/17.0.9)" 1281 0.002 [knime-keycloak-8443] [] ***HIDDEN***:8443 2909 0.004 200 8a5089ba-f763-4fa4-93f9-dc8449e8e589
***HIDDEN*** - - [21/Nov/2023:15:49:47 +0000] "GET /auth/realms/knime/protocol/openid-connect/certs HTTP/1.1" 200 2909 "-" "Apache-HttpClient/4.5.14 (Java/17.0.9)" 1281 0.002 [knime-keycloak-8443] [] ***HIDDEN***:8443 2909 0.004 200 eaa41eca-e0b5-40b2-bb6b-7297cade684d
***HIDDEN*** - - [21/Nov/2023:15:49:52 +0000] "GET /auth/realms/knime/protocol/openid-connect/certs HTTP/1.1" 200 2909 "-" "Apache-HttpClient/4.5.14 (Java/17.0.9)" 1281 0.003 [knime-keycloak-8443] [] ***HIDDEN***:8443 2909 0.000 200 3609d153-6d48-4e67-872e-371414415fa7
***HIDDEN*** - - [21/Nov/2023:15:49:57 +0000] "GET /auth/realms/knime/protocol/openid-connect/certs HTTP/1.1" 200 2909 "-" "Apache-HttpClient/4.5.14 (Java/17.0.9)" 1281 0.003 [knime-keycloak-8443] [] ***HIDDEN***:8443 2909 0.004 200 a24e9e57-0787-48a7-9167-5041f0f6e505
***HIDDEN*** - - [21/Nov/2023:15:50:01 +0000] "GET /auth/realms/knime/.well-known/openid-configuration HTTP/1.1" 200 6344 "-" "axios/0.21.4" 1265 0.003 [knime-keycloak-8443] [] ***HIDDEN***:8443 6344 0.004 200 914f90ba-2a05-4632-a409-8ea2ff70beee
***HIDDEN*** - - [21/Nov/2023:15:50:01 +0000] "GET /auth/realms/knime/protocol/openid-connect/certs HTTP/1.1" 200 2909 "-" "-" 1193 0.002 [knime-keycloak-8443] [] ***HIDDEN***:8443 2909 0.000 200 e4ce2b60-7d24-46e6-a249-134f0af7fab4
***HIDDEN*** - - [21/Nov/2023:15:50:01 +0000] "GET /_/bff/execution/contexts/status?executionContextIds[]=9043c21d-150c-4de1-bee5-7e992ebd922d HTTP/1.1" 200 92 "http://hub.kbh-troubleshooting.com/site/admin/execution-resources" "Mozilla/5.0 (Macintosh; Intel Mac OS X 10_15_7) AppleWebKit/537.36 (KHTML, like Gecko) Chrome/***HIDDEN*** Safari/537.36" 4115 0.037 [istio-system-istio-ingressgateway-443] [] ***HIDDEN***:8443 92 0.036 200 baa1b77fa9cce5925f5ba4b071b9e0e3
***HIDDEN*** - - [21/Nov/2023:15:50:02 +0000] "GET /auth/realms/knime/protocol/openid-connect/certs HTTP/1.1" 200 2909 "-" "Apache-HttpClient/4.5.14 (Java/17.0.9)" 1281 0.002 [knime-keycloak-8443] [] ***HIDDEN***:8443 2909 0.004 200 150cc914-7fb7-43ae-9811-a1cc0e928170
***HIDDEN*** - - [21/Nov/2023:15:50:04 +0000] "GET /auth/realms/knime/.well-known/openid-configuration HTTP/1.1" 200 6344 "-" "axios/0.21.4" 1265 0.003 [knime-keycloak-8443] [] ***HIDDEN***:8443 6344 0.004 200 66eed317-65a8-40b9-9904-d3bf5eb7402b
***HIDDEN*** - - [21/Nov/2023:15:50:04 +0000] "GET /auth/realms/knime/protocol/openid-connect/certs HTTP/1.1" 200 2909 "-" "-" 1193 0.001 [knime-keycloak-8443] [] ***HIDDEN***:8443 2909 0.004 200 910f15e5-6f50-4e31-85a7-1f51cda15fa8
***HIDDEN*** - - [21/Nov/2023:15:50:04 +0000] "GET /_/bff/execution/contexts/status?executionContextIds[]=9043c21d-150c-4de1-bee5-7e992ebd922d HTTP/1.1" 200 92 "http://hub.kbh-troubleshooting.com/site/admin/execution-resources" "Mozilla/5.0 (Macintosh; Intel Mac OS X 10_15_7) AppleWebKit/537.36 (KHTML, like Gecko) Chrome/***HIDDEN*** Safari/537.36" 4115 0.035 [istio-system-istio-ingressgateway-443] [] ***HIDDEN***:8443 92 0.032 200 68493b03154a4520a7be9c198526a13e
***HIDDEN*** - - [21/Nov/2023:15:50:07 +0000] "GET /auth/realms/knime/.well-known/openid-configuration HTTP/1.1" 200 6344 "-" "axios/0.21.4" 1265 0.002 [knime-keycloak-8443] [] ***HIDDEN***:8443 6344 0.000 200 d8a1b617-a2a6-491e-bfb5-4a125743301d
***HIDDEN*** - - [21/Nov/2023:15:50:07 +0000] "GET /auth/realms/knime/protocol/openid-connect/certs HTTP/1.1" 200 2909 "-" "-" 1193 0.001 [knime-keycloak-8443] [] ***HIDDEN***:8443 2909 0.000 200 e5bd0ff2-a8c5-479e-be96-dd6cc9f248a4
***HIDDEN*** - - [21/Nov/2023:15:50:07 +0000] "GET /_/bff/execution/contexts/status?executionContextIds[]=9043c21d-150c-4de1-bee5-7e992ebd922d HTTP/1.1" 200 92 "http://hub.kbh-troubleshooting.com/site/admin/execution-resources" "Mozilla/5.0 (Macintosh; Intel Mac OS X 10_15_7) AppleWebKit/537.36 (KHTML, like Gecko) Chrome/***HIDDEN*** Safari/537.36" 4115 0.037 [istio-system-istio-ingressgateway-443] [] ***HIDDEN***:8443 92 0.032 200 849273a7c66101700f17c09aa191ceaa
***HIDDEN*** - - [21/Nov/2023:15:50:07 +0000] "GET /auth/realms/knime/protocol/openid-connect/certs HTTP/1.1" 200 2909 "-" "Apache-HttpClient/4.5.14 (Java/17.0.9)" 1281 0.003 [knime-keycloak-8443] [] ***HIDDEN***:8443 2909 0.004 200 c3c4d76b-0a0e-45bc-bde2-1594a7637202
***HIDDEN*** - - [21/Nov/2023:15:50:10 +0000] "GET /auth/realms/knime/.well-known/openid-configuration HTTP/1.1" 200 6344 "-" "axios/0.21.4" 1265 0.002 [knime-keycloak-8443] [] ***HIDDEN***:8443 6344 0.004 200 90a9abfa-2205-445e-99ed-7216371cec4f
***HIDDEN*** - - [21/Nov/2023:15:50:10 +0000] "GET /auth/realms/knime/protocol/openid-connect/certs HTTP/1.1" 200 2909 "-" "-" 1193 0.001 [knime-keycloak-8443] [] ***HIDDEN***:8443 2909 0.000 200 c0c36062-18f0-40d6-9c53-218670062910
***HIDDEN*** - - [21/Nov/2023:15:50:10 +0000] "GET /_/bff/execution/contexts/status?executionContextIds[]=9043c21d-150c-4de1-bee5-7e992ebd922d HTTP/1.1" 200 92 "http://hub.kbh-troubleshooting.com/site/admin/execution-resources" "Mozilla/5.0 (Macintosh; Intel Mac OS X 10_15_7) AppleWebKit/537.36 (KHTML, like Gecko) Chrome/***HIDDEN*** Safari/537.36" 4115 0.038 [istio-system-istio-ingressgateway-443] [] ***HIDDEN***:8443 92 0.036 200 8550096a4429f3e06a5faa47a40b7e95
***HIDDEN*** - - [21/Nov/2023:15:50:12 +0000] "GET /auth/realms/knime/protocol/openid-connect/certs HTTP/1.1" 200 2909 "-" "Apache-HttpClient/4.5.14 (Java/17.0.9)" 1281 0.002 [knime-keycloak-8443] [] ***HIDDEN***:8443 2909 0.000 200 a2e86aaf-abef-42b1-8f80-7a6fdd8ca569
***HIDDEN*** - - [21/Nov/2023:15:50:13 +0000] "GET /auth/realms/knime/.well-known/openid-configuration HTTP/1.1" 200 6344 "-" "axios/0.21.4" 1265 0.002 [knime-keycloak-8443] [] ***HIDDEN***:8443 6344 0.000 200 2b4889de-e99b-4862-9a62-cb9d2e6bf829
***HIDDEN*** - - [21/Nov/2023:15:50:13 +0000] "GET /auth/realms/knime/protocol/openid-connect/certs HTTP/1.1" 200 2909 "-" "-" 1193 0.002 [knime-keycloak-8443] [] ***HIDDEN***:8443 2909 0.000 200 8f1d87b2-aa30-4236-8975-7733abfee231
***HIDDEN*** - - [21/Nov/2023:15:50:13 +0000] "GET /_/bff/execution/contexts/status?executionContextIds[]=9043c21d-150c-4de1-bee5-7e992ebd922d HTTP/1.1" 200 92 "http://hub.kbh-troubleshooting.com/site/admin/execution-resources" "Mozilla/5.0 (Macintosh; Intel Mac OS X 10_15_7) AppleWebKit/537.36 (KHTML, like Gecko) Chrome/***HIDDEN*** Safari/537.36" 4115 0.038 [istio-system-istio-ingressgateway-443] [] ***HIDDEN***:8443 92 0.040 200 fe5030cd86fe243e837ab9e8199b5a18
***HIDDEN*** - - [21/Nov/2023:15:50:16 +0000] "GET /auth/realms/knime/.well-known/openid-configuration HTTP/1.1" 200 6344 "-" "axios/0.21.4" 1265 0.002 [knime-keycloak-8443] [] ***HIDDEN***:8443 6344 0.000 200 6abbc0e1-b1df-41b8-be4f-ff52fbbe727a
***HIDDEN*** - - [21/Nov/2023:15:50:16 +0000] "GET /auth/realms/knime/protocol/openid-connect/certs HTTP/1.1" 200 2909 "-" "-" 1193 0.001 [knime-keycloak-8443] [] ***HIDDEN***:8443 2909 0.000 200 adc98b8b-c04d-4ebe-a567-21ef84139681
***HIDDEN*** - - [21/Nov/2023:15:50:16 +0000] "GET /_/bff/execution/contexts/status?executionContextIds[]=9043c21d-150c-4de1-bee5-7e992ebd922d HTTP/1.1" 200 92 "http://hub.kbh-troubleshooting.com/site/admin/execution-resources" "Mozilla/5.0 (Macintosh; Intel Mac OS X 10_15_7) AppleWebKit/537.36 (KHTML, like Gecko) Chrome/***HIDDEN*** Safari/537.36" 4115 0.036 [istio-system-istio-ingressgateway-443] [] ***HIDDEN***:8443 92 0.032 200 da363c56968957f92dada06ca296410f
***HIDDEN*** - - [21/Nov/2023:15:50:17 +0000] "GET /auth/realms/knime/protocol/openid-connect/certs HTTP/1.1" 200 2909 "-" "Apache-HttpClient/4.5.14 (Java/17.0.9)" 1281 0.002 [knime-keycloak-8443] [] ***HIDDEN***:8443 2909 0.004 200 96969ffe-9062-4249-9b7d-d319abd1cd15
***HIDDEN*** - - [21/Nov/2023:15:50:19 +0000] "GET /auth/realms/knime/.well-known/openid-configuration HTTP/1.1" 200 6344 "-" "axios/0.21.4" 1265 0.002 [knime-keycloak-8443] [] ***HIDDEN***:8443 6344 0.004 200 d748d628-6bd2-4f13-970d-7452f40692ca
***HIDDEN*** - - [21/Nov/2023:15:50:19 +0000] "GET /auth/realms/knime/protocol/openid-connect/certs HTTP/1.1" 200 2909 "-" "-" 1193 0.001 [knime-keycloak-8443] [] ***HIDDEN***:8443 2909 0.004 200 bedfffcb-1af4-473a-b289-fcad65ec25f8
***HIDDEN*** - - [21/Nov/2023:15:50:19 +0000] "GET /_/bff/execution/contexts/status?executionContextIds[]=9043c21d-150c-4de1-bee5-7e992ebd922d HTTP/1.1" 200 92 "http://hub.kbh-troubleshooting.com/site/admin/execution-resources" "Mozilla/5.0 (Macintosh; Intel Mac OS X 10_15_7) AppleWebKit/537.36 (KHTML, like Gecko) Chrome/***HIDDEN*** Safari/537.36" 4115 0.035 [istio-system-istio-ingressgateway-443] [] ***HIDDEN***:8443 92 0.032 200 395d9836f8a299630fe69e212ed79306
***HIDDEN*** - - [21/Nov/2023:15:50:22 +0000] "GET /auth/realms/knime/.well-known/openid-configuration HTTP/1.1" 200 6344 "-" "axios/0.21.4" 1265 0.002 [knime-keycloak-8443] [] ***HIDDEN***:8443 6344 0.000 200 7c12dd35-5d87-468a-aa4f-cf597416ea7b
***HIDDEN*** - - [21/Nov/2023:15:50:22 +0000] "GET /auth/realms/knime/protocol/openid-connect/certs HTTP/1.1" 200 2909 "-" "-" 1193 0.001 [knime-keycloak-8443] [] ***HIDDEN***:8443 2909 0.000 200 8152b631-d509-4de3-9218-ce6cfe78ce1e
***HIDDEN*** - - [21/Nov/2023:15:50:22 +0000] "GET /_/bff/execution/contexts/status?executionContextIds[]=9043c21d-150c-4de1-bee5-7e992ebd922d HTTP/1.1" 200 92 "http://hub.kbh-troubleshooting.com/site/admin/execution-resources" "Mozilla/5.0 (Macintosh; Intel Mac OS X 10_15_7) AppleWebKit/537.36 (KHTML, like Gecko) Chrome/***HIDDEN*** Safari/537.36" 4115 0.033 [istio-system-istio-ingressgateway-443] [] ***HIDDEN***:8443 92 0.032 200 88b8b41182ff2058b5466fb2605fee6f
***HIDDEN*** - - [21/Nov/2023:15:50:22 +0000] "GET /auth/realms/knime/protocol/openid-connect/certs HTTP/1.1" 200 2909 "-" "Apache-HttpClient/4.5.14 (Java/17.0.9)" 1281 0.002 [knime-keycloak-8443] [] ***HIDDEN***:8443 2909 0.004 200 9d7ccf4c-dfcc-493e-ae66-1e128d65728b
***HIDDEN*** - - [21/Nov/2023:15:50:25 +0000] "GET /auth/realms/knime/.well-known/openid-configuration HTTP/1.1" 200 6344 "-" "axios/0.21.4" 1265 0.002 [knime-keycloak-8443] [] ***HIDDEN***:8443 6344 0.004 200 e3cd807b-13d7-4c54-af31-64d83dbbfbf8
***HIDDEN*** - - [21/Nov/2023:15:50:25 +0000] "GET /auth/realms/knime/protocol/openid-connect/certs HTTP/1.1" 200 2909 "-" "-" 1193 0.002 [knime-keycloak-8443] [] ***HIDDEN***:8443 2909 0.000 200 fc680ff1-73a8-4e37-808a-8b2f0a46e951
***HIDDEN*** - - [21/Nov/2023:15:50:25 +0000] "GET /_/bff/execution/contexts/status?executionContextIds[]=9043c21d-150c-4de1-bee5-7e992ebd922d HTTP/1.1" 200 92 "http://hub.kbh-troubleshooting.com/site/admin/execution-resources" "Mozilla/5.0 (Macintosh; Intel Mac OS X 10_15_7) AppleWebKit/537.36 (KHTML, like Gecko) Chrome/***HIDDEN*** Safari/537.36" 4115 0.034 [istio-system-istio-ingressgateway-443] [] ***HIDDEN***:8443 92 0.032 200 4768045b864f55fbdebb6b115f4a51e1
***HIDDEN*** - - [21/Nov/2023:15:50:27 +0000] "GET /auth/realms/knime/protocol/openid-connect/certs HTTP/1.1" 200 2909 "-" "Apache-HttpClient/4.5.14 (Java/17.0.9)" 1281 0.002 [knime-keycloak-8443] [] ***HIDDEN***:8443 2909 0.000 200 419830f1-6b26-47b5-973d-a3495973dee8
***HIDDEN*** - - [21/Nov/2023:15:50:28 +0000] "GET /auth/realms/knime/.well-known/openid-configuration HTTP/1.1" 200 6344 "-" "axios/0.21.4" 1265 0.002 [knime-keycloak-8443] [] ***HIDDEN***:8443 6344 0.000 200 31fe5f79-d8b3-4d78-a7d0-be70b47c0586
***HIDDEN*** - - [21/Nov/2023:15:50:28 +0000] "GET /auth/realms/knime/protocol/openid-connect/certs HTTP/1.1" 200 2909 "-" "-" 1193 0.001 [knime-keycloak-8443] [] ***HIDDEN***:8443 2909 0.000 200 7a63c749-332f-4b73-a6f8-2384b0143c15
***HIDDEN*** - - [21/Nov/2023:15:50:28 +0000] "GET /_/bff/execution/contexts/status?executionContextIds[]=9043c21d-150c-4de1-bee5-7e992ebd922d HTTP/1.1" 200 92 "http://hub.kbh-troubleshooting.com/site/admin/execution-resources" "Mozilla/5.0 (Macintosh; Intel Mac OS X 10_15_7) AppleWebKit/537.36 (KHTML, like Gecko) Chrome/***HIDDEN*** Safari/537.36" 4115 0.033 [istio-system-istio-ingressgateway-443] [] ***HIDDEN***:8443 92 0.028 200 bf2f03a3a54cc4644e69ee60b7e50686
***HIDDEN*** - - [21/Nov/2023:15:50:32 +0000] "GET /auth/realms/knime/.well-known/openid-configuration HTTP/1.1" 200 6344 "-" "axios/0.21.4" 1265 0.003 [knime-keycloak-8443] [] ***HIDDEN***:8443 6344 0.004 200 d57e3ef6-d5e7-4d62-9d70-717e360924da
***HIDDEN*** - - [21/Nov/2023:15:50:32 +0000] "GET /auth/realms/knime/protocol/openid-connect/certs HTTP/1.1" 200 2909 "-" "-" 1193 0.002 [knime-keycloak-8443] [] ***HIDDEN***:8443 2909 0.000 200 b4caef65-b74d-460d-b0d6-3edb905b5e02
***HIDDEN*** - - [21/Nov/2023:15:50:32 +0000] "GET /_/bff/execution/contexts/status?executionContextIds[]=9043c21d-150c-4de1-bee5-7e992ebd922d HTTP/1.1" 200 92 "http://hub.kbh-troubleshooting.com/site/admin/execution-resources" "Mozilla/5.0 (Macintosh; Intel Mac OS X 10_15_7) AppleWebKit/537.36 (KHTML, like Gecko) Chrome/***HIDDEN*** Safari/537.36" 4115 0.036 [istio-system-istio-ingressgateway-443] [] ***HIDDEN***:8443 92 0.036 200 04173060d71edb01b6352e2db025c3c3
***HIDDEN*** - - [21/Nov/2023:15:50:32 +0000] "GET /auth/realms/knime/protocol/openid-connect/certs HTTP/1.1" 200 2909 "-" "Apache-HttpClient/4.5.14 (Java/17.0.9)" 1281 0.002 [knime-keycloak-8443] [] ***HIDDEN***:8443 2909 0.004 200 6b384ad1-26cb-459e-b566-8a517f8d0dce
***HIDDEN*** - - [21/Nov/2023:15:50:35 +0000] "GET /auth/realms/knime/.well-known/openid-configuration HTTP/1.1" 200 6344 "-" "axios/0.21.4" 1265 0.002 [knime-keycloak-8443] [] ***HIDDEN***:8443 6344 0.004 200 26d5c737-e2cc-4c4b-a1cd-ffe08c02bb8c
***HIDDEN*** - - [21/Nov/2023:15:50:35 +0000] "GET /auth/realms/knime/protocol/openid-connect/certs HTTP/1.1" 200 2909 "-" "-" 1193 0.001 [knime-keycloak-8443] [] ***HIDDEN***:8443 2909 0.000 200 5013ea2f-809a-4539-9256-82859a05d728
***HIDDEN*** - - [21/Nov/2023:15:50:35 +0000] "GET /_/bff/execution/contexts/status?executionContextIds[]=9043c21d-150c-4de1-bee5-7e992ebd922d HTTP/1.1" 200 97 "http://hub.kbh-troubleshooting.com/site/admin/execution-resources" "Mozilla/5.0 (Macintosh; Intel Mac OS X 10_15_7) AppleWebKit/537.36 (KHTML, like Gecko) Chrome/***HIDDEN*** Safari/537.36" 4115 0.036 [istio-system-istio-ingressgateway-443] [] ***HIDDEN***:8443 97 0.032 200 216bc5a4729a3a1ec884b43a5052c3f0
***HIDDEN*** - - [21/Nov/2023:15:50:37 +0000] "GET /auth/realms/knime/protocol/openid-connect/certs HTTP/1.1" 200 2909 "-" "Apache-HttpClient/4.5.14 (Java/17.0.9)" 1281 0.002 [knime-keycloak-8443] [] ***HIDDEN***:8443 2909 0.004 200 8a42163e-0e36-4f12-8bb5-be07de0620de
***HIDDEN*** - - [21/Nov/2023:15:50:38 +0000] "GET /auth/realms/knime/.well-known/openid-configuration HTTP/1.1" 200 6344 "-" "axios/0.21.4" 1265 0.002 [knime-keycloak-8443] [] ***HIDDEN***:8443 6344 0.000 200 81ea15f7-a9af-4ce2-a8df-9429d9ad988f
***HIDDEN*** - - [21/Nov/2023:15:50:38 +0000] "GET /auth/realms/knime/protocol/openid-connect/certs HTTP/1.1" 200 2909 "-" "-" 1193 0.002 [knime-keycloak-8443] [] ***HIDDEN***:8443 2909 0.004 200 92a0b582-eeff-4af5-9db3-ac41a9ad1487
***HIDDEN*** - - [21/Nov/2023:15:50:38 +0000] "GET /_/bff/execution/contexts/status?executionContextIds[]=9043c21d-150c-4de1-bee5-7e992ebd922d HTTP/1.1" 200 92 "http://hub.kbh-troubleshooting.com/site/admin/execution-resources" "Mozilla/5.0 (Macintosh; Intel Mac OS X 10_15_7) AppleWebKit/537.36 (KHTML, like Gecko) Chrome/***HIDDEN*** Safari/537.36" 4115 0.036 [istio-system-istio-ingressgateway-443] [] ***HIDDEN***:8443 92 0.032 200 404b492eb6cd3d840b74755f50eb6eb9
***HIDDEN*** - - [21/Nov/2023:15:50:41 +0000] "GET /auth/realms/knime/.well-known/openid-configuration HTTP/1.1" 200 6344 "-" "axios/0.21.4" 1265 0.003 [knime-keycloak-8443] [] ***HIDDEN***:8443 6344 0.004 200 4d7bb222-4e30-4ff8-b11e-3a9f54a3eaa5
***HIDDEN*** - - [21/Nov/2023:15:50:41 +0000] "GET /auth/realms/knime/protocol/openid-connect/certs HTTP/1.1" 200 2909 "-" "-" 1193 0.001 [knime-keycloak-8443] [] ***HIDDEN***:8443 2909 0.000 200 615e149d-3f68-4d8a-be70-7a6f3f573308
***HIDDEN*** - - [21/Nov/2023:15:50:41 +0000] "GET /_/bff/execution/contexts/status?executionContextIds[]=9043c21d-150c-4de1-bee5-7e992ebd922d HTTP/1.1" 200 92 "http://hub.kbh-troubleshooting.com/site/admin/execution-resources" "Mozilla/5.0 (Macintosh; Intel Mac OS X 10_15_7) AppleWebKit/537.36 (KHTML, like Gecko) Chrome/***HIDDEN*** Safari/537.36" 4115 0.033 [istio-system-istio-ingressgateway-443] [] ***HIDDEN***:8443 92 0.032 200 215995cbe8133fc58a9dde25dc84bcee
***HIDDEN*** - - [21/Nov/2023:15:50:42 +0000] "GET /auth/realms/knime/protocol/openid-connect/certs HTTP/1.1" 200 2909 "-" "Apache-HttpClient/4.5.14 (Java/17.0.9)" 1281 0.002 [knime-keycloak-8443] [] ***HIDDEN***:8443 2909 0.004 200 90ccbfa4-5c62-49db-8197-1efd643f0f7e
***HIDDEN*** - - [21/Nov/2023:15:50:44 +0000] "GET /auth/realms/knime/.well-known/openid-configuration HTTP/1.1" 200 6344 "-" "axios/0.21.4" 1265 0.002 [knime-keycloak-8443] [] ***HIDDEN***:8443 6344 0.000 200 3e49f125-7295-49c3-9fd4-81a0d0175edd
***HIDDEN*** - - [21/Nov/2023:15:50:44 +0000] "GET /auth/realms/knime/protocol/openid-connect/certs HTTP/1.1" 200 2909 "-" "-" 1193 0.002 [knime-keycloak-8443] [] ***HIDDEN***:8443 2909 0.004 200 5f64ddf0-71f5-485b-b561-1a69b5d54532
***HIDDEN*** - - [21/Nov/2023:15:50:44 +0000] "GET /_/bff/execution/contexts/status?executionContextIds[]=9043c21d-150c-4de1-bee5-7e992ebd922d HTTP/1.1" 200 92 "http://hub.kbh-troubleshooting.com/site/admin/execution-resources" "Mozilla/5.0 (Macintosh; Intel Mac OS X 10_15_7) AppleWebKit/537.36 (KHTML, like Gecko) Chrome/***HIDDEN*** Safari/537.36" 4115 0.034 [istio-system-istio-ingressgateway-443] [] ***HIDDEN***:8443 92 0.032 200 5dccb1dba3304fac4740cbb1e146d352
***HIDDEN*** - - [21/Nov/2023:15:50:47 +0000] "GET /auth/realms/knime/.well-known/openid-configuration HTTP/1.1" 200 6344 "-" "axios/0.21.4" 1265 0.002 [knime-keycloak-8443] [] ***HIDDEN***:8443 6344 0.004 200 0db8bc60-e2fa-46f0-9036-44facbf8e90b
***HIDDEN*** - - [21/Nov/2023:15:50:47 +0000] "GET /auth/realms/knime/protocol/openid-connect/certs HTTP/1.1" 200 2909 "-" "-" 1193 0.001 [knime-keycloak-8443] [] ***HIDDEN***:8443 2909 0.004 200 e6643e14-617b-4bb8-adb8-6731d3f865a5
***HIDDEN*** - - [21/Nov/2023:15:50:47 +0000] "GET /_/bff/execution/contexts/status?executionContextIds[]=9043c21d-150c-4de1-bee5-7e992ebd922d HTTP/1.1" 200 92 "http://hub.kbh-troubleshooting.com/site/admin/execution-resources" "Mozilla/5.0 (Macintosh; Intel Mac OS X 10_15_7) AppleWebKit/537.36 (KHTML, like Gecko) Chrome/***HIDDEN*** Safari/537.36" 4115 0.033 [istio-system-istio-ingressgateway-443] [] ***HIDDEN***:8443 92 0.032 200 2e5bfa9847f63b7312d6098fe9770283
***HIDDEN*** - - [21/Nov/2023:15:50:47 +0000] "GET /auth/realms/knime/protocol/openid-connect/certs HTTP/1.1" 200 2909 "-" "Apache-HttpClient/4.5.14 (Java/17.0.9)" 1281 0.002 [knime-keycloak-8443] [] ***HIDDEN***:8443 2909 0.000 200 eef1915b-0227-4e89-bb0e-d4309f891afb
***HIDDEN*** - - [21/Nov/2023:15:50:50 +0000] "GET /auth/realms/knime/.well-known/openid-configuration HTTP/1.1" 200 6344 "-" "axios/0.21.4" 1265 0.002 [knime-keycloak-8443] [] ***HIDDEN***:8443 6344 0.004 200 843e53f2-b620-427d-9b17-9c4549beb001
***HIDDEN*** - - [21/Nov/2023:15:50:50 +0000] "GET /auth/realms/knime/protocol/openid-connect/certs HTTP/1.1" 200 2909 "-" "-" 1193 0.002 [knime-keycloak-8443] [] ***HIDDEN***:8443 2909 0.004 200 c7168be8-f7c7-4c5d-934e-15b2608e988f
***HIDDEN*** - - [21/Nov/2023:15:50:50 +0000] "GET /_/bff/execution/contexts/status?executionContextIds[]=9043c21d-150c-4de1-bee5-7e992ebd922d HTTP/1.1" 200 92 "http://hub.kbh-troubleshooting.com/site/admin/execution-resources" "Mozilla/5.0 (Macintosh; Intel Mac OS X 10_15_7) AppleWebKit/537.36 (KHTML, like Gecko) Chrome/***HIDDEN*** Safari/537.36" 4115 0.034 [istio-system-istio-ingressgateway-443] [] ***HIDDEN***:8443 92 0.032 200 678d1937fd4db8aa850328cb018f0945
***HIDDEN*** - - [21/Nov/2023:15:50:52 +0000] "GET /auth/realms/knime/protocol/openid-connect/certs HTTP/1.1" 200 2909 "-" "Apache-HttpClient/4.5.14 (Java/17.0.9)" 1281 0.002 [knime-keycloak-8443] [] ***HIDDEN***:8443 2909 0.004 200 50238fe7-2929-4773-90d2-13bcce7138d2
***HIDDEN*** - - [21/Nov/2023:15:50:53 +0000] "GET /auth/realms/knime/.well-known/openid-configuration HTTP/1.1" 200 6344 "-" "axios/0.21.4" 1265 0.003 [knime-keycloak-8443] [] ***HIDDEN***:8443 6344 0.004 200 a7ebb779-ed14-46b5-8a3c-82e8901aaf6a
***HIDDEN*** - - [21/Nov/2023:15:50:53 +0000] "GET /auth/realms/knime/protocol/openid-connect/certs HTTP/1.1" 200 2909 "-" "-" 1193 0.001 [knime-keycloak-8443] [] ***HIDDEN***:8443 2909 0.004 200 27ba1d34-3156-4d17-a0b7-612e47a83c08
***HIDDEN*** - - [21/Nov/2023:15:50:53 +0000] "GET /_/bff/execution/contexts/status?executionContextIds[]=9043c21d-150c-4de1-bee5-7e992ebd922d HTTP/1.1" 200 92 "http://hub.kbh-troubleshooting.com/site/admin/execution-resources" "Mozilla/5.0 (Macintosh; Intel Mac OS X 10_15_7) AppleWebKit/537.36 (KHTML, like Gecko) Chrome/***HIDDEN*** Safari/537.36" 4115 0.033 [istio-system-istio-ingressgateway-443] [] ***HIDDEN***:8443 92 0.032 200 c45fe9681d0b3d302fb13da82ab2402b
***HIDDEN*** - - [21/Nov/2023:15:50:56 +0000] "GET /auth/realms/knime/.well-known/openid-configuration HTTP/1.1" 200 6344 "-" "axios/0.21.4" 1265 0.002 [knime-keycloak-8443] [] ***HIDDEN***:8443 6344 0.004 200 f5fc11a1-0238-4657-956b-89c11f006214
***HIDDEN*** - - [21/Nov/2023:15:50:56 +0000] "GET /auth/realms/knime/protocol/openid-connect/certs HTTP/1.1" 200 2909 "-" "-" 1193 0.001 [knime-keycloak-8443] [] ***HIDDEN***:8443 2909 0.004 200 c91637ee-1a7b-4a5c-9813-53122a72930d
***HIDDEN*** - - [21/Nov/2023:15:50:56 +0000] "GET /_/bff/execution/contexts/status?executionContextIds[]=9043c21d-150c-4de1-bee5-7e992ebd922d HTTP/1.1" 200 92 "http://hub.kbh-troubleshooting.com/site/admin/execution-resources" "Mozilla/5.0 (Macintosh; Intel Mac OS X 10_15_7) AppleWebKit/537.36 (KHTML, like Gecko) Chrome/***HIDDEN*** Safari/537.36" 4115 0.034 [istio-system-istio-ingressgateway-443] [] ***HIDDEN***:8443 92 0.032 200 987c2f878663f27a8f35d88b4f4f5e1f
***HIDDEN*** - - [21/Nov/2023:15:50:57 +0000] "GET /auth/realms/knime/protocol/openid-connect/certs HTTP/1.1" 200 2909 "-" "Apache-HttpClient/4.5.14 (Java/17.0.9)" 1281 0.002 [knime-keycloak-8443] [] ***HIDDEN***:8443 2909 0.004 200 26cfe6fd-9e2d-4b98-8bbd-a2894dbc9633
***HIDDEN*** - - [21/Nov/2023:15:50:59 +0000] "GET /auth/realms/knime/.well-known/openid-configuration HTTP/1.1" 200 6344 "-" "axios/0.21.4" 1265 0.002 [knime-keycloak-8443] [] ***HIDDEN***:8443 6344 0.000 200 0dc72f32-bf84-47b3-bb57-801311cb9703
***HIDDEN*** - - [21/Nov/2023:15:50:59 +0000] "GET /auth/realms/knime/protocol/openid-connect/certs HTTP/1.1" 200 2909 "-" "-" 1193 0.001 [knime-keycloak-8443] [] ***HIDDEN***:8443 2909 0.000 200 1b16791b-9a90-4312-9aa0-ac5742141df4
***HIDDEN*** - - [21/Nov/2023:15:50:59 +0000] "GET /_/bff/execution/contexts/status?executionContextIds[]=9043c21d-150c-4de1-bee5-7e992ebd922d HTTP/1.1" 200 92 "http://hub.kbh-troubleshooting.com/site/admin/execution-resources" "Mozilla/5.0 (Macintosh; Intel Mac OS X 10_15_7) AppleWebKit/537.36 (KHTML, like Gecko) Chrome/***HIDDEN*** Safari/537.36" 4115 0.032 [istio-system-istio-ingressgateway-443] [] ***HIDDEN***:8443 97 0.028 200 ef463f5f19d0422327ad94ea21ff8b05
***HIDDEN*** - - [21/Nov/2023:15:51:02 +0000] "GET /auth/realms/knime/.well-known/openid-configuration HTTP/1.1" 200 6344 "-" "axios/0.21.4" 1265 0.002 [knime-keycloak-8443] [] ***HIDDEN***:8443 6344 0.000 200 fe132fb3-ec7e-43fd-9cb7-ff54a7603fc3
***HIDDEN*** - - [21/Nov/2023:15:51:02 +0000] "GET /auth/realms/knime/protocol/openid-connect/certs HTTP/1.1" 200 2909 "-" "-" 1193 0.001 [knime-keycloak-8443] [] ***HIDDEN***:8443 2909 0.004 200 53faddce-de9f-4336-aab9-81681c64d56c
***HIDDEN*** - - [21/Nov/2023:15:51:02 +0000] "GET /_/bff/execution/contexts/status?executionContextIds[]=9043c21d-150c-4de1-bee5-7e992ebd922d HTTP/1.1" 200 92 "http://hub.kbh-troubleshooting.com/site/admin/execution-resources" "Mozilla/5.0 (Macintosh; Intel Mac OS X 10_15_7) AppleWebKit/537.36 (KHTML, like Gecko) Chrome/***HIDDEN*** Safari/537.36" 4115 0.035 [istio-system-istio-ingressgateway-443] [] ***HIDDEN***:8443 92 0.036 200 33e0ec003bb46dc7a0ed42edc51176dc
***HIDDEN*** - - [21/Nov/2023:15:51:02 +0000] "GET /auth/realms/knime/protocol/openid-connect/certs HTTP/1.1" 200 2909 "-" "Apache-HttpClient/4.5.14 (Java/17.0.9)" 1281 0.002 [knime-keycloak-8443] [] ***HIDDEN***:8443 2909 0.000 200 b6564528-a8ea-47e2-951b-39306e9d17f4
***HIDDEN*** - - [21/Nov/2023:15:51:05 +0000] "GET /auth/realms/knime/.well-known/openid-configuration HTTP/1.1" 200 6344 "-" "axios/0.21.4" 1265 0.002 [knime-keycloak-8443] [] ***HIDDEN***:8443 6344 0.000 200 1b23b427-4e31-49b7-a508-0262bf7916a5
***HIDDEN*** - - [21/Nov/2023:15:51:05 +0000] "GET /auth/realms/knime/protocol/openid-connect/certs HTTP/1.1" 200 2909 "-" "-" 1193 0.001 [knime-keycloak-8443] [] ***HIDDEN***:8443 2909 0.000 200 fee61af7-7dd8-40fc-b266-8929b42910ee
***HIDDEN*** - - [21/Nov/2023:15:51:05 +0000] "GET /_/bff/execution/contexts/status?executionContextIds[]=9043c21d-150c-4de1-bee5-7e992ebd922d HTTP/1.1" 200 97 "http://hub.kbh-troubleshooting.com/site/admin/execution-resources" "Mozilla/5.0 (Macintosh; Intel Mac OS X 10_15_7) AppleWebKit/537.36 (KHTML, like Gecko) Chrome/***HIDDEN*** Safari/537.36" 4115 0.032 [istio-system-istio-ingressgateway-443] [] ***HIDDEN***:8443 97 0.028 200 7decc82f4e126d7d1f570ad72b9cf8c4
***HIDDEN*** - - [21/Nov/2023:15:51:07 +0000] "GET /auth/realms/knime/protocol/openid-connect/certs HTTP/1.1" 200 2909 "-" "Apache-HttpClient/4.5.14 (Java/17.0.9)" 1281 0.002 [knime-keycloak-8443] [] ***HIDDEN***:8443 2909 0.004 200 43058e8e-0eb8-4cf0-b4c7-ba19862c0023
***HIDDEN*** - - [21/Nov/2023:15:51:09 +0000] "GET /auth/realms/knime/.well-known/openid-configuration HTTP/1.1" 200 6344 "-" "axios/0.21.4" 1265 0.002 [knime-keycloak-8443] [] ***HIDDEN***:8443 6344 0.004 200 d4ee037f-63ec-4d7e-9837-b1df38ba3f8c
***HIDDEN*** - - [21/Nov/2023:15:51:09 +0000] "GET /auth/realms/knime/protocol/openid-connect/certs HTTP/1.1" 200 2909 "-" "-" 1193 0.001 [knime-keycloak-8443] [] ***HIDDEN***:8443 2909 0.004 200 f4824aab-c491-4a2a-a99e-13d2b961d2ed
***HIDDEN*** - - [21/Nov/2023:15:51:09 +0000] "GET /_/bff/execution/contexts/status?executionContextIds[]=9043c21d-150c-4de1-bee5-7e992ebd922d HTTP/1.1" 200 92 "http://hub.kbh-troubleshooting.com/site/admin/execution-resources" "Mozilla/5.0 (Macintosh; Intel Mac OS X 10_15_7) AppleWebKit/537.36 (KHTML, like Gecko) Chrome/***HIDDEN*** Safari/537.36" 4115 0.033 [istio-system-istio-ingressgateway-443] [] ***HIDDEN***:8443 92 0.032 200 fd28ac85a1f99671cb99c66f48aaa195
***HIDDEN*** - - [21/Nov/2023:15:51:12 +0000] "GET /auth/realms/knime/.well-known/openid-configuration HTTP/1.1" 200 6344 "-" "axios/0.21.4" 1265 0.002 [knime-keycloak-8443] [] ***HIDDEN***:8443 6344 0.000 200 23b43aa2-2a06-4b29-a76b-994651fd4468
***HIDDEN*** - - [21/Nov/2023:15:51:12 +0000] "GET /auth/realms/knime/protocol/openid-connect/certs HTTP/1.1" 200 2909 "-" "-" 1193 0.002 [knime-keycloak-8443] [] ***HIDDEN***:8443 2909 0.000 200 9f2cf716-fc43-4255-af82-d5cc3734568c
***HIDDEN*** - - [21/Nov/2023:15:51:12 +0000] "GET /_/bff/execution/contexts/status?executionContextIds[]=9043c21d-150c-4de1-bee5-7e992ebd922d HTTP/1.1" 200 92 "http://hub.kbh-troubleshooting.com/site/admin/execution-resources" "Mozilla/5.0 (Macintosh; Intel Mac OS X 10_15_7) AppleWebKit/537.36 (KHTML, like Gecko) Chrome/***HIDDEN*** Safari/537.36" 4115 0.032 [istio-system-istio-ingressgateway-443] [] ***HIDDEN***:8443 92 0.028 200 85e4c2c35328b00ce8b23af5b9f61ed2
***HIDDEN*** - - [21/Nov/2023:15:51:12 +0000] "GET /auth/realms/knime/protocol/openid-connect/certs HTTP/1.1" 200 2909 "-" "Apache-HttpClient/4.5.14 (Java/17.0.9)" 1281 0.002 [knime-keycloak-8443] [] ***HIDDEN***:8443 2909 0.004 200 202725a8-2277-4dd1-9d3e-cdd11e127bdf
***HIDDEN*** - - [21/Nov/2023:15:51:15 +0000] "GET /auth/realms/knime/.well-known/openid-configuration HTTP/1.1" 200 6344 "-" "axios/0.21.4" 1265 0.002 [knime-keycloak-8443] [] ***HIDDEN***:8443 6344 0.000 200 c08ea9f4-8f10-4981-ba7b-13fdc8dd08db
***HIDDEN*** - - [21/Nov/2023:15:51:15 +0000] "GET /auth/realms/knime/protocol/openid-connect/certs HTTP/1.1" 200 2909 "-" "-" 1193 0.002 [knime-keycloak-8443] [] ***HIDDEN***:8443 2909 0.000 200 cad5f463-b448-4673-a50f-c6d4ce50ce3c
***HIDDEN*** - - [21/Nov/2023:15:51:15 +0000] "GET /_/bff/execution/contexts/status?executionContextIds[]=9043c21d-150c-4de1-bee5-7e992ebd922d HTTP/1.1" 200 92 "http://hub.kbh-troubleshooting.com/site/admin/execution-resources" "Mozilla/5.0 (Macintosh; Intel Mac OS X 10_15_7) AppleWebKit/537.36 (KHTML, like Gecko) Chrome/***HIDDEN*** Safari/537.36" 4115 0.032 [istio-system-istio-ingressgateway-443] [] ***HIDDEN***:8443 92 0.028 200 00172ce9523fa18b71e413e6ea869b49
***HIDDEN*** - - [21/Nov/2023:15:51:17 +0000] "GET /auth/realms/knime/protocol/openid-connect/certs HTTP/1.1" 200 2909 "-" "Apache-HttpClient/4.5.14 (Java/17.0.9)" 1281 0.003 [knime-keycloak-8443] [] ***HIDDEN***:8443 2909 0.004 200 126c975b-7f35-4391-b62d-484a8203985c
***HIDDEN*** - - [21/Nov/2023:15:51:18 +0000] "GET /auth/realms/knime/.well-known/openid-configuration HTTP/1.1" 200 6344 "-" "axios/0.21.4" 1265 0.002 [knime-keycloak-8443] [] ***HIDDEN***:8443 6344 0.004 200 c8e4883d-da86-489a-81f2-385e87a4b49b
***HIDDEN*** - - [21/Nov/2023:15:51:18 +0000] "GET /auth/realms/knime/protocol/openid-connect/certs HTTP/1.1" 200 2909 "-" "-" 1193 0.002 [knime-keycloak-8443] [] ***HIDDEN***:8443 2909 0.004 200 f08b3f4b-9167-45db-8842-157a837308a9
***HIDDEN*** - - [21/Nov/2023:15:51:18 +0000] "GET /_/bff/execution/contexts/status?executionContextIds[]=9043c21d-150c-4de1-bee5-7e992ebd922d HTTP/1.1" 200 92 "http://hub.kbh-troubleshooting.com/site/admin/execution-resources" "Mozilla/5.0 (Macintosh; Intel Mac OS X 10_15_7) AppleWebKit/537.36 (KHTML, like Gecko) Chrome/***HIDDEN*** Safari/537.36" 4115 0.033 [istio-system-istio-ingressgateway-443] [] ***HIDDEN***:8443 92 0.032 200 bb9fa9b584cd7bd113640568d395f6b1
***HIDDEN*** - - [21/Nov/2023:15:51:21 +0000] "GET /auth/realms/knime/.well-known/openid-configuration HTTP/1.1" 200 6344 "-" "axios/0.21.4" 1265 0.002 [knime-keycloak-8443] [] ***HIDDEN***:8443 6344 0.004 200 8d74397f-539e-4511-9820-4df010b4f34d
***HIDDEN*** - - [21/Nov/2023:15:51:21 +0000] "GET /auth/realms/knime/protocol/openid-connect/certs HTTP/1.1" 200 2909 "-" "-" 1193 0.002 [knime-keycloak-8443] [] ***HIDDEN***:8443 2909 0.000 200 eb5a27fd-7231-4322-85e1-ca15d3f9309f
***HIDDEN*** - - [21/Nov/2023:15:51:21 +0000] "GET /_/bff/execution/contexts/status?executionContextIds[]=9043c21d-150c-4de1-bee5-7e992ebd922d HTTP/1.1" 200 92 "http://hub.kbh-troubleshooting.com/site/admin/execution-resources" "Mozilla/5.0 (Macintosh; Intel Mac OS X 10_15_7) AppleWebKit/537.36 (KHTML, like Gecko) Chrome/***HIDDEN*** Safari/537.36" 4115 0.032 [istio-system-istio-ingressgateway-443] [] ***HIDDEN***:8443 92 0.032 200 ac01b3f951bc435eed17b3a5a7f814c2
***HIDDEN*** - - [21/Nov/2023:15:51:22 +0000] "GET /auth/realms/knime/protocol/openid-connect/certs HTTP/1.1" 200 2909 "-" "Apache-HttpClient/4.5.14 (Java/17.0.9)" 1281 0.002 [knime-keycloak-8443] [] ***HIDDEN***:8443 2909 0.000 200 f5332c14-9f79-4138-9eed-2cd6983839e8
***HIDDEN*** - - [21/Nov/2023:15:51:24 +0000] "GET /auth/realms/knime/.well-known/openid-configuration HTTP/1.1" 200 6344 "-" "axios/0.21.4" 1265 0.002 [knime-keycloak-8443] [] ***HIDDEN***:8443 6344 0.004 200 ee72751c-bf55-420a-b7ca-c72797b29723
***HIDDEN*** - - [21/Nov/2023:15:51:24 +0000] "GET /auth/realms/knime/protocol/openid-connect/certs HTTP/1.1" 200 2909 "-" "-" 1193 0.002 [knime-keycloak-8443] [] ***HIDDEN***:8443 2909 0.004 200 9fac9ef3-4755-4f38-8f1e-8a1bdd17915d
***HIDDEN*** - - [21/Nov/2023:15:51:24 +0000] "GET /_/bff/execution/contexts/status?executionContextIds[]=9043c21d-150c-4de1-bee5-7e992ebd922d HTTP/1.1" 200 92 "http://hub.kbh-troubleshooting.com/site/admin/execution-resources" "Mozilla/5.0 (Macintosh; Intel Mac OS X 10_15_7) AppleWebKit/537.36 (KHTML, like Gecko) Chrome/***HIDDEN*** Safari/537.36" 4115 0.032 [istio-system-istio-ingressgateway-443] [] ***HIDDEN***:8443 92 0.032 200 5b2e8cca8a88253980366284ae9bcbbf
***HIDDEN*** - search-sync-service [21/Nov/2023:15:51:27 +0000] "POST /auth/realms/knime/protocol/openid-connect/token HTTP/1.1" 200 1225 "-" "Vert.x-WebClient/4.4.4" 1504 0.011 [knime-keycloak-8443] [] ***HIDDEN***:8443 1225 0.008 200 fab2950d-4f39-43ce-a04c-2fabe0c9462c
***HIDDEN*** - - [21/Nov/2023:15:51:27 +0000] "GET /auth/realms/knime/.well-known/openid-configuration HTTP/1.1" 200 6344 "-" "axios/0.21.4" 1265 0.003 [knime-keycloak-8443] [] ***HIDDEN***:8443 6344 0.004 200 add2dc55-84f0-4cc9-a06e-7ad0b2e16a62
***HIDDEN*** - - [21/Nov/2023:15:51:27 +0000] "GET /auth/realms/knime/protocol/openid-connect/certs HTTP/1.1" 200 2909 "-" "-" 1193 0.002 [knime-keycloak-8443] [] ***HIDDEN***:8443 2909 0.000 200 a54540e9-2f4c-4ac2-8d7b-2bcf1fd66964
***HIDDEN*** - - [21/Nov/2023:15:51:27 +0000] "GET /_/bff/execution/contexts/status?executionContextIds[]=9043c21d-150c-4de1-bee5-7e992ebd922d HTTP/1.1" 200 92 "http://hub.kbh-troubleshooting.com/site/admin/execution-resources" "Mozilla/5.0 (Macintosh; Intel Mac OS X 10_15_7) AppleWebKit/537.36 (KHTML, like Gecko) Chrome/***HIDDEN*** Safari/537.36" 4115 0.034 [istio-system-istio-ingressgateway-443] [] ***HIDDEN***:8443 92 0.032 200 058a997bff8472189927df2eba64250b
***HIDDEN*** - - [21/Nov/2023:15:51:27 +0000] "GET /auth/realms/knime/protocol/openid-connect/certs HTTP/1.1" 200 2909 "-" "Apache-HttpClient/4.5.14 (Java/17.0.9)" 1281 0.002 [knime-keycloak-8443] [] ***HIDDEN***:8443 2909 0.004 200 0a1d2b26-2ef9-4e75-a0c4-5deb2b20dcfd
***HIDDEN*** - - [21/Nov/2023:15:51:30 +0000] "GET /auth/realms/knime/.well-known/openid-configuration HTTP/1.1" 200 6344 "-" "axios/0.21.4" 1265 0.002 [knime-keycloak-8443] [] ***HIDDEN***:8443 6344 0.004 200 b3bbd2ab-8399-4e7b-acd2-8ba1005a552b
***HIDDEN*** - - [21/Nov/2023:15:51:30 +0000] "GET /auth/realms/knime/protocol/openid-connect/certs HTTP/1.1" 200 2909 "-" "-" 1193 0.001 [knime-keycloak-8443] [] ***HIDDEN***:8443 2909 0.004 200 878476e8-8d45-4414-a45f-5059779b1905
***HIDDEN*** - - [21/Nov/2023:15:51:30 +0000] "GET /_/bff/execution/contexts/status?executionContextIds[]=9043c21d-150c-4de1-bee5-7e992ebd922d HTTP/1.1" 200 92 "http://hub.kbh-troubleshooting.com/site/admin/execution-resources" "Mozilla/5.0 (Macintosh; Intel Mac OS X 10_15_7) AppleWebKit/537.36 (KHTML, like Gecko) Chrome/***HIDDEN*** Safari/537.36" 4115 0.033 [istio-system-istio-ingressgateway-443] [] ***HIDDEN***:8443 92 0.032 200 7a1077fdadbb2c668d58a7ffbee050c6
***HIDDEN*** - - [21/Nov/2023:15:51:32 +0000] "GET /auth/realms/knime/protocol/openid-connect/certs HTTP/1.1" 200 2909 "-" "Apache-HttpClient/4.5.14 (Java/17.0.9)" 1281 0.002 [knime-keycloak-8443] [] ***HIDDEN***:8443 2909 0.004 200 0055b360-4b8e-45d5-b489-5a1b5d6caed0
***HIDDEN*** - - [21/Nov/2023:15:51:33 +0000] "GET /auth/realms/knime/.well-known/openid-configuration HTTP/1.1" 200 6344 "-" "axios/0.21.4" 1265 0.003 [knime-keycloak-8443] [] ***HIDDEN***:8443 6344 0.004 200 775d58ca-8253-4e6a-aadf-5e57e717afe9
***HIDDEN*** - - [21/Nov/2023:15:51:33 +0000] "GET /auth/realms/knime/protocol/openid-connect/certs HTTP/1.1" 200 2909 "-" "-" 1193 0.001 [knime-keycloak-8443] [] ***HIDDEN***:8443 2909 0.000 200 07f78356-c62f-4e38-8a0b-e76592e53e72
***HIDDEN*** - - [21/Nov/2023:15:51:33 +0000] "GET /_/bff/execution/contexts/status?executionContextIds[]=9043c21d-150c-4de1-bee5-7e992ebd922d HTTP/1.1" 200 92 "http://hub.kbh-troubleshooting.com/site/admin/execution-resources" "Mozilla/5.0 (Macintosh; Intel Mac OS X 10_15_7) AppleWebKit/537.36 (KHTML, like Gecko) Chrome/***HIDDEN*** Safari/537.36" 4115 0.035 [istio-system-istio-ingressgateway-443] [] ***HIDDEN***:8443 92 0.032 200 2237baa43afb7ce41fba8ee4a95940a0
***HIDDEN*** - - [21/Nov/2023:15:51:36 +0000] "GET /auth/realms/knime/.well-known/openid-configuration HTTP/1.1" 200 6344 "-" "axios/0.21.4" 1265 0.002 [knime-keycloak-8443] [] ***HIDDEN***:8443 6344 0.004 200 4300b0d0-bca1-4ed6-99b9-908f75db67b5
***HIDDEN*** - - [21/Nov/2023:15:51:36 +0000] "GET /auth/realms/knime/protocol/openid-connect/certs HTTP/1.1" 200 2909 "-" "-" 1193 0.001 [knime-keycloak-8443] [] ***HIDDEN***:8443 2909 0.000 200 059e08b0-ca82-4974-b188-399d382d11a5
***HIDDEN*** - - [21/Nov/2023:15:51:36 +0000] "GET /_/bff/execution/contexts/status?executionContextIds[]=9043c21d-150c-4de1-bee5-7e992ebd922d HTTP/1.1" 200 92 "http://hub.kbh-troubleshooting.com/site/admin/execution-resources" "Mozilla/5.0 (Macintosh; Intel Mac OS X 10_15_7) AppleWebKit/537.36 (KHTML, like Gecko) Chrome/***HIDDEN*** Safari/537.36" 4115 0.033 [istio-system-istio-ingressgateway-443] [] ***HIDDEN***:8443 97 0.032 200 28bbcd14a9093e5bcf860e1f7aa0b2bd
***HIDDEN*** - - [21/Nov/2023:15:51:37 +0000] "GET /auth/realms/knime/protocol/openid-connect/certs HTTP/1.1" 200 2909 "-" "Apache-HttpClient/4.5.14 (Java/17.0.9)" 1281 0.001 [knime-keycloak-8443] [] ***HIDDEN***:8443 2909 0.000 200 058dd37c-4f67-415f-b110-c5bf0053bbd1
***HIDDEN*** - - [21/Nov/2023:15:51:42 +0000] "GET /auth/realms/knime/protocol/openid-connect/certs HTTP/1.1" 200 2909 "-" "Apache-HttpClient/4.5.14 (Java/17.0.9)" 1281 0.002 [knime-keycloak-8443] [] ***HIDDEN***:8443 2909 0.004 200 066dd210-59b8-44a5-a032-15ed0fa3449a
***HIDDEN*** - - [21/Nov/2023:15:51:43 +0000] "GET /auth/realms/knime/.well-known/openid-configuration HTTP/1.1" 200 6344 "-" "axios/0.21.4" 1265 0.002 [knime-keycloak-8443] [] ***HIDDEN***:8443 6344 0.000 200 d500bc46-d390-4a24-ae8b-67f13f4a4912
***HIDDEN*** - - [21/Nov/2023:15:51:43 +0000] "GET /auth/realms/knime/protocol/openid-connect/certs HTTP/1.1" 200 2909 "-" "-" 1193 0.001 [knime-keycloak-8443] [] ***HIDDEN***:8443 2909 0.000 200 17ecdcf5-fcf0-4764-88c3-85983867008d
***HIDDEN*** - - [21/Nov/2023:15:51:43 +0000] "GET /_/bff/execution/contexts/status?executionContextIds[]=9043c21d-150c-4de1-bee5-7e992ebd922d HTTP/1.1" 200 92 "http://hub.kbh-troubleshooting.com/site/admin/execution-resources" "Mozilla/5.0 (Macintosh; Intel Mac OS X 10_15_7) AppleWebKit/537.36 (KHTML, like Gecko) Chrome/***HIDDEN*** Safari/537.36" 4115 0.032 [istio-system-istio-ingressgateway-443] [] ***HIDDEN***:8443 92 0.028 200 44b79a25961596d8cc52c1435df4d7e6
***HIDDEN*** - - [21/Nov/2023:15:51:46 +0000] "GET /auth/realms/knime/.well-known/openid-configuration HTTP/1.1" 200 6344 "-" "axios/0.21.4" 1265 0.002 [knime-keycloak-8443] [] ***HIDDEN***:8443 6344 0.004 200 0c505053-c569-9d76-9f3c-fbe7bdda8506
***HIDDEN*** - - [21/Nov/2023:15:51:46 +0000] "GET /auth/realms/knime/protocol/openid-connect/certs HTTP/1.1" 200 2909 "-" "-" 1193 0.001 [knime-keycloak-8443] [] ***HIDDEN***:8443 2909 0.004 200 beb7702d-b9fd-46cb-9cb3-57422fe463fb
***HIDDEN*** - - [21/Nov/2023:15:51:46 +0000] "GET /_/bff/execution/contexts/status?executionContextIds[]=9043c21d-150c-4de1-bee5-7e992ebd922d HTTP/1.1" 200 92 "http://hub.kbh-troubleshooting.com/site/admin/execution-resources" "Mozilla/5.0 (Macintosh; Intel Mac OS X 10_15_7) AppleWebKit/537.36 (KHTML, like Gecko) Chrome/***HIDDEN*** Safari/537.36" 4115 0.031 [istio-system-istio-ingressgateway-443] [] ***HIDDEN***:8443 92 0.032 200 90374ba847d4303c3ad112e52cf75b78
***HIDDEN*** - - [21/Nov/2023:15:51:47 +0000] "GET /auth/realms/knime/protocol/openid-connect/certs HTTP/1.1" 200 2909 "-" "Apache-HttpClient/4.5.14 (Java/17.0.9)" 1281 0.002 [knime-keycloak-8443] [] ***HIDDEN***:8443 2909 0.004 200 841dfe9d-ad5c-4e78-944c-8397d419be89
***HIDDEN*** - - [21/Nov/2023:15:51:49 +0000] "GET /auth/realms/knime/.well-known/openid-configuration HTTP/1.1" 200 6344 "-" "axios/0.21.4" 1265 0.002 [knime-keycloak-8443] [] ***HIDDEN***:8443 6344 0.004 200 ab80bdde-65e9-4e27-8459-c9697e90bfa5
***HIDDEN*** - - [21/Nov/2023:15:51:49 +0000] "GET /auth/realms/knime/protocol/openid-connect/certs HTTP/1.1" 200 2909 "-" "-" 1193 0.001 [knime-keycloak-8443] [] ***HIDDEN***:8443 2909 0.000 200 1e527b90-cdc4-49d4-b4f5-3af089d2ca3f
***HIDDEN*** - - [21/Nov/2023:15:51:49 +0000] "GET /_/bff/execution/contexts/status?executionContextIds[]=9043c21d-150c-4de1-bee5-7e992ebd922d HTTP/1.1" 200 92 "http://hub.kbh-troubleshooting.com/site/admin/execution-resources" "Mozilla/5.0 (Macintosh; Intel Mac OS X 10_15_7) AppleWebKit/537.36 (KHTML, like Gecko) Chrome/***HIDDEN*** Safari/537.36" 4115 0.030 [istio-system-istio-ingressgateway-443] [] ***HIDDEN***:8443 92 0.028 200 4ec82717539c034dc1725a021601395d
***HIDDEN*** - - [21/Nov/2023:15:51:52 +0000] "GET /auth/realms/knime/.well-known/openid-configuration HTTP/1.1" 200 6344 "-" "axios/0.21.4" 1265 0.002 [knime-keycloak-8443] [] ***HIDDEN***:8443 6344 0.000 200 f126e204-2970-4509-b183-2dc950db02cd
***HIDDEN*** - - [21/Nov/2023:15:51:52 +0000] "GET /auth/realms/knime/protocol/openid-connect/certs HTTP/1.1" 200 2909 "-" "-" 1193 0.001 [knime-keycloak-8443] [] ***HIDDEN***:8443 2909 0.000 200 ef540da1-1eb3-4178-bc61-55af21c40bc4
***HIDDEN*** - - [21/Nov/2023:15:51:52 +0000] "GET /_/bff/execution/contexts/status?executionContextIds[]=9043c21d-150c-4de1-bee5-7e992ebd922d HTTP/1.1" 200 92 "http://hub.kbh-troubleshooting.com/site/admin/execution-resources" "Mozilla/5.0 (Macintosh; Intel Mac OS X 10_15_7) AppleWebKit/537.36 (KHTML, like Gecko) Chrome/***HIDDEN*** Safari/537.36" 4115 0.033 [istio-system-istio-ingressgateway-443] [] ***HIDDEN***:8443 92 0.028 200 ae85cbfebf4b2260e8619bb3771296c1
***HIDDEN*** - - [21/Nov/2023:15:51:52 +0000] "GET /auth/realms/knime/protocol/openid-connect/certs HTTP/1.1" 200 2909 "-" "Apache-HttpClient/4.5.14 (Java/17.0.9)" 1281 0.002 [knime-keycloak-8443] [] ***HIDDEN***:8443 2909 0.004 200 d6960ec2-26dc-44ec-ac7c-8e29c12690a1
***HIDDEN*** - - [21/Nov/2023:15:51:55 +0000] "GET /auth/realms/knime/.well-known/openid-configuration HTTP/1.1" 200 6344 "-" "axios/0.21.4" 1265 0.002 [knime-keycloak-8443] [] ***HIDDEN***:8443 6344 0.000 200 2c2e33ff-5ab9-48cd-82e6-212e41fa5462
***HIDDEN*** - - [21/Nov/2023:15:51:55 +0000] "GET /auth/realms/knime/protocol/openid-connect/certs HTTP/1.1" 200 2909 "-" "-" 1193 0.002 [knime-keycloak-8443] [] ***HIDDEN***:8443 2909 0.000 200 a50c0a4d-537f-4ca6-8e89-2c7ddc4c3a32
***HIDDEN*** - - [21/Nov/2023:15:51:55 +0000] "GET /_/bff/execution/contexts/status?executionContextIds[]=9043c21d-150c-4de1-bee5-7e992ebd922d HTTP/1.1" 200 97 "http://hub.kbh-troubleshooting.com/site/admin/execution-resources" "Mozilla/5.0 (Macintosh; Intel Mac OS X 10_15_7) AppleWebKit/537.36 (KHTML, like Gecko) Chrome/***HIDDEN*** Safari/537.36" 4115 0.032 [istio-system-istio-ingressgateway-443] [] ***HIDDEN***:8443 97 0.028 200 1017d3d6474008fdf22e078428a4a951
***HIDDEN*** - - [21/Nov/2023:15:51:57 +0000] "GET /auth/realms/knime/protocol/openid-connect/certs HTTP/1.1" 200 2909 "-" "Apache-HttpClient/4.5.14 (Java/17.0.9)" 1281 0.002 [knime-keycloak-8443] [] ***HIDDEN***:8443 2909 0.004 200 a28a1c7c-a2e4-46d9-8965-2c2594e64d46
***HIDDEN*** - - [21/Nov/2023:15:51:59 +0000] "GET /auth/realms/knime/.well-known/openid-configuration HTTP/1.1" 200 6344 "-" "axios/0.21.4" 1265 0.002 [knime-keycloak-8443] [] ***HIDDEN***:8443 6344 0.000 200 ad691222-a477-4f2b-b801-c6a7ee698d71
***HIDDEN*** - - [21/Nov/2023:15:51:59 +0000] "GET /auth/realms/knime/protocol/openid-connect/certs HTTP/1.1" 200 2909 "-" "-" 1193 0.001 [knime-keycloak-8443] [] ***HIDDEN***:8443 2909 0.000 200 4123928e-aa02-4c46-a0c5-f640c0d1f0e9
***HIDDEN*** - - [21/Nov/2023:15:51:59 +0000] "GET /_/bff/execution/contexts/status?executionContextIds[]=9043c21d-150c-4de1-bee5-7e992ebd922d HTTP/1.1" 200 92 "http://hub.kbh-troubleshooting.com/site/admin/execution-resources" "Mozilla/5.0 (Macintosh; Intel Mac OS X 10_15_7) AppleWebKit/537.36 (KHTML, like Gecko) Chrome/***HIDDEN*** Safari/537.36" 4115 0.031 [istio-system-istio-ingressgateway-443] [] ***HIDDEN***:8443 92 0.028 200 d7ec16a3caa237cde2cea1f3d1e2696c
***HIDDEN*** - - [21/Nov/2023:15:52:02 +0000] "GET /auth/realms/knime/.well-known/openid-configuration HTTP/1.1" 200 6344 "-" "axios/0.21.4" 1265 0.002 [knime-keycloak-8443] [] ***HIDDEN***:8443 6344 0.004 200 ab40b810-a504-44ad-85c7-e0bb8de6ac97
***HIDDEN*** - - [21/Nov/2023:15:52:02 +0000] "GET /auth/realms/knime/protocol/openid-connect/certs HTTP/1.1" 200 2909 "-" "-" 1193 0.001 [knime-keycloak-8443] [] ***HIDDEN***:8443 2909 0.000 200 745c6b9a-8caa-49e5-b044-78d85f4a064e
***HIDDEN*** - - [21/Nov/2023:15:52:02 +0000] "GET /_/bff/execution/contexts/status?executionContextIds[]=9043c21d-150c-4de1-bee5-7e992ebd922d HTTP/1.1" 200 92 "http://hub.kbh-troubleshooting.com/site/admin/execution-resources" "Mozilla/5.0 (Macintosh; Intel Mac OS X 10_15_7) AppleWebKit/537.36 (KHTML, like Gecko) Chrome/***HIDDEN*** Safari/537.36" 4115 0.032 [istio-system-istio-ingressgateway-443] [] ***HIDDEN***:8443 92 0.028 200 cdf66d77b60f50d94f866c8615695dfb
***HIDDEN*** - - [21/Nov/2023:15:52:02 +0000] "GET /auth/realms/knime/protocol/openid-connect/certs HTTP/1.1" 200 2909 "-" "Apache-HttpClient/4.5.14 (Java/17.0.9)" 1281 0.002 [knime-keycloak-8443] [] ***HIDDEN***:8443 2909 0.004 200 5652cbb8-74e7-4bb1-a987-f6295575ad18
***HIDDEN*** - - [21/Nov/2023:15:52:05 +0000] "GET /auth/realms/knime/.well-known/openid-configuration HTTP/1.1" 200 6344 "-" "axios/0.21.4" 1265 0.002 [knime-keycloak-8443] [] ***HIDDEN***:8443 6344 0.004 200 7abe7894-678c-47fb-9e6a-76be04a200fb
***HIDDEN*** - - [21/Nov/2023:15:52:05 +0000] "GET /auth/realms/knime/protocol/openid-connect/certs HTTP/1.1" 200 2909 "-" "-" 1193 0.001 [knime-keycloak-8443] [] ***HIDDEN***:8443 2909 0.004 200 acf857a5-847b-475b-bb07-658c2018dfa1
***HIDDEN*** - - [21/Nov/2023:15:52:05 +0000] "GET /_/bff/execution/contexts/status?executionContextIds[]=9043c21d-150c-4de1-bee5-7e992ebd922d HTTP/1.1" 200 92 "http://hub.kbh-troubleshooting.com/site/admin/execution-resources" "Mozilla/5.0 (Macintosh; Intel Mac OS X 10_15_7) AppleWebKit/537.36 (KHTML, like Gecko) Chrome/***HIDDEN*** Safari/537.36" 4115 0.032 [istio-system-istio-ingressgateway-443] [] ***HIDDEN***:8443 92 0.032 200 bec3f251bda453daffbec01e1d168e10
***HIDDEN*** - - [21/Nov/2023:15:52:07 +0000] "GET /auth/realms/knime/protocol/openid-connect/certs HTTP/1.1" 200 2909 "-" "Apache-HttpClient/4.5.14 (Java/17.0.9)" 1281 0.001 [knime-keycloak-8443] [] ***HIDDEN***:8443 2909 0.004 200 7ac49025-045a-4362-b02a-058178b4919c
***HIDDEN*** - - [21/Nov/2023:15:52:08 +0000] "GET /auth/realms/knime/.well-known/openid-configuration HTTP/1.1" 200 6344 "-" "axios/0.21.4" 1265 0.002 [knime-keycloak-8443] [] ***HIDDEN***:8443 6344 0.000 200 dc32f62d-8457-42ea-bd32-16a91946962d
***HIDDEN*** - - [21/Nov/2023:15:52:08 +0000] "GET /auth/realms/knime/protocol/openid-connect/certs HTTP/1.1" 200 2909 "-" "-" 1193 0.001 [knime-keycloak-8443] [] ***HIDDEN***:8443 2909 0.000 200 9bcffe81-6cc1-42cd-bdeb-47c869f72ead
***HIDDEN*** - - [21/Nov/2023:15:52:08 +0000] "GET /_/bff/execution/contexts/status?executionContextIds[]=9043c21d-150c-4de1-bee5-7e992ebd922d HTTP/1.1" 200 92 "http://hub.kbh-troubleshooting.com/site/admin/execution-resources" "Mozilla/5.0 (Macintosh; Intel Mac OS X 10_15_7) AppleWebKit/537.36 (KHTML, like Gecko) Chrome/***HIDDEN*** Safari/537.36" 4115 0.037 [istio-system-istio-ingressgateway-443] [] ***HIDDEN***:8443 92 0.036 200 a5dc0759914e78d152274e1b8d9844c0
***HIDDEN*** - - [21/Nov/2023:15:52:11 +0000] "GET /auth/realms/knime/.well-known/openid-configuration HTTP/1.1" 200 6344 "-" "axios/0.21.4" 1265 0.002 [knime-keycloak-8443] [] ***HIDDEN***:8443 6344 0.004 200 79b6d174-2f7b-4d9b-81cc-f749b8a845c2
***HIDDEN*** - - [21/Nov/2023:15:52:11 +0000] "GET /auth/realms/knime/protocol/openid-connect/certs HTTP/1.1" 200 2909 "-" "-" 1193 0.001 [knime-keycloak-8443] [] ***HIDDEN***:8443 2909 0.004 200 3a1d9457-1e0f-4453-b3ff-5e2be64fd7c3
***HIDDEN*** - - [21/Nov/2023:15:52:11 +0000] "GET /_/bff/execution/contexts/status?executionContextIds[]=9043c21d-150c-4de1-bee5-7e992ebd922d HTTP/1.1" 200 92 "http://hub.kbh-troubleshooting.com/site/admin/execution-resources" "Mozilla/5.0 (Macintosh; Intel Mac OS X 10_15_7) AppleWebKit/537.36 (KHTML, like Gecko) Chrome/***HIDDEN*** Safari/537.36" 4115 0.032 [istio-system-istio-ingressgateway-443] [] ***HIDDEN***:8443 92 0.032 200 ebbc19cc8864dfa405a9642984090a11
***HIDDEN*** - - [21/Nov/2023:15:52:12 +0000] "GET /auth/realms/knime/protocol/openid-connect/certs HTTP/1.1" 200 2909 "-" "Apache-HttpClient/4.5.14 (Java/17.0.9)" 1281 0.002 [knime-keycloak-8443] [] ***HIDDEN***:8443 2909 0.000 200 982e12ea-5b8c-4db7-b421-14296fb8949c
***HIDDEN*** - - [21/Nov/2023:15:52:14 +0000] "GET /auth/realms/knime/.well-known/openid-configuration HTTP/1.1" 200 6344 "-" "axios/0.21.4" 1265 0.002 [knime-keycloak-8443] [] ***HIDDEN***:8443 6344 0.000 200 1eb2a172-0096-45e2-8a02-c78f0b5febfa
***HIDDEN*** - - [21/Nov/2023:15:52:14 +0000] "GET /auth/realms/knime/protocol/openid-connect/certs HTTP/1.1" 200 2909 "-" "-" 1193 0.001 [knime-keycloak-8443] [] ***HIDDEN***:8443 2909 0.000 200 0c1dbe00-580b-4f82-ac38-48459cb7e779
***HIDDEN*** - - [21/Nov/2023:15:52:14 +0000] "GET /_/bff/execution/contexts/status?executionContextIds[]=9043c21d-150c-4de1-bee5-7e992ebd922d HTTP/1.1" 200 92 "http://hub.kbh-troubleshooting.com/site/admin/execution-resources" "Mozilla/5.0 (Macintosh; Intel Mac OS X 10_15_7) AppleWebKit/537.36 (KHTML, like Gecko) Chrome/***HIDDEN*** Safari/537.36" 4115 0.032 [istio-system-istio-ingressgateway-443] [] ***HIDDEN***:8443 92 0.028 200 5b97adf37fd0a00b87a1a4211250dc9f
***HIDDEN*** - - [21/Nov/2023:15:52:17 +0000] "GET /auth/realms/knime/.well-known/openid-configuration HTTP/1.1" 200 6344 "-" "axios/0.21.4" 1265 0.002 [knime-keycloak-8443] [] ***HIDDEN***:8443 6344 0.004 200 516ccd0b-b858-42c4-bc77-4d15843dcb46
***HIDDEN*** - - [21/Nov/2023:15:52:17 +0000] "GET /auth/realms/knime/protocol/openid-connect/certs HTTP/1.1" 200 2909 "-" "-" 1193 0.001 [knime-keycloak-8443] [] ***HIDDEN***:8443 2909 0.004 200 2a07532d-60e6-4eff-ac83-cdf89bbd62ef
***HIDDEN*** - - [21/Nov/2023:15:52:17 +0000] "GET /_/bff/execution/contexts/status?executionContextIds[]=9043c21d-150c-4de1-bee5-7e992ebd922d HTTP/1.1" 200 92 "http://hub.kbh-troubleshooting.com/site/admin/execution-resources" "Mozilla/5.0 (Macintosh; Intel Mac OS X 10_15_7) AppleWebKit/537.36 (KHTML, like Gecko) Chrome/***HIDDEN*** Safari/537.36" 4115 0.031 [istio-system-istio-ingressgateway-443] [] ***HIDDEN***:8443 92 0.028 200 cc1f6773dd8ff0079b2a571a4e9b3fc5
***HIDDEN*** - - [21/Nov/2023:15:52:17 +0000] "GET /auth/realms/knime/protocol/openid-connect/certs HTTP/1.1" 200 2909 "-" "Apache-HttpClient/4.5.14 (Java/17.0.9)" 1281 0.001 [knime-keycloak-8443] [] ***HIDDEN***:8443 2909 0.004 200 68cb4482-6dfc-4866-9b5b-bbbf83559466
***HIDDEN*** - - [21/Nov/2023:15:52:20 +0000] "GET /auth/realms/knime/.well-known/openid-configuration HTTP/1.1" 200 6344 "-" "axios/0.21.4" 1265 0.002 [knime-keycloak-8443] [] ***HIDDEN***:8443 6344 0.004 200 a81a1370-d8e5-4448-9e1d-185d2fdc0913
***HIDDEN*** - - [21/Nov/2023:15:52:20 +0000] "GET /auth/realms/knime/protocol/openid-connect/certs HTTP/1.1" 200 2909 "-" "-" 1193 0.001 [knime-keycloak-8443] [] ***HIDDEN***:8443 2909 0.000 200 c73d3227-20b6-4960-89ef-a94bfb483ce5
***HIDDEN*** - - [21/Nov/2023:15:52:20 +0000] "GET /_/bff/execution/contexts/status?executionContextIds[]=9043c21d-150c-4de1-bee5-7e992ebd922d HTTP/1.1" 200 92 "http://hub.kbh-troubleshooting.com/site/admin/execution-resources" "Mozilla/5.0 (Macintosh; Intel Mac OS X 10_15_7) AppleWebKit/537.36 (KHTML, like Gecko) Chrome/***HIDDEN*** Safari/537.36" 4115 0.034 [istio-system-istio-ingressgateway-443] [] ***HIDDEN***:8443 92 0.032 200 24f9070001147801cb02f2b6d2a0e688
***HIDDEN*** - - [21/Nov/2023:15:52:22 +0000] "GET /auth/realms/knime/protocol/openid-connect/certs HTTP/1.1" 200 2909 "-" "Apache-HttpClient/4.5.14 (Java/17.0.9)" 1281 0.002 [knime-keycloak-8443] [] ***HIDDEN***:8443 2909 0.004 200 adb5f430-39d5-4063-b454-07addd316b54
***HIDDEN*** - - [21/Nov/2023:15:52:23 +0000] "GET /auth/realms/knime/.well-known/openid-configuration HTTP/1.1" 200 6344 "-" "axios/0.21.4" 1265 0.002 [knime-keycloak-8443] [] ***HIDDEN***:8443 6344 0.004 200 fa630b7d-c0c1-4b2f-b85c-7d0ea171e975
***HIDDEN*** - - [21/Nov/2023:15:52:23 +0000] "GET /auth/realms/knime/protocol/openid-connect/certs HTTP/1.1" 200 2909 "-" "-" 1193 0.001 [knime-keycloak-8443] [] ***HIDDEN***:8443 2909 0.000 200 43079793-6c7c-4024-8efb-79499ce3809b
***HIDDEN*** - - [21/Nov/2023:15:52:23 +0000] "GET /_/bff/execution/contexts/status?executionContextIds[]=9043c21d-150c-4de1-bee5-7e992ebd922d HTTP/1.1" 200 92 "http://hub.kbh-troubleshooting.com/site/admin/execution-resources" "Mozilla/5.0 (Macintosh; Intel Mac OS X 10_15_7) AppleWebKit/537.36 (KHTML, like Gecko) Chrome/***HIDDEN*** Safari/537.36" 4115 0.032 [istio-system-istio-ingressgateway-443] [] ***HIDDEN***:8443 92 0.032 200 edca18b49d88b008a1c203524ef752c3
***HIDDEN*** - - [21/Nov/2023:15:52:26 +0000] "GET /auth/realms/knime/.well-known/openid-configuration HTTP/1.1" 200 6344 "-" "axios/0.21.4" 1265 0.002 [knime-keycloak-8443] [] ***HIDDEN***:8443 6344 0.004 200 f935dbd0-dddb-401d-9026-27445f43a2ce
***HIDDEN*** - - [21/Nov/2023:15:52:26 +0000] "GET /auth/realms/knime/protocol/openid-connect/certs HTTP/1.1" 200 2909 "-" "-" 1193 0.001 [knime-keycloak-8443] [] ***HIDDEN***:8443 2909 0.000 200 8bf50e47-aeeb-4280-bddd-c2e2d6adfd8c
***HIDDEN*** - - [21/Nov/2023:15:52:26 +0000] "GET /_/bff/execution/contexts/status?executionContextIds[]=9043c21d-150c-4de1-bee5-7e992ebd922d HTTP/1.1" 200 92 "http://hub.kbh-troubleshooting.com/site/admin/execution-resources" "Mozilla/5.0 (Macintosh; Intel Mac OS X 10_15_7) AppleWebKit/537.36 (KHTML, like Gecko) Chrome/***HIDDEN*** Safari/537.36" 4115 0.031 [istio-system-istio-ingressgateway-443] [] ***HIDDEN***:8443 92 0.028 200 54aee5b8abe4d3d49f0a755d7b587dd6
***HIDDEN*** - - [21/Nov/2023:15:52:27 +0000] "GET /auth/realms/knime/protocol/openid-connect/certs HTTP/1.1" 200 2909 "-" "Apache-HttpClient/4.5.14 (Java/17.0.9)" 1281 0.002 [knime-keycloak-8443] [] ***HIDDEN***:8443 2909 0.000 200 00700ba9-ba5e-49a9-a4b5-b1c3606032aa
***HIDDEN*** - - [21/Nov/2023:15:52:29 +0000] "GET /auth/realms/knime/.well-known/openid-configuration HTTP/1.1" 200 6344 "-" "axios/0.21.4" 1265 0.003 [knime-keycloak-8443] [] ***HIDDEN***:8443 6344 0.004 200 08478f1e-56eb-4d9d-a9f5-93eca0c51183
***HIDDEN*** - - [21/Nov/2023:15:52:29 +0000] "GET /auth/realms/knime/protocol/openid-connect/certs HTTP/1.1" 200 2909 "-" "-" 1193 0.001 [knime-keycloak-8443] [] ***HIDDEN***:8443 2909 0.004 200 b34904fd-ece7-4ca1-94a1-469743ae9da0
***HIDDEN*** - - [21/Nov/2023:15:52:29 +0000] "GET /_/bff/execution/contexts/status?executionContextIds[]=9043c21d-150c-4de1-bee5-7e992ebd922d HTTP/1.1" 200 92 "http://hub.kbh-troubleshooting.com/site/admin/execution-resources" "Mozilla/5.0 (Macintosh; Intel Mac OS X 10_15_7) AppleWebKit/537.36 (KHTML, like Gecko) Chrome/***HIDDEN*** Safari/537.36" 4115 0.032 [istio-system-istio-ingressgateway-443] [] ***HIDDEN***:8443 92 0.028 200 91022038a9a62cc5b6941ed569537aef
***HIDDEN*** - - [21/Nov/2023:15:52:32 +0000] "GET /auth/realms/knime/protocol/openid-connect/certs HTTP/1.1" 200 2909 "-" "Apache-HttpClient/4.5.14 (Java/17.0.9)" 1281 0.002 [knime-keycloak-8443] [] ***HIDDEN***:8443 2909 0.000 200 87d6e728-07f7-4092-a1ff-4fd0e0904e8e
***HIDDEN*** - - [21/Nov/2023:15:52:32 +0000] "GET /auth/realms/knime/.well-known/openid-configuration HTTP/1.1" 200 6344 "-" "axios/0.21.4" 1265 0.001 [knime-keycloak-8443] [] ***HIDDEN***:8443 6344 0.004 200 fb24aaab-218e-4b90-9657-a0f6ef3a5316
***HIDDEN*** - - [21/Nov/2023:15:52:32 +0000] "GET /auth/realms/knime/protocol/openid-connect/certs HTTP/1.1" 200 2909 "-" "-" 1193 0.002 [knime-keycloak-8443] [] ***HIDDEN***:8443 2909 0.004 200 4d124c75-9e96-4a5c-aa38-1e55852e27e5
***HIDDEN*** - - [21/Nov/2023:15:52:33 +0000] "GET /_/bff/execution/contexts/status?executionContextIds[]=9043c21d-150c-4de1-bee5-7e992ebd922d HTTP/1.1" 200 92 "http://hub.kbh-troubleshooting.com/site/admin/execution-resources" "Mozilla/5.0 (Macintosh; Intel Mac OS X 10_15_7) AppleWebKit/537.36 (KHTML, like Gecko) Chrome/***HIDDEN*** Safari/537.36" 4115 0.031 [istio-system-istio-ingressgateway-443] [] ***HIDDEN***:8443 92 0.032 200 15e62982bb7a6b4bfaa839778bce267e
***HIDDEN*** - - [21/Nov/2023:15:52:36 +0000] "GET /auth/realms/knime/.well-known/openid-configuration HTTP/1.1" 200 6344 "-" "axios/0.21.4" 1265 0.002 [knime-keycloak-8443] [] ***HIDDEN***:8443 6344 0.000 200 4f530ae9-3403-4d7c-956f-3614f7027593
***HIDDEN*** - - [21/Nov/2023:15:52:36 +0000] "GET /auth/realms/knime/protocol/openid-connect/certs HTTP/1.1" 200 2909 "-" "-" 1193 0.001 [knime-keycloak-8443] [] ***HIDDEN***:8443 2909 0.000 200 57a422dd-219f-48ff-8596-39a9f0ddee2d
***HIDDEN*** - - [21/Nov/2023:15:52:36 +0000] "GET /_/bff/execution/contexts/status?executionContextIds[]=9043c21d-150c-4de1-bee5-7e992ebd922d HTTP/1.1" 200 92 "http://hub.kbh-troubleshooting.com/site/admin/execution-resources" "Mozilla/5.0 (Macintosh; Intel Mac OS X 10_15_7) AppleWebKit/537.36 (KHTML, like Gecko) Chrome/***HIDDEN*** Safari/537.36" 4115 0.033 [istio-system-istio-ingressgateway-443] [] ***HIDDEN***:8443 92 0.032 200 9d803985f210d5587f6c8e579d6e6602
***HIDDEN*** - - [21/Nov/2023:15:52:37 +0000] "GET /auth/realms/knime/protocol/openid-connect/certs HTTP/1.1" 200 2909 "-" "Apache-HttpClient/4.5.14 (Java/17.0.9)" 1281 0.002 [knime-keycloak-8443] [] ***HIDDEN***:8443 2909 0.004 200 f866f009-0a05-4a75-8a42-5877728e258e
***HIDDEN*** - - [21/Nov/2023:15:52:39 +0000] "GET /auth/realms/knime/.well-known/openid-configuration HTTP/1.1" 200 6344 "-" "axios/0.21.4" 1265 0.002 [knime-keycloak-8443] [] ***HIDDEN***:8443 6344 0.004 200 4de62231-b253-4a64-8f1e-a6f22542b472
***HIDDEN*** - - [21/Nov/2023:15:52:39 +0000] "GET /auth/realms/knime/protocol/openid-connect/certs HTTP/1.1" 200 2909 "-" "-" 1193 0.002 [knime-keycloak-8443] [] ***HIDDEN***:8443 2909 0.000 200 aabba1b9-9e35-43e7-9c02-2186bf51fd6b
***HIDDEN*** - - [21/Nov/2023:15:52:39 +0000] "GET /_/bff/execution/contexts/status?executionContextIds[]=9043c21d-150c-4de1-bee5-7e992ebd922d HTTP/1.1" 200 92 "http://hub.kbh-troubleshooting.com/site/admin/execution-resources" "Mozilla/5.0 (Macintosh; Intel Mac OS X 10_15_7) AppleWebKit/537.36 (KHTML, like Gecko) Chrome/***HIDDEN*** Safari/537.36" 4115 0.032 [istio-system-istio-ingressgateway-443] [] ***HIDDEN***:8443 92 0.028 200 4a61ea4329105595473a250db7702bc5
***HIDDEN*** - - [21/Nov/2023:15:52:42 +0000] "GET /auth/realms/knime/.well-known/openid-configuration HTTP/1.1" 200 6344 "-" "axios/0.21.4" 1265 0.002 [knime-keycloak-8443] [] ***HIDDEN***:8443 6344 0.000 200 69c2f7b9-7555-436a-b73b-3aeb23a44efb
***HIDDEN*** - - [21/Nov/2023:15:52:42 +0000] "GET /auth/realms/knime/protocol/openid-connect/certs HTTP/1.1" 200 2909 "-" "-" 1193 0.002 [knime-keycloak-8443] [] ***HIDDEN***:8443 2909 0.000 200 be40df1a-c8bb-4fc8-863a-d1eb3f53774d
***HIDDEN*** - - [21/Nov/2023:15:52:42 +0000] "GET /_/bff/execution/contexts/status?executionContextIds[]=9043c21d-150c-4de1-bee5-7e992ebd922d HTTP/1.1" 200 92 "http://hub.kbh-troubleshooting.com/site/admin/execution-resources" "Mozilla/5.0 (Macintosh; Intel Mac OS X 10_15_7) AppleWebKit/537.36 (KHTML, like Gecko) Chrome/***HIDDEN*** Safari/537.36" 4115 0.035 [istio-system-istio-ingressgateway-443] [] ***HIDDEN***:8443 92 0.032 200 e5cdf3d75b0f6484964181e6c166c4d4
***HIDDEN*** - - [21/Nov/2023:15:52:42 +0000] "GET /auth/realms/knime/protocol/openid-connect/certs HTTP/1.1" 200 2909 "-" "Apache-HttpClient/4.5.14 (Java/17.0.9)" 1281 0.002 [knime-keycloak-8443] [] ***HIDDEN***:8443 2909 0.004 200 fbe03896-8573-4f6e-a6cc-4d40d2f80efe
***HIDDEN*** - - [21/Nov/2023:15:52:45 +0000] "GET /auth/realms/knime/.well-known/openid-configuration HTTP/1.1" 200 6344 "-" "axios/0.21.4" 1265 0.002 [knime-keycloak-8443] [] ***HIDDEN***:8443 6344 0.000 200 42994dd9-cd60-4527-8c55-172421d223c3
***HIDDEN*** - - [21/Nov/2023:15:52:45 +0000] "GET /auth/realms/knime/protocol/openid-connect/certs HTTP/1.1" 200 2909 "-" "-" 1193 0.001 [knime-keycloak-8443] [] ***HIDDEN***:8443 2909 0.000 200 0416cb02-9be0-4e71-9fbd-88fc0be887f1
***HIDDEN*** - - [21/Nov/2023:15:52:45 +0000] "GET /_/bff/execution/contexts/status?executionContextIds[]=9043c21d-150c-4de1-bee5-7e992ebd922d HTTP/1.1" 200 92 "http://hub.kbh-troubleshooting.com/site/admin/execution-resources" "Mozilla/5.0 (Macintosh; Intel Mac OS X 10_15_7) AppleWebKit/537.36 (KHTML, like Gecko) Chrome/***HIDDEN*** Safari/537.36" 4115 0.031 [istio-system-istio-ingressgateway-443] [] ***HIDDEN***:8443 92 0.028 200 beda16213227a8e422b60b44fab3f97f
***HIDDEN*** - - [21/Nov/2023:15:52:47 +0000] "GET /auth/realms/knime/protocol/openid-connect/certs HTTP/1.1" 200 2909 "-" "Apache-HttpClient/4.5.14 (Java/17.0.9)" 1281 0.002 [knime-keycloak-8443] [] ***HIDDEN***:8443 2909 0.004 200 209f067b-3cf6-446d-bbe7-2286943b0565
***HIDDEN*** - - [21/Nov/2023:15:52:48 +0000] "GET /auth/realms/knime/.well-known/openid-configuration HTTP/1.1" 200 6344 "-" "axios/0.21.4" 1265 0.002 [knime-keycloak-8443] [] ***HIDDEN***:8443 6344 0.004 200 6b57a00d-f117-408b-809d-ae03dc3cb420
***HIDDEN*** - - [21/Nov/2023:15:52:48 +0000] "GET /auth/realms/knime/protocol/openid-connect/certs HTTP/1.1" 200 2909 "-" "-" 1193 0.002 [knime-keycloak-8443] [] ***HIDDEN***:8443 2909 0.000 200 e198c175-f84d-4fcb-8c49-45a9c35c377f
***HIDDEN*** - - [21/Nov/2023:15:52:48 +0000] "GET /_/bff/execution/contexts/status?executionContextIds[]=9043c21d-150c-4de1-bee5-7e992ebd922d HTTP/1.1" 200 92 "http://hub.kbh-troubleshooting.com/site/admin/execution-resources" "Mozilla/5.0 (Macintosh; Intel Mac OS X 10_15_7) AppleWebKit/537.36 (KHTML, like Gecko) Chrome/***HIDDEN*** Safari/537.36" 4115 0.033 [istio-system-istio-ingressgateway-443] [] ***HIDDEN***:8443 92 0.028 200 a6a6f4e235e875633f286a68e1a4a261
***HIDDEN*** - - [21/Nov/2023:15:52:51 +0000] "GET /auth/realms/knime/.well-known/openid-configuration HTTP/1.1" 200 6344 "-" "axios/0.21.4" 1265 0.002 [knime-keycloak-8443] [] ***HIDDEN***:8443 6344 0.004 200 c4aa3bf9-1565-4b59-8681-c44ba2aff91a
***HIDDEN*** - - [21/Nov/2023:15:52:51 +0000] "GET /auth/realms/knime/protocol/openid-connect/certs HTTP/1.1" 200 2909 "-" "-" 1193 0.001 [knime-keycloak-8443] [] ***HIDDEN***:8443 2909 0.004 200 1ba743ad-635a-4e67-a1e9-400c607696c7
***HIDDEN*** - - [21/Nov/2023:15:52:51 +0000] "GET /_/bff/execution/contexts/status?executionContextIds[]=9043c21d-150c-4de1-bee5-7e992ebd922d HTTP/1.1" 200 92 "http://hub.kbh-troubleshooting.com/site/admin/execution-resources" "Mozilla/5.0 (Macintosh; Intel Mac OS X 10_15_7) AppleWebKit/537.36 (KHTML, like Gecko) Chrome/***HIDDEN*** Safari/537.36" 4115 0.030 [istio-system-istio-ingressgateway-443] [] ***HIDDEN***:8443 92 0.028 200 538a816cb7b204ea376aef66c8ba28e1
***HIDDEN*** - - [21/Nov/2023:15:52:52 +0000] "GET /auth/realms/knime/protocol/openid-connect/certs HTTP/1.1" 200 2909 "-" "Apache-HttpClient/4.5.14 (Java/17.0.9)" 1281 0.002 [knime-keycloak-8443] [] ***HIDDEN***:8443 2909 0.004 200 308d3944-6b46-4718-b91e-0428ae7c62fb
***HIDDEN*** - - [21/Nov/2023:15:52:54 +0000] "GET /auth/realms/knime/.well-known/openid-configuration HTTP/1.1" 200 6344 "-" "axios/0.21.4" 1265 0.002 [knime-keycloak-8443] [] ***HIDDEN***:8443 6344 0.000 200 0fa4333e-dce3-4dca-a6cf-d5990e2f8d25
***HIDDEN*** - - [21/Nov/2023:15:52:54 +0000] "GET /auth/realms/knime/protocol/openid-connect/certs HTTP/1.1" 200 2909 "-" "-" 1193 0.001 [knime-keycloak-8443] [] ***HIDDEN***:8443 2909 0.000 200 7a548778-0865-9574-ac2e-af1826f4ca5a
***HIDDEN*** - - [21/Nov/2023:15:52:54 +0000] "GET /_/bff/execution/contexts/status?executionContextIds[]=9043c21d-150c-4de1-bee5-7e992ebd922d HTTP/1.1" 200 92 "http://hub.kbh-troubleshooting.com/site/admin/execution-resources" "Mozilla/5.0 (Macintosh; Intel Mac OS X 10_15_7) AppleWebKit/537.36 (KHTML, like Gecko) Chrome/***HIDDEN*** Safari/537.36" 4115 0.034 [istio-system-istio-ingressgateway-443] [] ***HIDDEN***:8443 92 0.032 200 c7e2974d320c83b37df7a62471492b3b
***HIDDEN*** - - [21/Nov/2023:15:52:57 +0000] "GET /auth/realms/knime/.well-known/openid-configuration HTTP/1.1" 200 6344 "-" "axios/0.21.4" 1265 0.002 [knime-keycloak-8443] [] ***HIDDEN***:8443 6344 0.000 200 e12f31e2-576f-4839-8e6a-473687c57297
***HIDDEN*** - - [21/Nov/2023:15:52:57 +0000] "GET /auth/realms/knime/protocol/openid-connect/certs HTTP/1.1" 200 2909 "-" "-" 1193 0.002 [knime-keycloak-8443] [] ***HIDDEN***:8443 2909 0.000 200 cbc02ac8-9682-447d-8629-c942357d5dc0
***HIDDEN*** - - [21/Nov/2023:15:52:57 +0000] "GET /_/bff/execution/contexts/status?executionContextIds[]=9043c21d-150c-4de1-bee5-7e992ebd922d HTTP/1.1" 200 92 "http://hub.kbh-troubleshooting.com/site/admin/execution-resources" "Mozilla/5.0 (Macintosh; Intel Mac OS X 10_15_7) AppleWebKit/537.36 (KHTML, like Gecko) Chrome/***HIDDEN*** Safari/537.36" 4115 0.030 [istio-system-istio-ingressgateway-443] [] ***HIDDEN***:8443 92 0.028 200 cbce8ffa208703d86ead41db6725fa0e
***HIDDEN*** - - [21/Nov/2023:15:52:57 +0000] "GET /auth/realms/knime/protocol/openid-connect/certs HTTP/1.1" 200 2909 "-" "Apache-HttpClient/4.5.14 (Java/17.0.9)" 1281 0.002 [knime-keycloak-8443] [] ***HIDDEN***:8443 2909 0.004 200 fd7090ed-b599-4633-b0fa-c3fe78fa1302
***HIDDEN*** - - [21/Nov/2023:15:53:00 +0000] "GET /auth/realms/knime/.well-known/openid-configuration HTTP/1.1" 200 6344 "-" "axios/0.21.4" 1265 0.002 [knime-keycloak-8443] [] ***HIDDEN***:8443 6344 0.000 200 86525cb1-6946-4f8d-ab35-6a9b1b3a1dec
***HIDDEN*** - - [21/Nov/2023:15:53:00 +0000] "GET /auth/realms/knime/protocol/openid-connect/certs HTTP/1.1" 200 2909 "-" "-" 1193 0.002 [knime-keycloak-8443] [] ***HIDDEN***:8443 2909 0.000 200 76718c68-12fa-49f0-9bad-821d428a2f2b
***HIDDEN*** - - [21/Nov/2023:15:53:00 +0000] "GET /_/bff/execution/contexts/status?executionContextIds[]=9043c21d-150c-4de1-bee5-7e992ebd922d HTTP/1.1" 200 97 "http://hub.kbh-troubleshooting.com/site/admin/execution-resources" "Mozilla/5.0 (Macintosh; Intel Mac OS X 10_15_7) AppleWebKit/537.36 (KHTML, like Gecko) Chrome/***HIDDEN*** Safari/537.36" 4115 0.033 [istio-system-istio-ingressgateway-443] [] ***HIDDEN***:8443 97 0.028 200 c6f218d55abae82d25125dcaacc89eee
***HIDDEN*** - - [21/Nov/2023:15:53:02 +0000] "GET /auth/realms/knime/protocol/openid-connect/certs HTTP/1.1" 200 2909 "-" "Apache-HttpClient/4.5.14 (Java/17.0.9)" 1281 0.008 [knime-keycloak-8443] [] ***HIDDEN***:8443 2909 0.012 200 419eb034-7652-4d2b-9c0d-894d3af3ad97
***HIDDEN*** - - [21/Nov/2023:15:53:03 +0000] "GET /auth/realms/knime/.well-known/openid-configuration HTTP/1.1" 200 6344 "-" "axios/0.21.4" 1265 0.002 [knime-keycloak-8443] [] ***HIDDEN***:8443 6344 0.004 200 65aff332-eed0-4435-8c04-0e1f149a664e
***HIDDEN*** - - [21/Nov/2023:15:53:03 +0000] "GET /auth/realms/knime/protocol/openid-connect/certs HTTP/1.1" 200 2909 "-" "-" 1193 0.001 [knime-keycloak-8443] [] ***HIDDEN***:8443 2909 0.000 200 6c72b80d-d24d-47be-80d8-c9244bae24d5
***HIDDEN*** - - [21/Nov/2023:15:53:03 +0000] "GET /_/bff/execution/contexts/status?executionContextIds[]=9043c21d-150c-4de1-bee5-7e992ebd922d HTTP/1.1" 200 92 "http://hub.kbh-troubleshooting.com/site/admin/execution-resources" "Mozilla/5.0 (Macintosh; Intel Mac OS X 10_15_7) AppleWebKit/537.36 (KHTML, like Gecko) Chrome/***HIDDEN*** Safari/537.36" 4115 0.030 [istio-system-istio-ingressgateway-443] [] ***HIDDEN***:8443 92 0.028 200 09749e0638246d4d115e3ac392eec242
***HIDDEN*** - - [21/Nov/2023:15:53:06 +0000] "GET /auth/realms/knime/.well-known/openid-configuration HTTP/1.1" 200 6344 "-" "axios/0.21.4" 1265 0.002 [knime-keycloak-8443] [] ***HIDDEN***:8443 6344 0.004 200 280ae883-22ea-454e-bc6e-c863b1ba6214
***HIDDEN*** - - [21/Nov/2023:15:53:06 +0000] "GET /auth/realms/knime/protocol/openid-connect/certs HTTP/1.1" 200 2909 "-" "-" 1193 0.001 [knime-keycloak-8443] [] ***HIDDEN***:8443 2909 0.000 200 005b8580-3f50-453f-8835-7018d22912f1
***HIDDEN*** - - [21/Nov/2023:15:53:06 +0000] "GET /_/bff/execution/contexts/status?executionContextIds[]=9043c21d-150c-4de1-bee5-7e992ebd922d HTTP/1.1" 200 92 "http://hub.kbh-troubleshooting.com/site/admin/execution-resources" "Mozilla/5.0 (Macintosh; Intel Mac OS X 10_15_7) AppleWebKit/537.36 (KHTML, like Gecko) Chrome/***HIDDEN*** Safari/537.36" 4115 0.032 [istio-system-istio-ingressgateway-443] [] ***HIDDEN***:8443 92 0.032 200 a0990532d148ebd46f39bfd9f3606bb0
***HIDDEN*** - - [21/Nov/2023:15:53:07 +0000] "GET /auth/realms/knime/protocol/openid-connect/certs HTTP/1.1" 200 2909 "-" "Apache-HttpClient/4.5.14 (Java/17.0.9)" 1281 0.002 [knime-keycloak-8443] [] ***HIDDEN***:8443 2909 0.004 200 86c76625-8ff3-4d38-84be-6729e83491c7
***HIDDEN*** - - [21/Nov/2023:15:53:09 +0000] "GET /auth/realms/knime/.well-known/openid-configuration HTTP/1.1" 200 6344 "-" "axios/0.21.4" 1265 0.002 [knime-keycloak-8443] [] ***HIDDEN***:8443 6344 0.000 200 ee4436e0-e0d4-4598-a358-d45de2cf0d54
***HIDDEN*** - - [21/Nov/2023:15:53:09 +0000] "GET /auth/realms/knime/protocol/openid-connect/certs HTTP/1.1" 200 2909 "-" "-" 1193 0.001 [knime-keycloak-8443] [] ***HIDDEN***:8443 2909 0.000 200 99860927-0e40-4bfa-b0be-42ade1afb906
***HIDDEN*** - - [21/Nov/2023:15:53:10 +0000] "GET /_/bff/execution/contexts/status?executionContextIds[]=9043c21d-150c-4de1-bee5-7e992ebd922d HTTP/1.1" 200 92 "http://hub.kbh-troubleshooting.com/site/admin/execution-resources" "Mozilla/5.0 (Macintosh; Intel Mac OS X 10_15_7) AppleWebKit/537.36 (KHTML, like Gecko) Chrome/***HIDDEN*** Safari/537.36" 4115 0.033 [istio-system-istio-ingressgateway-443] [] ***HIDDEN***:8443 92 0.032 200 048d21652a9aa16b97d43587c33ca4b3
***HIDDEN*** - - [21/Nov/2023:15:53:12 +0000] "GET /auth/realms/knime/protocol/openid-connect/certs HTTP/1.1" 200 2909 "-" "Apache-HttpClient/4.5.14 (Java/17.0.9)" 1281 0.002 [knime-keycloak-8443] [] ***HIDDEN***:8443 2909 0.004 200 d72d7191-d752-45c9-a854-0fc0cbf787a6
***HIDDEN*** - - [21/Nov/2023:15:53:13 +0000] "GET /auth/realms/knime/.well-known/openid-configuration HTTP/1.1" 200 6344 "-" "axios/0.21.4" 1265 0.002 [knime-keycloak-8443] [] ***HIDDEN***:8443 6344 0.000 200 99a38014-ee0e-4cd6-8ae4-5bbd65222ba9
***HIDDEN*** - - [21/Nov/2023:15:53:13 +0000] "GET /auth/realms/knime/protocol/openid-connect/certs HTTP/1.1" 200 2909 "-" "-" 1193 0.001 [knime-keycloak-8443] [] ***HIDDEN***:8443 2909 0.000 200 5db586f3-5008-458b-af34-01c53070be5e
***HIDDEN*** - - [21/Nov/2023:15:53:13 +0000] "GET /_/bff/execution/contexts/status?executionContextIds[]=9043c21d-150c-4de1-bee5-7e992ebd922d HTTP/1.1" 200 92 "http://hub.kbh-troubleshooting.com/site/admin/execution-resources" "Mozilla/5.0 (Macintosh; Intel Mac OS X 10_15_7) AppleWebKit/537.36 (KHTML, like Gecko) Chrome/***HIDDEN*** Safari/537.36" 4115 0.035 [istio-system-istio-ingressgateway-443] [] ***HIDDEN***:8443 92 0.032 200 e2db1f01cf2f108a61f140398998ab87
***HIDDEN*** - - [21/Nov/2023:15:53:16 +0000] "GET /auth/realms/knime/.well-known/openid-configuration HTTP/1.1" 200 6344 "-" "axios/0.21.4" 1265 0.002 [knime-keycloak-8443] [] ***HIDDEN***:8443 6344 0.000 200 2bcb3975-4f70-4f46-8ee1-f71a7e38719b
***HIDDEN*** - - [21/Nov/2023:15:53:16 +0000] "GET /auth/realms/knime/protocol/openid-connect/certs HTTP/1.1" 200 2909 "-" "-" 1193 0.002 [knime-keycloak-8443] [] ***HIDDEN***:8443 2909 0.000 200 c7c7556d-b361-4c65-bfb8-a668166f174b
***HIDDEN*** - - [21/Nov/2023:15:53:16 +0000] "GET /_/bff/execution/contexts/status?executionContextIds[]=9043c21d-150c-4de1-bee5-7e992ebd922d HTTP/1.1" 200 92 "http://hub.kbh-troubleshooting.com/site/admin/execution-resources" "Mozilla/5.0 (Macintosh; Intel Mac OS X 10_15_7) AppleWebKit/537.36 (KHTML, like Gecko) Chrome/***HIDDEN*** Safari/537.36" 4115 0.034 [istio-system-istio-ingressgateway-443] [] ***HIDDEN***:8443 92 0.032 200 f39922f97ee9ad618c015c852c02e443
***HIDDEN*** - - [21/Nov/2023:15:53:17 +0000] "GET /auth/realms/knime/protocol/openid-connect/certs HTTP/1.1" 200 2909 "-" "Apache-HttpClient/4.5.14 (Java/17.0.9)" 1281 0.002 [knime-keycloak-8443] [] ***HIDDEN***:8443 2909 0.004 200 33a9a0d1-9e90-4d4a-a278-a6dc0ff6bc24
***HIDDEN*** - - [21/Nov/2023:15:53:19 +0000] "GET /auth/realms/knime/.well-known/openid-configuration HTTP/1.1" 200 6344 "-" "axios/0.21.4" 1265 0.002 [knime-keycloak-8443] [] ***HIDDEN***:8443 6344 0.000 200 e4bc393c-352c-41b5-b37d-88d38ad5b0d2
***HIDDEN*** - - [21/Nov/2023:15:53:19 +0000] "GET /auth/realms/knime/protocol/openid-connect/certs HTTP/1.1" 200 2909 "-" "-" 1193 0.001 [knime-keycloak-8443] [] ***HIDDEN***:8443 2909 0.000 200 aa9de95e-b16d-4c3a-b3ff-a13cfe5667c4
***HIDDEN*** - - [21/Nov/2023:15:53:19 +0000] "GET /_/bff/execution/contexts/status?executionContextIds[]=9043c21d-150c-4de1-bee5-7e992ebd922d HTTP/1.1" 200 92 "http://hub.kbh-troubleshooting.com/site/admin/execution-resources" "Mozilla/5.0 (Macintosh; Intel Mac OS X 10_15_7) AppleWebKit/537.36 (KHTML, like Gecko) Chrome/***HIDDEN*** Safari/537.36" 4115 0.030 [istio-system-istio-ingressgateway-443] [] ***HIDDEN***:8443 92 0.028 200 cd6ed30e301048580dd415a988df96c2
***HIDDEN*** - - [21/Nov/2023:15:53:22 +0000] "GET /auth/realms/knime/.well-known/openid-configuration HTTP/1.1" 200 6344 "-" "openid-client/5.1.9 (https://github.com/panva/node-openid-client)" 1301 0.002 [knime-keycloak-8443] [] ***HIDDEN***:8443 6344 0.004 200 19f65c7d-c778-4742-b1ed-d7872022d55f
***HIDDEN*** - - [21/Nov/2023:15:53:22 +0000] "POST /auth/realms/knime/protocol/openid-connect/token HTTP/1.1" 200 4059 "-" "openid-client/5.1.9 (https://github.com/panva/node-openid-client)" 2212 0.014 [knime-keycloak-8443] [] ***HIDDEN***:8443 4059 0.012 200 30d4ff64-5c02-43b4-af19-f3dc9a4bbbd5
***HIDDEN*** - - [21/Nov/2023:15:53:22 +0000] "GET /auth/realms/knime/protocol/openid-connect/certs HTTP/1.1" 200 2909 "-" "openid-client/5.1.9 (https://github.com/panva/node-openid-client)" 1324 0.001 [knime-keycloak-8443] [] ***HIDDEN***:8443 2909 0.000 200 f3396842-3327-4758-92ee-ed203cafb45c
***HIDDEN*** - - [21/Nov/2023:15:53:22 +0000] "GET /_/token HTTP/1.1" 200 1216 "http://hub.kbh-troubleshooting.com/site/admin/execution-resources" "Mozilla/5.0 (Macintosh; Intel Mac OS X 10_15_7) AppleWebKit/537.36 (KHTML, like Gecko) Chrome/***HIDDEN*** Safari/537.36" 2271 0.033 [istio-system-istio-ingressgateway-443] [] ***HIDDEN***:8443 1216 0.032 200 199ec10386feea0538ea48890e0f3a0c
***HIDDEN*** - - [21/Nov/2023:15:53:22 +0000] "GET /auth/realms/knime/.well-known/openid-configuration HTTP/1.1" 200 6344 "-" "axios/0.21.4" 1265 0.001 [knime-keycloak-8443] [] ***HIDDEN***:8443 6344 0.004 200 3b19d13b-c15b-4fea-b45c-5a8801113cc5
***HIDDEN*** - - [21/Nov/2023:15:53:22 +0000] "GET /auth/realms/knime/protocol/openid-connect/certs HTTP/1.1" 200 2909 "-" "-" 1193 0.001 [knime-keycloak-8443] [] ***HIDDEN***:8443 2909 0.000 200 827e9c67-5a37-4bd7-b31c-0130ce458967
***HIDDEN*** - - [21/Nov/2023:15:53:22 +0000] "GET /_/bff/execution/contexts/status?executionContextIds[]=9043c21d-150c-4de1-bee5-7e992ebd922d HTTP/1.1" 200 92 "http://hub.kbh-troubleshooting.com/site/admin/execution-resources" "Mozilla/5.0 (Macintosh; Intel Mac OS X 10_15_7) AppleWebKit/537.36 (KHTML, like Gecko) Chrome/***HIDDEN*** Safari/537.36" 4115 0.049 [istio-system-istio-ingressgateway-443] [] ***HIDDEN***:8443 92 0.048 200 95206bba2f829206526c6970f3240964
***HIDDEN*** - - [21/Nov/2023:15:53:22 +0000] "GET /auth/realms/knime/protocol/openid-connect/certs HTTP/1.1" 200 2909 "-" "Apache-HttpClient/4.5.14 (Java/17.0.9)" 1281 0.002 [knime-keycloak-8443] [] ***HIDDEN***:8443 2909 0.004 200 7c59e068-f7bf-427c-b930-44bcc0aa2105
***HIDDEN*** - - [21/Nov/2023:15:53:25 +0000] "GET /auth/realms/knime/.well-known/openid-configuration HTTP/1.1" 200 6344 "-" "axios/0.21.4" 1265 0.002 [knime-keycloak-8443] [] ***HIDDEN***:8443 6344 0.000 200 c91612c6-e773-4ba3-8cdf-f9a572c7514b
***HIDDEN*** - - [21/Nov/2023:15:53:25 +0000] "GET /auth/realms/knime/protocol/openid-connect/certs HTTP/1.1" 200 2909 "-" "-" 1193 0.001 [knime-keycloak-8443] [] ***HIDDEN***:8443 2909 0.000 200 574f8649-4bc3-497d-ac31-442fc416588a
***HIDDEN*** - - [21/Nov/2023:15:53:25 +0000] "GET /_/bff/execution/contexts/status?executionContextIds[]=9043c21d-150c-4de1-bee5-7e992ebd922d HTTP/1.1" 200 92 "http://hub.kbh-troubleshooting.com/site/admin/execution-resources" "Mozilla/5.0 (Macintosh; Intel Mac OS X 10_15_7) AppleWebKit/537.36 (KHTML, like Gecko) Chrome/***HIDDEN*** Safari/537.36" 4115 0.031 [istio-system-istio-ingressgateway-443] [] ***HIDDEN***:8443 92 0.028 200 8e36da08388fc278172271128cc1c0e5
***HIDDEN*** - - [21/Nov/2023:15:53:27 +0000] "GET /auth/realms/knime/protocol/openid-connect/certs HTTP/1.1" 200 2909 "-" "Apache-HttpClient/4.5.14 (Java/17.0.9)" 1281 0.001 [knime-keycloak-8443] [] ***HIDDEN***:8443 2909 0.004 200 1b52bec1-70c8-4842-ad1e-c8a3506ff278
***HIDDEN*** - - [21/Nov/2023:15:53:28 +0000] "GET /auth/realms/knime/.well-known/openid-configuration HTTP/1.1" 200 6344 "-" "axios/0.21.4" 1265 0.002 [knime-keycloak-8443] [] ***HIDDEN***:8443 6344 0.000 200 ed00e385-3ad5-4d39-a834-4d4b24c625f7
***HIDDEN*** - - [21/Nov/2023:15:53:28 +0000] "GET /auth/realms/knime/protocol/openid-connect/certs HTTP/1.1" 200 2909 "-" "-" 1193 0.001 [knime-keycloak-8443] [] ***HIDDEN***:8443 2909 0.000 200 a4fc9143-243c-49ec-85e5-1c5b51e4dcec
***HIDDEN*** - - [21/Nov/2023:15:53:28 +0000] "GET /_/bff/execution/contexts/status?executionContextIds[]=9043c21d-150c-4de1-bee5-7e992ebd922d HTTP/1.1" 200 92 "http://hub.kbh-troubleshooting.com/site/admin/execution-resources" "Mozilla/5.0 (Macintosh; Intel Mac OS X 10_15_7) AppleWebKit/537.36 (KHTML, like Gecko) Chrome/***HIDDEN*** Safari/537.36" 4115 0.034 [istio-system-istio-ingressgateway-443] [] ***HIDDEN***:8443 92 0.032 200 e89672ae19b9a509d35c7060e82c6e92
***HIDDEN*** - - [21/Nov/2023:15:53:31 +0000] "GET /auth/realms/knime/.well-known/openid-configuration HTTP/1.1" 200 6344 "-" "axios/0.21.4" 1265 0.002 [knime-keycloak-8443] [] ***HIDDEN***:8443 6344 0.004 200 32051e7e-62af-4d61-9d78-5e19a9516b2b
***HIDDEN*** - - [21/Nov/2023:15:53:31 +0000] "GET /auth/realms/knime/protocol/openid-connect/certs HTTP/1.1" 200 2909 "-" "-" 1193 0.001 [knime-keycloak-8443] [] ***HIDDEN***:8443 2909 0.000 200 d6041519-eb2f-410a-bf2a-a16351e5daf3
***HIDDEN*** - - [21/Nov/2023:15:53:31 +0000] "GET /_/bff/execution/contexts/status?executionContextIds[]=9043c21d-150c-4de1-bee5-7e992ebd922d HTTP/1.1" 200 92 "http://hub.kbh-troubleshooting.com/site/admin/execution-resources" "Mozilla/5.0 (Macintosh; Intel Mac OS X 10_15_7) AppleWebKit/537.36 (KHTML, like Gecko) Chrome/***HIDDEN*** Safari/537.36" 4115 0.031 [istio-system-istio-ingressgateway-443] [] ***HIDDEN***:8443 92 0.028 200 da45b65dd38687e90cc9b5fe08e49ef6
***HIDDEN*** - - [21/Nov/2023:15:53:32 +0000] "GET /auth/realms/knime/protocol/openid-connect/certs HTTP/1.1" 200 2909 "-" "Apache-HttpClient/4.5.14 (Java/17.0.9)" 1281 0.002 [knime-keycloak-8443] [] ***HIDDEN***:8443 2909 0.004 200 3a97d6aa-006b-4f55-80c8-3e5665655d73
***HIDDEN*** - - [21/Nov/2023:15:53:34 +0000] "GET /auth/realms/knime/.well-known/openid-configuration HTTP/1.1" 200 6344 "-" "axios/0.21.4" 1265 0.002 [knime-keycloak-8443] [] ***HIDDEN***:8443 6344 0.000 200 5b1df79f-e80d-4416-bc41-ed829842f995
***HIDDEN*** - - [21/Nov/2023:15:53:34 +0000] "GET /auth/realms/knime/protocol/openid-connect/certs HTTP/1.1" 200 2909 "-" "-" 1193 0.002 [knime-keycloak-8443] [] ***HIDDEN***:8443 2909 0.000 200 71ec69dc-455e-4204-8a01-86a8667e888a
***HIDDEN*** - - [21/Nov/2023:15:53:34 +0000] "GET /_/bff/execution/contexts/status?executionContextIds[]=9043c21d-150c-4de1-bee5-7e992ebd922d HTTP/1.1" 200 92 "http://hub.kbh-troubleshooting.com/site/admin/execution-resources" "Mozilla/5.0 (Macintosh; Intel Mac OS X 10_15_7) AppleWebKit/537.36 (KHTML, like Gecko) Chrome/***HIDDEN*** Safari/537.36" 4115 0.032 [istio-system-istio-ingressgateway-443] [] ***HIDDEN***:8443 92 0.032 200 ef9fc931d83326c458cc35e84d51e119
***HIDDEN*** - - [21/Nov/2023:15:53:37 +0000] "GET /auth/realms/knime/.well-known/openid-configuration HTTP/1.1" 200 6344 "-" "axios/0.21.4" 1265 0.002 [knime-keycloak-8443] [] ***HIDDEN***:8443 6344 0.000 200 63be3ca2-67b1-4bbf-b8ba-93179f7e9f61
***HIDDEN*** - - [21/Nov/2023:15:53:37 +0000] "GET /auth/realms/knime/protocol/openid-connect/certs HTTP/1.1" 200 2909 "-" "-" 1193 0.002 [knime-keycloak-8443] [] ***HIDDEN***:8443 2909 0.000 200 a040bef7-1a88-4872-8282-dc815b75014e
***HIDDEN*** - - [21/Nov/2023:15:53:37 +0000] "GET /_/bff/execution/contexts/status?executionContextIds[]=9043c21d-150c-4de1-bee5-7e992ebd922d HTTP/1.1" 200 92 "http://hub.kbh-troubleshooting.com/site/admin/execution-resources" "Mozilla/5.0 (Macintosh; Intel Mac OS X 10_15_7) AppleWebKit/537.36 (KHTML, like Gecko) Chrome/***HIDDEN*** Safari/537.36" 4115 0.032 [istio-system-istio-ingressgateway-443] [] ***HIDDEN***:8443 92 0.032 200 2afe38250701fff7168532aedaa75e74
***HIDDEN*** - - [21/Nov/2023:15:53:37 +0000] "GET /auth/realms/knime/protocol/openid-connect/certs HTTP/1.1" 200 2909 "-" "Apache-HttpClient/4.5.14 (Java/17.0.9)" 1281 0.002 [knime-keycloak-8443] [] ***HIDDEN***:8443 2909 0.004 200 b6aebb47-2152-4c83-b213-0477ea695681
***HIDDEN*** - - [21/Nov/2023:15:53:40 +0000] "GET /auth/realms/knime/.well-known/openid-configuration HTTP/1.1" 200 6344 "-" "axios/0.21.4" 1265 0.002 [knime-keycloak-8443] [] ***HIDDEN***:8443 6344 0.000 200 61ad57af-96a0-4fd1-9d92-f3c134a76e14
***HIDDEN*** - - [21/Nov/2023:15:53:40 +0000] "GET /auth/realms/knime/protocol/openid-connect/certs HTTP/1.1" 200 2909 "-" "-" 1193 0.001 [knime-keycloak-8443] [] ***HIDDEN***:8443 2909 0.000 200 26654581-5eaf-49a0-9c6f-ceec59ba9980
***HIDDEN*** - - [21/Nov/2023:15:53:40 +0000] "GET /_/bff/execution/contexts/status?executionContextIds[]=9043c21d-150c-4de1-bee5-7e992ebd922d HTTP/1.1" 200 92 "http://hub.kbh-troubleshooting.com/site/admin/execution-resources" "Mozilla/5.0 (Macintosh; Intel Mac OS X 10_15_7) AppleWebKit/537.36 (KHTML, like Gecko) Chrome/***HIDDEN*** Safari/537.36" 4115 0.031 [istio-system-istio-ingressgateway-443] [] ***HIDDEN***:8443 92 0.028 200 fa02db1e7fca9955cdf28ea0d37cf32e
***HIDDEN*** - - [21/Nov/2023:15:53:42 +0000] "GET /auth/realms/knime/protocol/openid-connect/certs HTTP/1.1" 200 2909 "-" "Apache-HttpClient/4.5.14 (Java/17.0.9)" 1281 0.002 [knime-keycloak-8443] [] ***HIDDEN***:8443 2909 0.000 200 469b2ae0-2f8c-4432-aef6-10a412dff46f
***HIDDEN*** - - [21/Nov/2023:15:53:44 +0000] "GET /auth/realms/knime/.well-known/openid-configuration HTTP/1.1" 200 6344 "-" "axios/0.21.4" 1265 0.002 [knime-keycloak-8443] [] ***HIDDEN***:8443 6344 0.004 200 01bc62d3-2873-4268-ad12-2574322167ad
***HIDDEN*** - - [21/Nov/2023:15:53:44 +0000] "GET /auth/realms/knime/protocol/openid-connect/certs HTTP/1.1" 200 2909 "-" "-" 1193 0.001 [knime-keycloak-8443] [] ***HIDDEN***:8443 2909 0.004 200 b5eaae05-b3dd-4850-adaf-9a37c9988bc3
***HIDDEN*** - - [21/Nov/2023:15:53:44 +0000] "GET /auth/realms/knime/.well-known/openid-configuration HTTP/1.1" 200 6344 "-" "Go-http-client/1.1" 1386 0.007 [knime-keycloak-8443] [] ***HIDDEN***:8443 6344 0.008 200 f5fb26b0-1bb0-42fc-9586-1b2733961ed7
***HIDDEN*** - - [21/Nov/2023:15:53:44 +0000] "GET /auth/realms/knime/protocol/openid-connect/certs HTTP/1.1" 200 2909 "-" "Go-http-client/1.1" 1383 0.001 [knime-keycloak-8443] [] ***HIDDEN***:8443 2909 0.004 200 fbd5c93d-eadc-47d7-a086-cb98830add28
***HIDDEN*** - - [21/Nov/2023:15:53:44 +0000] "GET /_/bff/execution/contexts/status?executionContextIds[]=9043c21d-150c-4de1-bee5-7e992ebd922d HTTP/1.1" 200 92 "http://hub.kbh-troubleshooting.com/site/admin/execution-resources" "Mozilla/5.0 (Macintosh; Intel Mac OS X 10_15_7) AppleWebKit/537.36 (KHTML, like Gecko) Chrome/***HIDDEN*** Safari/537.36" 4115 0.045 [istio-system-istio-ingressgateway-443] [] ***HIDDEN***:8443 92 0.044 200 b3470d0dbebd19129e33ca46d7dc4ae1
***HIDDEN*** - - [21/Nov/2023:15:53:47 +0000] "GET /auth/realms/knime/.well-known/openid-configuration HTTP/1.1" 200 6344 "-" "axios/0.21.4" 1265 0.002 [knime-keycloak-8443] [] ***HIDDEN***:8443 6344 0.004 200 26bb22e3-5044-4b78-844d-bec13d778067
***HIDDEN*** - - [21/Nov/2023:15:53:47 +0000] "GET /auth/realms/knime/protocol/openid-connect/certs HTTP/1.1" 200 2909 "-" "-" 1193 0.001 [knime-keycloak-8443] [] ***HIDDEN***:8443 2909 0.004 200 1b945382-8cb1-4523-9c3e-aba7791ebc82
***HIDDEN*** - - [21/Nov/2023:15:53:47 +0000] "GET /_/bff/execution/contexts/status?executionContextIds[]=9043c21d-150c-4de1-bee5-7e992ebd922d HTTP/1.1" 200 92 "http://hub.kbh-troubleshooting.com/site/admin/execution-resources" "Mozilla/5.0 (Macintosh; Intel Mac OS X 10_15_7) AppleWebKit/537.36 (KHTML, like Gecko) Chrome/***HIDDEN*** Safari/537.36" 4115 0.031 [istio-system-istio-ingressgateway-443] [] ***HIDDEN***:8443 92 0.032 200 dbca4dbcdf2ff06f8e327ed1a12264f1
***HIDDEN*** - - [21/Nov/2023:15:53:47 +0000] "GET /auth/realms/knime/protocol/openid-connect/certs HTTP/1.1" 200 2909 "-" "Apache-HttpClient/4.5.14 (Java/17.0.9)" 1281 0.002 [knime-keycloak-8443] [] ***HIDDEN***:8443 2909 0.004 200 4c208b5a-2832-4234-b0b3-1f870477ab89
***HIDDEN*** - - [21/Nov/2023:15:53:50 +0000] "GET /auth/realms/knime/.well-known/openid-configuration HTTP/1.1" 200 6344 "-" "axios/0.21.4" 1265 0.002 [knime-keycloak-8443] [] ***HIDDEN***:8443 6344 0.004 200 b7e4b47b-0a47-4680-8075-36dff4d56bf4
***HIDDEN*** - - [21/Nov/2023:15:53:50 +0000] "GET /auth/realms/knime/protocol/openid-connect/certs HTTP/1.1" 200 2909 "-" "-" 1193 0.001 [knime-keycloak-8443] [] ***HIDDEN***:8443 2909 0.004 200 4d8129ce-d028-4df0-b850-a363d13e9fc5
***HIDDEN*** - - [21/Nov/2023:15:53:50 +0000] "GET /_/bff/execution/contexts/status?executionContextIds[]=9043c21d-150c-4de1-bee5-7e992ebd922d HTTP/1.1" 200 92 "http://hub.kbh-troubleshooting.com/site/admin/execution-resources" "Mozilla/5.0 (Macintosh; Intel Mac OS X 10_15_7) AppleWebKit/537.36 (KHTML, like Gecko) Chrome/***HIDDEN*** Safari/537.36" 4115 0.031 [istio-system-istio-ingressgateway-443] [] ***HIDDEN***:8443 92 0.032 200 f7cab709b7044896c9961310ffc95c6f
***HIDDEN*** - - [21/Nov/2023:15:53:52 +0000] "GET /auth/realms/knime/protocol/openid-connect/certs HTTP/1.1" 200 2909 "-" "Apache-HttpClient/4.5.14 (Java/17.0.9)" 1281 0.002 [knime-keycloak-8443] [] ***HIDDEN***:8443 2909 0.004 200 e646af75-ca73-46cf-b4a5-5e73b93b7493
***HIDDEN*** - - [21/Nov/2023:15:53:53 +0000] "GET /auth/realms/knime/.well-known/openid-configuration HTTP/1.1" 200 6344 "-" "axios/0.21.4" 1265 0.002 [knime-keycloak-8443] [] ***HIDDEN***:8443 6344 0.004 200 1de81f1d-9f4d-4dba-9415-f9d8736a2374
***HIDDEN*** - - [21/Nov/2023:15:53:53 +0000] "GET /auth/realms/knime/protocol/openid-connect/certs HTTP/1.1" 200 2909 "-" "-" 1193 0.001 [knime-keycloak-8443] [] ***HIDDEN***:8443 2909 0.004 200 87cc2ded-646d-4347-a9b1-2497e8de0c33
***HIDDEN*** - - [21/Nov/2023:15:53:53 +0000] "GET /_/bff/execution/contexts/status?executionContextIds[]=9043c21d-150c-4de1-bee5-7e992ebd922d HTTP/1.1" 200 92 "http://hub.kbh-troubleshooting.com/site/admin/execution-resources" "Mozilla/5.0 (Macintosh; Intel Mac OS X 10_15_7) AppleWebKit/537.36 (KHTML, like Gecko) Chrome/***HIDDEN*** Safari/537.36" 4115 0.030 [istio-system-istio-ingressgateway-443] [] ***HIDDEN***:8443 92 0.028 200 027b3f292eb031c94b63877a2ac9277f
***HIDDEN*** - - [21/Nov/2023:15:53:56 +0000] "GET /auth/realms/knime/.well-known/openid-configuration HTTP/1.1" 200 6344 "-" "axios/0.21.4" 1265 0.003 [knime-keycloak-8443] [] ***HIDDEN***:8443 6344 0.000 200 2ba5bc2a-842a-4a96-8de5-dbd678eae29a
***HIDDEN*** - - [21/Nov/2023:15:53:56 +0000] "GET /auth/realms/knime/protocol/openid-connect/certs HTTP/1.1" 200 2909 "-" "-" 1193 0.001 [knime-keycloak-8443] [] ***HIDDEN***:8443 2909 0.000 200 ff7567c0-98ba-4d3c-bab0-43fd9510c198
***HIDDEN*** - - [21/Nov/2023:15:53:56 +0000] "GET /_/bff/execution/contexts/status?executionContextIds[]=9043c21d-150c-4de1-bee5-7e992ebd922d HTTP/1.1" 200 92 "http://hub.kbh-troubleshooting.com/site/admin/execution-resources" "Mozilla/5.0 (Macintosh; Intel Mac OS X 10_15_7) AppleWebKit/537.36 (KHTML, like Gecko) Chrome/***HIDDEN*** Safari/537.36" 4115 0.031 [istio-system-istio-ingressgateway-443] [] ***HIDDEN***:8443 92 0.028 200 f4ca021da2c244c9914f03b50f889ec7
***HIDDEN*** - - [21/Nov/2023:15:53:57 +0000] "GET /auth/realms/knime/protocol/openid-connect/certs HTTP/1.1" 200 2909 "-" "Apache-HttpClient/4.5.14 (Java/17.0.9)" 1281 0.002 [knime-keycloak-8443] [] ***HIDDEN***:8443 2909 0.004 200 76112031-7edb-4a36-8016-9d61e3ba1989
***HIDDEN*** - - [21/Nov/2023:15:53:59 +0000] "GET /auth/realms/knime/.well-known/openid-configuration HTTP/1.1" 200 6344 "-" "axios/0.21.4" 1265 0.002 [knime-keycloak-8443] [] ***HIDDEN***:8443 6344 0.000 200 675d7ddb-b90f-4779-9a7f-8b07c2e63b3c
***HIDDEN*** - - [21/Nov/2023:15:53:59 +0000] "GET /auth/realms/knime/protocol/openid-connect/certs HTTP/1.1" 200 2909 "-" "-" 1193 0.002 [knime-keycloak-8443] [] ***HIDDEN***:8443 2909 0.000 200 05438672-f552-46d1-93d2-53cf32bf8309
***HIDDEN*** - - [21/Nov/2023:15:53:59 +0000] "GET /_/bff/execution/contexts/status?executionContextIds[]=9043c21d-150c-4de1-bee5-7e992ebd922d HTTP/1.1" 200 92 "http://hub.kbh-troubleshooting.com/site/admin/execution-resources" "Mozilla/5.0 (Macintosh; Intel Mac OS X 10_15_7) AppleWebKit/537.36 (KHTML, like Gecko) Chrome/***HIDDEN*** Safari/537.36" 4115 0.030 [istio-system-istio-ingressgateway-443] [] ***HIDDEN***:8443 92 0.028 200 8462c6c487dfb992124e409758267cba
***HIDDEN*** - - [21/Nov/2023:15:54:02 +0000] "GET /auth/realms/knime/.well-known/openid-configuration HTTP/1.1" 200 6344 "-" "axios/0.21.4" 1265 0.008 [knime-keycloak-8443] [] ***HIDDEN***:8443 6344 0.008 200 8029838b-d88c-4342-b045-cad9b1911249
***HIDDEN*** - - [21/Nov/2023:15:54:02 +0000] "GET /auth/realms/knime/protocol/openid-connect/certs HTTP/1.1" 200 2909 "-" "-" 1193 0.001 [knime-keycloak-8443] [] ***HIDDEN***:8443 2909 0.000 200 ccfced4e-8d5d-41a9-b4e2-eb4241cd7051
***HIDDEN*** - - [21/Nov/2023:15:54:02 +0000] "GET /_/bff/execution/contexts/status?executionContextIds[]=9043c21d-150c-4de1-bee5-7e992ebd922d HTTP/1.1" 200 92 "http://hub.kbh-troubleshooting.com/site/admin/execution-resources" "Mozilla/5.0 (Macintosh; Intel Mac OS X 10_15_7) AppleWebKit/537.36 (KHTML, like Gecko) Chrome/***HIDDEN*** Safari/537.36" 4115 0.037 [istio-system-istio-ingressgateway-443] [] ***HIDDEN***:8443 92 0.036 200 e09b5ab061805a3676c14cdc849ea803
***HIDDEN*** - - [21/Nov/2023:15:54:02 +0000] "GET /auth/realms/knime/protocol/openid-connect/certs HTTP/1.1" 200 2909 "-" "Apache-HttpClient/4.5.14 (Java/17.0.9)" 1281 0.001 [knime-keycloak-8443] [] ***HIDDEN***:8443 2909 0.004 200 139f58d0-a704-9823-95df-431c3ed1f9a5
***HIDDEN*** - - [21/Nov/2023:15:54:05 +0000] "GET /auth/realms/knime/.well-known/openid-configuration HTTP/1.1" 200 6344 "-" "axios/0.21.4" 1265 0.002 [knime-keycloak-8443] [] ***HIDDEN***:8443 6344 0.000 200 becf21ce-6a18-4922-a808-730e85f7e1a9
***HIDDEN*** - - [21/Nov/2023:15:54:05 +0000] "GET /auth/realms/knime/protocol/openid-connect/certs HTTP/1.1" 200 2909 "-" "-" 1193 0.001 [knime-keycloak-8443] [] ***HIDDEN***:8443 2909 0.000 200 774b0cc9-07cb-4b43-9c90-2675362ce9f4
***HIDDEN*** - - [21/Nov/2023:15:54:05 +0000] "GET /_/bff/execution/contexts/status?executionContextIds[]=9043c21d-150c-4de1-bee5-7e992ebd922d HTTP/1.1" 200 92 "http://hub.kbh-troubleshooting.com/site/admin/execution-resources" "Mozilla/5.0 (Macintosh; Intel Mac OS X 10_15_7) AppleWebKit/537.36 (KHTML, like Gecko) Chrome/***HIDDEN*** Safari/537.36" 4115 0.031 [istio-system-istio-ingressgateway-443] [] ***HIDDEN***:8443 92 0.028 200 e626cac1c3969d69e6ced22255a8d20b
***HIDDEN*** - - [21/Nov/2023:15:54:07 +0000] "GET /auth/realms/knime/protocol/openid-connect/certs HTTP/1.1" 200 2909 "-" "Apache-HttpClient/4.5.14 (Java/17.0.9)" 1281 0.002 [knime-keycloak-8443] [] ***HIDDEN***:8443 2909 0.004 200 7e87adbe-c9eb-4b85-b55b-331a0572e108
***HIDDEN*** - - [21/Nov/2023:15:54:08 +0000] "GET /auth/realms/knime/.well-known/openid-configuration HTTP/1.1" 200 6344 "-" "axios/0.21.4" 1265 0.002 [knime-keycloak-8443] [] ***HIDDEN***:8443 6344 0.004 200 14570751-1aad-4652-9d2c-a97904444a06
***HIDDEN*** - - [21/Nov/2023:15:54:08 +0000] "GET /auth/realms/knime/protocol/openid-connect/certs HTTP/1.1" 200 2909 "-" "-" 1193 0.001 [knime-keycloak-8443] [] ***HIDDEN***:8443 2909 0.004 200 fd24d0fc-0894-4652-841b-abd5eacb44bd
***HIDDEN*** - - [21/Nov/2023:15:54:08 +0000] "GET /_/bff/execution/contexts/status?executionContextIds[]=9043c21d-150c-4de1-bee5-7e992ebd922d HTTP/1.1" 200 92 "http://hub.kbh-troubleshooting.com/site/admin/execution-resources" "Mozilla/5.0 (Macintosh; Intel Mac OS X 10_15_7) AppleWebKit/537.36 (KHTML, like Gecko) Chrome/***HIDDEN*** Safari/537.36" 4115 0.032 [istio-system-istio-ingressgateway-443] [] ***HIDDEN***:8443 92 0.032 200 10001051dc99552dfbe3c1c0ba048354
***HIDDEN*** - - [21/Nov/2023:15:54:11 +0000] "GET /auth/realms/knime/.well-known/openid-configuration HTTP/1.1" 200 6344 "-" "axios/0.21.4" 1265 0.002 [knime-keycloak-8443] [] ***HIDDEN***:8443 6344 0.004 200 f9a2054b-68c4-4d2c-9ca3-75b321141b85
***HIDDEN*** - - [21/Nov/2023:15:54:11 +0000] "GET /auth/realms/knime/protocol/openid-connect/certs HTTP/1.1" 200 2909 "-" "-" 1193 0.001 [knime-keycloak-8443] [] ***HIDDEN***:8443 2909 0.000 200 71467f4e-9141-4a1b-8696-c904cfc2e755
***HIDDEN*** - - [21/Nov/2023:15:54:11 +0000] "GET /_/bff/execution/contexts/status?executionContextIds[]=9043c21d-150c-4de1-bee5-7e992ebd922d HTTP/1.1" 200 92 "http://hub.kbh-troubleshooting.com/site/admin/execution-resources" "Mozilla/5.0 (Macintosh; Intel Mac OS X 10_15_7) AppleWebKit/537.36 (KHTML, like Gecko) Chrome/***HIDDEN*** Safari/537.36" 4115 0.030 [istio-system-istio-ingressgateway-443] [] ***HIDDEN***:8443 92 0.028 200 98891a278092ecefe00812994b6065f9
***HIDDEN*** - - [21/Nov/2023:15:54:12 +0000] "GET /auth/realms/knime/protocol/openid-connect/certs HTTP/1.1" 200 2909 "-" "Apache-HttpClient/4.5.14 (Java/17.0.9)" 1281 0.002 [knime-keycloak-8443] [] ***HIDDEN***:8443 2909 0.000 200 b6de6488-3738-4dd9-b0e8-7f3a4a8ea771
***HIDDEN*** - - [21/Nov/2023:15:54:14 +0000] "GET /auth/realms/knime/.well-known/openid-configuration HTTP/1.1" 200 6344 "-" "axios/0.21.4" 1265 0.002 [knime-keycloak-8443] [] ***HIDDEN***:8443 6344 0.004 200 9a89154c-1778-4fdf-95c6-ff8811d50420
***HIDDEN*** - - [21/Nov/2023:15:54:14 +0000] "GET /auth/realms/knime/protocol/openid-connect/certs HTTP/1.1" 200 2909 "-" "-" 1193 0.002 [knime-keycloak-8443] [] ***HIDDEN***:8443 2909 0.000 200 7a742062-e3e2-44e6-8de0-74e10acf861b
***HIDDEN*** - - [21/Nov/2023:15:54:14 +0000] "GET /_/bff/execution/contexts/status?executionContextIds[]=9043c21d-150c-4de1-bee5-7e992ebd922d HTTP/1.1" 200 92 "http://hub.kbh-troubleshooting.com/site/admin/execution-resources" "Mozilla/5.0 (Macintosh; Intel Mac OS X 10_15_7) AppleWebKit/537.36 (KHTML, like Gecko) Chrome/***HIDDEN*** Safari/537.36" 4115 0.030 [istio-system-istio-ingressgateway-443] [] ***HIDDEN***:8443 92 0.028 200 eb87f100db881aeb837af6fe33857800
***HIDDEN*** - - [21/Nov/2023:15:54:17 +0000] "GET /auth/realms/knime/protocol/openid-connect/certs HTTP/1.1" 200 2909 "-" "Apache-HttpClient/4.5.14 (Java/17.0.9)" 1281 0.001 [knime-keycloak-8443] [] ***HIDDEN***:8443 2909 0.000 200 d2f575cf-ef6f-4338-a58d-dd6f22f543d9
***HIDDEN*** - - [21/Nov/2023:15:54:17 +0000] "GET /auth/realms/knime/.well-known/openid-configuration HTTP/1.1" 200 6344 "-" "axios/0.21.4" 1265 0.002 [knime-keycloak-8443] [] ***HIDDEN***:8443 6344 0.000 200 b6bfbe6c-1e46-42cb-a120-ec0bd41593a7
***HIDDEN*** - - [21/Nov/2023:15:54:17 +0000] "GET /auth/realms/knime/protocol/openid-connect/certs HTTP/1.1" 200 2909 "-" "-" 1193 0.002 [knime-keycloak-8443] [] ***HIDDEN***:8443 2909 0.000 200 c5484bdf-e887-4eb1-b71f-955ab71bf415
***HIDDEN*** - - [21/Nov/2023:15:54:17 +0000] "GET /_/bff/execution/contexts/status?executionContextIds[]=9043c21d-150c-4de1-bee5-7e992ebd922d HTTP/1.1" 200 92 "http://hub.kbh-troubleshooting.com/site/admin/execution-resources" "Mozilla/5.0 (Macintosh; Intel Mac OS X 10_15_7) AppleWebKit/537.36 (KHTML, like Gecko) Chrome/***HIDDEN*** Safari/537.36" 4115 0.029 [istio-system-istio-ingressgateway-443] [] ***HIDDEN***:8443 92 0.024 200 f77ae40256e5f65159a85674a455e8d3
***HIDDEN*** - - [21/Nov/2023:15:54:21 +0000] "GET /auth/realms/knime/.well-known/openid-configuration HTTP/1.1" 200 6344 "-" "axios/0.21.4" 1265 0.002 [knime-keycloak-8443] [] ***HIDDEN***:8443 6344 0.004 200 686cf690-f311-498e-ade2-22f18cf1e06f
***HIDDEN*** - - [21/Nov/2023:15:54:21 +0000] "GET /auth/realms/knime/protocol/openid-connect/certs HTTP/1.1" 200 2909 "-" "-" 1193 0.001 [knime-keycloak-8443] [] ***HIDDEN***:8443 2909 0.004 200 4ddc1dd2-33bd-4cf8-8b56-c5936825a77e
***HIDDEN*** - - [21/Nov/2023:15:54:21 +0000] "GET /_/bff/execution/contexts/status?executionContextIds[]=9043c21d-150c-4de1-bee5-7e992ebd922d HTTP/1.1" 200 92 "http://hub.kbh-troubleshooting.com/site/admin/execution-resources" "Mozilla/5.0 (Macintosh; Intel Mac OS X 10_15_7) AppleWebKit/537.36 (KHTML, like Gecko) Chrome/***HIDDEN*** Safari/537.36" 4115 0.033 [istio-system-istio-ingressgateway-443] [] ***HIDDEN***:8443 92 0.032 200 7541cc715b4f33b7064bfcd17c793622
***HIDDEN*** - - [21/Nov/2023:15:54:22 +0000] "GET /auth/realms/knime/protocol/openid-connect/certs HTTP/1.1" 200 2909 "-" "Apache-HttpClient/4.5.14 (Java/17.0.9)" 1281 0.002 [knime-keycloak-8443] [] ***HIDDEN***:8443 2909 0.004 200 ca9394c9-17e5-4ac0-a4f5-231959348745
***HIDDEN*** - - [21/Nov/2023:15:54:24 +0000] "GET /auth/realms/knime/.well-known/openid-configuration HTTP/1.1" 200 6344 "-" "axios/0.21.4" 1265 0.002 [knime-keycloak-8443] [] ***HIDDEN***:8443 6344 0.004 200 1988e506-8333-4c26-81ab-6c946b87b586
***HIDDEN*** - - [21/Nov/2023:15:54:24 +0000] "GET /auth/realms/knime/protocol/openid-connect/certs HTTP/1.1" 200 2909 "-" "-" 1193 0.002 [knime-keycloak-8443] [] ***HIDDEN***:8443 2909 0.004 200 7f9a375f-3a01-4cd4-8fd2-9b15da71336e
***HIDDEN*** - - [21/Nov/2023:15:54:24 +0000] "GET /_/bff/execution/contexts/status?executionContextIds[]=9043c21d-150c-4de1-bee5-7e992ebd922d HTTP/1.1" 200 92 "http://hub.kbh-troubleshooting.com/site/admin/execution-resources" "Mozilla/5.0 (Macintosh; Intel Mac OS X 10_15_7) AppleWebKit/537.36 (KHTML, like Gecko) Chrome/***HIDDEN*** Safari/537.36" 4115 0.034 [istio-system-istio-ingressgateway-443] [] ***HIDDEN***:8443 92 0.032 200 b7fe1f68b86427d08ece7ac483b48138
***HIDDEN*** - - [21/Nov/2023:15:54:27 +0000] "GET /auth/realms/knime/.well-known/openid-configuration HTTP/1.1" 200 6344 "-" "axios/0.21.4" 1265 0.002 [knime-keycloak-8443] [] ***HIDDEN***:8443 6344 0.004 200 eab521aa-bd76-45c0-b916-62d1d0d6a33a
***HIDDEN*** - - [21/Nov/2023:15:54:27 +0000] "GET /auth/realms/knime/protocol/openid-connect/certs HTTP/1.1" 200 2909 "-" "-" 1193 0.002 [knime-keycloak-8443] [] ***HIDDEN***:8443 2909 0.000 200 5f1cdd4d-f6c0-4d6d-9663-6cde153c0a0f
***HIDDEN*** - - [21/Nov/2023:15:54:27 +0000] "GET /_/bff/execution/contexts/status?executionContextIds[]=9043c21d-150c-4de1-bee5-7e992ebd922d HTTP/1.1" 200 92 "http://hub.kbh-troubleshooting.com/site/admin/execution-resources" "Mozilla/5.0 (Macintosh; Intel Mac OS X 10_15_7) AppleWebKit/537.36 (KHTML, like Gecko) Chrome/***HIDDEN*** Safari/537.36" 4115 0.030 [istio-system-istio-ingressgateway-443] [] ***HIDDEN***:8443 92 0.028 200 0629e7408748fc3144ad6f671d716669
***HIDDEN*** - - [21/Nov/2023:15:54:27 +0000] "GET /auth/realms/knime/protocol/openid-connect/certs HTTP/1.1" 200 2909 "-" "Apache-HttpClient/4.5.14 (Java/17.0.9)" 1281 0.002 [knime-keycloak-8443] [] ***HIDDEN***:8443 2909 0.004 200 e100b7ab-dd9d-4561-a321-ec34c07c3f2e
***HIDDEN*** - - [21/Nov/2023:15:54:30 +0000] "GET /auth/realms/knime/.well-known/openid-configuration HTTP/1.1" 200 6344 "-" "axios/0.21.4" 1265 0.002 [knime-keycloak-8443] [] ***HIDDEN***:8443 6344 0.004 200 e47ffa95-74ee-4661-9d78-aa10056eb6ed
***HIDDEN*** - - [21/Nov/2023:15:54:30 +0000] "GET /auth/realms/knime/protocol/openid-connect/certs HTTP/1.1" 200 2909 "-" "-" 1193 0.001 [knime-keycloak-8443] [] ***HIDDEN***:8443 2909 0.000 200 d9f344ee-537c-453e-a505-5a73ffc31ecb
***HIDDEN*** - - [21/Nov/2023:15:54:30 +0000] "GET /_/bff/execution/contexts/status?executionContextIds[]=9043c21d-150c-4de1-bee5-7e992ebd922d HTTP/1.1" 200 92 "http://hub.kbh-troubleshooting.com/site/admin/execution-resources" "Mozilla/5.0 (Macintosh; Intel Mac OS X 10_15_7) AppleWebKit/537.36 (KHTML, like Gecko) Chrome/***HIDDEN*** Safari/537.36" 4115 0.029 [istio-system-istio-ingressgateway-443] [] ***HIDDEN***:8443 92 0.024 200 430642a388156d45c8d21be5275a72ed
***HIDDEN*** - - [21/Nov/2023:15:54:32 +0000] "GET /auth/realms/knime/protocol/openid-connect/certs HTTP/1.1" 200 2909 "-" "Apache-HttpClient/4.5.14 (Java/17.0.9)" 1281 0.002 [knime-keycloak-8443] [] ***HIDDEN***:8443 2909 0.004 200 dcf7c5ab-52db-4d66-b2b3-e38cf9b6c5e2
***HIDDEN*** - - [21/Nov/2023:15:54:33 +0000] "GET /auth/realms/knime/.well-known/openid-configuration HTTP/1.1" 200 6344 "-" "axios/0.21.4" 1265 0.002 [knime-keycloak-8443] [] ***HIDDEN***:8443 6344 0.000 200 9704de74-2a4f-48fb-a65b-152c19b3c585
***HIDDEN*** - - [21/Nov/2023:15:54:33 +0000] "GET /auth/realms/knime/protocol/openid-connect/certs HTTP/1.1" 200 2909 "-" "-" 1193 0.001 [knime-keycloak-8443] [] ***HIDDEN***:8443 2909 0.000 200 be431aa9-92e3-4c1a-9f45-ebafcb80c1ef
***HIDDEN*** - - [21/Nov/2023:15:54:33 +0000] "GET /_/bff/execution/contexts/status?executionContextIds[]=9043c21d-150c-4de1-bee5-7e992ebd922d HTTP/1.1" 200 92 "http://hub.kbh-troubleshooting.com/site/admin/execution-resources" "Mozilla/5.0 (Macintosh; Intel Mac OS X 10_15_7) AppleWebKit/537.36 (KHTML, like Gecko) Chrome/***HIDDEN*** Safari/537.36" 4115 0.030 [istio-system-istio-ingressgateway-443] [] ***HIDDEN***:8443 92 0.028 200 8cdb4c3045082a8226d946e364a46b96
***HIDDEN*** - - [21/Nov/2023:15:54:36 +0000] "GET /auth/realms/knime/.well-known/openid-configuration HTTP/1.1" 200 6344 "-" "axios/0.21.4" 1265 0.002 [knime-keycloak-8443] [] ***HIDDEN***:8443 6344 0.000 200 92d673b3-8c25-4b33-98f2-cc476c43f9ef
***HIDDEN*** - - [21/Nov/2023:15:54:36 +0000] "GET /auth/realms/knime/protocol/openid-connect/certs HTTP/1.1" 200 2909 "-" "-" 1193 0.001 [knime-keycloak-8443] [] ***HIDDEN***:8443 2909 0.000 200 130fe290-b41c-46cc-ae8a-d51b02841043
***HIDDEN*** - - [21/Nov/2023:15:54:36 +0000] "GET /_/bff/execution/contexts/status?executionContextIds[]=9043c21d-150c-4de1-bee5-7e992ebd922d HTTP/1.1" 200 92 "http://hub.kbh-troubleshooting.com/site/admin/execution-resources" "Mozilla/5.0 (Macintosh; Intel Mac OS X 10_15_7) AppleWebKit/537.36 (KHTML, like Gecko) Chrome/***HIDDEN*** Safari/537.36" 4115 0.030 [istio-system-istio-ingressgateway-443] [] ***HIDDEN***:8443 92 0.028 200 223c404c4f5503da2808f05aff5b7984
***HIDDEN*** - - [21/Nov/2023:15:54:37 +0000] "GET /auth/realms/knime/protocol/openid-connect/certs HTTP/1.1" 200 2909 "-" "Apache-HttpClient/4.5.14 (Java/17.0.9)" 1281 0.002 [knime-keycloak-8443] [] ***HIDDEN***:8443 2909 0.004 200 1c394d37-e730-4432-995e-1dfc48219263
***HIDDEN*** - - [21/Nov/2023:15:54:39 +0000] "GET /auth/realms/knime/.well-known/openid-configuration HTTP/1.1" 200 6344 "-" "axios/0.21.4" 1265 0.002 [knime-keycloak-8443] [] ***HIDDEN***:8443 6344 0.004 200 2b3cff78-6a16-4906-ba0a-e643c357da19
***HIDDEN*** - - [21/Nov/2023:15:54:39 +0000] "GET /auth/realms/knime/protocol/openid-connect/certs HTTP/1.1" 200 2909 "-" "-" 1193 0.001 [knime-keycloak-8443] [] ***HIDDEN***:8443 2909 0.004 200 4a31fb2f-c8f2-4985-957c-6d04eb7374f5
***HIDDEN*** - - [21/Nov/2023:15:54:39 +0000] "GET /_/bff/execution/contexts/status?executionContextIds[]=9043c21d-150c-4de1-bee5-7e992ebd922d HTTP/1.1" 200 92 "http://hub.kbh-troubleshooting.com/site/admin/execution-resources" "Mozilla/5.0 (Macintosh; Intel Mac OS X 10_15_7) AppleWebKit/537.36 (KHTML, like Gecko) Chrome/***HIDDEN*** Safari/537.36" 4115 0.031 [istio-system-istio-ingressgateway-443] [] ***HIDDEN***:8443 92 0.028 200 b01b02552df204db8a979415375cd905
***HIDDEN*** - - [21/Nov/2023:15:54:42 +0000] "GET /auth/realms/knime/.well-known/openid-configuration HTTP/1.1" 200 6344 "-" "axios/0.21.4" 1265 0.002 [knime-keycloak-8443] [] ***HIDDEN***:8443 6344 0.000 200 36c1b28e-3327-4a9f-aa08-477bf3a3fb32
***HIDDEN*** - - [21/Nov/2023:15:54:42 +0000] "GET /auth/realms/knime/protocol/openid-connect/certs HTTP/1.1" 200 2909 "-" "-" 1193 0.001 [knime-keycloak-8443] [] ***HIDDEN***:8443 2909 0.000 200 d63c6250-d5eb-4227-8725-ea04bdf79099
***HIDDEN*** - - [21/Nov/2023:15:54:42 +0000] "GET /_/bff/execution/contexts/status?executionContextIds[]=9043c21d-150c-4de1-bee5-7e992ebd922d HTTP/1.1" 200 92 "http://hub.kbh-troubleshooting.com/site/admin/execution-resources" "Mozilla/5.0 (Macintosh; Intel Mac OS X 10_15_7) AppleWebKit/537.36 (KHTML, like Gecko) Chrome/***HIDDEN*** Safari/537.36" 4115 0.031 [istio-system-istio-ingressgateway-443] [] ***HIDDEN***:8443 92 0.028 200 1c393425ebec92b7b16142fff41d314f
***HIDDEN*** - - [21/Nov/2023:15:54:42 +0000] "GET /auth/realms/knime/protocol/openid-connect/certs HTTP/1.1" 200 2909 "-" "Apache-HttpClient/4.5.14 (Java/17.0.9)" 1281 0.002 [knime-keycloak-8443] [] ***HIDDEN***:8443 2909 0.004 200 198b6e08-4015-40bc-a771-ee96f6b02d80
***HIDDEN*** - - [21/Nov/2023:15:54:45 +0000] "GET /auth/realms/knime/.well-known/openid-configuration HTTP/1.1" 200 6344 "-" "axios/0.21.4" 1265 0.002 [knime-keycloak-8443] [] ***HIDDEN***:8443 6344 0.004 200 024b6bc4-d192-48a2-b0b2-4721ec8f6ccf
***HIDDEN*** - - [21/Nov/2023:15:54:45 +0000] "GET /auth/realms/knime/protocol/openid-connect/certs HTTP/1.1" 200 2909 "-" "-" 1193 0.001 [knime-keycloak-8443] [] ***HIDDEN***:8443 2909 0.000 200 e4f8ceb0-64d0-48d1-93da-15e4af60392a
***HIDDEN*** - - [21/Nov/2023:15:54:45 +0000] "GET /_/bff/execution/contexts/status?executionContextIds[]=9043c21d-150c-4de1-bee5-7e992ebd922d HTTP/1.1" 200 92 "http://hub.kbh-troubleshooting.com/site/admin/execution-resources" "Mozilla/5.0 (Macintosh; Intel Mac OS X 10_15_7) AppleWebKit/537.36 (KHTML, like Gecko) Chrome/***HIDDEN*** Safari/537.36" 4115 0.031 [istio-system-istio-ingressgateway-443] [] ***HIDDEN***:8443 92 0.032 200 f1ee74823e34e5f548ea83fe9d857d85
***HIDDEN*** - - [21/Nov/2023:15:54:47 +0000] "GET /auth/realms/knime/protocol/openid-connect/certs HTTP/1.1" 200 2909 "-" "Apache-HttpClient/4.5.14 (Java/17.0.9)" 1281 0.002 [knime-keycloak-8443] [] ***HIDDEN***:8443 2909 0.004 200 16756ef7-e249-48c3-af83-1e87b107f7ed
***HIDDEN*** - - [21/Nov/2023:15:54:48 +0000] "GET /auth/realms/knime/.well-known/openid-configuration HTTP/1.1" 200 6344 "-" "axios/0.21.4" 1265 0.002 [knime-keycloak-8443] [] ***HIDDEN***:8443 6344 0.004 200 fad853d2-823e-4720-90ba-2570b0a1fbc1
***HIDDEN*** - - [21/Nov/2023:15:54:48 +0000] "GET /auth/realms/knime/protocol/openid-connect/certs HTTP/1.1" 200 2909 "-" "-" 1193 0.002 [knime-keycloak-8443] [] ***HIDDEN***:8443 2909 0.004 200 535530c5-1ab8-4d0a-b0c4-3829c6c19df7
***HIDDEN*** - - [21/Nov/2023:15:54:48 +0000] "GET /_/bff/execution/contexts/status?executionContextIds[]=9043c21d-150c-4de1-bee5-7e992ebd922d HTTP/1.1" 200 92 "http://hub.kbh-troubleshooting.com/site/admin/execution-resources" "Mozilla/5.0 (Macintosh; Intel Mac OS X 10_15_7) AppleWebKit/537.36 (KHTML, like Gecko) Chrome/***HIDDEN*** Safari/537.36" 4115 0.031 [istio-system-istio-ingressgateway-443] [] ***HIDDEN***:8443 92 0.028 200 e09081a091504f88fbdc85452d04b426
***HIDDEN*** - - [21/Nov/2023:15:54:51 +0000] "GET /auth/realms/knime/.well-known/openid-configuration HTTP/1.1" 200 6344 "-" "axios/0.21.4" 1265 0.002 [knime-keycloak-8443] [] ***HIDDEN***:8443 6344 0.000 200 ba6ff1fb-554d-4510-9b04-45ef5c14d5de
***HIDDEN*** - - [21/Nov/2023:15:54:51 +0000] "GET /auth/realms/knime/protocol/openid-connect/certs HTTP/1.1" 200 2909 "-" "-" 1193 0.002 [knime-keycloak-8443] [] ***HIDDEN***:8443 2909 0.000 200 1670f33c-ed26-4928-a346-a29dfd88e6a2
***HIDDEN*** - - [21/Nov/2023:15:54:51 +0000] "GET /_/bff/execution/contexts/status?executionContextIds[]=9043c21d-150c-4de1-bee5-7e992ebd922d HTTP/1.1" 200 92 "http://hub.kbh-troubleshooting.com/site/admin/execution-resources" "Mozilla/5.0 (Macintosh; Intel Mac OS X 10_15_7) AppleWebKit/537.36 (KHTML, like Gecko) Chrome/***HIDDEN*** Safari/537.36" 4115 0.032 [istio-system-istio-ingressgateway-443] [] ***HIDDEN***:8443 92 0.028 200 7a8da12535cee9022d7dbe30f288df7d
***HIDDEN*** - - [21/Nov/2023:15:54:52 +0000] "GET /auth/realms/knime/protocol/openid-connect/certs HTTP/1.1" 200 2909 "-" "Apache-HttpClient/4.5.14 (Java/17.0.9)" 1281 0.002 [knime-keycloak-8443] [] ***HIDDEN***:8443 2909 0.000 200 8c5432e2-78f6-456a-8f31-087640847540
***HIDDEN*** - - [21/Nov/2023:15:54:55 +0000] "GET /auth/realms/knime/.well-known/openid-configuration HTTP/1.1" 200 6344 "-" "axios/0.21.4" 1265 0.002 [knime-keycloak-8443] [] ***HIDDEN***:8443 6344 0.004 200 73b1837b-54b3-482d-a462-352cda9b2442
***HIDDEN*** - - [21/Nov/2023:15:54:55 +0000] "GET /auth/realms/knime/protocol/openid-connect/certs HTTP/1.1" 200 2909 "-" "-" 1193 0.007 [knime-keycloak-8443] [] ***HIDDEN***:8443 2909 0.008 200 711e98dd-c090-4d45-ab3c-9bed57b07fdd
***HIDDEN*** - - [21/Nov/2023:15:54:55 +0000] "GET /_/bff/execution/contexts/status?executionContextIds[]=9043c21d-150c-4de1-bee5-7e992ebd922d HTTP/1.1" 200 92 "http://hub.kbh-troubleshooting.com/site/admin/execution-resources" "Mozilla/5.0 (Macintosh; Intel Mac OS X 10_15_7) AppleWebKit/537.36 (KHTML, like Gecko) Chrome/***HIDDEN*** Safari/537.36" 4115 0.037 [istio-system-istio-ingressgateway-443] [] ***HIDDEN***:8443 92 0.036 200 28d359ff487ddccb7618171eb6dcec4d
***HIDDEN*** - - [21/Nov/2023:15:54:57 +0000] "GET /auth/realms/knime/protocol/openid-connect/certs HTTP/1.1" 200 2909 "-" "Apache-HttpClient/4.5.14 (Java/17.0.9)" 1281 0.001 [knime-keycloak-8443] [] ***HIDDEN***:8443 2909 0.004 200 a89efcfe-a11f-4145-99cf-1310179d6a82
***HIDDEN*** - - [21/Nov/2023:15:54:58 +0000] "GET /auth/realms/knime/.well-known/openid-configuration HTTP/1.1" 200 6344 "-" "axios/0.21.4" 1265 0.002 [knime-keycloak-8443] [] ***HIDDEN***:8443 6344 0.000 200 7a5846c4-3b39-4c10-a017-12a354511be1
***HIDDEN*** - - [21/Nov/2023:15:54:58 +0000] "GET /auth/realms/knime/protocol/openid-connect/certs HTTP/1.1" 200 2909 "-" "-" 1193 0.001 [knime-keycloak-8443] [] ***HIDDEN***:8443 2909 0.000 200 90d5e309-ad39-466f-bab7-da5654293f03
***HIDDEN*** - - [21/Nov/2023:15:54:58 +0000] "GET /_/bff/execution/contexts/status?executionContextIds[]=9043c21d-150c-4de1-bee5-7e992ebd922d HTTP/1.1" 200 92 "http://hub.kbh-troubleshooting.com/site/admin/execution-resources" "Mozilla/5.0 (Macintosh; Intel Mac OS X 10_15_7) AppleWebKit/537.36 (KHTML, like Gecko) Chrome/***HIDDEN*** Safari/537.36" 4115 0.032 [istio-system-istio-ingressgateway-443] [] ***HIDDEN***:8443 92 0.028 200 98c72dc29ab42c7f0e4b15fcdb5411e7
***HIDDEN*** - - [21/Nov/2023:15:55:01 +0000] "GET /auth/realms/knime/.well-known/openid-configuration HTTP/1.1" 200 6344 "-" "axios/0.21.4" 1265 0.002 [knime-keycloak-8443] [] ***HIDDEN***:8443 6344 0.004 200 ccd5b861-b656-48a7-b757-3d3e229eeef6
***HIDDEN*** - - [21/Nov/2023:15:55:01 +0000] "GET /auth/realms/knime/protocol/openid-connect/certs HTTP/1.1" 200 2909 "-" "-" 1193 0.001 [knime-keycloak-8443] [] ***HIDDEN***:8443 2909 0.004 200 9e563843-0f7c-4026-a35b-0f56d4f74082
***HIDDEN*** - - [21/Nov/2023:15:55:01 +0000] "GET /_/bff/execution/contexts/status?executionContextIds[]=9043c21d-150c-4de1-bee5-7e992ebd922d HTTP/1.1" 200 92 "http://hub.kbh-troubleshooting.com/site/admin/execution-resources" "Mozilla/5.0 (Macintosh; Intel Mac OS X 10_15_7) AppleWebKit/537.36 (KHTML, like Gecko) Chrome/***HIDDEN*** Safari/537.36" 4115 0.031 [istio-system-istio-ingressgateway-443] [] ***HIDDEN***:8443 92 0.028 200 d4c39bf0c5bd93dec8319659ca031925
***HIDDEN*** - - [21/Nov/2023:15:55:02 +0000] "GET /auth/realms/knime/protocol/openid-connect/certs HTTP/1.1" 200 2909 "-" "Apache-HttpClient/4.5.14 (Java/17.0.9)" 1281 0.002 [knime-keycloak-8443] [] ***HIDDEN***:8443 2909 0.000 200 de962719-5039-4355-886b-94b11a298e00
***HIDDEN*** - - [21/Nov/2023:15:55:04 +0000] "GET /auth/realms/knime/.well-known/openid-configuration HTTP/1.1" 200 6344 "-" "axios/0.21.4" 1265 0.002 [knime-keycloak-8443] [] ***HIDDEN***:8443 6344 0.004 200 b7e1d266-6861-4767-8b2c-3a62f8e03369
***HIDDEN*** - - [21/Nov/2023:15:55:04 +0000] "GET /auth/realms/knime/protocol/openid-connect/certs HTTP/1.1" 200 2909 "-" "-" 1193 0.001 [knime-keycloak-8443] [] ***HIDDEN***:8443 2909 0.004 200 e545d97d-5631-48d8-bfbc-7039aed3cd50
***HIDDEN*** - - [21/Nov/2023:15:55:04 +0000] "GET /_/bff/execution/contexts/status?executionContextIds[]=9043c21d-150c-4de1-bee5-7e992ebd922d HTTP/1.1" 200 92 "http://hub.kbh-troubleshooting.com/site/admin/execution-resources" "Mozilla/5.0 (Macintosh; Intel Mac OS X 10_15_7) AppleWebKit/537.36 (KHTML, like Gecko) Chrome/***HIDDEN*** Safari/537.36" 4115 0.031 [istio-system-istio-ingressgateway-443] [] ***HIDDEN***:8443 92 0.032 200 1f823b5bf15eea1196e58520d23e0284
***HIDDEN*** - - [21/Nov/2023:15:55:07 +0000] "GET /auth/realms/knime/.well-known/openid-configuration HTTP/1.1" 200 6344 "-" "axios/0.21.4" 1265 0.003 [knime-keycloak-8443] [] ***HIDDEN***:8443 6344 0.004 200 55b1ca2f-f0ca-4774-b196-197f041777e5
***HIDDEN*** - - [21/Nov/2023:15:55:07 +0000] "GET /auth/realms/knime/protocol/openid-connect/certs HTTP/1.1" 200 2909 "-" "-" 1193 0.002 [knime-keycloak-8443] [] ***HIDDEN***:8443 2909 0.004 200 063fe07f-a98c-47f3-9c46-6d966da5b7b7
***HIDDEN*** - - [21/Nov/2023:15:55:07 +0000] "GET /_/bff/execution/contexts/status?executionContextIds[]=9043c21d-150c-4de1-bee5-7e992ebd922d HTTP/1.1" 200 92 "http://hub.kbh-troubleshooting.com/site/admin/execution-resources" "Mozilla/5.0 (Macintosh; Intel Mac OS X 10_15_7) AppleWebKit/537.36 (KHTML, like Gecko) Chrome/***HIDDEN*** Safari/537.36" 4115 0.030 [istio-system-istio-ingressgateway-443] [] ***HIDDEN***:8443 92 0.028 200 28a95d2a1fa2fc4828684409478f2648
***HIDDEN*** - - [21/Nov/2023:15:55:07 +0000] "GET /auth/realms/knime/protocol/openid-connect/certs HTTP/1.1" 200 2909 "-" "Apache-HttpClient/4.5.14 (Java/17.0.9)" 1281 0.002 [knime-keycloak-8443] [] ***HIDDEN***:8443 2909 0.004 200 5fb4bf9f-3191-4d4e-901f-acd38db15fd7
***HIDDEN*** - - [21/Nov/2023:15:55:10 +0000] "GET /auth/realms/knime/.well-known/openid-configuration HTTP/1.1" 200 6344 "-" "axios/0.21.4" 1265 0.002 [knime-keycloak-8443] [] ***HIDDEN***:8443 6344 0.000 200 94c3e80c-4c9e-4af8-abcf-faec297ee5b4
***HIDDEN*** - - [21/Nov/2023:15:55:10 +0000] "GET /auth/realms/knime/protocol/openid-connect/certs HTTP/1.1" 200 2909 "-" "-" 1193 0.002 [knime-keycloak-8443] [] ***HIDDEN***:8443 2909 0.000 200 fae68392-5cd3-4d94-b9ff-25ecaedff04c
***HIDDEN*** - - [21/Nov/2023:15:55:10 +0000] "GET /_/bff/execution/contexts/status?executionContextIds[]=9043c21d-150c-4de1-bee5-7e992ebd922d HTTP/1.1" 200 92 "http://hub.kbh-troubleshooting.com/site/admin/execution-resources" "Mozilla/5.0 (Macintosh; Intel Mac OS X 10_15_7) AppleWebKit/537.36 (KHTML, like Gecko) Chrome/***HIDDEN*** Safari/537.36" 4115 0.032 [istio-system-istio-ingressgateway-443] [] ***HIDDEN***:8443 92 0.032 200 634bd8a0facb58af7940aca7a13bdf7d
***HIDDEN*** - - [21/Nov/2023:15:55:12 +0000] "GET /auth/realms/knime/protocol/openid-connect/certs HTTP/1.1" 200 2909 "-" "Apache-HttpClient/4.5.14 (Java/17.0.9)" 1281 0.002 [knime-keycloak-8443] [] ***HIDDEN***:8443 2909 0.004 200 f518e92b-dcff-42de-b028-cc563ee616f6
***HIDDEN*** - - [21/Nov/2023:15:55:13 +0000] "GET /auth/realms/knime/.well-known/openid-configuration HTTP/1.1" 200 6344 "-" "axios/0.21.4" 1265 0.003 [knime-keycloak-8443] [] ***HIDDEN***:8443 6344 0.000 200 911ce045-82fb-4658-9a75-4068a9be7a01
***HIDDEN*** - - [21/Nov/2023:15:55:13 +0000] "GET /auth/realms/knime/protocol/openid-connect/certs HTTP/1.1" 200 2909 "-" "-" 1193 0.002 [knime-keycloak-8443] [] ***HIDDEN***:8443 2909 0.004 200 71f71659-1fe3-43b8-b8e2-3e76b0335c3f
***HIDDEN*** - - [21/Nov/2023:15:55:13 +0000] "GET /_/bff/execution/contexts/status?executionContextIds[]=9043c21d-150c-4de1-bee5-7e992ebd922d HTTP/1.1" 200 97 "http://hub.kbh-troubleshooting.com/site/admin/execution-resources" "Mozilla/5.0 (Macintosh; Intel Mac OS X 10_15_7) AppleWebKit/537.36 (KHTML, like Gecko) Chrome/***HIDDEN*** Safari/537.36" 4115 0.099 [istio-system-istio-ingressgateway-443] [] ***HIDDEN***:8443 97 0.096 200 4bd3feab995fe609175b95a4fc3b3b98
***HIDDEN*** - - [21/Nov/2023:15:55:16 +0000] "GET /auth/realms/knime/.well-known/openid-configuration HTTP/1.1" 200 6344 "-" "axios/0.21.4" 1265 0.002 [knime-keycloak-8443] [] ***HIDDEN***:8443 6344 0.004 200 e5e6c45e-8dad-4600-ac59-cd501d8dc4fd
***HIDDEN*** - - [21/Nov/2023:15:55:16 +0000] "GET /auth/realms/knime/protocol/openid-connect/certs HTTP/1.1" 200 2909 "-" "-" 1193 0.001 [knime-keycloak-8443] [] ***HIDDEN***:8443 2909 0.004 200 20739760-2351-403f-a84c-44b25c759c0e
***HIDDEN*** - - [21/Nov/2023:15:55:16 +0000] "GET /_/bff/execution/contexts/status?executionContextIds[]=9043c21d-150c-4de1-bee5-7e992ebd922d HTTP/1.1" 200 92 "http://hub.kbh-troubleshooting.com/site/admin/execution-resources" "Mozilla/5.0 (Macintosh; Intel Mac OS X 10_15_7) AppleWebKit/537.36 (KHTML, like Gecko) Chrome/***HIDDEN*** Safari/537.36" 4115 0.030 [istio-system-istio-ingressgateway-443] [] ***HIDDEN***:8443 92 0.028 200 a980bbf6e00ce9d781e516c0f930a200
***HIDDEN*** - - [21/Nov/2023:15:55:17 +0000] "GET /auth/realms/knime/protocol/openid-connect/certs HTTP/1.1" 200 2909 "-" "Apache-HttpClient/4.5.14 (Java/17.0.9)" 1281 0.002 [knime-keycloak-8443] [] ***HIDDEN***:8443 2909 0.004 200 f39b5339-0b57-4434-af03-fc384a0be2c6
***HIDDEN*** - - [21/Nov/2023:15:55:19 +0000] "GET /auth/realms/knime/.well-known/openid-configuration HTTP/1.1" 200 6344 "-" "axios/0.21.4" 1265 0.002 [knime-keycloak-8443] [] ***HIDDEN***:8443 6344 0.004 200 dd21743a-331c-4a4e-8b69-c5dfc3a08a1d
***HIDDEN*** - - [21/Nov/2023:15:55:19 +0000] "GET /auth/realms/knime/protocol/openid-connect/certs HTTP/1.1" 200 2909 "-" "-" 1193 0.002 [knime-keycloak-8443] [] ***HIDDEN***:8443 2909 0.004 200 1458121d-6ce3-421d-bc7f-7d0e90848381
***HIDDEN*** - - [21/Nov/2023:15:55:19 +0000] "GET /_/bff/execution/contexts/status?executionContextIds[]=9043c21d-150c-4de1-bee5-7e992ebd922d HTTP/1.1" 200 92 "http://hub.kbh-troubleshooting.com/site/admin/execution-resources" "Mozilla/5.0 (Macintosh; Intel Mac OS X 10_15_7) AppleWebKit/537.36 (KHTML, like Gecko) Chrome/***HIDDEN*** Safari/537.36" 4115 0.032 [istio-system-istio-ingressgateway-443] [] ***HIDDEN***:8443 92 0.032 200 72940afc9b7b684e98d8dfab01654c0f
***HIDDEN*** - - [21/Nov/2023:15:55:22 +0000] "GET /auth/realms/knime/.well-known/openid-configuration HTTP/1.1" 200 6344 "-" "axios/0.21.4" 1265 0.002 [knime-keycloak-8443] [] ***HIDDEN***:8443 6344 0.000 200 0d9ce525-0a2f-4d7b-aefa-fc87304a69d2
***HIDDEN*** - - [21/Nov/2023:15:55:22 +0000] "GET /auth/realms/knime/protocol/openid-connect/certs HTTP/1.1" 200 2909 "-" "-" 1193 0.002 [knime-keycloak-8443] [] ***HIDDEN***:8443 2909 0.000 200 9d3d9ea0-bb5e-4717-86e5-ab819c11a29b
***HIDDEN*** - - [21/Nov/2023:15:55:22 +0000] "GET /_/bff/execution/contexts/status?executionContextIds[]=9043c21d-150c-4de1-bee5-7e992ebd922d HTTP/1.1" 200 92 "http://hub.kbh-troubleshooting.com/site/admin/execution-resources" "Mozilla/5.0 (Macintosh; Intel Mac OS X 10_15_7) AppleWebKit/537.36 (KHTML, like Gecko) Chrome/***HIDDEN*** Safari/537.36" 4115 0.029 [istio-system-istio-ingressgateway-443] [] ***HIDDEN***:8443 92 0.024 200 71597f01bbea86daef72449758dae06d
***HIDDEN*** - - [21/Nov/2023:15:55:22 +0000] "GET /auth/realms/knime/protocol/openid-connect/certs HTTP/1.1" 200 2909 "-" "Apache-HttpClient/4.5.14 (Java/17.0.9)" 1281 0.002 [knime-keycloak-8443] [] ***HIDDEN***:8443 2909 0.004 200 8ecd3ef0-37b1-4642-a6bf-3b1a8656ab77
***HIDDEN*** - - [21/Nov/2023:15:55:25 +0000] "GET /auth/realms/knime/.well-known/openid-configuration HTTP/1.1" 200 6344 "-" "axios/0.21.4" 1265 0.002 [knime-keycloak-8443] [] ***HIDDEN***:8443 6344 0.000 200 bf530ee7-6519-4355-b6b8-802ffad0ad3e
***HIDDEN*** - - [21/Nov/2023:15:55:25 +0000] "GET /auth/realms/knime/protocol/openid-connect/certs HTTP/1.1" 200 2909 "-" "-" 1193 0.002 [knime-keycloak-8443] [] ***HIDDEN***:8443 2909 0.000 200 004dbf74-d4c3-4a91-884c-b9823eef9dba
***HIDDEN*** - - [21/Nov/2023:15:55:25 +0000] "GET /_/bff/execution/contexts/status?executionContextIds[]=9043c21d-150c-4de1-bee5-7e992ebd922d HTTP/1.1" 200 92 "http://hub.kbh-troubleshooting.com/site/admin/execution-resources" "Mozilla/5.0 (Macintosh; Intel Mac OS X 10_15_7) AppleWebKit/537.36 (KHTML, like Gecko) Chrome/***HIDDEN*** Safari/537.36" 4115 0.030 [istio-system-istio-ingressgateway-443] [] ***HIDDEN***:8443 97 0.028 200 3678dffcec7f31cea009b4ad1a4bf246
***HIDDEN*** - - [21/Nov/2023:15:55:27 +0000] "GET /auth/realms/knime/protocol/openid-connect/certs HTTP/1.1" 200 2909 "-" "Apache-HttpClient/4.5.14 (Java/17.0.9)" 1281 0.002 [knime-keycloak-8443] [] ***HIDDEN***:8443 2909 0.000 200 dac779c3-5751-4414-973d-3cfda5b7d34f
***HIDDEN*** - - [21/Nov/2023:15:55:29 +0000] "GET /auth/realms/knime/.well-known/openid-configuration HTTP/1.1" 200 6344 "-" "axios/0.21.4" 1265 0.002 [knime-keycloak-8443] [] ***HIDDEN***:8443 6344 0.004 200 9c6d8854-ec74-47fb-b71f-59c514383ece
***HIDDEN*** - - [21/Nov/2023:15:55:29 +0000] "GET /auth/realms/knime/protocol/openid-connect/certs HTTP/1.1" 200 2909 "-" "-" 1193 0.001 [knime-keycloak-8443] [] ***HIDDEN***:8443 2909 0.004 200 0d1e1286-159e-4dbe-a2fc-66bc9c1ebe0c
***HIDDEN*** - - [21/Nov/2023:15:55:29 +0000] "GET /_/bff/execution/contexts/status?executionContextIds[]=9043c21d-150c-4de1-bee5-7e992ebd922d HTTP/1.1" 200 92 "http://hub.kbh-troubleshooting.com/site/admin/execution-resources" "Mozilla/5.0 (Macintosh; Intel Mac OS X 10_15_7) AppleWebKit/537.36 (KHTML, like Gecko) Chrome/***HIDDEN*** Safari/537.36" 4115 0.030 [istio-system-istio-ingressgateway-443] [] ***HIDDEN***:8443 92 0.028 200 dfa902e4129339cdc4b43368581f73b1
***HIDDEN*** - - [21/Nov/2023:15:55:32 +0000] "GET /auth/realms/knime/.well-known/openid-configuration HTTP/1.1" 200 6344 "-" "axios/0.21.4" 1265 0.003 [knime-keycloak-8443] [] ***HIDDEN***:8443 6344 0.000 200 74e80e60-8a24-494c-a61a-053692dd0a0e
***HIDDEN*** - - [21/Nov/2023:15:55:32 +0000] "GET /auth/realms/knime/protocol/openid-connect/certs HTTP/1.1" 200 2909 "-" "-" 1193 0.002 [knime-keycloak-8443] [] ***HIDDEN***:8443 2909 0.000 200 baa2d0ab-a23d-4b9c-9c9c-de2b7baa27e1
***HIDDEN*** - - [21/Nov/2023:15:55:32 +0000] "GET /_/bff/execution/contexts/status?executionContextIds[]=9043c21d-150c-4de1-bee5-7e992ebd922d HTTP/1.1" 200 92 "http://hub.kbh-troubleshooting.com/site/admin/execution-resources" "Mozilla/5.0 (Macintosh; Intel Mac OS X 10_15_7) AppleWebKit/537.36 (KHTML, like Gecko) Chrome/***HIDDEN*** Safari/537.36" 4115 0.031 [istio-system-istio-ingressgateway-443] [] ***HIDDEN***:8443 92 0.028 200 bca5baff693e117ed027e3000ee1ee4b
***HIDDEN*** - - [21/Nov/2023:15:55:32 +0000] "GET /auth/realms/knime/protocol/openid-connect/certs HTTP/1.1" 200 2909 "-" "Apache-HttpClient/4.5.14 (Java/17.0.9)" 1281 0.002 [knime-keycloak-8443] [] ***HIDDEN***:8443 2909 0.004 200 9b0b6ffe-2fc4-49dd-a55a-a64324e0662a
***HIDDEN*** - - [21/Nov/2023:15:55:35 +0000] "GET /auth/realms/knime/.well-known/openid-configuration HTTP/1.1" 200 6344 "-" "axios/0.21.4" 1265 0.002 [knime-keycloak-8443] [] ***HIDDEN***:8443 6344 0.000 200 92552ac7-d1d0-4043-b3dc-c4aeb964ece0
***HIDDEN*** - - [21/Nov/2023:15:55:35 +0000] "GET /auth/realms/knime/protocol/openid-connect/certs HTTP/1.1" 200 2909 "-" "-" 1193 0.001 [knime-keycloak-8443] [] ***HIDDEN***:8443 2909 0.000 200 2a863f03-b4c2-41cd-a819-29ed97ddc807
***HIDDEN*** - - [21/Nov/2023:15:55:35 +0000] "GET /_/bff/execution/contexts/status?executionContextIds[]=9043c21d-150c-4de1-bee5-7e992ebd922d HTTP/1.1" 200 92 "http://hub.kbh-troubleshooting.com/site/admin/execution-resources" "Mozilla/5.0 (Macintosh; Intel Mac OS X 10_15_7) AppleWebKit/537.36 (KHTML, like Gecko) Chrome/***HIDDEN*** Safari/537.36" 4115 0.030 [istio-system-istio-ingressgateway-443] [] ***HIDDEN***:8443 92 0.028 200 455979d00b3ccf9ed07492def18e06ef
***HIDDEN*** - - [21/Nov/2023:15:55:37 +0000] "GET /auth/realms/knime/protocol/openid-connect/certs HTTP/1.1" 200 2909 "-" "Apache-HttpClient/4.5.14 (Java/17.0.9)" 1281 0.001 [knime-keycloak-8443] [] ***HIDDEN***:8443 2909 0.000 200 d18ed397-016e-4d15-8601-0e1726cf0dd1
***HIDDEN*** - - [21/Nov/2023:15:55:38 +0000] "GET /auth/realms/knime/.well-known/openid-configuration HTTP/1.1" 200 6344 "-" "axios/0.21.4" 1265 0.002 [knime-keycloak-8443] [] ***HIDDEN***:8443 6344 0.000 200 afc7b5f8-abbf-4702-8fc0-e3f09e58a711
***HIDDEN*** - - [21/Nov/2023:15:55:38 +0000] "GET /auth/realms/knime/protocol/openid-connect/certs HTTP/1.1" 200 2909 "-" "-" 1193 0.001 [knime-keycloak-8443] [] ***HIDDEN***:8443 2909 0.000 200 675d5a17-ecf7-439c-981b-25aebd65e7f4
***HIDDEN*** - - [21/Nov/2023:15:55:38 +0000] "GET /_/bff/execution/contexts/status?executionContextIds[]=9043c21d-150c-4de1-bee5-7e992ebd922d HTTP/1.1" 200 92 "http://hub.kbh-troubleshooting.com/site/admin/execution-resources" "Mozilla/5.0 (Macintosh; Intel Mac OS X 10_15_7) AppleWebKit/537.36 (KHTML, like Gecko) Chrome/***HIDDEN*** Safari/537.36" 4115 0.030 [istio-system-istio-ingressgateway-443] [] ***HIDDEN***:8443 92 0.028 200 6ee7628add167536234cfe22203e8242
***HIDDEN*** - - [21/Nov/2023:15:55:42 +0000] "GET /auth/realms/knime/protocol/openid-connect/certs HTTP/1.1" 200 2909 "-" "Apache-HttpClient/4.5.14 (Java/17.0.9)" 1281 0.002 [knime-keycloak-8443] [] ***HIDDEN***:8443 2909 0.004 200 b224109f-c9b3-49d2-b17c-379ce05d8179
***HIDDEN*** - - [21/Nov/2023:15:55:47 +0000] "GET /auth/realms/knime/protocol/openid-connect/certs HTTP/1.1" 200 2909 "-" "Apache-HttpClient/4.5.14 (Java/17.0.9)" 1281 0.002 [knime-keycloak-8443] [] ***HIDDEN***:8443 2909 0.004 200 2b6ac58f-8609-42c6-af89-d5a170f54db2
***HIDDEN*** - - [21/Nov/2023:15:55:52 +0000] "GET /auth/realms/knime/protocol/openid-connect/certs HTTP/1.1" 200 2909 "-" "Apache-HttpClient/4.5.14 (Java/17.0.9)" 1281 0.002 [knime-keycloak-8443] [] ***HIDDEN***:8443 2909 0.004 200 98384186-b49a-4844-9ae5-323f6cfe49cd
***HIDDEN*** - - [21/Nov/2023:15:55:57 +0000] "GET /auth/realms/knime/protocol/openid-connect/certs HTTP/1.1" 200 2909 "-" "Apache-HttpClient/4.5.14 (Java/17.0.9)" 1281 0.002 [knime-keycloak-8443] [] ***HIDDEN***:8443 2909 0.004 200 1dd43baf-b7d4-4f77-badd-14c54b5bd559
***HIDDEN*** - - [21/Nov/2023:15:56:02 +0000] "GET /auth/realms/knime/protocol/openid-connect/certs HTTP/1.1" 200 2909 "-" "Apache-HttpClient/4.5.14 (Java/17.0.9)" 1281 0.002 [knime-keycloak-8443] [] ***HIDDEN***:8443 2909 0.004 200 30ea3807-500b-4b05-b9a9-1db28849dc9a
***HIDDEN*** - - [21/Nov/2023:15:56:07 +0000] "GET /auth/realms/knime/protocol/openid-connect/certs HTTP/1.1" 200 2909 "-" "Apache-HttpClient/4.5.14 (Java/17.0.9)" 1281 0.002 [knime-keycloak-8443] [] ***HIDDEN***:8443 2909 0.004 200 b456a384-b033-43cb-affd-10c51841c541
***HIDDEN*** - - [21/Nov/2023:15:56:12 +0000] "GET /auth/realms/knime/protocol/openid-connect/certs HTTP/1.1" 200 2909 "-" "Apache-HttpClient/4.5.14 (Java/17.0.9)" 1281 0.002 [knime-keycloak-8443] [] ***HIDDEN***:8443 2909 0.000 200 92153bd7-d0af-4648-9222-d9d9a72ba232
***HIDDEN*** - - [21/Nov/2023:15:56:17 +0000] "GET /auth/realms/knime/protocol/openid-connect/certs HTTP/1.1" 200 2909 "-" "Apache-HttpClient/4.5.14 (Java/17.0.9)" 1281 0.002 [knime-keycloak-8443] [] ***HIDDEN***:8443 2909 0.004 200 72ba2a3f-df55-4b8f-9810-0507dae55bd5
***HIDDEN*** - - [21/Nov/2023:15:56:22 +0000] "GET /auth/realms/knime/protocol/openid-connect/certs HTTP/1.1" 200 2909 "-" "Apache-HttpClient/4.5.14 (Java/17.0.9)" 1281 0.002 [knime-keycloak-8443] [] ***HIDDEN***:8443 2909 0.004 200 559c369b-00da-4e99-9f59-df8f48e614c0
***HIDDEN*** - - [21/Nov/2023:15:56:27 +0000] "GET /auth/realms/knime/protocol/openid-connect/certs HTTP/1.1" 200 2909 "-" "Apache-HttpClient/4.5.14 (Java/17.0.9)" 1281 0.002 [knime-keycloak-8443] [] ***HIDDEN***:8443 2909 0.004 200 37560165-6b8a-40b1-8908-f7ade5b84c48
***HIDDEN*** - - [21/Nov/2023:15:56:32 +0000] "GET /auth/realms/knime/protocol/openid-connect/certs HTTP/1.1" 200 2909 "-" "Apache-HttpClient/4.5.14 (Java/17.0.9)" 1281 0.002 [knime-keycloak-8443] [] ***HIDDEN***:8443 2909 0.004 200 af1b77df-151d-4216-a90d-2a554584a462
***HIDDEN*** - - [21/Nov/2023:15:56:37 +0000] "GET /auth/realms/knime/protocol/openid-connect/certs HTTP/1.1" 200 2909 "-" "Apache-HttpClient/4.5.14 (Java/17.0.9)" 1281 0.002 [knime-keycloak-8443] [] ***HIDDEN***:8443 2909 0.000 200 108e3694-d5a5-485b-a903-51968bd697ea
***HIDDEN*** - - [21/Nov/2023:15:56:42 +0000] "GET /auth/realms/knime/protocol/openid-connect/certs HTTP/1.1" 200 2909 "-" "Apache-HttpClient/4.5.14 (Java/17.0.9)" 1281 0.001 [knime-keycloak-8443] [] ***HIDDEN***:8443 2909 0.004 200 52cb27db-81dd-4485-b965-52d26cd81db9
***HIDDEN*** - - [21/Nov/2023:15:56:47 +0000] "GET /auth/realms/knime/protocol/openid-connect/certs HTTP/1.1" 200 2909 "-" "Apache-HttpClient/4.5.14 (Java/17.0.9)" 1281 0.002 [knime-keycloak-8443] [] ***HIDDEN***:8443 2909 0.000 200 bace2046-5381-45d1-a011-967506b6a43a
***HIDDEN*** - - [21/Nov/2023:15:56:52 +0000] "GET /auth/realms/knime/protocol/openid-connect/certs HTTP/1.1" 200 2909 "-" "Apache-HttpClient/4.5.14 (Java/17.0.9)" 1281 0.002 [knime-keycloak-8443] [] ***HIDDEN***:8443 2909 0.004 200 f1b54cdc-8e36-479a-b696-fec0ea62eb45
***HIDDEN*** - - [21/Nov/2023:15:56:57 +0000] "GET /auth/realms/knime/protocol/openid-connect/certs HTTP/1.1" 200 2909 "-" "Apache-HttpClient/4.5.14 (Java/17.0.9)" 1281 0.002 [knime-keycloak-8443] [] ***HIDDEN***:8443 2909 0.004 200 708a6fc5-7246-4ad1-8c6e-b68c2c0bae9f
***HIDDEN*** - - [21/Nov/2023:15:57:02 +0000] "GET /auth/realms/knime/protocol/openid-connect/certs HTTP/1.1" 200 2909 "-" "Apache-HttpClient/4.5.14 (Java/17.0.9)" 1281 0.002 [knime-keycloak-8443] [] ***HIDDEN***:8443 2909 0.004 200 f0880161-8bdd-467d-99a6-7018883adf22
***HIDDEN*** - - [21/Nov/2023:15:57:07 +0000] "GET /auth/realms/knime/protocol/openid-connect/certs HTTP/1.1" 200 2909 "-" "Apache-HttpClient/4.5.14 (Java/17.0.9)" 1281 0.002 [knime-keycloak-8443] [] ***HIDDEN***:8443 2909 0.004 200 e6ff9af9-7c0d-4c28-80af-8d98a77a8e9e
***HIDDEN*** - - [21/Nov/2023:15:57:12 +0000] "GET /auth/realms/knime/protocol/openid-connect/certs HTTP/1.1" 200 2909 "-" "Apache-HttpClient/4.5.14 (Java/17.0.9)" 1281 0.002 [knime-keycloak-8443] [] ***HIDDEN***:8443 2909 0.000 200 ac4f8cee-9e47-41e1-8446-5d2bbdf333a4
***HIDDEN*** - - [21/Nov/2023:15:57:17 +0000] "GET /auth/realms/knime/protocol/openid-connect/certs HTTP/1.1" 200 2909 "-" "Apache-HttpClient/4.5.14 (Java/17.0.9)" 1281 0.003 [knime-keycloak-8443] [] ***HIDDEN***:8443 2909 0.004 200 83975d0b-1d00-48a3-84d8-16ff00c0650b
***HIDDEN*** - - [21/Nov/2023:15:57:22 +0000] "GET /auth/realms/knime/protocol/openid-connect/certs HTTP/1.1" 200 2909 "-" "Apache-HttpClient/4.5.14 (Java/17.0.9)" 1281 0.002 [knime-keycloak-8443] [] ***HIDDEN***:8443 2909 0.000 200 4e9078f5-9075-4315-a949-78ca9726004e
***HIDDEN*** - - [21/Nov/2023:15:57:27 +0000] "GET /auth/realms/knime/protocol/openid-connect/certs HTTP/1.1" 200 2909 "-" "Apache-HttpClient/4.5.14 (Java/17.0.9)" 1281 0.002 [knime-keycloak-8443] [] ***HIDDEN***:8443 2909 0.004 200 e2063689-fbe2-4b20-90c8-a3d85d2c934a
***HIDDEN*** - - [21/Nov/2023:15:57:32 +0000] "GET /auth/realms/knime/protocol/openid-connect/certs HTTP/1.1" 200 2909 "-" "Apache-HttpClient/4.5.14 (Java/17.0.9)" 1281 0.002 [knime-keycloak-8443] [] ***HIDDEN***:8443 2909 0.004 200 50f63807-76a8-4de0-a99c-b179c06eb6cf
***HIDDEN*** - - [21/Nov/2023:15:57:37 +0000] "GET /auth/realms/knime/protocol/openid-connect/certs HTTP/1.1" 200 2909 "-" "Apache-HttpClient/4.5.14 (Java/17.0.9)" 1281 0.002 [knime-keycloak-8443] [] ***HIDDEN***:8443 2909 0.004 200 510a75ac-68c7-47bc-8df8-7770d0a9ff50
***HIDDEN*** - - [21/Nov/2023:15:57:42 +0000] "GET /auth/realms/knime/protocol/openid-connect/certs HTTP/1.1" 200 2909 "-" "Apache-HttpClient/4.5.14 (Java/17.0.9)" 1281 0.002 [knime-keycloak-8443] [] ***HIDDEN***:8443 2909 0.004 200 e53c04c7-1445-4570-b398-d36aa254b450
***HIDDEN*** - - [21/Nov/2023:15:57:47 +0000] "GET /auth/realms/knime/protocol/openid-connect/certs HTTP/1.1" 200 2909 "-" "Apache-HttpClient/4.5.14 (Java/17.0.9)" 1281 0.002 [knime-keycloak-8443] [] ***HIDDEN***:8443 2909 0.000 200 53025fea-893e-42de-893a-3e3847910066
***HIDDEN*** - - [21/Nov/2023:15:57:52 +0000] "GET /auth/realms/knime/protocol/openid-connect/certs HTTP/1.1" 200 2909 "-" "Apache-HttpClient/4.5.14 (Java/17.0.9)" 1281 0.002 [knime-keycloak-8443] [] ***HIDDEN***:8443 2909 0.004 200 c8b273cf-78a7-48eb-8d4a-56d78027d84b
***HIDDEN*** - - [21/Nov/2023:15:57:57 +0000] "GET /auth/realms/knime/protocol/openid-connect/certs HTTP/1.1" 200 2909 "-" "Apache-HttpClient/4.5.14 (Java/17.0.9)" 1281 0.002 [knime-keycloak-8443] [] ***HIDDEN***:8443 2909 0.000 200 21029ccc-8981-40cd-b545-33e933a44053
***HIDDEN*** - - [21/Nov/2023:15:58:02 +0000] "GET /auth/realms/knime/protocol/openid-connect/certs HTTP/1.1" 200 2909 "-" "Apache-HttpClient/4.5.14 (Java/17.0.9)" 1281 0.002 [knime-keycloak-8443] [] ***HIDDEN***:8443 2909 0.004 200 8a218255-2f52-4fd4-ba1a-74f10f2ffe3f
***HIDDEN*** - - [21/Nov/2023:15:58:07 +0000] "GET /auth/realms/knime/protocol/openid-connect/certs HTTP/1.1" 200 2909 "-" "Apache-HttpClient/4.5.14 (Java/17.0.9)" 1281 0.002 [knime-keycloak-8443] [] ***HIDDEN***:8443 2909 0.004 200 891b1381-12d7-4b4e-8a4d-d684b6fb4fe2
***HIDDEN*** - - [21/Nov/2023:15:58:12 +0000] "GET /auth/realms/knime/protocol/openid-connect/certs HTTP/1.1" 200 2909 "-" "Apache-HttpClient/4.5.14 (Java/17.0.9)" 1281 0.002 [knime-keycloak-8443] [] ***HIDDEN***:8443 2909 0.004 200 4378533b-a03d-4469-b53f-aa63774c5d43
***HIDDEN*** - - [21/Nov/2023:15:58:17 +0000] "GET /auth/realms/knime/protocol/openid-connect/certs HTTP/1.1" 200 2909 "-" "Apache-HttpClient/4.5.14 (Java/17.0.9)" 1281 0.001 [knime-keycloak-8443] [] ***HIDDEN***:8443 2909 0.004 200 d5b5b573-dcb5-4314-88bb-f2c51489d428
***HIDDEN*** - - [21/Nov/2023:15:58:22 +0000] "GET /auth/realms/knime/protocol/openid-connect/certs HTTP/1.1" 200 2909 "-" "Apache-HttpClient/4.5.14 (Java/17.0.9)" 1281 0.002 [knime-keycloak-8443] [] ***HIDDEN***:8443 2909 0.000 200 4e74806e-800d-4ba2-9343-ff8d3a10bda5
***HIDDEN*** - - [21/Nov/2023:15:58:27 +0000] "GET /auth/realms/knime/protocol/openid-connect/certs HTTP/1.1" 200 2909 "-" "Apache-HttpClient/4.5.14 (Java/17.0.9)" 1281 0.002 [knime-keycloak-8443] [] ***HIDDEN***:8443 2909 0.004 200 7d307f31-0184-4b63-a5c9-3481c743f047
***HIDDEN*** - - [21/Nov/2023:15:58:32 +0000] "GET /auth/realms/knime/protocol/openid-connect/certs HTTP/1.1" 200 2909 "-" "Apache-HttpClient/4.5.14 (Java/17.0.9)" 1281 0.002 [knime-keycloak-8443] [] ***HIDDEN***:8443 2909 0.004 200 0bee0bb9-28d0-4939-9a93-30f0870c6344
***HIDDEN*** - - [21/Nov/2023:15:58:37 +0000] "GET /auth/realms/knime/protocol/openid-connect/certs HTTP/1.1" 200 2909 "-" "Apache-HttpClient/4.5.14 (Java/17.0.9)" 1281 0.002 [knime-keycloak-8443] [] ***HIDDEN***:8443 2909 0.004 200 de68e082-1559-41be-9189-fb8d5abe077f
***HIDDEN*** - - [21/Nov/2023:15:58:42 +0000] "GET /auth/realms/knime/protocol/openid-connect/certs HTTP/1.1" 200 2909 "-" "Apache-HttpClient/4.5.14 (Java/17.0.9)" 1281 0.002 [knime-keycloak-8443] [] ***HIDDEN***:8443 2909 0.004 200 3fe2c3cd-84a6-4fb7-9009-2bc9b4b48352
***HIDDEN*** - - [21/Nov/2023:15:58:47 +0000] "GET /auth/realms/knime/protocol/openid-connect/certs HTTP/1.1" 200 2909 "-" "Apache-HttpClient/4.5.14 (Java/17.0.9)" 1281 0.001 [knime-keycloak-8443] [] ***HIDDEN***:8443 2909 0.004 200 8ac8f681-ebd8-4564-9563-c1be25c10e8a
***HIDDEN*** - - [21/Nov/2023:15:58:52 +0000] "GET /auth/realms/knime/protocol/openid-connect/certs HTTP/1.1" 200 2909 "-" "Apache-HttpClient/4.5.14 (Java/17.0.9)" 1281 0.002 [knime-keycloak-8443] [] ***HIDDEN***:8443 2909 0.004 200 75b540d0-01df-46fe-8051-f856531e6a8c
***HIDDEN*** - - [21/Nov/2023:15:58:57 +0000] "GET /auth/realms/knime/protocol/openid-connect/certs HTTP/1.1" 200 2909 "-" "Apache-HttpClient/4.5.14 (Java/17.0.9)" 1281 0.008 [knime-keycloak-8443] [] ***HIDDEN***:8443 2909 0.008 200 78e99554-e56f-4f00-a653-f60c528088cb
***HIDDEN*** - - [21/Nov/2023:15:59:02 +0000] "GET /auth/realms/knime/protocol/openid-connect/certs HTTP/1.1" 200 2909 "-" "Apache-HttpClient/4.5.14 (Java/17.0.9)" 1281 0.002 [knime-keycloak-8443] [] ***HIDDEN***:8443 2909 0.004 200 cb4f5c38-d94e-4a83-9163-dc184e285936
***HIDDEN*** - - [21/Nov/2023:15:59:07 +0000] "GET /auth/realms/knime/protocol/openid-connect/certs HTTP/1.1" 200 2909 "-" "Apache-HttpClient/4.5.14 (Java/17.0.9)" 1281 0.002 [knime-keycloak-8443] [] ***HIDDEN***:8443 2909 0.004 200 fcf61b72-45a1-4f4e-85b0-7f2db5785219
***HIDDEN*** - - [21/Nov/2023:15:59:12 +0000] "GET /auth/realms/knime/protocol/openid-connect/certs HTTP/1.1" 200 2909 "-" "Apache-HttpClient/4.5.14 (Java/17.0.9)" 1281 0.002 [knime-keycloak-8443] [] ***HIDDEN***:8443 2909 0.004 200 1dae6f4f-ac01-491b-b910-88a0dc22b966
***HIDDEN*** - - [21/Nov/2023:15:59:17 +0000] "GET /auth/realms/knime/protocol/openid-connect/certs HTTP/1.1" 200 2909 "-" "Apache-HttpClient/4.5.14 (Java/17.0.9)" 1281 0.002 [knime-keycloak-8443] [] ***HIDDEN***:8443 2909 0.004 200 53dab297-3d25-4732-a400-7ccfad987ad6
***HIDDEN*** - - [21/Nov/2023:15:59:22 +0000] "GET /auth/realms/knime/protocol/openid-connect/certs HTTP/1.1" 200 2909 "-" "Apache-HttpClient/4.5.14 (Java/17.0.9)" 1281 0.002 [knime-keycloak-8443] [] ***HIDDEN***:8443 2909 0.004 200 7dabd973-64aa-48bd-aff2-9bba64659402
***HIDDEN*** - - [21/Nov/2023:15:59:27 +0000] "GET /auth/realms/knime/protocol/openid-connect/certs HTTP/1.1" 200 2909 "-" "Apache-HttpClient/4.5.14 (Java/17.0.9)" 1281 0.002 [knime-keycloak-8443] [] ***HIDDEN***:8443 2909 0.004 200 ca332cc3-67d3-416f-81e5-3e6d39745ef1
***HIDDEN*** - - [21/Nov/2023:15:59:32 +0000] "GET /auth/realms/knime/protocol/openid-connect/certs HTTP/1.1" 200 2909 "-" "Apache-HttpClient/4.5.14 (Java/17.0.9)" 1281 0.002 [knime-keycloak-8443] [] ***HIDDEN***:8443 2909 0.004 200 01b5c37a-64fd-4485-b00f-c18c984f3264
***HIDDEN*** - - [21/Nov/2023:15:59:37 +0000] "GET /auth/realms/knime/protocol/openid-connect/certs HTTP/1.1" 200 2909 "-" "Apache-HttpClient/4.5.14 (Java/17.0.9)" 1281 0.002 [knime-keycloak-8443] [] ***HIDDEN***:8443 2909 0.004 200 40ffb2e3-683c-45b6-b1ea-6a0b838bb479
***HIDDEN*** - - [21/Nov/2023:15:59:42 +0000] "GET /auth/realms/knime/protocol/openid-connect/certs HTTP/1.1" 200 2909 "-" "Apache-HttpClient/4.5.14 (Java/17.0.9)" 1281 0.002 [knime-keycloak-8443] [] ***HIDDEN***:8443 2909 0.004 200 d21d387d-a308-4ab4-a992-5dba7d30f8da
***HIDDEN*** - - [21/Nov/2023:15:59:47 +0000] "GET /auth/realms/knime/protocol/openid-connect/certs HTTP/1.1" 200 2909 "-" "Apache-HttpClient/4.5.14 (Java/17.0.9)" 1281 0.003 [knime-keycloak-8443] [] ***HIDDEN***:8443 2909 0.004 200 42d34a0a-7fc3-4466-bdce-d4147c6c2b2d
***HIDDEN*** - - [21/Nov/2023:15:59:52 +0000] "GET /auth/realms/knime/protocol/openid-connect/certs HTTP/1.1" 200 2909 "-" "Apache-HttpClient/4.5.14 (Java/17.0.9)" 1281 0.002 [knime-keycloak-8443] [] ***HIDDEN***:8443 2909 0.004 200 161746e4-d457-469e-9a31-2561605bf238
***HIDDEN*** - - [21/Nov/2023:15:59:57 +0000] "GET /auth/realms/knime/protocol/openid-connect/certs HTTP/1.1" 200 2909 "-" "Apache-HttpClient/4.5.14 (Java/17.0.9)" 1281 0.002 [knime-keycloak-8443] [] ***HIDDEN***:8443 2909 0.004 200 c1ff64a6-c5cf-4e95-bec2-674360ff901e
***HIDDEN*** - - [21/Nov/2023:16:00:02 +0000] "GET /auth/realms/knime/protocol/openid-connect/certs HTTP/1.1" 200 2909 "-" "Apache-HttpClient/4.5.14 (Java/17.0.9)" 1281 0.002 [knime-keycloak-8443] [] ***HIDDEN***:8443 2909 0.004 200 4b694b1b-9c55-4e0a-9c95-c33922c50270
***HIDDEN*** - - [21/Nov/2023:16:00:07 +0000] "GET /auth/realms/knime/protocol/openid-connect/certs HTTP/1.1" 200 2909 "-" "Apache-HttpClient/4.5.14 (Java/17.0.9)" 1281 0.001 [knime-keycloak-8443] [] ***HIDDEN***:8443 2909 0.000 200 0ad8445e-36e4-4b54-b857-8cd387e3791c
***HIDDEN*** - - [21/Nov/2023:16:00:12 +0000] "GET /auth/realms/knime/protocol/openid-connect/certs HTTP/1.1" 200 2909 "-" "Apache-HttpClient/4.5.14 (Java/17.0.9)" 1281 0.002 [knime-keycloak-8443] [] ***HIDDEN***:8443 2909 0.004 200 a173bcd8-809d-4ec5-8dc2-bfe641aed07f
***HIDDEN*** - - [21/Nov/2023:16:00:17 +0000] "GET /auth/realms/knime/protocol/openid-connect/certs HTTP/1.1" 200 2909 "-" "Apache-HttpClient/4.5.14 (Java/17.0.9)" 1281 0.001 [knime-keycloak-8443] [] ***HIDDEN***:8443 2909 0.000 200 c0942671-9b26-4c30-944a-7e68858a8a76
***HIDDEN*** - - [21/Nov/2023:16:00:22 +0000] "GET /auth/realms/knime/protocol/openid-connect/certs HTTP/1.1" 200 2909 "-" "Apache-HttpClient/4.5.14 (Java/17.0.9)" 1281 0.001 [knime-keycloak-8443] [] ***HIDDEN***:8443 2909 0.004 200 adc33c32-9c9c-4cc4-917f-924a2357b664
***HIDDEN*** - - [21/Nov/2023:16:00:27 +0000] "GET /auth/realms/knime/protocol/openid-connect/certs HTTP/1.1" 200 2909 "-" "Apache-HttpClient/4.5.14 (Java/17.0.9)" 1281 0.002 [knime-keycloak-8443] [] ***HIDDEN***:8443 2909 0.004 200 308ea571-fdd8-441a-8e15-47890eaac4d2
***HIDDEN*** - - [21/Nov/2023:16:00:32 +0000] "GET /auth/realms/knime/protocol/openid-connect/certs HTTP/1.1" 200 2909 "-" "Apache-HttpClient/4.5.14 (Java/17.0.9)" 1281 0.002 [knime-keycloak-8443] [] ***HIDDEN***:8443 2909 0.004 200 0c595ed3-1a73-4aa9-b1a4-3d1de052d3d6
***HIDDEN*** - - [21/Nov/2023:16:00:37 +0000] "GET /auth/realms/knime/protocol/openid-connect/certs HTTP/1.1" 200 2909 "-" "Apache-HttpClient/4.5.14 (Java/17.0.9)" 1281 0.002 [knime-keycloak-8443] [] ***HIDDEN***:8443 2909 0.004 200 449cfb5c-0461-4e3c-bee0-dc2e15477fdc
***HIDDEN*** - - [21/Nov/2023:16:00:42 +0000] "GET /auth/realms/knime/protocol/openid-connect/certs HTTP/1.1" 200 2909 "-" "Apache-HttpClient/4.5.14 (Java/17.0.9)" 1281 0.002 [knime-keycloak-8443] [] ***HIDDEN***:8443 2909 0.000 200 013adc16-47ec-4938-b879-63927641d552
***HIDDEN*** - - [21/Nov/2023:16:00:47 +0000] "GET /auth/realms/knime/protocol/openid-connect/certs HTTP/1.1" 200 2909 "-" "Apache-HttpClient/4.5.14 (Java/17.0.9)" 1281 0.002 [knime-keycloak-8443] [] ***HIDDEN***:8443 2909 0.004 200 1b355e93-a519-4a3a-b558-dabae3c26d62
***HIDDEN*** - - [21/Nov/2023:16:00:52 +0000] "GET /auth/realms/knime/protocol/openid-connect/certs HTTP/1.1" 200 2909 "-" "Apache-HttpClient/4.5.14 (Java/17.0.9)" 1281 0.002 [knime-keycloak-8443] [] ***HIDDEN***:8443 2909 0.000 200 4fa15dbd-dd08-4127-aa13-8caba597f6c4
***HIDDEN*** - - [21/Nov/2023:16:00:57 +0000] "GET /auth/realms/knime/protocol/openid-connect/certs HTTP/1.1" 200 2909 "-" "Apache-HttpClient/4.5.14 (Java/17.0.9)" 1281 0.001 [knime-keycloak-8443] [] ***HIDDEN***:8443 2909 0.004 200 9cfaddee-ba7a-4e81-ba40-65aaec8f0d13
***HIDDEN*** - - [21/Nov/2023:16:01:02 +0000] "GET /auth/realms/knime/protocol/openid-connect/certs HTTP/1.1" 200 2909 "-" "Apache-HttpClient/4.5.14 (Java/17.0.9)" 1281 0.002 [knime-keycloak-8443] [] ***HIDDEN***:8443 2909 0.004 200 19fd3e13-d448-4c3c-8c74-148f152dc460
***HIDDEN*** - - [21/Nov/2023:16:01:07 +0000] "GET /auth/realms/knime/protocol/openid-connect/certs HTTP/1.1" 200 2909 "-" "Apache-HttpClient/4.5.14 (Java/17.0.9)" 1281 0.002 [knime-keycloak-8443] [] ***HIDDEN***:8443 2909 0.004 200 c62b373a-2e71-484a-9eea-6b4a8b1cc327
***HIDDEN*** - - [21/Nov/2023:16:01:12 +0000] "GET /auth/realms/knime/protocol/openid-connect/certs HTTP/1.1" 200 2909 "-" "Apache-HttpClient/4.5.14 (Java/17.0.9)" 1281 0.002 [knime-keycloak-8443] [] ***HIDDEN***:8443 2909 0.004 200 24b39219-531d-41de-b13d-146aa24f61b7
***HIDDEN*** - - [21/Nov/2023:16:01:17 +0000] "GET /auth/realms/knime/.well-known/openid-configuration HTTP/1.1" 200 6344 "-" "openid-client/5.1.9 (https://github.com/panva/node-openid-client)" 1301 0.011 [knime-keycloak-8443] [] ***HIDDEN***:8443 6344 0.008 200 03c721a1-255e-4a32-bd6a-249d14b7986f
***HIDDEN*** - - [21/Nov/2023:16:01:17 +0000] "POST /auth/realms/knime/protocol/openid-connect/token HTTP/1.1" 200 4059 "-" "openid-client/5.1.9 (https://github.com/panva/node-openid-client)" 2212 0.009 [knime-keycloak-8443] [] ***HIDDEN***:8443 4059 0.008 200 10f07c11-48f7-47a6-8eac-e213c310a102
***HIDDEN*** - - [21/Nov/2023:16:01:17 +0000] "GET /auth/realms/knime/protocol/openid-connect/certs HTTP/1.1" 200 2909 "-" "openid-client/5.1.9 (https://github.com/panva/node-openid-client)" 1324 0.001 [knime-keycloak-8443] [] ***HIDDEN***:8443 2909 0.000 200 dcfd7f16-91b8-45e5-a0b9-76e74dcad062
***HIDDEN*** - - [21/Nov/2023:16:01:17 +0000] "GET /_/token HTTP/1.1" 200 1214 "http://hub.kbh-troubleshooting.com/site/admin/execution-resources" "Mozilla/5.0 (Macintosh; Intel Mac OS X 10_15_7) AppleWebKit/537.36 (KHTML, like Gecko) Chrome/***HIDDEN*** Safari/537.36" 517 0.035 [istio-system-istio-ingressgateway-443] [] ***HIDDEN***:8443 1214 0.032 200 2d72078aa3e7c14591afe772844b0b65
***HIDDEN*** - - [21/Nov/2023:16:01:17 +0000] "GET /auth/realms/knime/.well-known/openid-configuration HTTP/1.1" 200 6344 "-" "axios/0.21.4" 1265 0.001 [knime-keycloak-8443] [] ***HIDDEN***:8443 6344 0.004 200 8acb3fe5-811d-4e83-8260-f9b2fe30c3ed
***HIDDEN*** - - [21/Nov/2023:16:01:17 +0000] "GET /auth/realms/knime/protocol/openid-connect/certs HTTP/1.1" 200 2909 "-" "-" 1193 0.002 [knime-keycloak-8443] [] ***HIDDEN***:8443 2909 0.000 200 1a384e0b-cb87-43c8-9cc1-38246fdbacff
***HIDDEN*** - - [21/Nov/2023:16:01:17 +0000] "GET /auth/realms/knime/.well-known/openid-configuration HTTP/1.1" 200 6344 "-" "Go-http-client/1.1" 1386 0.008 [knime-keycloak-8443] [] ***HIDDEN***:8443 6344 0.008 200 76b456f6-2801-48e4-8fcd-c1ca7d27e3a7
***HIDDEN*** - - [21/Nov/2023:16:01:17 +0000] "GET /auth/realms/knime/protocol/openid-connect/certs HTTP/1.1" 200 2909 "-" "Go-http-client/1.1" 1383 0.001 [knime-keycloak-8443] [] ***HIDDEN***:8443 2909 0.000 200 d0b5f374-2da2-4ec0-ae19-2bfe2ff20280
***HIDDEN*** - - [21/Nov/2023:16:01:17 +0000] "GET /_/bff/execution/contexts/status?executionContextIds[]=9043c21d-150c-4de1-bee5-7e992ebd922d HTTP/1.1" 200 92 "http://hub.kbh-troubleshooting.com/site/admin/execution-resources" "Mozilla/5.0 (Macintosh; Intel Mac OS X 10_15_7) AppleWebKit/537.36 (KHTML, like Gecko) Chrome/***HIDDEN*** Safari/537.36" 4115 0.067 [istio-system-istio-ingressgateway-443] [] ***HIDDEN***:8443 92 0.064 200 466f314e76db2084d1b40e83ad27bac7
***HIDDEN*** - - [21/Nov/2023:16:01:17 +0000] "GET /auth/realms/knime/protocol/openid-connect/certs HTTP/1.1" 200 2909 "-" "Apache-HttpClient/4.5.14 (Java/17.0.9)" 1281 0.002 [knime-keycloak-8443] [] ***HIDDEN***:8443 2909 0.004 200 b270b4a6-e3f6-482d-b2be-26a2a6d331c3
***HIDDEN*** - - [21/Nov/2023:16:01:20 +0000] "GET /auth/realms/knime/.well-known/openid-configuration HTTP/1.1" 200 6344 "-" "axios/0.21.4" 1265 0.002 [knime-keycloak-8443] [] ***HIDDEN***:8443 6344 0.000 200 e7b279de-3822-4203-b1a3-f09ddb93078d
***HIDDEN*** - - [21/Nov/2023:16:01:20 +0000] "GET /auth/realms/knime/protocol/openid-connect/certs HTTP/1.1" 200 2909 "-" "-" 1193 0.001 [knime-keycloak-8443] [] ***HIDDEN***:8443 2909 0.000 200 efbba30e-bd61-4018-888b-f5f878b2145b
***HIDDEN*** - - [21/Nov/2023:16:01:20 +0000] "GET /_/bff/execution/contexts/status?executionContextIds[]=9043c21d-150c-4de1-bee5-7e992ebd922d HTTP/1.1" 200 92 "http://hub.kbh-troubleshooting.com/site/admin/execution-resources" "Mozilla/5.0 (Macintosh; Intel Mac OS X 10_15_7) AppleWebKit/537.36 (KHTML, like Gecko) Chrome/***HIDDEN*** Safari/537.36" 4115 0.029 [istio-system-istio-ingressgateway-443] [] ***HIDDEN***:8443 92 0.028 200 6dc8419867ce91bea94c8d5e0f8c98cd
***HIDDEN*** - - [21/Nov/2023:16:01:22 +0000] "GET /auth/realms/knime/protocol/openid-connect/certs HTTP/1.1" 200 2909 "-" "Apache-HttpClient/4.5.14 (Java/17.0.9)" 1281 0.002 [knime-keycloak-8443] [] ***HIDDEN***:8443 2909 0.004 200 686d155d-bb8f-41a6-a3fd-8ad5349b0669
***HIDDEN*** - - [21/Nov/2023:16:01:23 +0000] "GET /auth/realms/knime/.well-known/openid-configuration HTTP/1.1" 200 6344 "-" "axios/0.21.4" 1265 0.002 [knime-keycloak-8443] [] ***HIDDEN***:8443 6344 0.004 200 8f89a17e-5fb2-456c-97be-4f9d551454cd
***HIDDEN*** - - [21/Nov/2023:16:01:23 +0000] "GET /auth/realms/knime/protocol/openid-connect/certs HTTP/1.1" 200 2909 "-" "-" 1193 0.001 [knime-keycloak-8443] [] ***HIDDEN***:8443 2909 0.004 200 062b781b-0621-4deb-92c8-d13fada52ccf
***HIDDEN*** - - [21/Nov/2023:16:01:23 +0000] "GET /_/bff/execution/contexts/status?executionContextIds[]=9043c21d-150c-4de1-bee5-7e992ebd922d HTTP/1.1" 200 92 "http://hub.kbh-troubleshooting.com/site/admin/execution-resources" "Mozilla/5.0 (Macintosh; Intel Mac OS X 10_15_7) AppleWebKit/537.36 (KHTML, like Gecko) Chrome/***HIDDEN*** Safari/537.36" 4115 0.031 [istio-system-istio-ingressgateway-443] [] ***HIDDEN***:8443 92 0.032 200 690d465549213b87a9accf7a922a197d
***HIDDEN*** - - [21/Nov/2023:16:01:26 +0000] "GET /auth/realms/knime/.well-known/openid-configuration HTTP/1.1" 200 6344 "-" "axios/0.21.4" 1265 0.002 [knime-keycloak-8443] [] ***HIDDEN***:8443 6344 0.004 200 ddbe3f4e-37b2-456a-9323-1f69cae1b769
***HIDDEN*** - - [21/Nov/2023:16:01:26 +0000] "GET /auth/realms/knime/protocol/openid-connect/certs HTTP/1.1" 200 2909 "-" "-" 1193 0.001 [knime-keycloak-8443] [] ***HIDDEN***:8443 2909 0.000 200 bb773373-d234-420f-9c0f-2110c0bcd6b5
***HIDDEN*** - - [21/Nov/2023:16:01:26 +0000] "GET /_/bff/execution/contexts/status?executionContextIds[]=9043c21d-150c-4de1-bee5-7e992ebd922d HTTP/1.1" 200 92 "http://hub.kbh-troubleshooting.com/site/admin/execution-resources" "Mozilla/5.0 (Macintosh; Intel Mac OS X 10_15_7) AppleWebKit/537.36 (KHTML, like Gecko) Chrome/***HIDDEN*** Safari/537.36" 4115 0.030 [istio-system-istio-ingressgateway-443] [] ***HIDDEN***:8443 92 0.028 200 a136eeadde9b8232164da5023115605b
***HIDDEN*** - search-sync-service [21/Nov/2023:16:01:27 +0000] "POST /auth/realms/knime/protocol/openid-connect/token HTTP/1.1" 200 1225 "-" "Vert.x-WebClient/4.4.4" 1504 0.016 [knime-keycloak-8443] [] ***HIDDEN***:8443 1225 0.016 200 f9b3eb70-ee4e-4053-b27a-a5e70f4b0e4b
***HIDDEN*** - - [21/Nov/2023:16:01:27 +0000] "GET /auth/realms/knime/protocol/openid-connect/certs HTTP/1.1" 200 2909 "-" "Apache-HttpClient/4.5.14 (Java/17.0.9)" 1281 0.001 [knime-keycloak-8443] [] ***HIDDEN***:8443 2909 0.000 200 01c2ed11-646a-4eef-b346-634c6382176f
***HIDDEN*** - - [21/Nov/2023:16:01:29 +0000] "GET /auth/realms/knime/.well-known/openid-configuration HTTP/1.1" 200 6344 "-" "axios/0.21.4" 1265 0.002 [knime-keycloak-8443] [] ***HIDDEN***:8443 6344 0.000 200 5bcca923-8f43-40b1-b6da-820eab7f6a24
***HIDDEN*** - - [21/Nov/2023:16:01:29 +0000] "GET /auth/realms/knime/protocol/openid-connect/certs HTTP/1.1" 200 2909 "-" "-" 1193 0.001 [knime-keycloak-8443] [] ***HIDDEN***:8443 2909 0.000 200 9200ffe3-0608-40e6-8ee9-23ada3826ca2
***HIDDEN*** - - [21/Nov/2023:16:01:30 +0000] "GET /_/bff/execution/contexts/status?executionContextIds[]=9043c21d-150c-4de1-bee5-7e992ebd922d HTTP/1.1" 200 92 "http://hub.kbh-troubleshooting.com/site/admin/execution-resources" "Mozilla/5.0 (Macintosh; Intel Mac OS X 10_15_7) AppleWebKit/537.36 (KHTML, like Gecko) Chrome/***HIDDEN*** Safari/537.36" 4115 0.033 [istio-system-istio-ingressgateway-443] [] ***HIDDEN***:8443 92 0.032 200 bba63727eba18de0c4703dd73c2dbace
***HIDDEN*** - - [21/Nov/2023:16:01:32 +0000] "GET /auth/realms/knime/protocol/openid-connect/certs HTTP/1.1" 200 2909 "-" "Apache-HttpClient/4.5.14 (Java/17.0.9)" 1281 0.002 [knime-keycloak-8443] [] ***HIDDEN***:8443 2909 0.004 200 a0215b4e-164f-4928-ae6d-1b8e8f1bd3d4
***HIDDEN*** - - [21/Nov/2023:16:01:33 +0000] "GET /auth/realms/knime/.well-known/openid-configuration HTTP/1.1" 200 6344 "-" "axios/0.21.4" 1265 0.002 [knime-keycloak-8443] [] ***HIDDEN***:8443 6344 0.004 200 749f499d-22d9-4eb5-a21f-89e38ad55089
***HIDDEN*** - - [21/Nov/2023:16:01:33 +0000] "GET /auth/realms/knime/protocol/openid-connect/certs HTTP/1.1" 200 2909 "-" "-" 1193 0.001 [knime-keycloak-8443] [] ***HIDDEN***:8443 2909 0.000 200 00e7df62-166a-4c6e-a4ba-5b14a72f45af
***HIDDEN*** - - [21/Nov/2023:16:01:33 +0000] "GET /_/bff/execution/contexts/status?executionContextIds[]=9043c21d-150c-4de1-bee5-7e992ebd922d HTTP/1.1" 200 92 "http://hub.kbh-troubleshooting.com/site/admin/execution-resources" "Mozilla/5.0 (Macintosh; Intel Mac OS X 10_15_7) AppleWebKit/537.36 (KHTML, like Gecko) Chrome/***HIDDEN*** Safari/537.36" 4115 0.036 [istio-system-istio-ingressgateway-443] [] ***HIDDEN***:8443 92 0.036 200 fdc8254bcbbb232d73dfe1b5525e753f
***HIDDEN*** - - [21/Nov/2023:16:01:36 +0000] "GET /auth/realms/knime/.well-known/openid-configuration HTTP/1.1" 200 6344 "-" "axios/0.21.4" 1265 0.002 [knime-keycloak-8443] [] ***HIDDEN***:8443 6344 0.004 200 0fe15927-d0d8-4a28-b238-03f015d803cc
***HIDDEN*** - - [21/Nov/2023:16:01:36 +0000] "GET /auth/realms/knime/protocol/openid-connect/certs HTTP/1.1" 200 2909 "-" "-" 1193 0.001 [knime-keycloak-8443] [] ***HIDDEN***:8443 2909 0.004 200 b0cdd60f-46b2-4ef1-acfa-8384a3f2e158
***HIDDEN*** - - [21/Nov/2023:16:01:36 +0000] "GET /_/bff/execution/contexts/status?executionContextIds[]=9043c21d-150c-4de1-bee5-7e992ebd922d HTTP/1.1" 200 92 "http://hub.kbh-troubleshooting.com/site/admin/execution-resources" "Mozilla/5.0 (Macintosh; Intel Mac OS X 10_15_7) AppleWebKit/537.36 (KHTML, like Gecko) Chrome/***HIDDEN*** Safari/537.36" 4115 0.031 [istio-system-istio-ingressgateway-443] [] ***HIDDEN***:8443 92 0.032 200 0a1967c9914035a0aa7cac5565a93ff7
***HIDDEN*** - - [21/Nov/2023:16:01:37 +0000] "GET /auth/realms/knime/protocol/openid-connect/certs HTTP/1.1" 200 2909 "-" "Apache-HttpClient/4.5.14 (Java/17.0.9)" 1281 0.002 [knime-keycloak-8443] [] ***HIDDEN***:8443 2909 0.004 200 47f462ba-70df-4be4-877f-b951feefbbcb
***HIDDEN*** - - [21/Nov/2023:16:01:39 +0000] "GET /auth/realms/knime/.well-known/openid-configuration HTTP/1.1" 200 6344 "-" "axios/0.21.4" 1265 0.001 [knime-keycloak-8443] [] ***HIDDEN***:8443 6344 0.000 200 e62e1563-ec2b-4600-837d-832f3c824c44
***HIDDEN*** - - [21/Nov/2023:16:01:39 +0000] "GET /auth/realms/knime/protocol/openid-connect/certs HTTP/1.1" 200 2909 "-" "-" 1193 0.001 [knime-keycloak-8443] [] ***HIDDEN***:8443 2909 0.000 200 ff5388a1-ac53-4142-809d-67e92b48531a
***HIDDEN*** - - [21/Nov/2023:16:01:39 +0000] "GET /_/bff/execution/contexts/status?executionContextIds[]=9043c21d-150c-4de1-bee5-7e992ebd922d HTTP/1.1" 200 92 "http://hub.kbh-troubleshooting.com/site/admin/execution-resources" "Mozilla/5.0 (Macintosh; Intel Mac OS X 10_15_7) AppleWebKit/537.36 (KHTML, like Gecko) Chrome/***HIDDEN*** Safari/537.36" 4115 0.033 [istio-system-istio-ingressgateway-443] [] ***HIDDEN***:8443 92 0.032 200 af14267839f56a1ffcd3d3e911607cab
***HIDDEN*** - - [21/Nov/2023:16:01:42 +0000] "GET /auth/realms/knime/.well-known/openid-configuration HTTP/1.1" 200 6344 "-" "axios/0.21.4" 1265 0.002 [knime-keycloak-8443] [] ***HIDDEN***:8443 6344 0.000 200 6b01ac6f-fd56-412b-8038-3efc8d3b5a62
***HIDDEN*** - - [21/Nov/2023:16:01:42 +0000] "GET /auth/realms/knime/protocol/openid-connect/certs HTTP/1.1" 200 2909 "-" "-" 1193 0.002 [knime-keycloak-8443] [] ***HIDDEN***:8443 2909 0.000 200 5e13717e-7b8b-4963-8b09-8a084e10bb4a
***HIDDEN*** - - [21/Nov/2023:16:01:42 +0000] "GET /_/bff/execution/contexts/status?executionContextIds[]=9043c21d-150c-4de1-bee5-7e992ebd922d HTTP/1.1" 200 92 "http://hub.kbh-troubleshooting.com/site/admin/execution-resources" "Mozilla/5.0 (Macintosh; Intel Mac OS X 10_15_7) AppleWebKit/537.36 (KHTML, like Gecko) Chrome/***HIDDEN*** Safari/537.36" 4115 0.030 [istio-system-istio-ingressgateway-443] [] ***HIDDEN***:8443 92 0.028 200 e28062c5441dcc2401dbe8e8868980b5
***HIDDEN*** - - [21/Nov/2023:16:01:42 +0000] "GET /auth/realms/knime/protocol/openid-connect/certs HTTP/1.1" 200 2909 "-" "Apache-HttpClient/4.5.14 (Java/17.0.9)" 1281 0.002 [knime-keycloak-8443] [] ***HIDDEN***:8443 2909 0.004 200 fb1da1d7-ab01-4568-b40b-df02d5399c3c
***HIDDEN*** - - [21/Nov/2023:16:01:45 +0000] "GET /auth/realms/knime/.well-known/openid-configuration HTTP/1.1" 200 6344 "-" "axios/0.21.4" 1265 0.002 [knime-keycloak-8443] [] ***HIDDEN***:8443 6344 0.004 200 810984d2-7eee-4eca-b4f9-28489ea416d0
***HIDDEN*** - - [21/Nov/2023:16:01:45 +0000] "GET /auth/realms/knime/protocol/openid-connect/certs HTTP/1.1" 200 2909 "-" "-" 1193 0.002 [knime-keycloak-8443] [] ***HIDDEN***:8443 2909 0.004 200 21ed6b4e-e198-4103-bbf0-caeaf1f1142f
***HIDDEN*** - - [21/Nov/2023:16:01:45 +0000] "GET /_/bff/execution/contexts/status?executionContextIds[]=9043c21d-150c-4de1-bee5-7e992ebd922d HTTP/1.1" 200 92 "http://hub.kbh-troubleshooting.com/site/admin/execution-resources" "Mozilla/5.0 (Macintosh; Intel Mac OS X 10_15_7) AppleWebKit/537.36 (KHTML, like Gecko) Chrome/***HIDDEN*** Safari/537.36" 4115 0.030 [istio-system-istio-ingressgateway-443] [] ***HIDDEN***:8443 92 0.028 200 ed6fcb3b6d323e430f42fe0d2efca8ba
***HIDDEN*** - - [21/Nov/2023:16:01:47 +0000] "GET /auth/realms/knime/protocol/openid-connect/certs HTTP/1.1" 200 2909 "-" "Apache-HttpClient/4.5.14 (Java/17.0.9)" 1281 0.002 [knime-keycloak-8443] [] ***HIDDEN***:8443 2909 0.004 200 76306306-dc14-45c2-a78c-9e843d6fe573
***HIDDEN*** - - [21/Nov/2023:16:01:48 +0000] "OPTIONS /execution-contexts HTTP/1.1" 200 0 "http://hub.kbh-troubleshooting.com/" "Mozilla/5.0 (Macintosh; Intel Mac OS X 10_15_7) AppleWebKit/537.36 (KHTML, like Gecko) Chrome/***HIDDEN*** Safari/537.36" 533 0.002 [istio-system-istio-ingressgateway-443] [] ***HIDDEN***:8443 0 0.004 200 9ea98f63443679df4b2d0e9125b387fc
***HIDDEN*** - - [21/Nov/2023:16:01:48 +0000] "GET /auth/realms/knime/.well-known/openid-configuration HTTP/1.1" 200 6344 "-" "axios/0.21.4" 1265 0.002 [knime-keycloak-8443] [] ***HIDDEN***:8443 6344 0.004 200 4699e21a-6c06-95af-ad05-14e29070ab45
***HIDDEN*** - - [21/Nov/2023:16:01:48 +0000] "GET /auth/realms/knime/protocol/openid-connect/certs HTTP/1.1" 200 2909 "-" "-" 1193 0.001 [knime-keycloak-8443] [] ***HIDDEN***:8443 2909 0.000 200 88511d9e-d928-490e-8d48-80096848a15f
***HIDDEN*** - - [21/Nov/2023:16:01:48 +0000] "GET /_/bff/execution/contexts/status?executionContextIds[]=9043c21d-150c-4de1-bee5-7e992ebd922d HTTP/1.1" 200 92 "http://hub.kbh-troubleshooting.com/site/admin/execution-resources" "Mozilla/5.0 (Macintosh; Intel Mac OS X 10_15_7) AppleWebKit/537.36 (KHTML, like Gecko) Chrome/***HIDDEN*** Safari/537.36" 4115 0.033 [istio-system-istio-ingressgateway-443] [] ***HIDDEN***:8443 92 0.032 200 e2d48f33813753def103c9389da15f76
***HIDDEN*** - - [21/Nov/2023:16:01:48 +0000] "POST /execution-contexts HTTP/1.1" 201 2574 "http://hub.kbh-troubleshooting.com/" "Mozilla/5.0 (Macintosh; Intel Mac OS X 10_15_7) AppleWebKit/537.36 (KHTML, like Gecko) Chrome/***HIDDEN*** Safari/537.36" 4440 0.286 [istio-system-istio-ingressgateway-443] [] ***HIDDEN***:8443 2574 0.284 201 29398118e46ff35911ef6f557bd67933
***HIDDEN*** - - [21/Nov/2023:16:01:48 +0000] "OPTIONS /execution/limits/hub:global/global-cpu-cores HTTP/1.1" 200 0 "http://hub.kbh-troubleshooting.com/" "Mozilla/5.0 (Macintosh; Intel Mac OS X 10_15_7) AppleWebKit/537.36 (KHTML, like Gecko) Chrome/***HIDDEN*** Safari/537.36" 545 0.001 [istio-system-istio-ingressgateway-443] [] ***HIDDEN***:8443 0 0.000 200 78f515c393201abe0bfaf3a7e2c0c71c
***HIDDEN*** - - [21/Nov/2023:16:01:48 +0000] "OPTIONS /execution/limits/hub:global/execution-contexts HTTP/1.1" 200 0 "http://hub.kbh-troubleshooting.com/" "Mozilla/5.0 (Macintosh; Intel Mac OS X 10_15_7) AppleWebKit/537.36 (KHTML, like Gecko) Chrome/***HIDDEN*** Safari/537.36" 547 0.001 [istio-system-istio-ingressgateway-443] [] ***HIDDEN***:8443 0 0.000 200 569701088a6dc7017fc42a334f4c4abf
***HIDDEN*** - - [21/Nov/2023:16:01:48 +0000] "OPTIONS /execution-status/execution-contexts/d7eec3d2-77ab-413a-9609-ccb8d4124108 HTTP/1.1" 200 0 "http://hub.kbh-troubleshooting.com/" "Mozilla/5.0 (Macintosh; Intel Mac OS X 10_15_7) AppleWebKit/537.36 (KHTML, like Gecko) Chrome/***HIDDEN*** Safari/537.36" 573 0.002 [istio-system-istio-ingressgateway-443] [] ***HIDDEN***:8443 0 0.000 200 71587fe3acba948f2e991094a96dd669
***HIDDEN*** - - [21/Nov/2023:16:01:48 +0000] "GET /execution/limits/hub:global/global-cpu-cores HTTP/1.1" 200 29 "http://hub.kbh-troubleshooting.com/" "Mozilla/5.0 (Macintosh; Intel Mac OS X 10_15_7) AppleWebKit/537.36 (KHTML, like Gecko) Chrome/***HIDDEN*** Safari/537.36" 4087 0.015 [istio-system-istio-ingressgateway-443] [] ***HIDDEN***:8443 29 0.012 200 81c7d560d07f7c726346866dae7b91b6
***HIDDEN*** - - [21/Nov/2023:16:01:48 +0000] "GET /execution/limits/hub:global/execution-contexts HTTP/1.1" 200 37 "http://hub.kbh-troubleshooting.com/" "Mozilla/5.0 (Macintosh; Intel Mac OS X 10_15_7) AppleWebKit/537.36 (KHTML, like Gecko) Chrome/***HIDDEN*** Safari/537.36" 4089 0.012 [istio-system-istio-ingressgateway-443] [] ***HIDDEN***:8443 37 0.012 200 b478905d42194671092dd030764adbc3
***HIDDEN*** - - [21/Nov/2023:16:01:48 +0000] "GET /execution-status/execution-contexts/d7eec3d2-77ab-413a-9609-ccb8d4124108 HTTP/1.1" 200 31 "http://hub.kbh-troubleshooting.com/" "Mozilla/5.0 (Macintosh; Intel Mac OS X 10_15_7) AppleWebKit/537.36 (KHTML, like Gecko) Chrome/***HIDDEN*** Safari/537.36" 4115 0.022 [istio-system-istio-ingressgateway-443] [] ***HIDDEN***:8443 31 0.020 200 fdfbd231e5da2b6f59eaa589fea5787c
***HIDDEN*** - - [21/Nov/2023:16:01:51 +0000] "GET /auth/realms/knime/.well-known/openid-configuration HTTP/1.1" 200 6344 "-" "axios/0.21.4" 1265 0.002 [knime-keycloak-8443] [] ***HIDDEN***:8443 6344 0.004 200 98b459bb-c766-47b6-8801-02de3a949296
***HIDDEN*** - - [21/Nov/2023:16:01:51 +0000] "GET /auth/realms/knime/protocol/openid-connect/certs HTTP/1.1" 200 2909 "-" "-" 1193 0.002 [knime-keycloak-8443] [] ***HIDDEN***:8443 2909 0.004 200 046a2d90-fa91-4458-ad8b-d333626bc1c0
***HIDDEN*** - - [21/Nov/2023:16:01:51 +0000] "GET /_/bff/execution/contexts/status?executionContextIds[]=9043c21d-150c-4de1-bee5-7e992ebd922d&executionContextIds[]=d7eec3d2-77ab-413a-9609-ccb8d4124108 HTTP/1.1" 200 130 "http://hub.kbh-troubleshooting.com/site/admin/execution-resources" "Mozilla/5.0 (Macintosh; Intel Mac OS X 10_15_7) AppleWebKit/537.36 (KHTML, like Gecko) Chrome/***HIDDEN*** Safari/537.36" 4174 0.031 [istio-system-istio-ingressgateway-443] [] ***HIDDEN***:8443 130 0.028 200 c0d550e928c079ee4a31bdcf6a862682
***HIDDEN*** - - [21/Nov/2023:16:01:52 +0000] "GET /auth/realms/knime/protocol/openid-connect/certs HTTP/1.1" 200 2909 "-" "Apache-HttpClient/4.5.14 (Java/17.0.9)" 1281 0.001 [knime-keycloak-8443] [] ***HIDDEN***:8443 2909 0.004 200 ab9f15a5-2776-486e-be68-63fe3b66b3a3
***HIDDEN*** - - [21/Nov/2023:16:01:54 +0000] "GET /auth/realms/knime/.well-known/openid-configuration HTTP/1.1" 200 6344 "-" "axios/0.21.4" 1265 0.002 [knime-keycloak-8443] [] ***HIDDEN***:8443 6344 0.000 200 4abdbfa7-d645-402d-87c1-32a743f5644e
***HIDDEN*** - - [21/Nov/2023:16:01:54 +0000] "GET /auth/realms/knime/protocol/openid-connect/certs HTTP/1.1" 200 2909 "-" "-" 1193 0.002 [knime-keycloak-8443] [] ***HIDDEN***:8443 2909 0.000 200 09a039a7-b931-4be3-8993-a268f6921bbe
***HIDDEN*** - - [21/Nov/2023:16:01:54 +0000] "GET /_/bff/execution/contexts/status?executionContextIds[]=9043c21d-150c-4de1-bee5-7e992ebd922d&executionContextIds[]=d7eec3d2-77ab-413a-9609-ccb8d4124108 HTTP/1.1" 200 130 "http://hub.kbh-troubleshooting.com/site/admin/execution-resources" "Mozilla/5.0 (Macintosh; Intel Mac OS X 10_15_7) AppleWebKit/537.36 (KHTML, like Gecko) Chrome/***HIDDEN*** Safari/537.36" 4174 0.035 [istio-system-istio-ingressgateway-443] [] ***HIDDEN***:8443 130 0.032 200 3af2ff8c4a9f9d3536e7a54efa0babda
***HIDDEN*** - - [21/Nov/2023:16:01:57 +0000] "GET /auth/realms/knime/.well-known/openid-configuration HTTP/1.1" 200 6344 "-" "axios/0.21.4" 1265 0.002 [knime-keycloak-8443] [] ***HIDDEN***:8443 6344 0.000 200 a9affa31-fff4-480c-9acb-b603ce63a603
***HIDDEN*** - - [21/Nov/2023:16:01:57 +0000] "GET /auth/realms/knime/protocol/openid-connect/certs HTTP/1.1" 200 2909 "-" "-" 1193 0.002 [knime-keycloak-8443] [] ***HIDDEN***:8443 2909 0.000 200 47a3214a-3345-42aa-8ec7-cf75d6cc4759
***HIDDEN*** - - [21/Nov/2023:16:01:57 +0000] "GET /_/bff/execution/contexts/status?executionContextIds[]=9043c21d-150c-4de1-bee5-7e992ebd922d&executionContextIds[]=d7eec3d2-77ab-413a-9609-ccb8d4124108 HTTP/1.1" 200 130 "http://hub.kbh-troubleshooting.com/site/admin/execution-resources" "Mozilla/5.0 (Macintosh; Intel Mac OS X 10_15_7) AppleWebKit/537.36 (KHTML, like Gecko) Chrome/***HIDDEN*** Safari/537.36" 4174 0.031 [istio-system-istio-ingressgateway-443] [] ***HIDDEN***:8443 130 0.028 200 5dd4d64b95bc36aa3903dcc8e0bf3b65
***HIDDEN*** - - [21/Nov/2023:16:01:57 +0000] "GET /auth/realms/knime/protocol/openid-connect/certs HTTP/1.1" 200 2909 "-" "Apache-HttpClient/4.5.14 (Java/17.0.9)" 1281 0.002 [knime-keycloak-8443] [] ***HIDDEN***:8443 2909 0.004 200 452562a0-85e1-4869-aec8-748a5d6cb3eb
***HIDDEN*** - - [21/Nov/2023:16:02:00 +0000] "GET /auth/realms/knime/.well-known/openid-configuration HTTP/1.1" 200 6344 "-" "axios/0.21.4" 1265 0.002 [knime-keycloak-8443] [] ***HIDDEN***:8443 6344 0.004 200 ff64fdc5-b3ea-44cc-ac3a-382af2941c9c
***HIDDEN*** - - [21/Nov/2023:16:02:00 +0000] "GET /auth/realms/knime/protocol/openid-connect/certs HTTP/1.1" 200 2909 "-" "-" 1193 0.001 [knime-keycloak-8443] [] ***HIDDEN***:8443 2909 0.000 200 aea36356-2e43-440a-845b-59096f2432df
***HIDDEN*** - - [21/Nov/2023:16:02:00 +0000] "GET /_/bff/execution/contexts/status?executionContextIds[]=9043c21d-150c-4de1-bee5-7e992ebd922d&executionContextIds[]=d7eec3d2-77ab-413a-9609-ccb8d4124108 HTTP/1.1" 200 130 "http://hub.kbh-troubleshooting.com/site/admin/execution-resources" "Mozilla/5.0 (Macintosh; Intel Mac OS X 10_15_7) AppleWebKit/537.36 (KHTML, like Gecko) Chrome/***HIDDEN*** Safari/537.36" 4174 0.032 [istio-system-istio-ingressgateway-443] [] ***HIDDEN***:8443 130 0.028 200 34ad651299edc98f7849890a6c6c7397
***HIDDEN*** - - [21/Nov/2023:16:02:02 +0000] "GET /auth/realms/knime/protocol/openid-connect/certs HTTP/1.1" 200 2909 "-" "Apache-HttpClient/4.5.14 (Java/17.0.9)" 1281 0.002 [knime-keycloak-8443] [] ***HIDDEN***:8443 2909 0.000 200 b44387ef-a51d-45b5-a55b-5118cf199dd4
***HIDDEN*** - - [21/Nov/2023:16:02:03 +0000] "GET /auth/realms/knime/.well-known/openid-configuration HTTP/1.1" 200 6344 "-" "axios/0.21.4" 1265 0.002 [knime-keycloak-8443] [] ***HIDDEN***:8443 6344 0.000 200 b6bf6d41-75c4-4115-a3fd-1cd04250b796
***HIDDEN*** - - [21/Nov/2023:16:02:03 +0000] "GET /auth/realms/knime/protocol/openid-connect/certs HTTP/1.1" 200 2909 "-" "-" 1193 0.001 [knime-keycloak-8443] [] ***HIDDEN***:8443 2909 0.000 200 1d11153e-976a-4245-af63-e9051f952b9c
***HIDDEN*** - - [21/Nov/2023:16:02:03 +0000] "GET /_/bff/execution/contexts/status?executionContextIds[]=9043c21d-150c-4de1-bee5-7e992ebd922d&executionContextIds[]=d7eec3d2-77ab-413a-9609-ccb8d4124108 HTTP/1.1" 200 135 "http://hub.kbh-troubleshooting.com/site/admin/execution-resources" "Mozilla/5.0 (Macintosh; Intel Mac OS X 10_15_7) AppleWebKit/537.36 (KHTML, like Gecko) Chrome/***HIDDEN*** Safari/537.36" 4174 0.031 [istio-system-istio-ingressgateway-443] [] ***HIDDEN***:8443 135 0.028 200 0c917c61bd67bb6cb415c13c176be61c
***HIDDEN*** - - [21/Nov/2023:16:02:06 +0000] "GET /auth/realms/knime/.well-known/openid-configuration HTTP/1.1" 200 6344 "-" "axios/0.21.4" 1265 0.002 [knime-keycloak-8443] [] ***HIDDEN***:8443 6344 0.000 200 3f3101b9-9f03-4bc8-a905-3d2cce1a0be7
***HIDDEN*** - - [21/Nov/2023:16:02:06 +0000] "GET /auth/realms/knime/protocol/openid-connect/certs HTTP/1.1" 200 2909 "-" "-" 1193 0.001 [knime-keycloak-8443] [] ***HIDDEN***:8443 2909 0.000 200 2a45db69-c7f9-4c83-9137-cc42a3200f07
***HIDDEN*** - - [21/Nov/2023:16:02:07 +0000] "GET /_/bff/execution/contexts/status?executionContextIds[]=9043c21d-150c-4de1-bee5-7e992ebd922d&executionContextIds[]=d7eec3d2-77ab-413a-9609-ccb8d4124108 HTTP/1.1" 200 130 "http://hub.kbh-troubleshooting.com/site/admin/execution-resources" "Mozilla/5.0 (Macintosh; Intel Mac OS X 10_15_7) AppleWebKit/537.36 (KHTML, like Gecko) Chrome/***HIDDEN*** Safari/537.36" 4174 0.035 [istio-system-istio-ingressgateway-443] [] ***HIDDEN***:8443 130 0.032 200 fdcda1ba4288784151701e69266a65c2
***HIDDEN*** - - [21/Nov/2023:16:02:07 +0000] "GET /auth/realms/knime/protocol/openid-connect/certs HTTP/1.1" 200 2909 "-" "Apache-HttpClient/4.5.14 (Java/17.0.9)" 1281 0.002 [knime-keycloak-8443] [] ***HIDDEN***:8443 2909 0.004 200 8e1827f0-48f1-4d1a-81cc-d03b263b81de
***HIDDEN*** - - [21/Nov/2023:16:02:10 +0000] "GET /auth/realms/knime/.well-known/openid-configuration HTTP/1.1" 200 6344 "-" "axios/0.21.4" 1265 0.002 [knime-keycloak-8443] [] ***HIDDEN***:8443 6344 0.004 200 ca665158-6d14-4bda-9f87-8c38e2585d85
***HIDDEN*** - - [21/Nov/2023:16:02:10 +0000] "GET /auth/realms/knime/protocol/openid-connect/certs HTTP/1.1" 200 2909 "-" "-" 1193 0.002 [knime-keycloak-8443] [] ***HIDDEN***:8443 2909 0.004 200 5ec42e51-8c94-4718-89dd-dea9178ef37b
***HIDDEN*** - - [21/Nov/2023:16:02:10 +0000] "GET /_/bff/execution/contexts/status?executionContextIds[]=9043c21d-150c-4de1-bee5-7e992ebd922d&executionContextIds[]=d7eec3d2-77ab-413a-9609-ccb8d4124108 HTTP/1.1" 200 130 "http://hub.kbh-troubleshooting.com/site/admin/execution-resources" "Mozilla/5.0 (Macintosh; Intel Mac OS X 10_15_7) AppleWebKit/537.36 (KHTML, like Gecko) Chrome/***HIDDEN*** Safari/537.36" 4174 0.030 [istio-system-istio-ingressgateway-443] [] ***HIDDEN***:8443 130 0.028 200 ccc45fe013cb4b8eab7addddd2f0814f
***HIDDEN*** - - [21/Nov/2023:16:02:12 +0000] "GET /auth/realms/knime/protocol/openid-connect/certs HTTP/1.1" 200 2909 "-" "Apache-HttpClient/4.5.14 (Java/17.0.9)" 1281 0.002 [knime-keycloak-8443] [] ***HIDDEN***:8443 2909 0.004 200 61a3645f-8f2d-464c-9d93-023bd04b7ae8
***HIDDEN*** - - [21/Nov/2023:16:02:13 +0000] "GET /auth/realms/knime/.well-known/openid-configuration HTTP/1.1" 200 6344 "-" "axios/0.21.4" 1265 0.002 [knime-keycloak-8443] [] ***HIDDEN***:8443 6344 0.000 200 186698cd-7284-4d3f-936a-623ca4e92942
***HIDDEN*** - - [21/Nov/2023:16:02:13 +0000] "GET /auth/realms/knime/protocol/openid-connect/certs HTTP/1.1" 200 2909 "-" "-" 1193 0.001 [knime-keycloak-8443] [] ***HIDDEN***:8443 2909 0.000 200 74d68a22-be25-423b-bd42-66954a5390a8
***HIDDEN*** - - [21/Nov/2023:16:02:13 +0000] "GET /_/bff/execution/contexts/status?executionContextIds[]=9043c21d-150c-4de1-bee5-7e992ebd922d&executionContextIds[]=d7eec3d2-77ab-413a-9609-ccb8d4124108 HTTP/1.1" 200 130 "http://hub.kbh-troubleshooting.com/site/admin/execution-resources" "Mozilla/5.0 (Macintosh; Intel Mac OS X 10_15_7) AppleWebKit/537.36 (KHTML, like Gecko) Chrome/***HIDDEN*** Safari/537.36" 4174 0.064 [istio-system-istio-ingressgateway-443] [] ***HIDDEN***:8443 130 0.060 200 0a4c211061aea00c5475c1997ca3807e
***HIDDEN*** - - [21/Nov/2023:16:02:16 +0000] "GET /auth/realms/knime/.well-known/openid-configuration HTTP/1.1" 200 6344 "-" "axios/0.21.4" 1265 0.001 [knime-keycloak-8443] [] ***HIDDEN***:8443 6344 0.000 200 c36992f8-6e04-4f74-a959-cbb2a22f55f5
***HIDDEN*** - - [21/Nov/2023:16:02:16 +0000] "GET /auth/realms/knime/protocol/openid-connect/certs HTTP/1.1" 200 2909 "-" "-" 1193 0.001 [knime-keycloak-8443] [] ***HIDDEN***:8443 2909 0.000 200 06b9acf5-843b-43d3-a12d-500c8facb03a
***HIDDEN*** - - [21/Nov/2023:16:02:16 +0000] "GET /_/bff/execution/contexts/status?executionContextIds[]=9043c21d-150c-4de1-bee5-7e992ebd922d&executionContextIds[]=d7eec3d2-77ab-413a-9609-ccb8d4124108 HTTP/1.1" 200 130 "http://hub.kbh-troubleshooting.com/site/admin/execution-resources" "Mozilla/5.0 (Macintosh; Intel Mac OS X 10_15_7) AppleWebKit/537.36 (KHTML, like Gecko) Chrome/***HIDDEN*** Safari/537.36" 4174 0.032 [istio-system-istio-ingressgateway-443] [] ***HIDDEN***:8443 130 0.028 200 6825f01f513571102167395345262144
***HIDDEN*** - - [21/Nov/2023:16:02:17 +0000] "GET /auth/realms/knime/protocol/openid-connect/certs HTTP/1.1" 200 2909 "-" "Apache-HttpClient/4.5.14 (Java/17.0.9)" 1281 0.002 [knime-keycloak-8443] [] ***HIDDEN***:8443 2909 0.004 200 1540315c-88b8-4b48-81ef-c43bfb16d3b9
***HIDDEN*** - - [21/Nov/2023:16:02:19 +0000] "GET /auth/realms/knime/.well-known/openid-configuration HTTP/1.1" 200 6344 "-" "axios/0.21.4" 1265 0.002 [knime-keycloak-8443] [] ***HIDDEN***:8443 6344 0.004 200 849d37ae-b748-4d8c-a82e-01cf71d42a8f
***HIDDEN*** - - [21/Nov/2023:16:02:19 +0000] "GET /auth/realms/knime/protocol/openid-connect/certs HTTP/1.1" 200 2909 "-" "-" 1193 0.002 [knime-keycloak-8443] [] ***HIDDEN***:8443 2909 0.004 200 8ec77173-2d1c-428a-a4fe-fcd5c35cc876
***HIDDEN*** - - [21/Nov/2023:16:02:19 +0000] "GET /_/bff/execution/contexts/status?executionContextIds[]=9043c21d-150c-4de1-bee5-7e992ebd922d&executionContextIds[]=d7eec3d2-77ab-413a-9609-ccb8d4124108 HTTP/1.1" 200 130 "http://hub.kbh-troubleshooting.com/site/admin/execution-resources" "Mozilla/5.0 (Macintosh; Intel Mac OS X 10_15_7) AppleWebKit/537.36 (KHTML, like Gecko) Chrome/***HIDDEN*** Safari/537.36" 4174 0.031 [istio-system-istio-ingressgateway-443] [] ***HIDDEN***:8443 130 0.028 200 e1af1370c42b4aef48ed42f549eaeb69
***HIDDEN*** - - [21/Nov/2023:16:02:22 +0000] "GET /auth/realms/knime/.well-known/openid-configuration HTTP/1.1" 200 6344 "-" "axios/0.21.4" 1265 0.002 [knime-keycloak-8443] [] ***HIDDEN***:8443 6344 0.000 200 70d4140a-f75c-4025-8ddd-19024d1862fc
***HIDDEN*** - - [21/Nov/2023:16:02:22 +0000] "GET /auth/realms/knime/protocol/openid-connect/certs HTTP/1.1" 200 2909 "-" "-" 1193 0.001 [knime-keycloak-8443] [] ***HIDDEN***:8443 2909 0.000 200 57b96827-91b1-4cb3-a50f-da3bbb54acbc
***HIDDEN*** - - [21/Nov/2023:16:02:22 +0000] "GET /_/bff/execution/contexts/status?executionContextIds[]=9043c21d-150c-4de1-bee5-7e992ebd922d&executionContextIds[]=d7eec3d2-77ab-413a-9609-ccb8d4124108 HTTP/1.1" 200 130 "http://hub.kbh-troubleshooting.com/site/admin/execution-resources" "Mozilla/5.0 (Macintosh; Intel Mac OS X 10_15_7) AppleWebKit/537.36 (KHTML, like Gecko) Chrome/***HIDDEN*** Safari/537.36" 4174 0.033 [istio-system-istio-ingressgateway-443] [] ***HIDDEN***:8443 130 0.032 200 a4756d3c60f9e0ed395fbcaace03f3e4
***HIDDEN*** - - [21/Nov/2023:16:02:22 +0000] "GET /auth/realms/knime/protocol/openid-connect/certs HTTP/1.1" 200 2909 "-" "Apache-HttpClient/4.5.14 (Java/17.0.9)" 1281 0.001 [knime-keycloak-8443] [] ***HIDDEN***:8443 2909 0.000 200 7e3d3306-093c-4bbe-b288-4fd1efc3f4e5
***HIDDEN*** - - [21/Nov/2023:16:02:25 +0000] "GET /auth/realms/knime/.well-known/openid-configuration HTTP/1.1" 200 6344 "-" "axios/0.21.4" 1265 0.002 [knime-keycloak-8443] [] ***HIDDEN***:8443 6344 0.004 200 ef31cbcc-01d2-4f1f-b1ba-60df1269822c
***HIDDEN*** - - [21/Nov/2023:16:02:25 +0000] "GET /auth/realms/knime/protocol/openid-connect/certs HTTP/1.1" 200 2909 "-" "-" 1193 0.001 [knime-keycloak-8443] [] ***HIDDEN***:8443 2909 0.004 200 5422799a-fd04-47e1-934b-7c9f3d1688f5
***HIDDEN*** - - [21/Nov/2023:16:02:25 +0000] "GET /_/bff/execution/contexts/status?executionContextIds[]=9043c21d-150c-4de1-bee5-7e992ebd922d&executionContextIds[]=d7eec3d2-77ab-413a-9609-ccb8d4124108 HTTP/1.1" 200 130 "http://hub.kbh-troubleshooting.com/site/admin/execution-resources" "Mozilla/5.0 (Macintosh; Intel Mac OS X 10_15_7) AppleWebKit/537.36 (KHTML, like Gecko) Chrome/***HIDDEN*** Safari/537.36" 4174 0.031 [istio-system-istio-ingressgateway-443] [] ***HIDDEN***:8443 130 0.032 200 888821582324c10f43a964ef4a47ed13
***HIDDEN*** - - [21/Nov/2023:16:02:27 +0000] "GET /auth/realms/knime/protocol/openid-connect/certs HTTP/1.1" 200 2909 "-" "Apache-HttpClient/4.5.14 (Java/17.0.9)" 1281 0.002 [knime-keycloak-8443] [] ***HIDDEN***:8443 2909 0.004 200 2e77607d-8cc1-4ead-85c8-c9fdfdacf7f1
***HIDDEN*** - - [21/Nov/2023:16:02:28 +0000] "GET /auth/realms/knime/.well-known/openid-configuration HTTP/1.1" 200 6344 "-" "axios/0.21.4" 1265 0.002 [knime-keycloak-8443] [] ***HIDDEN***:8443 6344 0.000 200 388ad4aa-bb81-400c-a97c-d7fe9f779c15
***HIDDEN*** - - [21/Nov/2023:16:02:28 +0000] "GET /auth/realms/knime/protocol/openid-connect/certs HTTP/1.1" 200 2909 "-" "-" 1193 0.001 [knime-keycloak-8443] [] ***HIDDEN***:8443 2909 0.000 200 d17adf33-aef7-4046-beb3-4e16ccd67788
***HIDDEN*** - - [21/Nov/2023:16:02:28 +0000] "GET /_/bff/execution/contexts/status?executionContextIds[]=9043c21d-150c-4de1-bee5-7e992ebd922d&executionContextIds[]=d7eec3d2-77ab-413a-9609-ccb8d4124108 HTTP/1.1" 200 130 "http://hub.kbh-troubleshooting.com/site/admin/execution-resources" "Mozilla/5.0 (Macintosh; Intel Mac OS X 10_15_7) AppleWebKit/537.36 (KHTML, like Gecko) Chrome/***HIDDEN*** Safari/537.36" 4174 0.031 [istio-system-istio-ingressgateway-443] [] ***HIDDEN***:8443 130 0.028 200 6a4ec66344249ecebcaf101831fe92ae
***HIDDEN*** - - [21/Nov/2023:16:02:31 +0000] "GET /auth/realms/knime/.well-known/openid-configuration HTTP/1.1" 200 6344 "-" "axios/0.21.4" 1265 0.002 [knime-keycloak-8443] [] ***HIDDEN***:8443 6344 0.000 200 71a9169d-f922-4989-94e0-989e05f760aa
***HIDDEN*** - - [21/Nov/2023:16:02:31 +0000] "GET /auth/realms/knime/protocol/openid-connect/certs HTTP/1.1" 200 2909 "-" "-" 1193 0.001 [knime-keycloak-8443] [] ***HIDDEN***:8443 2909 0.000 200 16c49cc6-165b-499c-a1f2-560deace1411
***HIDDEN*** - - [21/Nov/2023:16:02:31 +0000] "GET /_/bff/execution/contexts/status?executionContextIds[]=9043c21d-150c-4de1-bee5-7e992ebd922d&executionContextIds[]=d7eec3d2-77ab-413a-9609-ccb8d4124108 HTTP/1.1" 200 130 "http://hub.kbh-troubleshooting.com/site/admin/execution-resources" "Mozilla/5.0 (Macintosh; Intel Mac OS X 10_15_7) AppleWebKit/537.36 (KHTML, like Gecko) Chrome/***HIDDEN*** Safari/537.36" 4174 0.030 [istio-system-istio-ingressgateway-443] [] ***HIDDEN***:8443 130 0.028 200 5945043c8d7a1d75dbe1a19719d004e2
***HIDDEN*** - - [21/Nov/2023:16:02:32 +0000] "GET /auth/realms/knime/protocol/openid-connect/certs HTTP/1.1" 200 2909 "-" "Apache-HttpClient/4.5.14 (Java/17.0.9)" 1281 0.002 [knime-keycloak-8443] [] ***HIDDEN***:8443 2909 0.000 200 a9af28d0-f65e-459c-9c1c-87737cee37c1
***HIDDEN*** - - [21/Nov/2023:16:02:34 +0000] "GET /auth/realms/knime/.well-known/openid-configuration HTTP/1.1" 200 6344 "-" "axios/0.21.4" 1265 0.002 [knime-keycloak-8443] [] ***HIDDEN***:8443 6344 0.000 200 eb82d461-ce34-4738-8cec-c8aee5b79afc
***HIDDEN*** - - [21/Nov/2023:16:02:34 +0000] "GET /auth/realms/knime/protocol/openid-connect/certs HTTP/1.1" 200 2909 "-" "-" 1193 0.001 [knime-keycloak-8443] [] ***HIDDEN***:8443 2909 0.000 200 091de01f-2c81-4fe5-945c-76cc52c837d2
***HIDDEN*** - - [21/Nov/2023:16:02:34 +0000] "GET /_/bff/execution/contexts/status?executionContextIds[]=9043c21d-150c-4de1-bee5-7e992ebd922d&executionContextIds[]=d7eec3d2-77ab-413a-9609-ccb8d4124108 HTTP/1.1" 200 130 "http://hub.kbh-troubleshooting.com/site/admin/execution-resources" "Mozilla/5.0 (Macintosh; Intel Mac OS X 10_15_7) AppleWebKit/537.36 (KHTML, like Gecko) Chrome/***HIDDEN*** Safari/537.36" 4174 0.034 [istio-system-istio-ingressgateway-443] [] ***HIDDEN***:8443 135 0.032 200 4d7b5d689f435bea129c56d8457d8d5e
***HIDDEN*** - - [21/Nov/2023:16:02:37 +0000] "GET /auth/realms/knime/.well-known/openid-configuration HTTP/1.1" 200 6344 "-" "axios/0.21.4" 1265 0.002 [knime-keycloak-8443] [] ***HIDDEN***:8443 6344 0.004 200 886dc563-4e95-4789-a154-8c74e67c138a
***HIDDEN*** - - [21/Nov/2023:16:02:37 +0000] "GET /auth/realms/knime/protocol/openid-connect/certs HTTP/1.1" 200 2909 "-" "-" 1193 0.001 [knime-keycloak-8443] [] ***HIDDEN***:8443 2909 0.000 200 3c7c7f8c-9851-497c-b2e6-4afad8955330
***HIDDEN*** - - [21/Nov/2023:16:02:37 +0000] "GET /_/bff/execution/contexts/status?executionContextIds[]=9043c21d-150c-4de1-bee5-7e992ebd922d&executionContextIds[]=d7eec3d2-77ab-413a-9609-ccb8d4124108 HTTP/1.1" 200 130 "http://hub.kbh-troubleshooting.com/site/admin/execution-resources" "Mozilla/5.0 (Macintosh; Intel Mac OS X 10_15_7) AppleWebKit/537.36 (KHTML, like Gecko) Chrome/***HIDDEN*** Safari/537.36" 4174 0.031 [istio-system-istio-ingressgateway-443] [] ***HIDDEN***:8443 130 0.028 200 176b7486de08d11be9e5876d835ec2c2
***HIDDEN*** - - [21/Nov/2023:16:02:37 +0000] "GET /auth/realms/knime/protocol/openid-connect/certs HTTP/1.1" 200 2909 "-" "Apache-HttpClient/4.5.14 (Java/17.0.9)" 1281 0.002 [knime-keycloak-8443] [] ***HIDDEN***:8443 2909 0.004 200 2ea9d64b-e526-4ab3-ae5f-223f2a95125d
***HIDDEN*** - - [21/Nov/2023:16:02:40 +0000] "GET /auth/realms/knime/.well-known/openid-configuration HTTP/1.1" 200 6344 "-" "axios/0.21.4" 1265 0.002 [knime-keycloak-8443] [] ***HIDDEN***:8443 6344 0.000 200 733abe14-75b1-4ec7-95bc-769a6c7e9d6b
***HIDDEN*** - - [21/Nov/2023:16:02:40 +0000] "GET /auth/realms/knime/protocol/openid-connect/certs HTTP/1.1" 200 2909 "-" "-" 1193 0.001 [knime-keycloak-8443] [] ***HIDDEN***:8443 2909 0.000 200 9cd14cc8-7ea7-4c51-b4bb-8d141d04df9e
***HIDDEN*** - - [21/Nov/2023:16:02:40 +0000] "GET /_/bff/execution/contexts/status?executionContextIds[]=9043c21d-150c-4de1-bee5-7e992ebd922d&executionContextIds[]=d7eec3d2-77ab-413a-9609-ccb8d4124108 HTTP/1.1" 200 130 "http://hub.kbh-troubleshooting.com/site/admin/execution-resources" "Mozilla/5.0 (Macintosh; Intel Mac OS X 10_15_7) AppleWebKit/537.36 (KHTML, like Gecko) Chrome/***HIDDEN*** Safari/537.36" 4174 0.030 [istio-system-istio-ingressgateway-443] [] ***HIDDEN***:8443 130 0.028 200 19f1424c02bfec428248b5aca04ebd2f
***HIDDEN*** - - [21/Nov/2023:16:02:42 +0000] "GET /auth/realms/knime/protocol/openid-connect/certs HTTP/1.1" 200 2909 "-" "Apache-HttpClient/4.5.14 (Java/17.0.9)" 1281 0.002 [knime-keycloak-8443] [] ***HIDDEN***:8443 2909 0.004 200 ad4479a5-ff7b-484e-824e-5d1ef0b364ad
***HIDDEN*** - - [21/Nov/2023:16:02:44 +0000] "GET /auth/realms/knime/.well-known/openid-configuration HTTP/1.1" 200 6344 "-" "axios/0.21.4" 1265 0.002 [knime-keycloak-8443] [] ***HIDDEN***:8443 6344 0.000 200 263f0d93-d7be-490b-bede-94d620e9cace
***HIDDEN*** - - [21/Nov/2023:16:02:44 +0000] "GET /auth/realms/knime/protocol/openid-connect/certs HTTP/1.1" 200 2909 "-" "-" 1193 0.001 [knime-keycloak-8443] [] ***HIDDEN***:8443 2909 0.000 200 2d7acd21-965f-4861-b46d-3fbf15c3b163
***HIDDEN*** - - [21/Nov/2023:16:02:44 +0000] "GET /_/bff/execution/contexts/status?executionContextIds[]=9043c21d-150c-4de1-bee5-7e992ebd922d&executionContextIds[]=d7eec3d2-77ab-413a-9609-ccb8d4124108 HTTP/1.1" 200 130 "http://hub.kbh-troubleshooting.com/site/admin/execution-resources" "Mozilla/5.0 (Macintosh; Intel Mac OS X 10_15_7) AppleWebKit/537.36 (KHTML, like Gecko) Chrome/***HIDDEN*** Safari/537.36" 4174 0.031 [istio-system-istio-ingressgateway-443] [] ***HIDDEN***:8443 130 0.028 200 2dcfd77e6aea594dc21516124a530dc1
***HIDDEN*** - - [21/Nov/2023:16:02:47 +0000] "GET /auth/realms/knime/.well-known/openid-configuration HTTP/1.1" 200 6344 "-" "axios/0.21.4" 1265 0.002 [knime-keycloak-8443] [] ***HIDDEN***:8443 6344 0.000 200 f0272019-8b65-4a30-95f9-8a47e7aa3d9d
***HIDDEN*** - - [21/Nov/2023:16:02:47 +0000] "GET /auth/realms/knime/protocol/openid-connect/certs HTTP/1.1" 200 2909 "-" "-" 1193 0.001 [knime-keycloak-8443] [] ***HIDDEN***:8443 2909 0.004 200 722430d5-4122-43b6-9cdf-6852ed9e9633
***HIDDEN*** - - [21/Nov/2023:16:02:47 +0000] "GET /_/bff/execution/contexts/status?executionContextIds[]=9043c21d-150c-4de1-bee5-7e992ebd922d&executionContextIds[]=d7eec3d2-77ab-413a-9609-ccb8d4124108 HTTP/1.1" 200 130 "http://hub.kbh-troubleshooting.com/site/admin/execution-resources" "Mozilla/5.0 (Macintosh; Intel Mac OS X 10_15_7) AppleWebKit/537.36 (KHTML, like Gecko) Chrome/***HIDDEN*** Safari/537.36" 4174 0.033 [istio-system-istio-ingressgateway-443] [] ***HIDDEN***:8443 130 0.028 200 28324e7a9efbfea92459598dc952a93b
***HIDDEN*** - - [21/Nov/2023:16:02:47 +0000] "GET /auth/realms/knime/protocol/openid-connect/certs HTTP/1.1" 200 2909 "-" "Apache-HttpClient/4.5.14 (Java/17.0.9)" 1281 0.002 [knime-keycloak-8443] [] ***HIDDEN***:8443 2909 0.004 200 bab80314-f381-491f-bbea-1d2b14a5182b
***HIDDEN*** - - [21/Nov/2023:16:02:50 +0000] "GET /auth/realms/knime/.well-known/openid-configuration HTTP/1.1" 200 6344 "-" "axios/0.21.4" 1265 0.002 [knime-keycloak-8443] [] ***HIDDEN***:8443 6344 0.000 200 ad5169fa-a268-4ab0-a911-575cc2fb90d9
***HIDDEN*** - - [21/Nov/2023:16:02:50 +0000] "GET /auth/realms/knime/protocol/openid-connect/certs HTTP/1.1" 200 2909 "-" "-" 1193 0.002 [knime-keycloak-8443] [] ***HIDDEN***:8443 2909 0.000 200 fd562aaa-e36f-4b2e-bfdc-aed3434217ad
***HIDDEN*** - - [21/Nov/2023:16:02:50 +0000] "GET /_/bff/execution/contexts/status?executionContextIds[]=9043c21d-150c-4de1-bee5-7e992ebd922d&executionContextIds[]=d7eec3d2-77ab-413a-9609-ccb8d4124108 HTTP/1.1" 200 130 "http://hub.kbh-troubleshooting.com/site/admin/execution-resources" "Mozilla/5.0 (Macintosh; Intel Mac OS X 10_15_7) AppleWebKit/537.36 (KHTML, like Gecko) Chrome/***HIDDEN*** Safari/537.36" 4174 0.030 [istio-system-istio-ingressgateway-443] [] ***HIDDEN***:8443 130 0.028 200 512735603c12b7f8a548672ffa8142dc
***HIDDEN*** - - [21/Nov/2023:16:02:52 +0000] "GET /auth/realms/knime/protocol/openid-connect/certs HTTP/1.1" 200 2909 "-" "Apache-HttpClient/4.5.14 (Java/17.0.9)" 1281 0.002 [knime-keycloak-8443] [] ***HIDDEN***:8443 2909 0.004 200 927ffb32-73b2-4d63-994e-a3e8d626f9d5
***HIDDEN*** - - [21/Nov/2023:16:02:53 +0000] "GET /auth/realms/knime/.well-known/openid-configuration HTTP/1.1" 200 6344 "-" "axios/0.21.4" 1265 0.002 [knime-keycloak-8443] [] ***HIDDEN***:8443 6344 0.000 200 3a7934a0-88c0-416c-ae1a-8f5309c5cdb8
***HIDDEN*** - - [21/Nov/2023:16:02:53 +0000] "GET /auth/realms/knime/protocol/openid-connect/certs HTTP/1.1" 200 2909 "-" "-" 1193 0.002 [knime-keycloak-8443] [] ***HIDDEN***:8443 2909 0.000 200 05e214be-21fc-4e0b-8a37-1b80242b14bc
***HIDDEN*** - - [21/Nov/2023:16:02:53 +0000] "GET /_/bff/execution/contexts/status?executionContextIds[]=9043c21d-150c-4de1-bee5-7e992ebd922d&executionContextIds[]=d7eec3d2-77ab-413a-9609-ccb8d4124108 HTTP/1.1" 200 130 "http://hub.kbh-troubleshooting.com/site/admin/execution-resources" "Mozilla/5.0 (Macintosh; Intel Mac OS X 10_15_7) AppleWebKit/537.36 (KHTML, like Gecko) Chrome/***HIDDEN*** Safari/537.36" 4174 0.030 [istio-system-istio-ingressgateway-443] [] ***HIDDEN***:8443 130 0.028 200 ece41e6a774ac8fae36db042449da6fc
***HIDDEN*** - - [21/Nov/2023:16:02:56 +0000] "GET /auth/realms/knime/.well-known/openid-configuration HTTP/1.1" 200 6344 "-" "axios/0.21.4" 1265 0.001 [knime-keycloak-8443] [] ***HIDDEN***:8443 6344 0.000 200 04114a58-5cff-4ba5-a094-670444f9d9be
***HIDDEN*** - - [21/Nov/2023:16:02:56 +0000] "GET /auth/realms/knime/protocol/openid-connect/certs HTTP/1.1" 200 2909 "-" "-" 1193 0.001 [knime-keycloak-8443] [] ***HIDDEN***:8443 2909 0.000 200 4678b009-80cf-4c0f-a64b-19c03a7e2c33
***HIDDEN*** - - [21/Nov/2023:16:02:56 +0000] "GET /_/bff/execution/contexts/status?executionContextIds[]=9043c21d-150c-4de1-bee5-7e992ebd922d&executionContextIds[]=d7eec3d2-77ab-413a-9609-ccb8d4124108 HTTP/1.1" 200 130 "http://hub.kbh-troubleshooting.com/site/admin/execution-resources" "Mozilla/5.0 (Macintosh; Intel Mac OS X 10_15_7) AppleWebKit/537.36 (KHTML, like Gecko) Chrome/***HIDDEN*** Safari/537.36" 4174 0.031 [istio-system-istio-ingressgateway-443] [] ***HIDDEN***:8443 130 0.032 200 20545bce68e08c2dc5e52bf8e24c5e53
***HIDDEN*** - - [21/Nov/2023:16:02:57 +0000] "GET /auth/realms/knime/protocol/openid-connect/certs HTTP/1.1" 200 2909 "-" "Apache-HttpClient/4.5.14 (Java/17.0.9)" 1281 0.002 [knime-keycloak-8443] [] ***HIDDEN***:8443 2909 0.004 200 da0b762d-dea7-494f-bd29-56a367952c75
***HIDDEN*** - - [21/Nov/2023:16:02:59 +0000] "GET /auth/realms/knime/.well-known/openid-configuration HTTP/1.1" 200 6344 "-" "axios/0.21.4" 1265 0.002 [knime-keycloak-8443] [] ***HIDDEN***:8443 6344 0.000 200 f8773aa5-af00-4f30-b22c-d89ee901bd4f
***HIDDEN*** - - [21/Nov/2023:16:02:59 +0000] "GET /auth/realms/knime/protocol/openid-connect/certs HTTP/1.1" 200 2909 "-" "-" 1193 0.001 [knime-keycloak-8443] [] ***HIDDEN***:8443 2909 0.000 200 92e517f4-5d3e-4e6a-98de-f238b918a727
***HIDDEN*** - - [21/Nov/2023:16:02:59 +0000] "GET /_/bff/execution/contexts/status?executionContextIds[]=9043c21d-150c-4de1-bee5-7e992ebd922d&executionContextIds[]=d7eec3d2-77ab-413a-9609-ccb8d4124108 HTTP/1.1" 200 130 "http://hub.kbh-troubleshooting.com/site/admin/execution-resources" "Mozilla/5.0 (Macintosh; Intel Mac OS X 10_15_7) AppleWebKit/537.36 (KHTML, like Gecko) Chrome/***HIDDEN*** Safari/537.36" 4174 0.033 [istio-system-istio-ingressgateway-443] [] ***HIDDEN***:8443 130 0.032 200 ea260ce48a05eac087f323408333d449
***HIDDEN*** - - [21/Nov/2023:16:03:02 +0000] "GET /auth/realms/knime/.well-known/openid-configuration HTTP/1.1" 200 6344 "-" "axios/0.21.4" 1265 0.001 [knime-keycloak-8443] [] ***HIDDEN***:8443 6344 0.000 200 e991f6ac-6337-4ab4-9f09-703f505b0161
***HIDDEN*** - - [21/Nov/2023:16:03:02 +0000] "GET /auth/realms/knime/protocol/openid-connect/certs HTTP/1.1" 200 2909 "-" "-" 1193 0.001 [knime-keycloak-8443] [] ***HIDDEN***:8443 2909 0.000 200 151404f3-3bcb-489a-bfde-367a08f2ede3
***HIDDEN*** - - [21/Nov/2023:16:03:02 +0000] "GET /_/bff/execution/contexts/status?executionContextIds[]=9043c21d-150c-4de1-bee5-7e992ebd922d&executionContextIds[]=d7eec3d2-77ab-413a-9609-ccb8d4124108 HTTP/1.1" 200 130 "http://hub.kbh-troubleshooting.com/site/admin/execution-resources" "Mozilla/5.0 (Macintosh; Intel Mac OS X 10_15_7) AppleWebKit/537.36 (KHTML, like Gecko) Chrome/***HIDDEN*** Safari/537.36" 4174 0.029 [istio-system-istio-ingressgateway-443] [] ***HIDDEN***:8443 130 0.028 200 cde42b05730161850a731f9f2ae60765
***HIDDEN*** - - [21/Nov/2023:16:03:02 +0000] "GET /auth/realms/knime/protocol/openid-connect/certs HTTP/1.1" 200 2909 "-" "Apache-HttpClient/4.5.14 (Java/17.0.9)" 1281 0.001 [knime-keycloak-8443] [] ***HIDDEN***:8443 2909 0.004 200 26e5d737-07cf-4bbc-b168-08098319c91b
***HIDDEN*** - - [21/Nov/2023:16:03:05 +0000] "GET /auth/realms/knime/.well-known/openid-configuration HTTP/1.1" 200 6344 "-" "axios/0.21.4" 1265 0.002 [knime-keycloak-8443] [] ***HIDDEN***:8443 6344 0.000 200 31e3a81d-9016-4462-b809-920b0b03c6c0
***HIDDEN*** - - [21/Nov/2023:16:03:05 +0000] "GET /auth/realms/knime/protocol/openid-connect/certs HTTP/1.1" 200 2909 "-" "-" 1193 0.001 [knime-keycloak-8443] [] ***HIDDEN***:8443 2909 0.000 200 4ee30e8f-ab42-4ef3-8f65-35e85e53812a
***HIDDEN*** - - [21/Nov/2023:16:03:05 +0000] "GET /_/bff/execution/contexts/status?executionContextIds[]=9043c21d-150c-4de1-bee5-7e992ebd922d&executionContextIds[]=d7eec3d2-77ab-413a-9609-ccb8d4124108 HTTP/1.1" 200 130 "http://hub.kbh-troubleshooting.com/site/admin/execution-resources" "Mozilla/5.0 (Macintosh; Intel Mac OS X 10_15_7) AppleWebKit/537.36 (KHTML, like Gecko) Chrome/***HIDDEN*** Safari/537.36" 4174 0.031 [istio-system-istio-ingressgateway-443] [] ***HIDDEN***:8443 130 0.028 200 883da4e51f493163b1f6ce40b9934f34
***HIDDEN*** - - [21/Nov/2023:16:03:07 +0000] "GET /auth/realms/knime/protocol/openid-connect/certs HTTP/1.1" 200 2909 "-" "Apache-HttpClient/4.5.14 (Java/17.0.9)" 1281 0.001 [knime-keycloak-8443] [] ***HIDDEN***:8443 2909 0.004 200 2bb9f72f-bafe-4acd-b7cd-9c1d03e20ea7
***HIDDEN*** - - [21/Nov/2023:16:03:08 +0000] "GET /auth/realms/knime/.well-known/openid-configuration HTTP/1.1" 200 6344 "-" "axios/0.21.4" 1265 0.002 [knime-keycloak-8443] [] ***HIDDEN***:8443 6344 0.004 200 3b3be43a-ecc5-4aec-a62f-83e6efd17aba
***HIDDEN*** - - [21/Nov/2023:16:03:08 +0000] "GET /auth/realms/knime/protocol/openid-connect/certs HTTP/1.1" 200 2909 "-" "-" 1193 0.001 [knime-keycloak-8443] [] ***HIDDEN***:8443 2909 0.004 200 8877df10-ea23-4f99-9cd3-274a3ecaa5c7
***HIDDEN*** - - [21/Nov/2023:16:03:08 +0000] "GET /_/bff/execution/contexts/status?executionContextIds[]=9043c21d-150c-4de1-bee5-7e992ebd922d&executionContextIds[]=d7eec3d2-77ab-413a-9609-ccb8d4124108 HTTP/1.1" 200 130 "http://hub.kbh-troubleshooting.com/site/admin/execution-resources" "Mozilla/5.0 (Macintosh; Intel Mac OS X 10_15_7) AppleWebKit/537.36 (KHTML, like Gecko) Chrome/***HIDDEN*** Safari/537.36" 4174 0.031 [istio-system-istio-ingressgateway-443] [] ***HIDDEN***:8443 130 0.032 200 a9c6e215fe46782a9d036fb3196647f9
***HIDDEN*** - - [21/Nov/2023:16:03:11 +0000] "GET /auth/realms/knime/.well-known/openid-configuration HTTP/1.1" 200 6344 "-" "axios/0.21.4" 1265 0.002 [knime-keycloak-8443] [] ***HIDDEN***:8443 6344 0.004 200 71678108-8f01-4e4b-bf2e-d69ae1aca48d
***HIDDEN*** - - [21/Nov/2023:16:03:11 +0000] "GET /auth/realms/knime/protocol/openid-connect/certs HTTP/1.1" 200 2909 "-" "-" 1193 0.001 [knime-keycloak-8443] [] ***HIDDEN***:8443 2909 0.004 200 90a554c4-8839-46dd-addb-b19985d75fd4
***HIDDEN*** - - [21/Nov/2023:16:03:11 +0000] "GET /_/bff/execution/contexts/status?executionContextIds[]=9043c21d-150c-4de1-bee5-7e992ebd922d&executionContextIds[]=d7eec3d2-77ab-413a-9609-ccb8d4124108 HTTP/1.1" 200 130 "http://hub.kbh-troubleshooting.com/site/admin/execution-resources" "Mozilla/5.0 (Macintosh; Intel Mac OS X 10_15_7) AppleWebKit/537.36 (KHTML, like Gecko) Chrome/***HIDDEN*** Safari/537.36" 4174 0.031 [istio-system-istio-ingressgateway-443] [] ***HIDDEN***:8443 130 0.028 200 86f867806522e27e8ba00912d9031798
***HIDDEN*** - - [21/Nov/2023:16:03:12 +0000] "GET /auth/realms/knime/protocol/openid-connect/certs HTTP/1.1" 200 2909 "-" "Apache-HttpClient/4.5.14 (Java/17.0.9)" 1281 0.002 [knime-keycloak-8443] [] ***HIDDEN***:8443 2909 0.004 200 74816b42-2d5f-450c-ba0d-4065a3ee7906
***HIDDEN*** - - [21/Nov/2023:16:03:14 +0000] "GET /auth/realms/knime/.well-known/openid-configuration HTTP/1.1" 200 6344 "-" "axios/0.21.4" 1265 0.002 [knime-keycloak-8443] [] ***HIDDEN***:8443 6344 0.000 200 0f58ecd8-413e-43d9-acb4-6f634aa7cc40
***HIDDEN*** - - [21/Nov/2023:16:03:14 +0000] "GET /auth/realms/knime/protocol/openid-connect/certs HTTP/1.1" 200 2909 "-" "-" 1193 0.002 [knime-keycloak-8443] [] ***HIDDEN***:8443 2909 0.000 200 7701c5e2-2f3e-4791-85e9-56024681a528
***HIDDEN*** - - [21/Nov/2023:16:03:14 +0000] "GET /_/bff/execution/contexts/status?executionContextIds[]=9043c21d-150c-4de1-bee5-7e992ebd922d&executionContextIds[]=d7eec3d2-77ab-413a-9609-ccb8d4124108 HTTP/1.1" 200 130 "http://hub.kbh-troubleshooting.com/site/admin/execution-resources" "Mozilla/5.0 (Macintosh; Intel Mac OS X 10_15_7) AppleWebKit/537.36 (KHTML, like Gecko) Chrome/***HIDDEN*** Safari/537.36" 4174 0.031 [istio-system-istio-ingressgateway-443] [] ***HIDDEN***:8443 130 0.028 200 443c198303379c00e78403f2e5812e6d
***HIDDEN*** - - [21/Nov/2023:16:03:17 +0000] "GET /auth/realms/knime/.well-known/openid-configuration HTTP/1.1" 200 6344 "-" "axios/0.21.4" 1265 0.002 [knime-keycloak-8443] [] ***HIDDEN***:8443 6344 0.004 200 67e73249-aa6d-4854-bb96-38c545dd3884
***HIDDEN*** - - [21/Nov/2023:16:03:17 +0000] "GET /auth/realms/knime/protocol/openid-connect/certs HTTP/1.1" 200 2909 "-" "Apache-HttpClient/4.5.14 (Java/17.0.9)" 1281 0.002 [knime-keycloak-8443] [] ***HIDDEN***:8443 2909 0.004 200 4c8bae15-537e-4a91-a5bd-f9f751deb74c
***HIDDEN*** - - [21/Nov/2023:16:03:17 +0000] "GET /auth/realms/knime/protocol/openid-connect/certs HTTP/1.1" 200 2909 "-" "-" 1193 0.001 [knime-keycloak-8443] [] ***HIDDEN***:8443 2909 0.004 200 4dc2f88b-18b8-4915-a30a-a4d6aff125f3
***HIDDEN*** - - [21/Nov/2023:16:03:17 +0000] "GET /_/bff/execution/contexts/status?executionContextIds[]=9043c21d-150c-4de1-bee5-7e992ebd922d&executionContextIds[]=d7eec3d2-77ab-413a-9609-ccb8d4124108 HTTP/1.1" 200 130 "http://hub.kbh-troubleshooting.com/site/admin/execution-resources" "Mozilla/5.0 (Macintosh; Intel Mac OS X 10_15_7) AppleWebKit/537.36 (KHTML, like Gecko) Chrome/***HIDDEN*** Safari/537.36" 4174 0.030 [istio-system-istio-ingressgateway-443] [] ***HIDDEN***:8443 130 0.028 200 bb4e60ea2a88e246083fd16db3900953
***HIDDEN*** - - [21/Nov/2023:16:03:20 +0000] "OPTIONS /execution-status/execution-contexts/d7eec3d2-77ab-413a-9609-ccb8d4124108/stop HTTP/1.1" 200 0 "http://hub.kbh-troubleshooting.com/" "Mozilla/5.0 (Macintosh; Intel Mac OS X 10_15_7) AppleWebKit/537.36 (KHTML, like Gecko) Chrome/***HIDDEN*** Safari/537.36" 578 0.003 [istio-system-istio-ingressgateway-443] [] ***HIDDEN***:8443 0 0.000 200 27c90a358a4810dc14a5c86d8fcf467c
***HIDDEN*** - - [21/Nov/2023:16:03:20 +0000] "PUT /execution-status/execution-contexts/d7eec3d2-77ab-413a-9609-ccb8d4124108/stop HTTP/1.1" 200 0 "http://hub.kbh-troubleshooting.com/" "Mozilla/5.0 (Macintosh; Intel Mac OS X 10_15_7) AppleWebKit/537.36 (KHTML, like Gecko) Chrome/***HIDDEN*** Safari/537.36" 4188 0.031 [istio-system-istio-ingressgateway-443] [] ***HIDDEN***:8443 0 0.028 200 143458ea9627c6742c5269dbb7c9e146
***HIDDEN*** - - [21/Nov/2023:16:03:20 +0000] "OPTIONS /execution-status/execution-contexts/d7eec3d2-77ab-413a-9609-ccb8d4124108 HTTP/1.1" 200 0 "http://hub.kbh-troubleshooting.com/" "Mozilla/5.0 (Macintosh; Intel Mac OS X 10_15_7) AppleWebKit/537.36 (KHTML, like Gecko) Chrome/***HIDDEN*** Safari/537.36" 573 0.003 [istio-system-istio-ingressgateway-443] [] ***HIDDEN***:8443 0 0.000 200 9de1e23d14a76c2eb187da332df801ae
***HIDDEN*** - - [21/Nov/2023:16:03:20 +0000] "GET /execution-status/execution-contexts/d7eec3d2-77ab-413a-9609-ccb8d4124108 HTTP/1.1" 200 27 "http://hub.kbh-troubleshooting.com/" "Mozilla/5.0 (Macintosh; Intel Mac OS X 10_15_7) AppleWebKit/537.36 (KHTML, like Gecko) Chrome/***HIDDEN*** Safari/537.36" 4115 0.020 [istio-system-istio-ingressgateway-443] [] ***HIDDEN***:8443 27 0.020 200 f8dd6a3d6396f748d77cd5a577572424
***HIDDEN*** - - [21/Nov/2023:16:03:21 +0000] "GET /auth/realms/knime/.well-known/openid-configuration HTTP/1.1" 200 6344 "-" "axios/0.21.4" 1265 0.002 [knime-keycloak-8443] [] ***HIDDEN***:8443 6344 0.004 200 faaafc75-e4c0-4f41-b1cd-2276bd91a30c
***HIDDEN*** - - [21/Nov/2023:16:03:21 +0000] "GET /auth/realms/knime/protocol/openid-connect/certs HTTP/1.1" 200 2909 "-" "-" 1193 0.001 [knime-keycloak-8443] [] ***HIDDEN***:8443 2909 0.004 200 3a580ee7-417f-4081-98cf-98a643936209
***HIDDEN*** - - [21/Nov/2023:16:03:21 +0000] "GET /_/bff/execution/contexts/status?executionContextIds[]=9043c21d-150c-4de1-bee5-7e992ebd922d&executionContextIds[]=d7eec3d2-77ab-413a-9609-ccb8d4124108 HTTP/1.1" 200 127 "http://hub.kbh-troubleshooting.com/site/admin/execution-resources" "Mozilla/5.0 (Macintosh; Intel Mac OS X 10_15_7) AppleWebKit/537.36 (KHTML, like Gecko) Chrome/***HIDDEN*** Safari/537.36" 4174 0.031 [istio-system-istio-ingressgateway-443] [] ***HIDDEN***:8443 127 0.032 200 51fb8494cd3b2601ef2e6488926bca91
***HIDDEN*** - - [21/Nov/2023:16:03:22 +0000] "GET /auth/realms/knime/protocol/openid-connect/certs HTTP/1.1" 200 2909 "-" "Apache-HttpClient/4.5.14 (Java/17.0.9)" 1281 0.001 [knime-keycloak-8443] [] ***HIDDEN***:8443 2909 0.004 200 04793413-388d-4209-b423-6fbf505790d1
***HIDDEN*** - - [21/Nov/2023:16:03:24 +0000] "GET /auth/realms/knime/.well-known/openid-configuration HTTP/1.1" 200 6344 "-" "axios/0.21.4" 1265 0.002 [knime-keycloak-8443] [] ***HIDDEN***:8443 6344 0.000 200 734419eb-3cc2-4eab-bf63-db28de8bbb70
***HIDDEN*** - - [21/Nov/2023:16:03:24 +0000] "GET /auth/realms/knime/protocol/openid-connect/certs HTTP/1.1" 200 2909 "-" "-" 1193 0.001 [knime-keycloak-8443] [] ***HIDDEN***:8443 2909 0.000 200 a98ec973-144d-4550-af31-b9417dea1e9e
***HIDDEN*** - - [21/Nov/2023:16:03:24 +0000] "GET /_/bff/execution/contexts/status?executionContextIds[]=9043c21d-150c-4de1-bee5-7e992ebd922d&executionContextIds[]=d7eec3d2-77ab-413a-9609-ccb8d4124108 HTTP/1.1" 200 127 "http://hub.kbh-troubleshooting.com/site/admin/execution-resources" "Mozilla/5.0 (Macintosh; Intel Mac OS X 10_15_7) AppleWebKit/537.36 (KHTML, like Gecko) Chrome/***HIDDEN*** Safari/537.36" 4174 0.029 [istio-system-istio-ingressgateway-443] [] ***HIDDEN***:8443 127 0.028 200 60aaab714855c6361cf09f40972337c2
***HIDDEN*** - - [21/Nov/2023:16:03:24 +0000] "OPTIONS /execution-contexts/d7eec3d2-77ab-413a-9609-ccb8d4124108 HTTP/1.1" 200 0 "http://hub.kbh-troubleshooting.com/" "Mozilla/5.0 (Macintosh; Intel Mac OS X 10_15_7) AppleWebKit/537.36 (KHTML, like Gecko) Chrome/***HIDDEN*** Safari/537.36" 559 0.001 [istio-system-istio-ingressgateway-443] [] ***HIDDEN***:8443 0 0.000 200 fa2614ef7d4cd691aaeaec2f7d1b3587
***HIDDEN*** - - [21/Nov/2023:16:03:24 +0000] "DELETE /execution-contexts/d7eec3d2-77ab-413a-9609-ccb8d4124108 HTTP/1.1" 400 124 "http://hub.kbh-troubleshooting.com/" "Mozilla/5.0 (Macintosh; Intel Mac OS X 10_15_7) AppleWebKit/537.36 (KHTML, like Gecko) Chrome/***HIDDEN*** Safari/537.36" 4101 0.017 [istio-system-istio-ingressgateway-443] [] ***HIDDEN***:8443 124 0.016 400 56642192ccfee6fe18a2d6a2b996919a
***HIDDEN*** - - [21/Nov/2023:16:03:27 +0000] "GET /auth/realms/knime/.well-known/openid-configuration HTTP/1.1" 200 6344 "-" "axios/0.21.4" 1265 0.002 [knime-keycloak-8443] [] ***HIDDEN***:8443 6344 0.004 200 4e0bfbbe-63b6-45f2-81aa-745b2184dc18
***HIDDEN*** - - [21/Nov/2023:16:03:27 +0000] "GET /auth/realms/knime/protocol/openid-connect/certs HTTP/1.1" 200 2909 "-" "-" 1193 0.002 [knime-keycloak-8443] [] ***HIDDEN***:8443 2909 0.000 200 69074f02-a631-4c91-af80-3ba0a6cba60c
***HIDDEN*** - - [21/Nov/2023:16:03:27 +0000] "GET /_/bff/execution/contexts/status?executionContextIds[]=9043c21d-150c-4de1-bee5-7e992ebd922d&executionContextIds[]=d7eec3d2-77ab-413a-9609-ccb8d4124108 HTTP/1.1" 200 132 "http://hub.kbh-troubleshooting.com/site/admin/execution-resources" "Mozilla/5.0 (Macintosh; Intel Mac OS X 10_15_7) AppleWebKit/537.36 (KHTML, like Gecko) Chrome/***HIDDEN*** Safari/537.36" 4174 0.036 [istio-system-istio-ingressgateway-443] [] ***HIDDEN***:8443 132 0.036 200 6f2905823c1abc77a1f0a4fc67b27d9e
***HIDDEN*** - - [21/Nov/2023:16:03:27 +0000] "GET /auth/realms/knime/protocol/openid-connect/certs HTTP/1.1" 200 2909 "-" "Apache-HttpClient/4.5.14 (Java/17.0.9)" 1281 0.002 [knime-keycloak-8443] [] ***HIDDEN***:8443 2909 0.004 200 b2bd796a-57e6-417b-b175-4e8d9ca977fb
***HIDDEN*** - - [21/Nov/2023:16:03:30 +0000] "GET /auth/realms/knime/.well-known/openid-configuration HTTP/1.1" 200 6344 "-" "axios/0.21.4" 1265 0.002 [knime-keycloak-8443] [] ***HIDDEN***:8443 6344 0.004 200 9bf86a68-d543-4e05-9388-517a0bdc3183
***HIDDEN*** - - [21/Nov/2023:16:03:30 +0000] "GET /auth/realms/knime/protocol/openid-connect/certs HTTP/1.1" 200 2909 "-" "-" 1193 0.001 [knime-keycloak-8443] [] ***HIDDEN***:8443 2909 0.004 200 0b39685b-c642-485e-aadd-7f73dacde999
***HIDDEN*** - - [21/Nov/2023:16:03:30 +0000] "GET /_/bff/execution/contexts/status?executionContextIds[]=9043c21d-150c-4de1-bee5-7e992ebd922d&executionContextIds[]=d7eec3d2-77ab-413a-9609-ccb8d4124108 HTTP/1.1" 200 127 "http://hub.kbh-troubleshooting.com/site/admin/execution-resources" "Mozilla/5.0 (Macintosh; Intel Mac OS X 10_15_7) AppleWebKit/537.36 (KHTML, like Gecko) Chrome/***HIDDEN*** Safari/537.36" 4174 0.030 [istio-system-istio-ingressgateway-443] [] ***HIDDEN***:8443 127 0.028 200 594524dd476b491cdda06f03fa44f776
***HIDDEN*** - - [21/Nov/2023:16:03:31 +0000] "OPTIONS /execution-contexts/d7eec3d2-77ab-413a-9609-ccb8d4124108 HTTP/1.1" 200 0 "http://hub.kbh-troubleshooting.com/" "Mozilla/5.0 (Macintosh; Intel Mac OS X 10_15_7) AppleWebKit/537.36 (KHTML, like Gecko) Chrome/***HIDDEN*** Safari/537.36" 569 0.001 [istio-system-istio-ingressgateway-443] [] ***HIDDEN***:8443 0 0.000 200 1ab1f0d7c62fb34c2d49a23b04ed040b
***HIDDEN*** - - [21/Nov/2023:16:03:31 +0000] "PUT /execution-contexts/d7eec3d2-77ab-413a-9609-ccb8d4124108 HTTP/1.1" 200 2573 "http://hub.kbh-troubleshooting.com/" "Mozilla/5.0 (Macintosh; Intel Mac OS X 10_15_7) AppleWebKit/537.36 (KHTML, like Gecko) Chrome/***HIDDEN*** Safari/537.36" 4169 0.054 [istio-system-istio-ingressgateway-443] [] ***HIDDEN***:8443 2579 0.052 200 1b0749f579e08a9ef7e32c5338ef33a7
***HIDDEN*** - - [21/Nov/2023:16:03:31 +0000] "OPTIONS /execution/limits/hub:global/global-cpu-cores HTTP/1.1" 200 0 "http://hub.kbh-troubleshooting.com/" "Mozilla/5.0 (Macintosh; Intel Mac OS X 10_15_7) AppleWebKit/537.36 (KHTML, like Gecko) Chrome/***HIDDEN*** Safari/537.36" 545 0.001 [istio-system-istio-ingressgateway-443] [] ***HIDDEN***:8443 0 0.000 200 4bb4e4b5bccf7f2954eabe05b2870956
***HIDDEN*** - - [21/Nov/2023:16:03:31 +0000] "OPTIONS /execution/limits/hub:global/execution-contexts HTTP/1.1" 200 0 "http://hub.kbh-troubleshooting.com/" "Mozilla/5.0 (Macintosh; Intel Mac OS X 10_15_7) AppleWebKit/537.36 (KHTML, like Gecko) Chrome/***HIDDEN*** Safari/537.36" 547 0.000 [istio-system-istio-ingressgateway-443] [] ***HIDDEN***:8443 0 0.000 200 7a5ceea241309c70fd2ac44309b2d299
***HIDDEN*** - - [21/Nov/2023:16:03:31 +0000] "GET /execution/limits/hub:global/global-cpu-cores HTTP/1.1" 200 29 "http://hub.kbh-troubleshooting.com/" "Mozilla/5.0 (Macintosh; Intel Mac OS X 10_15_7) AppleWebKit/537.36 (KHTML, like Gecko) Chrome/***HIDDEN*** Safari/537.36" 4087 0.011 [istio-system-istio-ingressgateway-443] [] ***HIDDEN***:8443 29 0.008 200 1451b5b8458c808a36d9342c4dee6699
***HIDDEN*** - - [21/Nov/2023:16:03:31 +0000] "GET /execution/limits/hub:global/execution-contexts HTTP/1.1" 200 37 "http://hub.kbh-troubleshooting.com/" "Mozilla/5.0 (Macintosh; Intel Mac OS X 10_15_7) AppleWebKit/537.36 (KHTML, like Gecko) Chrome/***HIDDEN*** Safari/537.36" 4089 0.008 [istio-system-istio-ingressgateway-443] [] ***HIDDEN***:8443 37 0.004 200 b9d78ab603cf7eb4d3fb302c14016d67
***HIDDEN*** - - [21/Nov/2023:16:03:32 +0000] "GET /auth/realms/knime/protocol/openid-connect/certs HTTP/1.1" 200 2909 "-" "Apache-HttpClient/4.5.14 (Java/17.0.9)" 1281 0.002 [knime-keycloak-8443] [] ***HIDDEN***:8443 2909 0.004 200 a8602162-59b3-4d87-a185-aea0da2c7974
***HIDDEN*** - - [21/Nov/2023:16:03:33 +0000] "GET /auth/realms/knime/.well-known/openid-configuration HTTP/1.1" 200 6344 "-" "axios/0.21.4" 1265 0.002 [knime-keycloak-8443] [] ***HIDDEN***:8443 6344 0.004 200 ae31727c-b365-49d0-9b1c-3c54473caff1
***HIDDEN*** - - [21/Nov/2023:16:03:33 +0000] "GET /auth/realms/knime/protocol/openid-connect/certs HTTP/1.1" 200 2909 "-" "-" 1193 0.002 [knime-keycloak-8443] [] ***HIDDEN***:8443 2909 0.004 200 b65f8dd8-9ad4-4df6-8bf1-3bb9a124c5fb
***HIDDEN*** - - [21/Nov/2023:16:03:33 +0000] "GET /_/bff/execution/contexts/status?executionContextIds[]=9043c21d-150c-4de1-bee5-7e992ebd922d HTTP/1.1" 200 97 "http://hub.kbh-troubleshooting.com/site/admin/execution-resources" "Mozilla/5.0 (Macintosh; Intel Mac OS X 10_15_7) AppleWebKit/537.36 (KHTML, like Gecko) Chrome/***HIDDEN*** Safari/537.36" 4115 0.028 [istio-system-istio-ingressgateway-443] [] ***HIDDEN***:8443 97 0.024 200 24bea87b130ab6ef2f2438056df5d7bd
***HIDDEN*** - - [21/Nov/2023:16:03:34 +0000] "DELETE /execution-contexts/d7eec3d2-77ab-413a-9609-ccb8d4124108 HTTP/1.1" 204 0 "http://hub.kbh-troubleshooting.com/" "Mozilla/5.0 (Macintosh; Intel Mac OS X 10_15_7) AppleWebKit/537.36 (KHTML, like Gecko) Chrome/***HIDDEN*** Safari/537.36" 4101 0.094 [istio-system-istio-ingressgateway-443] [] ***HIDDEN***:8443 0 0.092 204 1a89bcbe9ff23711d20fe9ab3630a7ec
***HIDDEN*** - - [21/Nov/2023:16:03:34 +0000] "GET /execution/limits/hub:global/global-cpu-cores HTTP/1.1" 200 29 "http://hub.kbh-troubleshooting.com/" "Mozilla/5.0 (Macintosh; Intel Mac OS X 10_15_7) AppleWebKit/537.36 (KHTML, like Gecko) Chrome/***HIDDEN*** Safari/537.36" 4087 0.012 [istio-system-istio-ingressgateway-443] [] ***HIDDEN***:8443 29 0.008 200 1809d439709485449f46ef77242e4ab2
***HIDDEN*** - - [21/Nov/2023:16:03:34 +0000] "GET /execution/limits/hub:global/execution-contexts HTTP/1.1" 200 37 "http://hub.kbh-troubleshooting.com/" "Mozilla/5.0 (Macintosh; Intel Mac OS X 10_15_7) AppleWebKit/537.36 (KHTML, like Gecko) Chrome/***HIDDEN*** Safari/537.36" 4089 0.010 [istio-system-istio-ingressgateway-443] [] ***HIDDEN***:8443 37 0.008 200 1aa6cb02597367140f0211fe73eaadc5
***HIDDEN*** - - [21/Nov/2023:16:03:36 +0000] "GET /auth/realms/knime/.well-known/openid-configuration HTTP/1.1" 200 6344 "-" "axios/0.21.4" 1265 0.003 [knime-keycloak-8443] [] ***HIDDEN***:8443 6344 0.004 200 1a0fb0b8-7e00-4566-883f-8e599dfe1b2b
***HIDDEN*** - - [21/Nov/2023:16:03:36 +0000] "GET /auth/realms/knime/protocol/openid-connect/certs HTTP/1.1" 200 2909 "-" "-" 1193 0.001 [knime-keycloak-8443] [] ***HIDDEN***:8443 2909 0.004 200 aece3cde-daad-4d9e-884e-4d59a67c5a9e
***HIDDEN*** - - [21/Nov/2023:16:03:36 +0000] "GET /_/bff/execution/contexts/status?executionContextIds[]=9043c21d-150c-4de1-bee5-7e992ebd922d HTTP/1.1" 200 92 "http://hub.kbh-troubleshooting.com/site/admin/execution-resources" "Mozilla/5.0 (Macintosh; Intel Mac OS X 10_15_7) AppleWebKit/537.36 (KHTML, like Gecko) Chrome/***HIDDEN*** Safari/537.36" 4115 0.029 [istio-system-istio-ingressgateway-443] [] ***HIDDEN***:8443 92 0.028 200 f16356a1e72bb1fb8ba4d26bd7ea3270
***HIDDEN*** - - [21/Nov/2023:16:03:37 +0000] "GET /auth/realms/knime/protocol/openid-connect/certs HTTP/1.1" 200 2909 "-" "Apache-HttpClient/4.5.14 (Java/17.0.9)" 1281 0.002 [knime-keycloak-8443] [] ***HIDDEN***:8443 2909 0.004 200 cee20624-532d-483a-9f5e-492852c58d8b
***HIDDEN*** - - [21/Nov/2023:16:03:39 +0000] "GET /auth/realms/knime/.well-known/openid-configuration HTTP/1.1" 200 6344 "-" "axios/0.21.4" 1265 0.002 [knime-keycloak-8443] [] ***HIDDEN***:8443 6344 0.004 200 cc46a423-e69d-4179-8c5b-1c9f0905e47a
***HIDDEN*** - - [21/Nov/2023:16:03:39 +0000] "GET /auth/realms/knime/protocol/openid-connect/certs HTTP/1.1" 200 2909 "-" "-" 1193 0.001 [knime-keycloak-8443] [] ***HIDDEN***:8443 2909 0.000 200 3ee015cc-b0ee-4cd5-b480-cbdefc7143a5
***HIDDEN*** - - [21/Nov/2023:16:03:39 +0000] "GET /_/bff/execution/contexts/status?executionContextIds[]=9043c21d-150c-4de1-bee5-7e992ebd922d HTTP/1.1" 200 97 "http://hub.kbh-troubleshooting.com/site/admin/execution-resources" "Mozilla/5.0 (Macintosh; Intel Mac OS X 10_15_7) AppleWebKit/537.36 (KHTML, like Gecko) Chrome/***HIDDEN*** Safari/537.36" 4115 0.030 [istio-system-istio-ingressgateway-443] [] ***HIDDEN***:8443 97 0.028 200 db4d2d234c6520c7a4c45ae5a3c960cf
***HIDDEN*** - - [21/Nov/2023:16:03:42 +0000] "GET /auth/realms/knime/.well-known/openid-configuration HTTP/1.1" 200 6344 "-" "axios/0.21.4" 1265 0.002 [knime-keycloak-8443] [] ***HIDDEN***:8443 6344 0.000 200 ce5380f5-4cd2-472e-8526-b2d3e91617df
***HIDDEN*** - - [21/Nov/2023:16:03:42 +0000] "GET /auth/realms/knime/protocol/openid-connect/certs HTTP/1.1" 200 2909 "-" "-" 1193 0.001 [knime-keycloak-8443] [] ***HIDDEN***:8443 2909 0.000 200 262e61d7-f203-437e-8c27-eed4962d321f
***HIDDEN*** - - [21/Nov/2023:16:03:42 +0000] "GET /_/bff/execution/contexts/status?executionContextIds[]=9043c21d-150c-4de1-bee5-7e992ebd922d HTTP/1.1" 200 92 "http://hub.kbh-troubleshooting.com/site/admin/execution-resources" "Mozilla/5.0 (Macintosh; Intel Mac OS X 10_15_7) AppleWebKit/537.36 (KHTML, like Gecko) Chrome/***HIDDEN*** Safari/537.36" 4115 0.030 [istio-system-istio-ingressgateway-443] [] ***HIDDEN***:8443 92 0.028 200 84c3ad469bb53b5cc76f1b1098801377
***HIDDEN*** - - [21/Nov/2023:16:03:42 +0000] "GET /auth/realms/knime/protocol/openid-connect/certs HTTP/1.1" 200 2909 "-" "Apache-HttpClient/4.5.14 (Java/17.0.9)" 1281 0.002 [knime-keycloak-8443] [] ***HIDDEN***:8443 2909 0.000 200 be0e238a-f513-4280-b66f-5d41aeef42b8
***HIDDEN*** - - [21/Nov/2023:16:03:45 +0000] "GET /auth/realms/knime/.well-known/openid-configuration HTTP/1.1" 200 6344 "-" "axios/0.21.4" 1265 0.002 [knime-keycloak-8443] [] ***HIDDEN***:8443 6344 0.004 200 8b7b5b61-7bc3-44b0-8bd5-acf7ea386039
***HIDDEN*** - - [21/Nov/2023:16:03:45 +0000] "GET /auth/realms/knime/protocol/openid-connect/certs HTTP/1.1" 200 2909 "-" "-" 1193 0.001 [knime-keycloak-8443] [] ***HIDDEN***:8443 2909 0.000 200 119ce853-5bd4-4056-b513-48e3826870d8
***HIDDEN*** - - [21/Nov/2023:16:03:45 +0000] "GET /_/bff/execution/contexts/status?executionContextIds[]=9043c21d-150c-4de1-bee5-7e992ebd922d HTTP/1.1" 200 92 "http://hub.kbh-troubleshooting.com/site/admin/execution-resources" "Mozilla/5.0 (Macintosh; Intel Mac OS X 10_15_7) AppleWebKit/537.36 (KHTML, like Gecko) Chrome/***HIDDEN*** Safari/537.36" 4115 0.029 [istio-system-istio-ingressgateway-443] [] ***HIDDEN***:8443 92 0.028 200 348657e88043a8b85c8958a93ee167f5
***HIDDEN*** - - [21/Nov/2023:16:03:47 +0000] "GET /auth/realms/knime/protocol/openid-connect/certs HTTP/1.1" 200 2909 "-" "Apache-HttpClient/4.5.14 (Java/17.0.9)" 1281 0.002 [knime-keycloak-8443] [] ***HIDDEN***:8443 2909 0.004 200 5d7074a0-a9d9-467d-a573-8a1e630ecc8e
***HIDDEN*** - - [21/Nov/2023:16:03:48 +0000] "GET /auth/realms/knime/.well-known/openid-configuration HTTP/1.1" 200 6344 "-" "axios/0.21.4" 1265 0.002 [knime-keycloak-8443] [] ***HIDDEN***:8443 6344 0.004 200 410e37dd-5349-4dbe-b6f8-e33bcdfaa281
***HIDDEN*** - - [21/Nov/2023:16:03:48 +0000] "GET /auth/realms/knime/protocol/openid-connect/certs HTTP/1.1" 200 2909 "-" "-" 1193 0.001 [knime-keycloak-8443] [] ***HIDDEN***:8443 2909 0.004 200 16c3eb4a-ffcc-4bda-abbd-ad6819466732
***HIDDEN*** - - [21/Nov/2023:16:03:48 +0000] "GET /_/bff/execution/contexts/status?executionContextIds[]=9043c21d-150c-4de1-bee5-7e992ebd922d HTTP/1.1" 200 92 "http://hub.kbh-troubleshooting.com/site/admin/execution-resources" "Mozilla/5.0 (Macintosh; Intel Mac OS X 10_15_7) AppleWebKit/537.36 (KHTML, like Gecko) Chrome/***HIDDEN*** Safari/537.36" 4115 0.029 [istio-system-istio-ingressgateway-443] [] ***HIDDEN***:8443 92 0.028 200 ea6b3bb2ae7dc26d6989b3b05096be81
***HIDDEN*** - - [21/Nov/2023:16:03:51 +0000] "GET /auth/realms/knime/.well-known/openid-configuration HTTP/1.1" 200 6344 "-" "axios/0.21.4" 1265 0.002 [knime-keycloak-8443] [] ***HIDDEN***:8443 6344 0.000 200 6ed516f8-4bb2-4e4c-a2ca-b7428b55e335
***HIDDEN*** - - [21/Nov/2023:16:03:51 +0000] "GET /auth/realms/knime/protocol/openid-connect/certs HTTP/1.1" 200 2909 "-" "-" 1193 0.001 [knime-keycloak-8443] [] ***HIDDEN***:8443 2909 0.000 200 0ca16066-15e7-4115-98c5-4510f3f916ac
***HIDDEN*** - - [21/Nov/2023:16:03:51 +0000] "GET /_/bff/execution/contexts/status?executionContextIds[]=9043c21d-150c-4de1-bee5-7e992ebd922d HTTP/1.1" 200 92 "http://hub.kbh-troubleshooting.com/site/admin/execution-resources" "Mozilla/5.0 (Macintosh; Intel Mac OS X 10_15_7) AppleWebKit/537.36 (KHTML, like Gecko) Chrome/***HIDDEN*** Safari/537.36" 4115 0.029 [istio-system-istio-ingressgateway-443] [] ***HIDDEN***:8443 92 0.024 200 970cb5fe5f4812fd78960bfd2c26fcff
***HIDDEN*** - - [21/Nov/2023:16:03:52 +0000] "GET /auth/realms/knime/protocol/openid-connect/certs HTTP/1.1" 200 2909 "-" "Apache-HttpClient/4.5.14 (Java/17.0.9)" 1281 0.001 [knime-keycloak-8443] [] ***HIDDEN***:8443 2909 0.004 200 8e283725-56be-46ee-ae90-588ea77a8d02
***HIDDEN*** - - [21/Nov/2023:16:03:54 +0000] "GET /auth/realms/knime/.well-known/openid-configuration HTTP/1.1" 200 6344 "-" "axios/0.21.4" 1265 0.002 [knime-keycloak-8443] [] ***HIDDEN***:8443 6344 0.004 200 84fa69e6-942a-4b1b-806c-5d708c71a804
***HIDDEN*** - - [21/Nov/2023:16:03:54 +0000] "GET /auth/realms/knime/protocol/openid-connect/certs HTTP/1.1" 200 2909 "-" "-" 1193 0.001 [knime-keycloak-8443] [] ***HIDDEN***:8443 2909 0.000 200 11852962-c56e-4331-a551-892856faf61b
***HIDDEN*** - - [21/Nov/2023:16:03:54 +0000] "GET /_/bff/execution/contexts/status?executionContextIds[]=9043c21d-150c-4de1-bee5-7e992ebd922d HTTP/1.1" 200 92 "http://hub.kbh-troubleshooting.com/site/admin/execution-resources" "Mozilla/5.0 (Macintosh; Intel Mac OS X 10_15_7) AppleWebKit/537.36 (KHTML, like Gecko) Chrome/***HIDDEN*** Safari/537.36" 4115 0.029 [istio-system-istio-ingressgateway-443] [] ***HIDDEN***:8443 92 0.028 200 e1b4514c980b256773cfafe10a8c9597
***HIDDEN*** - - [21/Nov/2023:16:03:57 +0000] "GET /auth/realms/knime/protocol/openid-connect/certs HTTP/1.1" 200 2909 "-" "Apache-HttpClient/4.5.14 (Java/17.0.9)" 1281 0.002 [knime-keycloak-8443] [] ***HIDDEN***:8443 2909 0.004 200 33ca3022-42ca-47db-a74a-c5f45830494e
***HIDDEN*** - - [21/Nov/2023:16:03:58 +0000] "GET /auth/realms/knime/.well-known/openid-configuration HTTP/1.1" 200 6344 "-" "axios/0.21.4" 1265 0.002 [knime-keycloak-8443] [] ***HIDDEN***:8443 6344 0.000 200 9edf97fd-db5b-46c6-b3bf-30bb4f1fe300
***HIDDEN*** - - [21/Nov/2023:16:03:58 +0000] "GET /auth/realms/knime/protocol/openid-connect/certs HTTP/1.1" 200 2909 "-" "-" 1193 0.001 [knime-keycloak-8443] [] ***HIDDEN***:8443 2909 0.000 200 de889e5c-30af-41bb-9ccc-47d2d4dbbbd0
***HIDDEN*** - - [21/Nov/2023:16:03:58 +0000] "GET /_/bff/execution/contexts/status?executionContextIds[]=9043c21d-150c-4de1-bee5-7e992ebd922d HTTP/1.1" 200 97 "http://hub.kbh-troubleshooting.com/site/admin/execution-resources" "Mozilla/5.0 (Macintosh; Intel Mac OS X 10_15_7) AppleWebKit/537.36 (KHTML, like Gecko) Chrome/***HIDDEN*** Safari/537.36" 4115 0.031 [istio-system-istio-ingressgateway-443] [] ***HIDDEN***:8443 97 0.028 200 5f47613f3181cffdb9fb3d4bc33f480f
***HIDDEN*** - - [21/Nov/2023:16:04:01 +0000] "GET /auth/realms/knime/.well-known/openid-configuration HTTP/1.1" 200 6344 "-" "axios/0.21.4" 1265 0.003 [knime-keycloak-8443] [] ***HIDDEN***:8443 6344 0.004 200 41072195-9add-4a56-a5a4-4d90611f6678
***HIDDEN*** - - [21/Nov/2023:16:04:01 +0000] "GET /auth/realms/knime/protocol/openid-connect/certs HTTP/1.1" 200 2909 "-" "-" 1193 0.002 [knime-keycloak-8443] [] ***HIDDEN***:8443 2909 0.004 200 436a208f-ce0a-4260-a953-40da6bf8e51c
***HIDDEN*** - - [21/Nov/2023:16:04:01 +0000] "GET /_/bff/execution/contexts/status?executionContextIds[]=9043c21d-150c-4de1-bee5-7e992ebd922d HTTP/1.1" 200 92 "http://hub.kbh-troubleshooting.com/site/admin/execution-resources" "Mozilla/5.0 (Macintosh; Intel Mac OS X 10_15_7) AppleWebKit/537.36 (KHTML, like Gecko) Chrome/***HIDDEN*** Safari/537.36" 4115 0.059 [istio-system-istio-ingressgateway-443] [] ***HIDDEN***:8443 92 0.056 200 68bc71d1d8bcc0cc258201d6d7d5fe56
***HIDDEN*** - - [21/Nov/2023:16:04:02 +0000] "GET /auth/realms/knime/protocol/openid-connect/certs HTTP/1.1" 200 2909 "-" "Apache-HttpClient/4.5.14 (Java/17.0.9)" 1281 0.002 [knime-keycloak-8443] [] ***HIDDEN***:8443 2909 0.004 200 d4f4fbef-5d60-48b4-a087-b09ea3adff79
***HIDDEN*** - - [21/Nov/2023:16:04:04 +0000] "GET /auth/realms/knime/.well-known/openid-configuration HTTP/1.1" 200 6344 "-" "axios/0.21.4" 1265 0.002 [knime-keycloak-8443] [] ***HIDDEN***:8443 6344 0.004 200 0bb465a9-9469-4c10-a44d-af0a3f815e7f
***HIDDEN*** - - [21/Nov/2023:16:04:04 +0000] "GET /auth/realms/knime/protocol/openid-connect/certs HTTP/1.1" 200 2909 "-" "-" 1193 0.002 [knime-keycloak-8443] [] ***HIDDEN***:8443 2909 0.004 200 ddc17648-42a0-4458-887f-e903fcdf7076
***HIDDEN*** - - [21/Nov/2023:16:04:04 +0000] "GET /_/bff/execution/contexts/status?executionContextIds[]=9043c21d-150c-4de1-bee5-7e992ebd922d HTTP/1.1" 200 92 "http://hub.kbh-troubleshooting.com/site/admin/execution-resources" "Mozilla/5.0 (Macintosh; Intel Mac OS X 10_15_7) AppleWebKit/537.36 (KHTML, like Gecko) Chrome/***HIDDEN*** Safari/537.36" 4115 0.029 [istio-system-istio-ingressgateway-443] [] ***HIDDEN***:8443 92 0.028 200 297cf77dc31d78742bf5344d5a7b4325
***HIDDEN*** - - [21/Nov/2023:16:04:07 +0000] "GET /auth/realms/knime/.well-known/openid-configuration HTTP/1.1" 200 6344 "-" "axios/0.21.4" 1265 0.002 [knime-keycloak-8443] [] ***HIDDEN***:8443 6344 0.000 200 c58ce0e1-7785-4da6-8440-e80f62ff5156
***HIDDEN*** - - [21/Nov/2023:16:04:07 +0000] "GET /auth/realms/knime/protocol/openid-connect/certs HTTP/1.1" 200 2909 "-" "-" 1193 0.002 [knime-keycloak-8443] [] ***HIDDEN***:8443 2909 0.000 200 f377a66b-7249-422b-90f3-b3baf6290898
***HIDDEN*** - - [21/Nov/2023:16:04:07 +0000] "GET /_/bff/execution/contexts/status?executionContextIds[]=9043c21d-150c-4de1-bee5-7e992ebd922d HTTP/1.1" 200 92 "http://hub.kbh-troubleshooting.com/site/admin/execution-resources" "Mozilla/5.0 (Macintosh; Intel Mac OS X 10_15_7) AppleWebKit/537.36 (KHTML, like Gecko) Chrome/***HIDDEN*** Safari/537.36" 4115 0.029 [istio-system-istio-ingressgateway-443] [] ***HIDDEN***:8443 92 0.028 200 ab298847dbbab9a409eddbf967a50825
***HIDDEN*** - - [21/Nov/2023:16:04:07 +0000] "GET /auth/realms/knime/protocol/openid-connect/certs HTTP/1.1" 200 2909 "-" "Apache-HttpClient/4.5.14 (Java/17.0.9)" 1281 0.002 [knime-keycloak-8443] [] ***HIDDEN***:8443 2909 0.000 200 3840cd72-3c3e-453b-902f-d866895932af
***HIDDEN*** - - [21/Nov/2023:16:04:10 +0000] "GET /auth/realms/knime/.well-known/openid-configuration HTTP/1.1" 200 6344 "-" "axios/0.21.4" 1265 0.002 [knime-keycloak-8443] [] ***HIDDEN***:8443 6344 0.000 200 5945350a-9687-4ef4-ad6a-b42ec83e479c
***HIDDEN*** - - [21/Nov/2023:16:04:10 +0000] "GET /auth/realms/knime/protocol/openid-connect/certs HTTP/1.1" 200 2909 "-" "-" 1193 0.002 [knime-keycloak-8443] [] ***HIDDEN***:8443 2909 0.000 200 746c7690-a0fa-497b-a337-630af48acd03
***HIDDEN*** - - [21/Nov/2023:16:04:10 +0000] "GET /_/bff/execution/contexts/status?executionContextIds[]=9043c21d-150c-4de1-bee5-7e992ebd922d HTTP/1.1" 200 92 "http://hub.kbh-troubleshooting.com/site/admin/execution-resources" "Mozilla/5.0 (Macintosh; Intel Mac OS X 10_15_7) AppleWebKit/537.36 (KHTML, like Gecko) Chrome/***HIDDEN*** Safari/537.36" 4115 0.030 [istio-system-istio-ingressgateway-443] [] ***HIDDEN***:8443 92 0.028 200 6e57ff079fd310375b92281fd4275bed
***HIDDEN*** - - [21/Nov/2023:16:04:12 +0000] "GET /auth/realms/knime/protocol/openid-connect/certs HTTP/1.1" 200 2909 "-" "Apache-HttpClient/4.5.14 (Java/17.0.9)" 1281 0.002 [knime-keycloak-8443] [] ***HIDDEN***:8443 2909 0.004 200 a9e2d13a-dc3d-4e50-9cb2-beb0142a19b7
***HIDDEN*** - - [21/Nov/2023:16:04:13 +0000] "GET /auth/realms/knime/.well-known/openid-configuration HTTP/1.1" 200 6344 "-" "axios/0.21.4" 1265 0.002 [knime-keycloak-8443] [] ***HIDDEN***:8443 6344 0.000 200 e6195005-3151-4c0d-836b-b4fc9890f0a8
***HIDDEN*** - - [21/Nov/2023:16:04:13 +0000] "GET /auth/realms/knime/protocol/openid-connect/certs HTTP/1.1" 200 2909 "-" "-" 1193 0.001 [knime-keycloak-8443] [] ***HIDDEN***:8443 2909 0.000 200 54949a29-e106-4775-8439-b1fbf53244bd
***HIDDEN*** - - [21/Nov/2023:16:04:13 +0000] "GET /_/bff/execution/contexts/status?executionContextIds[]=9043c21d-150c-4de1-bee5-7e992ebd922d HTTP/1.1" 200 92 "http://hub.kbh-troubleshooting.com/site/admin/execution-resources" "Mozilla/5.0 (Macintosh; Intel Mac OS X 10_15_7) AppleWebKit/537.36 (KHTML, like Gecko) Chrome/***HIDDEN*** Safari/537.36" 4115 0.035 [istio-system-istio-ingressgateway-443] [] ***HIDDEN***:8443 92 0.032 200 04f3eb5bc4bb719a2e44203162149a31
***HIDDEN*** - - [21/Nov/2023:16:04:16 +0000] "GET /auth/realms/knime/.well-known/openid-configuration HTTP/1.1" 200 6344 "-" "axios/0.21.4" 1265 0.002 [knime-keycloak-8443] [] ***HIDDEN***:8443 6344 0.000 200 ea062659-00d0-4af3-bd27-c2991cf6a088
***HIDDEN*** - - [21/Nov/2023:16:04:16 +0000] "GET /auth/realms/knime/protocol/openid-connect/certs HTTP/1.1" 200 2909 "-" "-" 1193 0.001 [knime-keycloak-8443] [] ***HIDDEN***:8443 2909 0.000 200 0dee909b-ab8d-43ec-8afa-64b3692f3bf5
***HIDDEN*** - - [21/Nov/2023:16:04:16 +0000] "GET /_/bff/execution/contexts/status?executionContextIds[]=9043c21d-150c-4de1-bee5-7e992ebd922d HTTP/1.1" 200 92 "http://hub.kbh-troubleshooting.com/site/admin/execution-resources" "Mozilla/5.0 (Macintosh; Intel Mac OS X 10_15_7) AppleWebKit/537.36 (KHTML, like Gecko) Chrome/***HIDDEN*** Safari/537.36" 4115 0.029 [istio-system-istio-ingressgateway-443] [] ***HIDDEN***:8443 92 0.028 200 0651e120c9b9c6048ae0ec2135b2bb19
***HIDDEN*** - - [21/Nov/2023:16:04:17 +0000] "GET /auth/realms/knime/protocol/openid-connect/certs HTTP/1.1" 200 2909 "-" "Apache-HttpClient/4.5.14 (Java/17.0.9)" 1281 0.002 [knime-keycloak-8443] [] ***HIDDEN***:8443 2909 0.000 200 e41fbcde-f1a1-4681-9777-73c865100c18
***HIDDEN*** - - [21/Nov/2023:16:04:19 +0000] "GET /auth/realms/knime/.well-known/openid-configuration HTTP/1.1" 200 6344 "-" "axios/0.21.4" 1265 0.002 [knime-keycloak-8443] [] ***HIDDEN***:8443 6344 0.000 200 710fe84b-6ee5-4a57-9c41-c68a862acbea
***HIDDEN*** - - [21/Nov/2023:16:04:19 +0000] "GET /auth/realms/knime/protocol/openid-connect/certs HTTP/1.1" 200 2909 "-" "-" 1193 0.002 [knime-keycloak-8443] [] ***HIDDEN***:8443 2909 0.000 200 e57b23a7-82c6-4b48-81cd-bbce88232b3a
***HIDDEN*** - - [21/Nov/2023:16:04:19 +0000] "GET /_/bff/execution/contexts/status?executionContextIds[]=9043c21d-150c-4de1-bee5-7e992ebd922d HTTP/1.1" 200 92 "http://hub.kbh-troubleshooting.com/site/admin/execution-resources" "Mozilla/5.0 (Macintosh; Intel Mac OS X 10_15_7) AppleWebKit/537.36 (KHTML, like Gecko) Chrome/***HIDDEN*** Safari/537.36" 4115 0.029 [istio-system-istio-ingressgateway-443] [] ***HIDDEN***:8443 92 0.028 200 3981efdf76d6be0987f79a33c5cfc67f
***HIDDEN*** - - [21/Nov/2023:16:04:22 +0000] "GET /auth/realms/knime/.well-known/openid-configuration HTTP/1.1" 200 6344 "-" "axios/0.21.4" 1265 0.001 [knime-keycloak-8443] [] ***HIDDEN***:8443 6344 0.004 200 4cf845ec-e7ce-45ef-b2bf-1465c5db49e4
***HIDDEN*** - - [21/Nov/2023:16:04:22 +0000] "GET /auth/realms/knime/protocol/openid-connect/certs HTTP/1.1" 200 2909 "-" "-" 1193 0.001 [knime-keycloak-8443] [] ***HIDDEN***:8443 2909 0.004 200 3b492432-1f36-4801-9cca-fa0e958a32c0
***HIDDEN*** - - [21/Nov/2023:16:04:22 +0000] "GET /_/bff/execution/contexts/status?executionContextIds[]=9043c21d-150c-4de1-bee5-7e992ebd922d HTTP/1.1" 200 92 "http://hub.kbh-troubleshooting.com/site/admin/execution-resources" "Mozilla/5.0 (Macintosh; Intel Mac OS X 10_15_7) AppleWebKit/537.36 (KHTML, like Gecko) Chrome/***HIDDEN*** Safari/537.36" 4115 0.029 [istio-system-istio-ingressgateway-443] [] ***HIDDEN***:8443 92 0.028 200 bc3c372f86b83608fed43b6e219d7511
***HIDDEN*** - - [21/Nov/2023:16:04:22 +0000] "GET /auth/realms/knime/protocol/openid-connect/certs HTTP/1.1" 200 2909 "-" "Apache-HttpClient/4.5.14 (Java/17.0.9)" 1281 0.002 [knime-keycloak-8443] [] ***HIDDEN***:8443 2909 0.004 200 944c8e50-9311-4ee1-b791-4633a7eddec4
***HIDDEN*** - - [21/Nov/2023:16:04:25 +0000] "GET /auth/realms/knime/.well-known/openid-configuration HTTP/1.1" 200 6344 "-" "axios/0.21.4" 1265 0.002 [knime-keycloak-8443] [] ***HIDDEN***:8443 6344 0.004 200 b44d6cf7-a953-4844-892a-fb0aab059563
***HIDDEN*** - - [21/Nov/2023:16:04:25 +0000] "GET /auth/realms/knime/protocol/openid-connect/certs HTTP/1.1" 200 2909 "-" "-" 1193 0.001 [knime-keycloak-8443] [] ***HIDDEN***:8443 2909 0.004 200 8e00a652-64cf-4537-aec2-4fd9a8b267ba
***HIDDEN*** - - [21/Nov/2023:16:04:25 +0000] "GET /_/bff/execution/contexts/status?executionContextIds[]=9043c21d-150c-4de1-bee5-7e992ebd922d HTTP/1.1" 200 92 "http://hub.kbh-troubleshooting.com/site/admin/execution-resources" "Mozilla/5.0 (Macintosh; Intel Mac OS X 10_15_7) AppleWebKit/537.36 (KHTML, like Gecko) Chrome/***HIDDEN*** Safari/537.36" 4115 0.029 [istio-system-istio-ingressgateway-443] [] ***HIDDEN***:8443 92 0.028 200 f269b02799f4a5e2df18a54562f71bc3
***HIDDEN*** - - [21/Nov/2023:16:04:27 +0000] "GET /auth/realms/knime/protocol/openid-connect/certs HTTP/1.1" 200 2909 "-" "Apache-HttpClient/4.5.14 (Java/17.0.9)" 1281 0.002 [knime-keycloak-8443] [] ***HIDDEN***:8443 2909 0.004 200 8d3892b4-598f-47e0-bb9c-9560509846b4
***HIDDEN*** - - [21/Nov/2023:16:04:28 +0000] "GET /auth/realms/knime/.well-known/openid-configuration HTTP/1.1" 200 6344 "-" "axios/0.21.4" 1265 0.002 [knime-keycloak-8443] [] ***HIDDEN***:8443 6344 0.004 200 483a2afd-eb95-4d23-8441-74a3e409e7a5
***HIDDEN*** - - [21/Nov/2023:16:04:28 +0000] "GET /auth/realms/knime/protocol/openid-connect/certs HTTP/1.1" 200 2909 "-" "-" 1193 0.002 [knime-keycloak-8443] [] ***HIDDEN***:8443 2909 0.000 200 d3e1433d-b055-47cb-9505-2e41240f7d93
***HIDDEN*** - - [21/Nov/2023:16:04:28 +0000] "GET /_/bff/execution/contexts/status?executionContextIds[]=9043c21d-150c-4de1-bee5-7e992ebd922d HTTP/1.1" 200 92 "http://hub.kbh-troubleshooting.com/site/admin/execution-resources" "Mozilla/5.0 (Macintosh; Intel Mac OS X 10_15_7) AppleWebKit/537.36 (KHTML, like Gecko) Chrome/***HIDDEN*** Safari/537.36" 4115 0.030 [istio-system-istio-ingressgateway-443] [] ***HIDDEN***:8443 92 0.028 200 94a5da2cd6a0f699f10b2007e38d7f3e
***HIDDEN*** - - [21/Nov/2023:16:04:31 +0000] "GET /auth/realms/knime/.well-known/openid-configuration HTTP/1.1" 200 6344 "-" "axios/0.21.4" 1265 0.002 [knime-keycloak-8443] [] ***HIDDEN***:8443 6344 0.004 200 7d8c1d77-acf6-4667-81f4-338a52d86099
***HIDDEN*** - - [21/Nov/2023:16:04:31 +0000] "GET /auth/realms/knime/protocol/openid-connect/certs HTTP/1.1" 200 2909 "-" "-" 1193 0.001 [knime-keycloak-8443] [] ***HIDDEN***:8443 2909 0.000 200 832c97ad-a353-4541-9447-2f2c1d59f19c
***HIDDEN*** - - [21/Nov/2023:16:04:31 +0000] "GET /_/bff/execution/contexts/status?executionContextIds[]=9043c21d-150c-4de1-bee5-7e992ebd922d HTTP/1.1" 200 92 "http://hub.kbh-troubleshooting.com/site/admin/execution-resources" "Mozilla/5.0 (Macintosh; Intel Mac OS X 10_15_7) AppleWebKit/537.36 (KHTML, like Gecko) Chrome/***HIDDEN*** Safari/537.36" 4115 0.031 [istio-system-istio-ingressgateway-443] [] ***HIDDEN***:8443 92 0.032 200 976c7871f31773c20a1ae800ea1724f9
***HIDDEN*** - - [21/Nov/2023:16:04:32 +0000] "GET /auth/realms/knime/protocol/openid-connect/certs HTTP/1.1" 200 2909 "-" "Apache-HttpClient/4.5.14 (Java/17.0.9)" 1281 0.001 [knime-keycloak-8443] [] ***HIDDEN***:8443 2909 0.004 200 a4d2ba01-1aa0-42a6-a8fc-33327bc4ed8f
***HIDDEN*** - - [21/Nov/2023:16:04:35 +0000] "GET /auth/realms/knime/.well-known/openid-configuration HTTP/1.1" 200 6344 "-" "axios/0.21.4" 1265 0.002 [knime-keycloak-8443] [] ***HIDDEN***:8443 6344 0.004 200 4ef17324-4230-4a93-a923-3294fe4fe735
***HIDDEN*** - - [21/Nov/2023:16:04:35 +0000] "GET /auth/realms/knime/protocol/openid-connect/certs HTTP/1.1" 200 2909 "-" "-" 1193 0.001 [knime-keycloak-8443] [] ***HIDDEN***:8443 2909 0.004 200 a53e8827-dc73-493d-94ed-45116d47ab50
***HIDDEN*** - - [21/Nov/2023:16:04:35 +0000] "GET /_/bff/execution/contexts/status?executionContextIds[]=9043c21d-150c-4de1-bee5-7e992ebd922d HTTP/1.1" 200 92 "http://hub.kbh-troubleshooting.com/site/admin/execution-resources" "Mozilla/5.0 (Macintosh; Intel Mac OS X 10_15_7) AppleWebKit/537.36 (KHTML, like Gecko) Chrome/***HIDDEN*** Safari/537.36" 4115 0.027 [istio-system-istio-ingressgateway-443] [] ***HIDDEN***:8443 92 0.024 200 f09f3643faec02b33874f9980ddc1f72
***HIDDEN*** - - [21/Nov/2023:16:04:37 +0000] "GET /auth/realms/knime/protocol/openid-connect/certs HTTP/1.1" 200 2909 "-" "Apache-HttpClient/4.5.14 (Java/17.0.9)" 1281 0.002 [knime-keycloak-8443] [] ***HIDDEN***:8443 2909 0.004 200 5651caa4-3fe2-43a7-a040-37c034cbea69
***HIDDEN*** - - [21/Nov/2023:16:04:38 +0000] "GET /auth/realms/knime/.well-known/openid-configuration HTTP/1.1" 200 6344 "-" "axios/0.21.4" 1265 0.002 [knime-keycloak-8443] [] ***HIDDEN***:8443 6344 0.000 200 94e5ba80-7199-49b9-b6e3-c71f99f37405
***HIDDEN*** - - [21/Nov/2023:16:04:38 +0000] "GET /auth/realms/knime/protocol/openid-connect/certs HTTP/1.1" 200 2909 "-" "-" 1193 0.002 [knime-keycloak-8443] [] ***HIDDEN***:8443 2909 0.000 200 58ce886f-ba28-404e-9ffb-20844abc4a30
***HIDDEN*** - - [21/Nov/2023:16:04:38 +0000] "GET /_/bff/execution/contexts/status?executionContextIds[]=9043c21d-150c-4de1-bee5-7e992ebd922d HTTP/1.1" 200 92 "http://hub.kbh-troubleshooting.com/site/admin/execution-resources" "Mozilla/5.0 (Macintosh; Intel Mac OS X 10_15_7) AppleWebKit/537.36 (KHTML, like Gecko) Chrome/***HIDDEN*** Safari/537.36" 4115 0.029 [istio-system-istio-ingressgateway-443] [] ***HIDDEN***:8443 92 0.024 200 61ad397e89b75cdf52ceca905451c8ed
***HIDDEN*** - - [21/Nov/2023:16:04:41 +0000] "GET /auth/realms/knime/.well-known/openid-configuration HTTP/1.1" 200 6344 "-" "axios/0.21.4" 1265 0.002 [knime-keycloak-8443] [] ***HIDDEN***:8443 6344 0.004 200 18de1b1d-4f1b-4480-acdb-4b65640cd0de
***HIDDEN*** - - [21/Nov/2023:16:04:41 +0000] "GET /auth/realms/knime/protocol/openid-connect/certs HTTP/1.1" 200 2909 "-" "-" 1193 0.001 [knime-keycloak-8443] [] ***HIDDEN***:8443 2909 0.004 200 aa856cae-6a55-4ae4-b68c-2db38093f0f6
***HIDDEN*** - - [21/Nov/2023:16:04:41 +0000] "GET /_/bff/execution/contexts/status?executionContextIds[]=9043c21d-150c-4de1-bee5-7e992ebd922d HTTP/1.1" 200 92 "http://hub.kbh-troubleshooting.com/site/admin/execution-resources" "Mozilla/5.0 (Macintosh; Intel Mac OS X 10_15_7) AppleWebKit/537.36 (KHTML, like Gecko) Chrome/***HIDDEN*** Safari/537.36" 4115 0.029 [istio-system-istio-ingressgateway-443] [] ***HIDDEN***:8443 92 0.028 200 85fd3722af9a230195b5e04f318dcce0
***HIDDEN*** - - [21/Nov/2023:16:04:42 +0000] "GET /auth/realms/knime/protocol/openid-connect/certs HTTP/1.1" 200 2909 "-" "Apache-HttpClient/4.5.14 (Java/17.0.9)" 1281 0.002 [knime-keycloak-8443] [] ***HIDDEN***:8443 2909 0.000 200 fff73fc0-001a-4073-814f-cb316276b69f
***HIDDEN*** - - [21/Nov/2023:16:04:44 +0000] "GET /auth/realms/knime/.well-known/openid-configuration HTTP/1.1" 200 6344 "-" "axios/0.21.4" 1265 0.002 [knime-keycloak-8443] [] ***HIDDEN***:8443 6344 0.004 200 fa6286bd-498a-4bf3-a0c3-9aa697dfa581
***HIDDEN*** - - [21/Nov/2023:16:04:44 +0000] "GET /auth/realms/knime/protocol/openid-connect/certs HTTP/1.1" 200 2909 "-" "-" 1193 0.001 [knime-keycloak-8443] [] ***HIDDEN***:8443 2909 0.004 200 21ef2756-fb6b-446e-bdc7-e8ab851721d3
***HIDDEN*** - - [21/Nov/2023:16:04:44 +0000] "GET /_/bff/execution/contexts/status?executionContextIds[]=9043c21d-150c-4de1-bee5-7e992ebd922d HTTP/1.1" 200 92 "http://hub.kbh-troubleshooting.com/site/admin/execution-resources" "Mozilla/5.0 (Macintosh; Intel Mac OS X 10_15_7) AppleWebKit/537.36 (KHTML, like Gecko) Chrome/***HIDDEN*** Safari/537.36" 4115 0.035 [istio-system-istio-ingressgateway-443] [] ***HIDDEN***:8443 92 0.032 200 8f941e08adffc7c64ed21d2b93fa91f1
***HIDDEN*** - - [21/Nov/2023:16:04:47 +0000] "GET /auth/realms/knime/protocol/openid-connect/certs HTTP/1.1" 200 2909 "-" "Apache-HttpClient/4.5.14 (Java/17.0.9)" 1281 0.001 [knime-keycloak-8443] [] ***HIDDEN***:8443 2909 0.004 200 73b7d486-16c1-4575-b908-65c0908fe808
***HIDDEN*** - - [21/Nov/2023:16:04:52 +0000] "GET /auth/realms/knime/protocol/openid-connect/certs HTTP/1.1" 200 2909 "-" "Apache-HttpClient/4.5.14 (Java/17.0.9)" 1281 0.002 [knime-keycloak-8443] [] ***HIDDEN***:8443 2909 0.004 200 ab569489-e1f0-4d58-b043-0bed468098d2
***HIDDEN*** - - [21/Nov/2023:16:04:57 +0000] "GET /auth/realms/knime/protocol/openid-connect/certs HTTP/1.1" 200 2909 "-" "Apache-HttpClient/4.5.14 (Java/17.0.9)" 1281 0.001 [knime-keycloak-8443] [] ***HIDDEN***:8443 2909 0.004 200 9b04eaf6-5c50-41a7-a3bf-ca25f9d6c0d2
***HIDDEN*** - - [21/Nov/2023:16:05:02 +0000] "GET /auth/realms/knime/protocol/openid-connect/certs HTTP/1.1" 200 2909 "-" "Apache-HttpClient/4.5.14 (Java/17.0.9)" 1281 0.002 [knime-keycloak-8443] [] ***HIDDEN***:8443 2909 0.004 200 dc6fa9c3-2a72-4415-b8b6-08dd41d63ca1
***HIDDEN*** - - [21/Nov/2023:16:05:03 +0000] "GET /auth/realms/knime/.well-known/openid-configuration HTTP/1.1" 200 6344 "-" "axios/0.21.4" 1265 0.001 [knime-keycloak-8443] [] ***HIDDEN***:8443 6344 0.000 200 5fd9ef66-387d-4317-a891-1c542eb94f4b
***HIDDEN*** - - [21/Nov/2023:16:05:03 +0000] "GET /auth/realms/knime/protocol/openid-connect/certs HTTP/1.1" 200 2909 "-" "-" 1193 0.001 [knime-keycloak-8443] [] ***HIDDEN***:8443 2909 0.000 200 02773b81-ef08-44c0-a466-71c76d6d5007
***HIDDEN*** - - [21/Nov/2023:16:05:03 +0000] "GET /_/bff/execution/contexts/status?executionContextIds[]=9043c21d-150c-4de1-bee5-7e992ebd922d HTTP/1.1" 200 92 "http://hub.kbh-troubleshooting.com/site/admin/execution-resources" "Mozilla/5.0 (Macintosh; Intel Mac OS X 10_15_7) AppleWebKit/537.36 (KHTML, like Gecko) Chrome/***HIDDEN*** Safari/537.36" 4115 0.031 [istio-system-istio-ingressgateway-443] [] ***HIDDEN***:8443 92 0.032 200 dbf6e9aa9d5f403b1edcbaf254a03d95
***HIDDEN*** - - [21/Nov/2023:16:05:06 +0000] "GET /auth/realms/knime/.well-known/openid-configuration HTTP/1.1" 200 6344 "-" "axios/0.21.4" 1265 0.002 [knime-keycloak-8443] [] ***HIDDEN***:8443 6344 0.000 200 74d0d7fa-94a1-4ab0-ad69-3de310972a98
***HIDDEN*** - - [21/Nov/2023:16:05:06 +0000] "GET /auth/realms/knime/protocol/openid-connect/certs HTTP/1.1" 200 2909 "-" "-" 1193 0.001 [knime-keycloak-8443] [] ***HIDDEN***:8443 2909 0.000 200 c69d688a-e3bc-462a-adb1-7da75acf8e00
***HIDDEN*** - - [21/Nov/2023:16:05:06 +0000] "GET /_/bff/execution/contexts/status?executionContextIds[]=9043c21d-150c-4de1-bee5-7e992ebd922d HTTP/1.1" 200 92 "http://hub.kbh-troubleshooting.com/site/admin/execution-resources" "Mozilla/5.0 (Macintosh; Intel Mac OS X 10_15_7) AppleWebKit/537.36 (KHTML, like Gecko) Chrome/***HIDDEN*** Safari/537.36" 4115 0.030 [istio-system-istio-ingressgateway-443] [] ***HIDDEN***:8443 92 0.028 200 32c223edf04136ca8ee8f83f37fe1466
***HIDDEN*** - - [21/Nov/2023:16:05:07 +0000] "GET /auth/realms/knime/protocol/openid-connect/certs HTTP/1.1" 200 2909 "-" "Apache-HttpClient/4.5.14 (Java/17.0.9)" 1281 0.002 [knime-keycloak-8443] [] ***HIDDEN***:8443 2909 0.004 200 7d592abf-d893-4045-b82c-62ba377cde3d
***HIDDEN*** - - [21/Nov/2023:16:05:09 +0000] "GET /auth/realms/knime/.well-known/openid-configuration HTTP/1.1" 200 6344 "-" "axios/0.21.4" 1265 0.002 [knime-keycloak-8443] [] ***HIDDEN***:8443 6344 0.000 200 cd1e7131-3ebc-42ce-8c72-d0d0b334b256
***HIDDEN*** - - [21/Nov/2023:16:05:09 +0000] "GET /auth/realms/knime/protocol/openid-connect/certs HTTP/1.1" 200 2909 "-" "-" 1193 0.001 [knime-keycloak-8443] [] ***HIDDEN***:8443 2909 0.000 200 dd54f269-ce00-4af3-b54f-207ff31e8edd
***HIDDEN*** - - [21/Nov/2023:16:05:09 +0000] "GET /_/bff/execution/contexts/status?executionContextIds[]=9043c21d-150c-4de1-bee5-7e992ebd922d HTTP/1.1" 200 92 "http://hub.kbh-troubleshooting.com/site/admin/execution-resources" "Mozilla/5.0 (Macintosh; Intel Mac OS X 10_15_7) AppleWebKit/537.36 (KHTML, like Gecko) Chrome/***HIDDEN*** Safari/537.36" 4115 0.028 [istio-system-istio-ingressgateway-443] [] ***HIDDEN***:8443 92 0.024 200 d44ee7d8d58d9f643128bcd370bf02d1
***HIDDEN*** - - [21/Nov/2023:16:05:12 +0000] "GET /auth/realms/knime/.well-known/openid-configuration HTTP/1.1" 200 6344 "-" "axios/0.21.4" 1265 0.002 [knime-keycloak-8443] [] ***HIDDEN***:8443 6344 0.000 200 384e5009-17e9-4511-9a23-cf098010ab88
***HIDDEN*** - - [21/Nov/2023:16:05:12 +0000] "GET /auth/realms/knime/protocol/openid-connect/certs HTTP/1.1" 200 2909 "-" "-" 1193 0.002 [knime-keycloak-8443] [] ***HIDDEN***:8443 2909 0.000 200 553ba8d7-3a18-4cff-8503-bb72a5967ff9
***HIDDEN*** - - [21/Nov/2023:16:05:12 +0000] "GET /_/bff/execution/contexts/status?executionContextIds[]=9043c21d-150c-4de1-bee5-7e992ebd922d HTTP/1.1" 200 92 "http://hub.kbh-troubleshooting.com/site/admin/execution-resources" "Mozilla/5.0 (Macintosh; Intel Mac OS X 10_15_7) AppleWebKit/537.36 (KHTML, like Gecko) Chrome/***HIDDEN*** Safari/537.36" 4115 0.030 [istio-system-istio-ingressgateway-443] [] ***HIDDEN***:8443 92 0.028 200 f4c91dfe8ef95de608d22e91780c3e44
***HIDDEN*** - - [21/Nov/2023:16:05:12 +0000] "GET /auth/realms/knime/protocol/openid-connect/certs HTTP/1.1" 200 2909 "-" "Apache-HttpClient/4.5.14 (Java/17.0.9)" 1281 0.002 [knime-keycloak-8443] [] ***HIDDEN***:8443 2909 0.004 200 49515334-3586-44b7-bbc8-c03f17916c50
***HIDDEN*** - - [21/Nov/2023:16:05:15 +0000] "GET /auth/realms/knime/.well-known/openid-configuration HTTP/1.1" 200 6344 "-" "axios/0.21.4" 1265 0.002 [knime-keycloak-8443] [] ***HIDDEN***:8443 6344 0.004 200 059f7df4-3bc5-48c3-99a5-d275e8e3ce0b
***HIDDEN*** - - [21/Nov/2023:16:05:15 +0000] "GET /auth/realms/knime/protocol/openid-connect/certs HTTP/1.1" 200 2909 "-" "-" 1193 0.001 [knime-keycloak-8443] [] ***HIDDEN***:8443 2909 0.004 200 afa3de58-9b85-4b5c-80d8-f716063e6a2c
***HIDDEN*** - - [21/Nov/2023:16:05:15 +0000] "GET /_/bff/execution/contexts/status?executionContextIds[]=9043c21d-150c-4de1-bee5-7e992ebd922d HTTP/1.1" 200 92 "http://hub.kbh-troubleshooting.com/site/admin/execution-resources" "Mozilla/5.0 (Macintosh; Intel Mac OS X 10_15_7) AppleWebKit/537.36 (KHTML, like Gecko) Chrome/***HIDDEN*** Safari/537.36" 4115 0.028 [istio-system-istio-ingressgateway-443] [] ***HIDDEN***:8443 92 0.028 200 d7448b2e9f583e43f7ae91bb6f77042a
***HIDDEN*** - - [21/Nov/2023:16:05:17 +0000] "GET /auth/realms/knime/protocol/openid-connect/certs HTTP/1.1" 200 2909 "-" "Apache-HttpClient/4.5.14 (Java/17.0.9)" 1281 0.002 [knime-keycloak-8443] [] ***HIDDEN***:8443 2909 0.004 200 935431b0-be8a-489e-b2ba-e927103e2744
***HIDDEN*** - - [21/Nov/2023:16:05:18 +0000] "GET /auth/realms/knime/.well-known/openid-configuration HTTP/1.1" 200 6344 "-" "axios/0.21.4" 1265 0.002 [knime-keycloak-8443] [] ***HIDDEN***:8443 6344 0.004 200 899ee326-f710-409b-9943-36cc7cb271f0
***HIDDEN*** - - [21/Nov/2023:16:05:18 +0000] "GET /auth/realms/knime/protocol/openid-connect/certs HTTP/1.1" 200 2909 "-" "-" 1193 0.001 [knime-keycloak-8443] [] ***HIDDEN***:8443 2909 0.004 200 d95664b0-e51d-46d0-9ae4-aad915fc8288
***HIDDEN*** - - [21/Nov/2023:16:05:18 +0000] "GET /_/bff/execution/contexts/status?executionContextIds[]=9043c21d-150c-4de1-bee5-7e992ebd922d HTTP/1.1" 200 92 "http://hub.kbh-troubleshooting.com/site/admin/execution-resources" "Mozilla/5.0 (Macintosh; Intel Mac OS X 10_15_7) AppleWebKit/537.36 (KHTML, like Gecko) Chrome/***HIDDEN*** Safari/537.36" 4115 0.032 [istio-system-istio-ingressgateway-443] [] ***HIDDEN***:8443 92 0.028 200 973e3f4918bec13d08f8b40cb0c9f4b5
***HIDDEN*** - - [21/Nov/2023:16:05:21 +0000] "GET /auth/realms/knime/.well-known/openid-configuration HTTP/1.1" 200 6344 "-" "axios/0.21.4" 1265 0.002 [knime-keycloak-8443] [] ***HIDDEN***:8443 6344 0.000 200 1fb06692-dc0f-4bf1-b18f-2ebfa9cac0c7
***HIDDEN*** - - [21/Nov/2023:16:05:21 +0000] "GET /auth/realms/knime/protocol/openid-connect/certs HTTP/1.1" 200 2909 "-" "-" 1193 0.001 [knime-keycloak-8443] [] ***HIDDEN***:8443 2909 0.000 200 3ceb9be3-9cc6-4da0-91f3-715d5c50c164
***HIDDEN*** - - [21/Nov/2023:16:05:21 +0000] "GET /_/bff/execution/contexts/status?executionContextIds[]=9043c21d-150c-4de1-bee5-7e992ebd922d HTTP/1.1" 200 92 "http://hub.kbh-troubleshooting.com/site/admin/execution-resources" "Mozilla/5.0 (Macintosh; Intel Mac OS X 10_15_7) AppleWebKit/537.36 (KHTML, like Gecko) Chrome/***HIDDEN*** Safari/537.36" 4115 0.030 [istio-system-istio-ingressgateway-443] [] ***HIDDEN***:8443 97 0.028 200 30bf44b88668c9cca56dd556317bf1ac
***HIDDEN*** - - [21/Nov/2023:16:05:22 +0000] "GET /auth/realms/knime/protocol/openid-connect/certs HTTP/1.1" 200 2909 "-" "Apache-HttpClient/4.5.14 (Java/17.0.9)" 1281 0.002 [knime-keycloak-8443] [] ***HIDDEN***:8443 2909 0.004 200 96c9bbca-ce33-4bdc-9e52-d025e24f6ca8
***HIDDEN*** - - [21/Nov/2023:16:05:25 +0000] "GET /auth/realms/knime/.well-known/openid-configuration HTTP/1.1" 200 6344 "-" "axios/0.21.4" 1265 0.003 [knime-keycloak-8443] [] ***HIDDEN***:8443 6344 0.004 200 49996179-82f7-48a3-bfe4-b6e3a10f1dd9
***HIDDEN*** - - [21/Nov/2023:16:05:25 +0000] "GET /auth/realms/knime/protocol/openid-connect/certs HTTP/1.1" 200 2909 "-" "-" 1193 0.001 [knime-keycloak-8443] [] ***HIDDEN***:8443 2909 0.004 200 9d23303e-34ac-401b-9a44-1005f429820c
***HIDDEN*** - - [21/Nov/2023:16:05:25 +0000] "GET /_/bff/execution/contexts/status?executionContextIds[]=9043c21d-150c-4de1-bee5-7e992ebd922d HTTP/1.1" 200 92 "http://hub.kbh-troubleshooting.com/site/admin/execution-resources" "Mozilla/5.0 (Macintosh; Intel Mac OS X 10_15_7) AppleWebKit/537.36 (KHTML, like Gecko) Chrome/***HIDDEN*** Safari/537.36" 4115 0.032 [istio-system-istio-ingressgateway-443] [] ***HIDDEN***:8443 92 0.032 200 bdaab73c7e0790eb0cfe5702fbfccbd7
***HIDDEN*** - - [21/Nov/2023:16:05:27 +0000] "GET /auth/realms/knime/protocol/openid-connect/certs HTTP/1.1" 200 2909 "-" "Apache-HttpClient/4.5.14 (Java/17.0.9)" 1281 0.002 [knime-keycloak-8443] [] ***HIDDEN***:8443 2909 0.004 200 2c892a46-b90a-4ce9-a116-364e68fb1b08
***HIDDEN*** - - [21/Nov/2023:16:05:28 +0000] "GET /auth/realms/knime/.well-known/openid-configuration HTTP/1.1" 200 6344 "-" "axios/0.21.4" 1265 0.002 [knime-keycloak-8443] [] ***HIDDEN***:8443 6344 0.004 200 5c3c6bea-857c-4155-a8ff-ba7742853926
***HIDDEN*** - - [21/Nov/2023:16:05:28 +0000] "GET /auth/realms/knime/protocol/openid-connect/certs HTTP/1.1" 200 2909 "-" "-" 1193 0.001 [knime-keycloak-8443] [] ***HIDDEN***:8443 2909 0.004 200 552b2b9b-1f09-4573-ae50-eaf79eee0c5b
***HIDDEN*** - - [21/Nov/2023:16:05:28 +0000] "GET /_/bff/execution/contexts/status?executionContextIds[]=9043c21d-150c-4de1-bee5-7e992ebd922d HTTP/1.1" 200 92 "http://hub.kbh-troubleshooting.com/site/admin/execution-resources" "Mozilla/5.0 (Macintosh; Intel Mac OS X 10_15_7) AppleWebKit/537.36 (KHTML, like Gecko) Chrome/***HIDDEN*** Safari/537.36" 4115 0.030 [istio-system-istio-ingressgateway-443] [] ***HIDDEN***:8443 92 0.028 200 981b7f93f7d925e0e6c9f8122810b9a0
***HIDDEN*** - - [21/Nov/2023:16:05:31 +0000] "GET /auth/realms/knime/.well-known/openid-configuration HTTP/1.1" 200 6344 "-" "axios/0.21.4" 1265 0.002 [knime-keycloak-8443] [] ***HIDDEN***:8443 6344 0.004 200 f24c20bf-9f4e-4a5b-8df7-47ab016e849f
***HIDDEN*** - - [21/Nov/2023:16:05:31 +0000] "GET /auth/realms/knime/protocol/openid-connect/certs HTTP/1.1" 200 2909 "-" "-" 1193 0.002 [knime-keycloak-8443] [] ***HIDDEN***:8443 2909 0.004 200 881289fe-1003-40ce-88e4-f5c594a597b1
***HIDDEN*** - - [21/Nov/2023:16:05:31 +0000] "GET /_/bff/execution/contexts/status?executionContextIds[]=9043c21d-150c-4de1-bee5-7e992ebd922d HTTP/1.1" 200 92 "http://hub.kbh-troubleshooting.com/site/admin/execution-resources" "Mozilla/5.0 (Macintosh; Intel Mac OS X 10_15_7) AppleWebKit/537.36 (KHTML, like Gecko) Chrome/***HIDDEN*** Safari/537.36" 4115 0.030 [istio-system-istio-ingressgateway-443] [] ***HIDDEN***:8443 92 0.028 200 5f4ea84fa0a64b41ba8bb65f861c05b1
***HIDDEN*** - - [21/Nov/2023:16:05:32 +0000] "OPTIONS /execution-contexts HTTP/1.1" 200 0 "http://hub.kbh-troubleshooting.com/" "Mozilla/5.0 (Macintosh; Intel Mac OS X 10_15_7) AppleWebKit/537.36 (KHTML, like Gecko) Chrome/***HIDDEN*** Safari/537.36" 533 0.000 [istio-system-istio-ingressgateway-443] [] ***HIDDEN***:8443 0 0.000 200 0615c7975de4ad605772daa034a21f19
***HIDDEN*** - - [21/Nov/2023:16:05:32 +0000] "POST /execution-contexts HTTP/1.1" 201 2574 "http://hub.kbh-troubleshooting.com/" "Mozilla/5.0 (Macintosh; Intel Mac OS X 10_15_7) AppleWebKit/537.36 (KHTML, like Gecko) Chrome/***HIDDEN*** Safari/537.36" 4440 0.063 [istio-system-istio-ingressgateway-443] [] ***HIDDEN***:8443 2574 0.064 201 bc5110ad4e3acd3d846e6370ff949b8e
***HIDDEN*** - - [21/Nov/2023:16:05:32 +0000] "OPTIONS /execution/limits/hub:global/global-cpu-cores HTTP/1.1" 200 0 "http://hub.kbh-troubleshooting.com/" "Mozilla/5.0 (Macintosh; Intel Mac OS X 10_15_7) AppleWebKit/537.36 (KHTML, like Gecko) Chrome/***HIDDEN*** Safari/537.36" 545 0.001 [istio-system-istio-ingressgateway-443] [] ***HIDDEN***:8443 0 0.000 200 764d2ef803a38348aec3cdeb295bbd79
***HIDDEN*** - - [21/Nov/2023:16:05:32 +0000] "OPTIONS /execution-status/execution-contexts/31904678-6c80-48b0-a21d-73778e52546a HTTP/1.1" 200 0 "http://hub.kbh-troubleshooting.com/" "Mozilla/5.0 (Macintosh; Intel Mac OS X 10_15_7) AppleWebKit/537.36 (KHTML, like Gecko) Chrome/***HIDDEN*** Safari/537.36" 573 0.000 [istio-system-istio-ingressgateway-443] [] ***HIDDEN***:8443 0 0.000 200 3c324a36d135e1d48af8c89604fb43ae
***HIDDEN*** - - [21/Nov/2023:16:05:32 +0000] "OPTIONS /execution/limits/hub:global/execution-contexts HTTP/1.1" 200 0 "http://hub.kbh-troubleshooting.com/" "Mozilla/5.0 (Macintosh; Intel Mac OS X 10_15_7) AppleWebKit/537.36 (KHTML, like Gecko) Chrome/***HIDDEN*** Safari/537.36" 547 0.000 [istio-system-istio-ingressgateway-443] [] ***HIDDEN***:8443 0 0.000 200 6a749eb200aefc3b6f649ef6417378ac
***HIDDEN*** - - [21/Nov/2023:16:05:32 +0000] "GET /execution/limits/hub:global/global-cpu-cores HTTP/1.1" 200 29 "http://hub.kbh-troubleshooting.com/" "Mozilla/5.0 (Macintosh; Intel Mac OS X 10_15_7) AppleWebKit/537.36 (KHTML, like Gecko) Chrome/***HIDDEN*** Safari/537.36" 4087 0.011 [istio-system-istio-ingressgateway-443] [] ***HIDDEN***:8443 29 0.008 200 688684cf6d84256e6381fb45f84c4be6
***HIDDEN*** - - [21/Nov/2023:16:05:32 +0000] "GET /execution-status/execution-contexts/31904678-6c80-48b0-a21d-73778e52546a HTTP/1.1" 200 31 "http://hub.kbh-troubleshooting.com/" "Mozilla/5.0 (Macintosh; Intel Mac OS X 10_15_7) AppleWebKit/537.36 (KHTML, like Gecko) Chrome/***HIDDEN*** Safari/537.36" 4115 0.015 [istio-system-istio-ingressgateway-443] [] ***HIDDEN***:8443 31 0.012 200 87d11125080288cd0afe546a5eb2bfc1
***HIDDEN*** - - [21/Nov/2023:16:05:32 +0000] "GET /execution/limits/hub:global/execution-contexts HTTP/1.1" 200 37 "http://hub.kbh-troubleshooting.com/" "Mozilla/5.0 (Macintosh; Intel Mac OS X 10_15_7) AppleWebKit/537.36 (KHTML, like Gecko) Chrome/***HIDDEN*** Safari/537.36" 4089 0.009 [istio-system-istio-ingressgateway-443] [] ***HIDDEN***:8443 37 0.004 200 0dff6ab0f38d214b0dab8140a20aaedf
***HIDDEN*** - - [21/Nov/2023:16:05:32 +0000] "GET /auth/realms/knime/protocol/openid-connect/certs HTTP/1.1" 200 2909 "-" "Apache-HttpClient/4.5.14 (Java/17.0.9)" 1281 0.001 [knime-keycloak-8443] [] ***HIDDEN***:8443 2909 0.004 200 b3fcd122-2094-4a7d-ad03-30492ea244dd
***HIDDEN*** - - [21/Nov/2023:16:05:34 +0000] "GET /auth/realms/knime/.well-known/openid-configuration HTTP/1.1" 200 6344 "-" "axios/0.21.4" 1265 0.002 [knime-keycloak-8443] [] ***HIDDEN***:8443 6344 0.000 200 ecf3e757-0971-46ae-925e-5e341884bdc3
***HIDDEN*** - - [21/Nov/2023:16:05:34 +0000] "GET /auth/realms/knime/protocol/openid-connect/certs HTTP/1.1" 200 2909 "-" "-" 1193 0.002 [knime-keycloak-8443] [] ***HIDDEN***:8443 2909 0.000 200 d46ab7d0-b01f-4e57-9298-d5d1b7031119
***HIDDEN*** - - [21/Nov/2023:16:05:34 +0000] "GET /_/bff/execution/contexts/status?executionContextIds[]=9043c21d-150c-4de1-bee5-7e992ebd922d&executionContextIds[]=31904678-6c80-48b0-a21d-73778e52546a HTTP/1.1" 200 130 "http://hub.kbh-troubleshooting.com/site/admin/execution-resources" "Mozilla/5.0 (Macintosh; Intel Mac OS X 10_15_7) AppleWebKit/537.36 (KHTML, like Gecko) Chrome/***HIDDEN*** Safari/537.36" 4174 0.033 [istio-system-istio-ingressgateway-443] [] ***HIDDEN***:8443 130 0.028 200 fc9808d780a0d789168ad43339d61333
***HIDDEN*** - - [21/Nov/2023:16:05:37 +0000] "GET /auth/realms/knime/.well-known/openid-configuration HTTP/1.1" 200 6344 "-" "axios/0.21.4" 1265 0.001 [knime-keycloak-8443] [] ***HIDDEN***:8443 6344 0.004 200 4cad1724-5ca4-4834-9db1-26bb4da3dc2e
***HIDDEN*** - - [21/Nov/2023:16:05:37 +0000] "GET /auth/realms/knime/protocol/openid-connect/certs HTTP/1.1" 200 2909 "-" "-" 1193 0.002 [knime-keycloak-8443] [] ***HIDDEN***:8443 2909 0.004 200 5f8a32fb-9da7-4f88-b9c4-f59cd720aa02
***HIDDEN*** - - [21/Nov/2023:16:05:37 +0000] "GET /_/bff/execution/contexts/status?executionContextIds[]=9043c21d-150c-4de1-bee5-7e992ebd922d&executionContextIds[]=31904678-6c80-48b0-a21d-73778e52546a HTTP/1.1" 200 130 "http://hub.kbh-troubleshooting.com/site/admin/execution-resources" "Mozilla/5.0 (Macintosh; Intel Mac OS X 10_15_7) AppleWebKit/537.36 (KHTML, like Gecko) Chrome/***HIDDEN*** Safari/537.36" 4174 0.030 [istio-system-istio-ingressgateway-443] [] ***HIDDEN***:8443 130 0.028 200 54d87622e6fa18a2136e69fb5e3d78d4
***HIDDEN*** - - [21/Nov/2023:16:05:37 +0000] "GET /auth/realms/knime/protocol/openid-connect/certs HTTP/1.1" 200 2909 "-" "Apache-HttpClient/4.5.14 (Java/17.0.9)" 1281 0.002 [knime-keycloak-8443] [] ***HIDDEN***:8443 2909 0.004 200 0e96a663-8d1f-42ff-80ad-f518cbf95f0d
***HIDDEN*** - - [21/Nov/2023:16:05:40 +0000] "GET /auth/realms/knime/.well-known/openid-configuration HTTP/1.1" 200 6344 "-" "axios/0.21.4" 1265 0.002 [knime-keycloak-8443] [] ***HIDDEN***:8443 6344 0.000 200 e7fb4a79-53d7-4de3-a80b-55e7a48cef98
***HIDDEN*** - - [21/Nov/2023:16:05:40 +0000] "GET /auth/realms/knime/protocol/openid-connect/certs HTTP/1.1" 200 2909 "-" "-" 1193 0.002 [knime-keycloak-8443] [] ***HIDDEN***:8443 2909 0.004 200 7ed4622b-b7bc-4104-804b-0b316fb7f9f9
***HIDDEN*** - - [21/Nov/2023:16:05:40 +0000] "GET /_/bff/execution/contexts/status?executionContextIds[]=9043c21d-150c-4de1-bee5-7e992ebd922d&executionContextIds[]=31904678-6c80-48b0-a21d-73778e52546a HTTP/1.1" 200 130 "http://hub.kbh-troubleshooting.com/site/admin/execution-resources" "Mozilla/5.0 (Macintosh; Intel Mac OS X 10_15_7) AppleWebKit/537.36 (KHTML, like Gecko) Chrome/***HIDDEN*** Safari/537.36" 4174 0.085 [istio-system-istio-ingressgateway-443] [] ***HIDDEN***:8443 130 0.084 200 cef0154b1124ef6471ab1201f6c9e2dd
***HIDDEN*** - - [21/Nov/2023:16:05:42 +0000] "GET /auth/realms/knime/protocol/openid-connect/certs HTTP/1.1" 200 2909 "-" "Apache-HttpClient/4.5.14 (Java/17.0.9)" 1281 0.001 [knime-keycloak-8443] [] ***HIDDEN***:8443 2909 0.004 200 960a591e-99fb-46a6-9db6-1b131891873f
***HIDDEN*** - - [21/Nov/2023:16:05:43 +0000] "GET /auth/realms/knime/.well-known/openid-configuration HTTP/1.1" 200 6344 "-" "axios/0.21.4" 1265 0.001 [knime-keycloak-8443] [] ***HIDDEN***:8443 6344 0.004 200 67ab4dfc-0da2-474a-86c1-458c2d826f24
***HIDDEN*** - - [21/Nov/2023:16:05:43 +0000] "GET /auth/realms/knime/protocol/openid-connect/certs HTTP/1.1" 200 2909 "-" "-" 1193 0.001 [knime-keycloak-8443] [] ***HIDDEN***:8443 2909 0.000 200 d8ee7927-7a85-478e-85c9-be8877c6bd10
***HIDDEN*** - - [21/Nov/2023:16:05:43 +0000] "GET /_/bff/execution/contexts/status?executionContextIds[]=9043c21d-150c-4de1-bee5-7e992ebd922d&executionContextIds[]=31904678-6c80-48b0-a21d-73778e52546a HTTP/1.1" 200 130 "http://hub.kbh-troubleshooting.com/site/admin/execution-resources" "Mozilla/5.0 (Macintosh; Intel Mac OS X 10_15_7) AppleWebKit/537.36 (KHTML, like Gecko) Chrome/***HIDDEN*** Safari/537.36" 4174 0.029 [istio-system-istio-ingressgateway-443] [] ***HIDDEN***:8443 130 0.028 200 062724e1dee23cf5dcb107fd2880a220
***HIDDEN*** - - [21/Nov/2023:16:05:46 +0000] "GET /auth/realms/knime/.well-known/openid-configuration HTTP/1.1" 200 6344 "-" "axios/0.21.4" 1265 0.002 [knime-keycloak-8443] [] ***HIDDEN***:8443 6344 0.004 200 1b2bb409-753e-467c-bdea-6b226da22d60
***HIDDEN*** - - [21/Nov/2023:16:05:46 +0000] "GET /auth/realms/knime/protocol/openid-connect/certs HTTP/1.1" 200 2909 "-" "-" 1193 0.001 [knime-keycloak-8443] [] ***HIDDEN***:8443 2909 0.004 200 5c93f41c-9e4d-4ab3-b957-1feb91a2c68b
***HIDDEN*** - - [21/Nov/2023:16:05:46 +0000] "GET /_/bff/execution/contexts/status?executionContextIds[]=9043c21d-150c-4de1-bee5-7e992ebd922d&executionContextIds[]=31904678-6c80-48b0-a21d-73778e52546a HTTP/1.1" 200 130 "http://hub.kbh-troubleshooting.com/site/admin/execution-resources" "Mozilla/5.0 (Macintosh; Intel Mac OS X 10_15_7) AppleWebKit/537.36 (KHTML, like Gecko) Chrome/***HIDDEN*** Safari/537.36" 4174 0.046 [istio-system-istio-ingressgateway-443] [] ***HIDDEN***:8443 130 0.044 200 a223c23b4f387e567fbf77655003f55a
***HIDDEN*** - - [21/Nov/2023:16:05:47 +0000] "GET /auth/realms/knime/protocol/openid-connect/certs HTTP/1.1" 200 2909 "-" "Apache-HttpClient/4.5.14 (Java/17.0.9)" 1281 0.002 [knime-keycloak-8443] [] ***HIDDEN***:8443 2909 0.004 200 819036b6-69c1-4de8-a303-baf8cd8bbacc
***HIDDEN*** - - [21/Nov/2023:16:05:49 +0000] "GET /auth/realms/knime/.well-known/openid-configuration HTTP/1.1" 200 6344 "-" "axios/0.21.4" 1265 0.001 [knime-keycloak-8443] [] ***HIDDEN***:8443 6344 0.004 200 6dbab1bf-9a6b-4a8c-803c-9a1e203d96df
***HIDDEN*** - - [21/Nov/2023:16:05:49 +0000] "GET /auth/realms/knime/protocol/openid-connect/certs HTTP/1.1" 200 2909 "-" "-" 1193 0.001 [knime-keycloak-8443] [] ***HIDDEN***:8443 2909 0.004 200 fa41b01d-2b70-41c5-ac37-f69571bb84a0
***HIDDEN*** - - [21/Nov/2023:16:05:49 +0000] "GET /_/bff/execution/contexts/status?executionContextIds[]=9043c21d-150c-4de1-bee5-7e992ebd922d&executionContextIds[]=31904678-6c80-48b0-a21d-73778e52546a HTTP/1.1" 200 130 "http://hub.kbh-troubleshooting.com/site/admin/execution-resources" "Mozilla/5.0 (Macintosh; Intel Mac OS X 10_15_7) AppleWebKit/537.36 (KHTML, like Gecko) Chrome/***HIDDEN*** Safari/537.36" 4174 0.030 [istio-system-istio-ingressgateway-443] [] ***HIDDEN***:8443 130 0.028 200 1438a26affe86cf37f446a822a7607fd
***HIDDEN*** - - [21/Nov/2023:16:05:52 +0000] "GET /auth/realms/knime/.well-known/openid-configuration HTTP/1.1" 200 6344 "-" "axios/0.21.4" 1265 0.002 [knime-keycloak-8443] [] ***HIDDEN***:8443 6344 0.004 200 20863360-28af-46fd-89cd-2082a4d78a98
***HIDDEN*** - - [21/Nov/2023:16:05:52 +0000] "GET /auth/realms/knime/protocol/openid-connect/certs HTTP/1.1" 200 2909 "-" "-" 1193 0.001 [knime-keycloak-8443] [] ***HIDDEN***:8443 2909 0.000 200 7222bfa0-1596-451f-b067-5602e96c8f5b
***HIDDEN*** - - [21/Nov/2023:16:05:52 +0000] "GET /_/bff/execution/contexts/status?executionContextIds[]=9043c21d-150c-4de1-bee5-7e992ebd922d&executionContextIds[]=31904678-6c80-48b0-a21d-73778e52546a HTTP/1.1" 200 130 "http://hub.kbh-troubleshooting.com/site/admin/execution-resources" "Mozilla/5.0 (Macintosh; Intel Mac OS X 10_15_7) AppleWebKit/537.36 (KHTML, like Gecko) Chrome/***HIDDEN*** Safari/537.36" 4174 0.030 [istio-system-istio-ingressgateway-443] [] ***HIDDEN***:8443 130 0.032 200 ea89e0b9ce579b0f655898a2080dad63
***HIDDEN*** - - [21/Nov/2023:16:05:52 +0000] "GET /auth/realms/knime/protocol/openid-connect/certs HTTP/1.1" 200 2909 "-" "Apache-HttpClient/4.5.14 (Java/17.0.9)" 1281 0.001 [knime-keycloak-8443] [] ***HIDDEN***:8443 2909 0.000 200 f697ade9-2b0f-4989-876e-d0299317708d
***HIDDEN*** - - [21/Nov/2023:16:05:55 +0000] "GET /auth/realms/knime/.well-known/openid-configuration HTTP/1.1" 200 6344 "-" "axios/0.21.4" 1265 0.002 [knime-keycloak-8443] [] ***HIDDEN***:8443 6344 0.000 200 e10a71f0-bd78-4546-8bc0-7a310faf71af
***HIDDEN*** - - [21/Nov/2023:16:05:55 +0000] "GET /auth/realms/knime/protocol/openid-connect/certs HTTP/1.1" 200 2909 "-" "-" 1193 0.001 [knime-keycloak-8443] [] ***HIDDEN***:8443 2909 0.000 200 3c78a428-b8cb-4371-bb5d-5cbfb7a8008f
***HIDDEN*** - - [21/Nov/2023:16:05:55 +0000] "GET /_/bff/execution/contexts/status?executionContextIds[]=9043c21d-150c-4de1-bee5-7e992ebd922d&executionContextIds[]=31904678-6c80-48b0-a21d-73778e52546a HTTP/1.1" 200 130 "http://hub.kbh-troubleshooting.com/site/admin/execution-resources" "Mozilla/5.0 (Macintosh; Intel Mac OS X 10_15_7) AppleWebKit/537.36 (KHTML, like Gecko) Chrome/***HIDDEN*** Safari/537.36" 4174 0.029 [istio-system-istio-ingressgateway-443] [] ***HIDDEN***:8443 130 0.028 200 ba10c4d1d1f31edc7b6c19f1a71e1c56
***HIDDEN*** - - [21/Nov/2023:16:05:57 +0000] "GET /auth/realms/knime/protocol/openid-connect/certs HTTP/1.1" 200 2909 "-" "Apache-HttpClient/4.5.14 (Java/17.0.9)" 1281 0.002 [knime-keycloak-8443] [] ***HIDDEN***:8443 2909 0.004 200 30d2c843-b674-4dba-b1b5-8cdbaf985b3f
***HIDDEN*** - - [21/Nov/2023:16:05:59 +0000] "GET /auth/realms/knime/.well-known/openid-configuration HTTP/1.1" 200 6344 "-" "axios/0.21.4" 1265 0.001 [knime-keycloak-8443] [] ***HIDDEN***:8443 6344 0.000 200 71c52cf9-dfd8-461a-bcd6-204f5948203a
***HIDDEN*** - - [21/Nov/2023:16:05:59 +0000] "GET /auth/realms/knime/protocol/openid-connect/certs HTTP/1.1" 200 2909 "-" "-" 1193 0.001 [knime-keycloak-8443] [] ***HIDDEN***:8443 2909 0.000 200 2cc95492-da93-49a9-a538-35b631fd1db0
***HIDDEN*** - - [21/Nov/2023:16:05:59 +0000] "GET /_/bff/execution/contexts/status?executionContextIds[]=9043c21d-150c-4de1-bee5-7e992ebd922d&executionContextIds[]=31904678-6c80-48b0-a21d-73778e52546a HTTP/1.1" 200 130 "http://hub.kbh-troubleshooting.com/site/admin/execution-resources" "Mozilla/5.0 (Macintosh; Intel Mac OS X 10_15_7) AppleWebKit/537.36 (KHTML, like Gecko) Chrome/***HIDDEN*** Safari/537.36" 4174 0.030 [istio-system-istio-ingressgateway-443] [] ***HIDDEN***:8443 135 0.028 200 5e1845c8afa9a7cd65b16c0169eb6fa0
***HIDDEN*** - - [21/Nov/2023:16:06:02 +0000] "GET /auth/realms/knime/.well-known/openid-configuration HTTP/1.1" 200 6344 "-" "axios/0.21.4" 1265 0.007 [knime-keycloak-8443] [] ***HIDDEN***:8443 6344 0.004 200 834b2653-40ad-4dc2-bc41-bff1a9ec124e
***HIDDEN*** - - [21/Nov/2023:16:06:02 +0000] "GET /auth/realms/knime/protocol/openid-connect/certs HTTP/1.1" 200 2909 "-" "-" 1193 0.001 [knime-keycloak-8443] [] ***HIDDEN***:8443 2909 0.000 200 3264e47d-be62-4146-b01e-3a87424cc3bb
***HIDDEN*** - - [21/Nov/2023:16:06:02 +0000] "GET /_/bff/execution/contexts/status?executionContextIds[]=9043c21d-150c-4de1-bee5-7e992ebd922d&executionContextIds[]=31904678-6c80-48b0-a21d-73778e52546a HTTP/1.1" 200 130 "http://hub.kbh-troubleshooting.com/site/admin/execution-resources" "Mozilla/5.0 (Macintosh; Intel Mac OS X 10_15_7) AppleWebKit/537.36 (KHTML, like Gecko) Chrome/***HIDDEN*** Safari/537.36" 4174 0.034 [istio-system-istio-ingressgateway-443] [] ***HIDDEN***:8443 130 0.032 200 fc83447eb24d955768458702de9ee2a2
***HIDDEN*** - - [21/Nov/2023:16:06:02 +0000] "GET /auth/realms/knime/protocol/openid-connect/certs HTTP/1.1" 200 2909 "-" "Apache-HttpClient/4.5.14 (Java/17.0.9)" 1281 0.002 [knime-keycloak-8443] [] ***HIDDEN***:8443 2909 0.004 200 d8a72c7e-0ec6-418f-ba4d-a5e310cdebbc
***HIDDEN*** - - [21/Nov/2023:16:06:05 +0000] "GET /auth/realms/knime/.well-known/openid-configuration HTTP/1.1" 200 6344 "-" "axios/0.21.4" 1265 0.002 [knime-keycloak-8443] [] ***HIDDEN***:8443 6344 0.000 200 09d3e35c-fd42-4096-8c43-9c8c6e6629aa
***HIDDEN*** - - [21/Nov/2023:16:06:05 +0000] "GET /auth/realms/knime/protocol/openid-connect/certs HTTP/1.1" 200 2909 "-" "-" 1193 0.001 [knime-keycloak-8443] [] ***HIDDEN***:8443 2909 0.000 200 70286788-0bdb-4fd7-a6c5-a77adb7e4d4d
***HIDDEN*** - - [21/Nov/2023:16:06:05 +0000] "GET /_/bff/execution/contexts/status?executionContextIds[]=9043c21d-150c-4de1-bee5-7e992ebd922d&executionContextIds[]=31904678-6c80-48b0-a21d-73778e52546a HTTP/1.1" 200 130 "http://hub.kbh-troubleshooting.com/site/admin/execution-resources" "Mozilla/5.0 (Macintosh; Intel Mac OS X 10_15_7) AppleWebKit/537.36 (KHTML, like Gecko) Chrome/***HIDDEN*** Safari/537.36" 4174 0.030 [istio-system-istio-ingressgateway-443] [] ***HIDDEN***:8443 130 0.028 200 0bea946f2661252f8e1857e9ec162921
***HIDDEN*** - - [21/Nov/2023:16:06:07 +0000] "GET /auth/realms/knime/protocol/openid-connect/certs HTTP/1.1" 200 2909 "-" "Apache-HttpClient/4.5.14 (Java/17.0.9)" 1281 0.002 [knime-keycloak-8443] [] ***HIDDEN***:8443 2909 0.004 200 a627448b-05e1-41e5-8db0-f58462ccd1f6
***HIDDEN*** - - [21/Nov/2023:16:06:08 +0000] "GET /auth/realms/knime/.well-known/openid-configuration HTTP/1.1" 200 6344 "-" "openid-client/5.1.9 (https://github.com/panva/node-openid-client)" 1301 0.002 [knime-keycloak-8443] [] ***HIDDEN***:8443 6344 0.000 200 3c80feaf-a400-44f3-9545-eb26687cff9e
***HIDDEN*** - - [21/Nov/2023:16:06:08 +0000] "POST /auth/realms/knime/protocol/openid-connect/token HTTP/1.1" 200 4059 "-" "openid-client/5.1.9 (https://github.com/panva/node-openid-client)" 2212 0.013 [knime-keycloak-8443] [] ***HIDDEN***:8443 4059 0.012 200 dd650b32-45ba-4339-9a5a-d2519fe76b43
***HIDDEN*** - - [21/Nov/2023:16:06:08 +0000] "GET /auth/realms/knime/protocol/openid-connect/certs HTTP/1.1" 200 2909 "-" "openid-client/5.1.9 (https://github.com/panva/node-openid-client)" 1324 0.001 [knime-keycloak-8443] [] ***HIDDEN***:8443 2909 0.000 200 95ca242a-d6e9-4757-8609-645a59bbc67d
***HIDDEN*** - - [21/Nov/2023:16:06:08 +0000] "GET /_/token HTTP/1.1" 200 1219 "http://hub.kbh-troubleshooting.com/site/admin/execution-resources" "Mozilla/5.0 (Macintosh; Intel Mac OS X 10_15_7) AppleWebKit/537.36 (KHTML, like Gecko) Chrome/***HIDDEN*** Safari/537.36" 2271 0.028 [istio-system-istio-ingressgateway-443] [] ***HIDDEN***:8443 1219 0.028 200 11ddbc6b525ae3be1fe2e34cebdb62e1
***HIDDEN*** - - [21/Nov/2023:16:06:08 +0000] "GET /auth/realms/knime/.well-known/openid-configuration HTTP/1.1" 200 6344 "-" "axios/0.21.4" 1265 0.001 [knime-keycloak-8443] [] ***HIDDEN***:8443 6344 0.000 200 6d3c584e-c2b3-4a7f-9028-322e265f7ffd
***HIDDEN*** - - [21/Nov/2023:16:06:08 +0000] "GET /auth/realms/knime/protocol/openid-connect/certs HTTP/1.1" 200 2909 "-" "-" 1193 0.001 [knime-keycloak-8443] [] ***HIDDEN***:8443 2909 0.000 200 12d5d5eb-efb2-40af-9d70-4b9947f79078
***HIDDEN*** - - [21/Nov/2023:16:06:08 +0000] "GET /_/bff/execution/contexts/status?executionContextIds[]=9043c21d-150c-4de1-bee5-7e992ebd922d&executionContextIds[]=31904678-6c80-48b0-a21d-73778e52546a HTTP/1.1" 200 130 "http://hub.kbh-troubleshooting.com/site/admin/execution-resources" "Mozilla/5.0 (Macintosh; Intel Mac OS X 10_15_7) AppleWebKit/537.36 (KHTML, like Gecko) Chrome/***HIDDEN*** Safari/537.36" 4174 0.060 [istio-system-istio-ingressgateway-443] [] ***HIDDEN***:8443 130 0.060 200 b203a27f0c5f3c33f00ed5922b66a12c
***HIDDEN*** - - [21/Nov/2023:16:06:11 +0000] "GET /auth/realms/knime/.well-known/openid-configuration HTTP/1.1" 200 6344 "-" "axios/0.21.4" 1265 0.002 [knime-keycloak-8443] [] ***HIDDEN***:8443 6344 0.004 200 291ea50d-9357-44ae-a5b2-a79da739bbf2
***HIDDEN*** - - [21/Nov/2023:16:06:11 +0000] "GET /auth/realms/knime/protocol/openid-connect/certs HTTP/1.1" 200 2909 "-" "-" 1193 0.002 [knime-keycloak-8443] [] ***HIDDEN***:8443 2909 0.004 200 5f254d1b-fe70-9d9d-987c-5df0156e655c
***HIDDEN*** - - [21/Nov/2023:16:06:11 +0000] "GET /_/bff/execution/contexts/status?executionContextIds[]=9043c21d-150c-4de1-bee5-7e992ebd922d&executionContextIds[]=31904678-6c80-48b0-a21d-73778e52546a HTTP/1.1" 200 130 "http://hub.kbh-troubleshooting.com/site/admin/execution-resources" "Mozilla/5.0 (Macintosh; Intel Mac OS X 10_15_7) AppleWebKit/537.36 (KHTML, like Gecko) Chrome/***HIDDEN*** Safari/537.36" 4174 0.034 [istio-system-istio-ingressgateway-443] [] ***HIDDEN***:8443 130 0.032 200 2a6f7287074e6de14b445e75f1b98f92
***HIDDEN*** - - [21/Nov/2023:16:06:12 +0000] "GET /auth/realms/knime/protocol/openid-connect/certs HTTP/1.1" 200 2909 "-" "Apache-HttpClient/4.5.14 (Java/17.0.9)" 1281 0.002 [knime-keycloak-8443] [] ***HIDDEN***:8443 2909 0.004 200 3668cdd0-b3e8-4c6e-b6b4-51957ece3012
***HIDDEN*** - - [21/Nov/2023:16:06:14 +0000] "GET /auth/realms/knime/.well-known/openid-configuration HTTP/1.1" 200 6344 "-" "axios/0.21.4" 1265 0.002 [knime-keycloak-8443] [] ***HIDDEN***:8443 6344 0.000 200 299e4212-72d4-49a8-8c88-389051c3f105
***HIDDEN*** - - [21/Nov/2023:16:06:14 +0000] "GET /auth/realms/knime/protocol/openid-connect/certs HTTP/1.1" 200 2909 "-" "-" 1193 0.001 [knime-keycloak-8443] [] ***HIDDEN***:8443 2909 0.000 200 5111c5d7-3040-4c4b-b7be-d72e77fbf867
***HIDDEN*** - - [21/Nov/2023:16:06:14 +0000] "GET /_/bff/execution/contexts/status?executionContextIds[]=9043c21d-150c-4de1-bee5-7e992ebd922d&executionContextIds[]=31904678-6c80-48b0-a21d-73778e52546a HTTP/1.1" 200 130 "http://hub.kbh-troubleshooting.com/site/admin/execution-resources" "Mozilla/5.0 (Macintosh; Intel Mac OS X 10_15_7) AppleWebKit/537.36 (KHTML, like Gecko) Chrome/***HIDDEN*** Safari/537.36" 4174 0.029 [istio-system-istio-ingressgateway-443] [] ***HIDDEN***:8443 130 0.028 200 0ebf284e7739a0d5786e6425ab0425fd
***HIDDEN*** - - [21/Nov/2023:16:06:17 +0000] "GET /auth/realms/knime/.well-known/openid-configuration HTTP/1.1" 200 6344 "-" "axios/0.21.4" 1265 0.002 [knime-keycloak-8443] [] ***HIDDEN***:8443 6344 0.000 200 afae4804-bc33-4d39-9cbe-4d1c8341bd81
***HIDDEN*** - - [21/Nov/2023:16:06:17 +0000] "GET /auth/realms/knime/protocol/openid-connect/certs HTTP/1.1" 200 2909 "-" "-" 1193 0.001 [knime-keycloak-8443] [] ***HIDDEN***:8443 2909 0.000 200 4e84f84c-4baf-4e43-9cc7-1376ad8ed6f8
***HIDDEN*** - - [21/Nov/2023:16:06:17 +0000] "GET /_/bff/execution/contexts/status?executionContextIds[]=9043c21d-150c-4de1-bee5-7e992ebd922d&executionContextIds[]=31904678-6c80-48b0-a21d-73778e52546a HTTP/1.1" 200 130 "http://hub.kbh-troubleshooting.com/site/admin/execution-resources" "Mozilla/5.0 (Macintosh; Intel Mac OS X 10_15_7) AppleWebKit/537.36 (KHTML, like Gecko) Chrome/***HIDDEN*** Safari/537.36" 4174 0.030 [istio-system-istio-ingressgateway-443] [] ***HIDDEN***:8443 130 0.028 200 2fa223714c57a2f39f4fb5c101ca696d
***HIDDEN*** - - [21/Nov/2023:16:06:17 +0000] "GET /auth/realms/knime/protocol/openid-connect/certs HTTP/1.1" 200 2909 "-" "Apache-HttpClient/4.5.14 (Java/17.0.9)" 1281 0.001 [knime-keycloak-8443] [] ***HIDDEN***:8443 2909 0.004 200 66a7fbc6-d7d3-4e3c-8f77-9b197de2cd84
***HIDDEN*** - - [21/Nov/2023:16:06:20 +0000] "GET /auth/realms/knime/.well-known/openid-configuration HTTP/1.1" 200 6344 "-" "axios/0.21.4" 1265 0.002 [knime-keycloak-8443] [] ***HIDDEN***:8443 6344 0.000 200 4ba517ce-8451-4246-a5bd-7519c4cf76fe
***HIDDEN*** - - [21/Nov/2023:16:06:20 +0000] "GET /auth/realms/knime/protocol/openid-connect/certs HTTP/1.1" 200 2909 "-" "-" 1193 0.001 [knime-keycloak-8443] [] ***HIDDEN***:8443 2909 0.004 200 4f004603-2c86-4a3d-9fff-c18674c55f4c
***HIDDEN*** - - [21/Nov/2023:16:06:20 +0000] "GET /auth/realms/knime/.well-known/openid-configuration HTTP/1.1" 200 6344 "-" "Go-http-client/1.1" 1386 0.006 [knime-keycloak-8443] [] ***HIDDEN***:8443 6344 0.004 200 754c89e5-02e7-4c39-88dc-752498ad162a
***HIDDEN*** - - [21/Nov/2023:16:06:20 +0000] "GET /auth/realms/knime/protocol/openid-connect/certs HTTP/1.1" 200 2909 "-" "Go-http-client/1.1" 1383 0.001 [knime-keycloak-8443] [] ***HIDDEN***:8443 2909 0.000 200 e961ec06-fb4d-4f76-8154-700be6d662d9
***HIDDEN*** - - [21/Nov/2023:16:06:20 +0000] "GET /_/bff/execution/contexts/status?executionContextIds[]=9043c21d-150c-4de1-bee5-7e992ebd922d&executionContextIds[]=31904678-6c80-48b0-a21d-73778e52546a HTTP/1.1" 200 130 "http://hub.kbh-troubleshooting.com/site/admin/execution-resources" "Mozilla/5.0 (Macintosh; Intel Mac OS X 10_15_7) AppleWebKit/537.36 (KHTML, like Gecko) Chrome/***HIDDEN*** Safari/537.36" 4174 0.039 [istio-system-istio-ingressgateway-443] [] ***HIDDEN***:8443 130 0.036 200 e698a0ddfc6408f172c274c153cc3325
***HIDDEN*** - - [21/Nov/2023:16:06:22 +0000] "GET /auth/realms/knime/protocol/openid-connect/certs HTTP/1.1" 200 2909 "-" "Apache-HttpClient/4.5.14 (Java/17.0.9)" 1281 0.002 [knime-keycloak-8443] [] ***HIDDEN***:8443 2909 0.004 200 c39afce0-4390-4ccc-94cd-ecf83c90a782
***HIDDEN*** - - [21/Nov/2023:16:06:27 +0000] "GET /auth/realms/knime/protocol/openid-connect/certs HTTP/1.1" 200 2909 "-" "Apache-HttpClient/4.5.14 (Java/17.0.9)" 1281 0.001 [knime-keycloak-8443] [] ***HIDDEN***:8443 2909 0.000 200 93213516-f7e9-47b9-9fe7-07564298f874
***HIDDEN*** - - [21/Nov/2023:16:06:31 +0000] "GET /auth/realms/knime/.well-known/openid-configuration HTTP/1.1" 200 6344 "-" "axios/0.21.4" 1265 0.002 [knime-keycloak-8443] [] ***HIDDEN***:8443 6344 0.000 200 cc06341d-3b04-4f17-9c49-735b7c5ba09f
***HIDDEN*** - - [21/Nov/2023:16:06:31 +0000] "GET /auth/realms/knime/protocol/openid-connect/certs HTTP/1.1" 200 2909 "-" "-" 1193 0.002 [knime-keycloak-8443] [] ***HIDDEN***:8443 2909 0.000 200 07155bc8-3913-43ea-9d5f-272c4421afa8
***HIDDEN*** - - [21/Nov/2023:16:06:31 +0000] "GET /_/bff/execution/contexts/status?executionContextIds[]=9043c21d-150c-4de1-bee5-7e992ebd922d&executionContextIds[]=31904678-6c80-48b0-a21d-73778e52546a HTTP/1.1" 200 130 "http://hub.kbh-troubleshooting.com/site/admin/execution-resources" "Mozilla/5.0 (Macintosh; Intel Mac OS X 10_15_7) AppleWebKit/537.36 (KHTML, like Gecko) Chrome/***HIDDEN*** Safari/537.36" 4174 0.034 [istio-system-istio-ingressgateway-443] [] ***HIDDEN***:8443 130 0.032 200 7cc6b1d2340e6078232935ada28fb150
***HIDDEN*** - - [21/Nov/2023:16:06:32 +0000] "GET /auth/realms/knime/protocol/openid-connect/certs HTTP/1.1" 200 2909 "-" "Apache-HttpClient/4.5.14 (Java/17.0.9)" 1281 0.001 [knime-keycloak-8443] [] ***HIDDEN***:8443 2909 0.004 200 84915bcd-2a82-42d8-99b7-d5ce8c9be676
***HIDDEN*** - - [21/Nov/2023:16:06:34 +0000] "GET /auth/realms/knime/.well-known/openid-configuration HTTP/1.1" 200 6344 "-" "axios/0.21.4" 1265 0.002 [knime-keycloak-8443] [] ***HIDDEN***:8443 6344 0.004 200 4a2e9407-132a-48b2-9430-d17ff50e37a6
***HIDDEN*** - - [21/Nov/2023:16:06:34 +0000] "GET /auth/realms/knime/protocol/openid-connect/certs HTTP/1.1" 200 2909 "-" "-" 1193 0.002 [knime-keycloak-8443] [] ***HIDDEN***:8443 2909 0.004 200 e1e3d45e-6cea-4abf-a467-3b06df777391
***HIDDEN*** - - [21/Nov/2023:16:06:34 +0000] "GET /_/bff/execution/contexts/status?executionContextIds[]=9043c21d-150c-4de1-bee5-7e992ebd922d&executionContextIds[]=31904678-6c80-48b0-a21d-73778e52546a HTTP/1.1" 200 130 "http://hub.kbh-troubleshooting.com/site/admin/execution-resources" "Mozilla/5.0 (Macintosh; Intel Mac OS X 10_15_7) AppleWebKit/537.36 (KHTML, like Gecko) Chrome/***HIDDEN*** Safari/537.36" 4174 0.029 [istio-system-istio-ingressgateway-443] [] ***HIDDEN***:8443 130 0.028 200 794e98bc41d7e5a9189c30922d115058
***HIDDEN*** - - [21/Nov/2023:16:06:37 +0000] "GET /auth/realms/knime/.well-known/openid-configuration HTTP/1.1" 200 6344 "-" "axios/0.21.4" 1265 0.002 [knime-keycloak-8443] [] ***HIDDEN***:8443 6344 0.000 200 a1a3e0d9-5796-43e9-9a68-c46e10abea0d
***HIDDEN*** - - [21/Nov/2023:16:06:37 +0000] "GET /auth/realms/knime/protocol/openid-connect/certs HTTP/1.1" 200 2909 "-" "-" 1193 0.002 [knime-keycloak-8443] [] ***HIDDEN***:8443 2909 0.000 200 f62aee2e-d20d-4c00-a569-dc9be6576426
***HIDDEN*** - - [21/Nov/2023:16:06:37 +0000] "GET /_/bff/execution/contexts/status?executionContextIds[]=9043c21d-150c-4de1-bee5-7e992ebd922d&executionContextIds[]=31904678-6c80-48b0-a21d-73778e52546a HTTP/1.1" 200 130 "http://hub.kbh-troubleshooting.com/site/admin/execution-resources" "Mozilla/5.0 (Macintosh; Intel Mac OS X 10_15_7) AppleWebKit/537.36 (KHTML, like Gecko) Chrome/***HIDDEN*** Safari/537.36" 4174 0.031 [istio-system-istio-ingressgateway-443] [] ***HIDDEN***:8443 130 0.028 200 0b369f7a7d6c6bd8df7bd8b350a090ae
***HIDDEN*** - - [21/Nov/2023:16:06:37 +0000] "GET /auth/realms/knime/protocol/openid-connect/certs HTTP/1.1" 200 2909 "-" "Apache-HttpClient/4.5.14 (Java/17.0.9)" 1281 0.001 [knime-keycloak-8443] [] ***HIDDEN***:8443 2909 0.000 200 c8114f72-fe76-4e06-9198-e4450be44e9c
***HIDDEN*** - - [21/Nov/2023:16:06:40 +0000] "GET /auth/realms/knime/.well-known/openid-configuration HTTP/1.1" 200 6344 "-" "axios/0.21.4" 1265 0.002 [knime-keycloak-8443] [] ***HIDDEN***:8443 6344 0.000 200 df8f5089-9291-4226-a016-a68678de70e8
***HIDDEN*** - - [21/Nov/2023:16:06:40 +0000] "GET /auth/realms/knime/protocol/openid-connect/certs HTTP/1.1" 200 2909 "-" "-" 1193 0.001 [knime-keycloak-8443] [] ***HIDDEN***:8443 2909 0.000 200 a6213be5-f3c9-4d8d-8400-5f90aa1defe8
***HIDDEN*** - - [21/Nov/2023:16:06:40 +0000] "GET /_/bff/execution/contexts/status?executionContextIds[]=9043c21d-150c-4de1-bee5-7e992ebd922d&executionContextIds[]=31904678-6c80-48b0-a21d-73778e52546a HTTP/1.1" 200 130 "http://hub.kbh-troubleshooting.com/site/admin/execution-resources" "Mozilla/5.0 (Macintosh; Intel Mac OS X 10_15_7) AppleWebKit/537.36 (KHTML, like Gecko) Chrome/***HIDDEN*** Safari/537.36" 4174 0.029 [istio-system-istio-ingressgateway-443] [] ***HIDDEN***:8443 130 0.028 200 1a106469d616ca14e011ce6976b0569f
***HIDDEN*** - - [21/Nov/2023:16:06:42 +0000] "GET /auth/realms/knime/protocol/openid-connect/certs HTTP/1.1" 200 2909 "-" "Apache-HttpClient/4.5.14 (Java/17.0.9)" 1281 0.002 [knime-keycloak-8443] [] ***HIDDEN***:8443 2909 0.004 200 d7d90909-ef18-4806-888f-91066ea1e109
***HIDDEN*** - - [21/Nov/2023:16:06:44 +0000] "GET /auth/realms/knime/.well-known/openid-configuration HTTP/1.1" 200 6344 "-" "axios/0.21.4" 1265 0.002 [knime-keycloak-8443] [] ***HIDDEN***:8443 6344 0.000 200 15726315-a6d8-4672-ba0e-c4cd9c56d89d
***HIDDEN*** - - [21/Nov/2023:16:06:44 +0000] "GET /auth/realms/knime/protocol/openid-connect/certs HTTP/1.1" 200 2909 "-" "-" 1193 0.001 [knime-keycloak-8443] [] ***HIDDEN***:8443 2909 0.000 200 b37b9f23-dac2-4724-8eed-d8eee6e9595e
***HIDDEN*** - - [21/Nov/2023:16:06:44 +0000] "GET /_/bff/execution/contexts/status?executionContextIds[]=9043c21d-150c-4de1-bee5-7e992ebd922d&executionContextIds[]=31904678-6c80-48b0-a21d-73778e52546a HTTP/1.1" 200 130 "http://hub.kbh-troubleshooting.com/site/admin/execution-resources" "Mozilla/5.0 (Macintosh; Intel Mac OS X 10_15_7) AppleWebKit/537.36 (KHTML, like Gecko) Chrome/***HIDDEN*** Safari/537.36" 4174 0.030 [istio-system-istio-ingressgateway-443] [] ***HIDDEN***:8443 130 0.028 200 9ec0ad231d510a412100435906cb54fe
***HIDDEN*** - - [21/Nov/2023:16:06:47 +0000] "GET /auth/realms/knime/.well-known/openid-configuration HTTP/1.1" 200 6344 "-" "axios/0.21.4" 1265 0.002 [knime-keycloak-8443] [] ***HIDDEN***:8443 6344 0.000 200 a0e63a50-2518-4145-94e6-307d427bf510
***HIDDEN*** - - [21/Nov/2023:16:06:47 +0000] "GET /auth/realms/knime/protocol/openid-connect/certs HTTP/1.1" 200 2909 "-" "-" 1193 0.002 [knime-keycloak-8443] [] ***HIDDEN***:8443 2909 0.000 200 f134a35c-6889-46de-bafc-cd7343b7f180
***HIDDEN*** - - [21/Nov/2023:16:06:47 +0000] "GET /_/bff/execution/contexts/status?executionContextIds[]=9043c21d-150c-4de1-bee5-7e992ebd922d&executionContextIds[]=31904678-6c80-48b0-a21d-73778e52546a HTTP/1.1" 200 130 "http://hub.kbh-troubleshooting.com/site/admin/execution-resources" "Mozilla/5.0 (Macintosh; Intel Mac OS X 10_15_7) AppleWebKit/537.36 (KHTML, like Gecko) Chrome/***HIDDEN*** Safari/537.36" 4174 0.031 [istio-system-istio-ingressgateway-443] [] ***HIDDEN***:8443 130 0.028 200 60d288fcc65761a3e73116ebfc71391d
***HIDDEN*** - - [21/Nov/2023:16:06:47 +0000] "GET /auth/realms/knime/protocol/openid-connect/certs HTTP/1.1" 200 2909 "-" "Apache-HttpClient/4.5.14 (Java/17.0.9)" 1281 0.002 [knime-keycloak-8443] [] ***HIDDEN***:8443 2909 0.004 200 a9c6fbd4-19fc-4990-816d-98c62720d6a5
***HIDDEN*** - - [21/Nov/2023:16:06:50 +0000] "GET /auth/realms/knime/.well-known/openid-configuration HTTP/1.1" 200 6344 "-" "axios/0.21.4" 1265 0.001 [knime-keycloak-8443] [] ***HIDDEN***:8443 6344 0.000 200 d0dd66eb-44fe-4c90-9ddf-dc75c94151d6
***HIDDEN*** - - [21/Nov/2023:16:06:50 +0000] "GET /auth/realms/knime/protocol/openid-connect/certs HTTP/1.1" 200 2909 "-" "-" 1193 0.002 [knime-keycloak-8443] [] ***HIDDEN***:8443 2909 0.000 200 231fe389-140c-4363-8d4b-ac1d6f46f0d3
***HIDDEN*** - - [21/Nov/2023:16:06:50 +0000] "GET /_/bff/execution/contexts/status?executionContextIds[]=9043c21d-150c-4de1-bee5-7e992ebd922d&executionContextIds[]=31904678-6c80-48b0-a21d-73778e52546a HTTP/1.1" 200 130 "http://hub.kbh-troubleshooting.com/site/admin/execution-resources" "Mozilla/5.0 (Macintosh; Intel Mac OS X 10_15_7) AppleWebKit/537.36 (KHTML, like Gecko) Chrome/***HIDDEN*** Safari/537.36" 4174 0.032 [istio-system-istio-ingressgateway-443] [] ***HIDDEN***:8443 130 0.032 200 7d12aa3ac3ac511e32369d86e5c5cf62
***HIDDEN*** - - [21/Nov/2023:16:06:52 +0000] "GET /auth/realms/knime/protocol/openid-connect/certs HTTP/1.1" 200 2909 "-" "Apache-HttpClient/4.5.14 (Java/17.0.9)" 1281 0.001 [knime-keycloak-8443] [] ***HIDDEN***:8443 2909 0.004 200 a06e2e73-8fe7-4789-8fa2-4f01b5eb0816
***HIDDEN*** - - [21/Nov/2023:16:06:53 +0000] "GET /auth/realms/knime/.well-known/openid-configuration HTTP/1.1" 200 6344 "-" "axios/0.21.4" 1265 0.002 [knime-keycloak-8443] [] ***HIDDEN***:8443 6344 0.000 200 a6b3aaf4-1f2f-4427-8686-6c19d66d96da
***HIDDEN*** - - [21/Nov/2023:16:06:53 +0000] "GET /auth/realms/knime/protocol/openid-connect/certs HTTP/1.1" 200 2909 "-" "-" 1193 0.002 [knime-keycloak-8443] [] ***HIDDEN***:8443 2909 0.000 200 530bfac3-56a6-44c0-8e8e-a2e08474dc01
***HIDDEN*** - - [21/Nov/2023:16:06:53 +0000] "GET /_/bff/execution/contexts/status?executionContextIds[]=9043c21d-150c-4de1-bee5-7e992ebd922d&executionContextIds[]=31904678-6c80-48b0-a21d-73778e52546a HTTP/1.1" 200 130 "http://hub.kbh-troubleshooting.com/site/admin/execution-resources" "Mozilla/5.0 (Macintosh; Intel Mac OS X 10_15_7) AppleWebKit/537.36 (KHTML, like Gecko) Chrome/***HIDDEN*** Safari/537.36" 4174 0.030 [istio-system-istio-ingressgateway-443] [] ***HIDDEN***:8443 130 0.028 200 43f593a3e6a92f499c7dae8b1b963a8b
***HIDDEN*** - - [21/Nov/2023:16:06:56 +0000] "GET /auth/realms/knime/.well-known/openid-configuration HTTP/1.1" 200 6344 "-" "axios/0.21.4" 1265 0.002 [knime-keycloak-8443] [] ***HIDDEN***:8443 6344 0.004 200 fa685269-7b28-43d3-b22a-4bc63a274588
***HIDDEN*** - - [21/Nov/2023:16:06:56 +0000] "GET /auth/realms/knime/protocol/openid-connect/certs HTTP/1.1" 200 2909 "-" "-" 1193 0.002 [knime-keycloak-8443] [] ***HIDDEN***:8443 2909 0.004 200 d9c38345-2248-449a-a5e6-465b0f69d040
***HIDDEN*** - - [21/Nov/2023:16:06:56 +0000] "GET /_/bff/execution/contexts/status?executionContextIds[]=9043c21d-150c-4de1-bee5-7e992ebd922d&executionContextIds[]=31904678-6c80-48b0-a21d-73778e52546a HTTP/1.1" 200 130 "http://hub.kbh-troubleshooting.com/site/admin/execution-resources" "Mozilla/5.0 (Macintosh; Intel Mac OS X 10_15_7) AppleWebKit/537.36 (KHTML, like Gecko) Chrome/***HIDDEN*** Safari/537.36" 4174 0.029 [istio-system-istio-ingressgateway-443] [] ***HIDDEN***:8443 130 0.028 200 efab4e8a7eb54eda7424f7870128d374
***HIDDEN*** - - [21/Nov/2023:16:06:57 +0000] "GET /auth/realms/knime/protocol/openid-connect/certs HTTP/1.1" 200 2909 "-" "Apache-HttpClient/4.5.14 (Java/17.0.9)" 1281 0.002 [knime-keycloak-8443] [] ***HIDDEN***:8443 2909 0.004 200 a759c934-1be5-4965-8f1a-26fc28b7b40b
***HIDDEN*** - - [21/Nov/2023:16:06:59 +0000] "GET /auth/realms/knime/.well-known/openid-configuration HTTP/1.1" 200 6344 "-" "axios/0.21.4" 1265 0.002 [knime-keycloak-8443] [] ***HIDDEN***:8443 6344 0.000 200 f72d12e8-5ec0-4a3c-adb8-906fd5edb017
***HIDDEN*** - - [21/Nov/2023:16:06:59 +0000] "GET /auth/realms/knime/protocol/openid-connect/certs HTTP/1.1" 200 2909 "-" "-" 1193 0.002 [knime-keycloak-8443] [] ***HIDDEN***:8443 2909 0.004 200 defbbbbd-dbe4-4229-b7b3-d94abc663fa8
***HIDDEN*** - - [21/Nov/2023:16:06:59 +0000] "GET /_/bff/execution/contexts/status?executionContextIds[]=9043c21d-150c-4de1-bee5-7e992ebd922d&executionContextIds[]=31904678-6c80-48b0-a21d-73778e52546a HTTP/1.1" 200 130 "http://hub.kbh-troubleshooting.com/site/admin/execution-resources" "Mozilla/5.0 (Macintosh; Intel Mac OS X 10_15_7) AppleWebKit/537.36 (KHTML, like Gecko) Chrome/***HIDDEN*** Safari/537.36" 4174 0.030 [istio-system-istio-ingressgateway-443] [] ***HIDDEN***:8443 130 0.028 200 45b822657e84276fdb2895bcebf86290
***HIDDEN*** - - [21/Nov/2023:16:07:02 +0000] "GET /auth/realms/knime/.well-known/openid-configuration HTTP/1.1" 200 6344 "-" "axios/0.21.4" 1265 0.002 [knime-keycloak-8443] [] ***HIDDEN***:8443 6344 0.000 200 a835b209-6966-4290-9c66-d2633bf3e3c3
***HIDDEN*** - - [21/Nov/2023:16:07:02 +0000] "GET /auth/realms/knime/protocol/openid-connect/certs HTTP/1.1" 200 2909 "-" "-" 1193 0.001 [knime-keycloak-8443] [] ***HIDDEN***:8443 2909 0.000 200 99a8347d-46d0-4729-9a02-0481b288a50a
***HIDDEN*** - - [21/Nov/2023:16:07:02 +0000] "GET /_/bff/execution/contexts/status?executionContextIds[]=9043c21d-150c-4de1-bee5-7e992ebd922d&executionContextIds[]=31904678-6c80-48b0-a21d-73778e52546a HTTP/1.1" 200 130 "http://hub.kbh-troubleshooting.com/site/admin/execution-resources" "Mozilla/5.0 (Macintosh; Intel Mac OS X 10_15_7) AppleWebKit/537.36 (KHTML, like Gecko) Chrome/***HIDDEN*** Safari/537.36" 4174 0.029 [istio-system-istio-ingressgateway-443] [] ***HIDDEN***:8443 130 0.024 200 d7484e8f6d9525bad6ecd5c08df39e56
***HIDDEN*** - - [21/Nov/2023:16:07:02 +0000] "GET /auth/realms/knime/protocol/openid-connect/certs HTTP/1.1" 200 2909 "-" "Apache-HttpClient/4.5.14 (Java/17.0.9)" 1281 0.002 [knime-keycloak-8443] [] ***HIDDEN***:8443 2909 0.000 200 dcf062fe-799b-4c6e-86a2-56640317fdaf
***HIDDEN*** - - [21/Nov/2023:16:07:05 +0000] "GET /auth/realms/knime/.well-known/openid-configuration HTTP/1.1" 200 6344 "-" "axios/0.21.4" 1265 0.002 [knime-keycloak-8443] [] ***HIDDEN***:8443 6344 0.000 200 63613d7c-9002-4282-a17a-ffbdf5d30cad
***HIDDEN*** - - [21/Nov/2023:16:07:05 +0000] "GET /auth/realms/knime/protocol/openid-connect/certs HTTP/1.1" 200 2909 "-" "-" 1193 0.001 [knime-keycloak-8443] [] ***HIDDEN***:8443 2909 0.000 200 64f0bff1-f15a-4c2a-af5e-c3f3acca9559
***HIDDEN*** - - [21/Nov/2023:16:07:05 +0000] "GET /_/bff/execution/contexts/status?executionContextIds[]=9043c21d-150c-4de1-bee5-7e992ebd922d&executionContextIds[]=31904678-6c80-48b0-a21d-73778e52546a HTTP/1.1" 200 130 "http://hub.kbh-troubleshooting.com/site/admin/execution-resources" "Mozilla/5.0 (Macintosh; Intel Mac OS X 10_15_7) AppleWebKit/537.36 (KHTML, like Gecko) Chrome/***HIDDEN*** Safari/537.36" 4174 0.031 [istio-system-istio-ingressgateway-443] [] ***HIDDEN***:8443 130 0.028 200 e76607529cd977035271e606a9a7f5c4
***HIDDEN*** - - [21/Nov/2023:16:07:07 +0000] "GET /auth/realms/knime/protocol/openid-connect/certs HTTP/1.1" 200 2909 "-" "Apache-HttpClient/4.5.14 (Java/17.0.9)" 1281 0.002 [knime-keycloak-8443] [] ***HIDDEN***:8443 2909 0.004 200 40c13550-4c08-4279-b074-5c490e25712d
***HIDDEN*** - - [21/Nov/2023:16:07:08 +0000] "GET /auth/realms/knime/.well-known/openid-configuration HTTP/1.1" 200 6344 "-" "axios/0.21.4" 1265 0.002 [knime-keycloak-8443] [] ***HIDDEN***:8443 6344 0.004 200 4d4f98b2-bc9d-4924-a25d-c2a2983bd5f9
***HIDDEN*** - - [21/Nov/2023:16:07:08 +0000] "GET /auth/realms/knime/protocol/openid-connect/certs HTTP/1.1" 200 2909 "-" "-" 1193 0.001 [knime-keycloak-8443] [] ***HIDDEN***:8443 2909 0.000 200 cd0c5e11-962a-48de-b8df-ec54a68a3c30
***HIDDEN*** - - [21/Nov/2023:16:07:08 +0000] "GET /_/bff/execution/contexts/status?executionContextIds[]=9043c21d-150c-4de1-bee5-7e992ebd922d&executionContextIds[]=31904678-6c80-48b0-a21d-73778e52546a HTTP/1.1" 200 130 "http://hub.kbh-troubleshooting.com/site/admin/execution-resources" "Mozilla/5.0 (Macintosh; Intel Mac OS X 10_15_7) AppleWebKit/537.36 (KHTML, like Gecko) Chrome/***HIDDEN*** Safari/537.36" 4174 0.030 [istio-system-istio-ingressgateway-443] [] ***HIDDEN***:8443 130 0.028 200 d560dba266619f57ff1dc5a917ca0737
***HIDDEN*** - - [21/Nov/2023:16:07:11 +0000] "GET /auth/realms/knime/.well-known/openid-configuration HTTP/1.1" 200 6344 "-" "axios/0.21.4" 1265 0.002 [knime-keycloak-8443] [] ***HIDDEN***:8443 6344 0.004 200 9334e230-fb1d-4cd5-9d4e-1e8d6ca8feb8
***HIDDEN*** - - [21/Nov/2023:16:07:11 +0000] "GET /auth/realms/knime/protocol/openid-connect/certs HTTP/1.1" 200 2909 "-" "-" 1193 0.001 [knime-keycloak-8443] [] ***HIDDEN***:8443 2909 0.004 200 65b41b1a-321e-48d2-8365-aa5531872ba5
***HIDDEN*** - - [21/Nov/2023:16:07:11 +0000] "GET /_/bff/execution/contexts/status?executionContextIds[]=9043c21d-150c-4de1-bee5-7e992ebd922d&executionContextIds[]=31904678-6c80-48b0-a21d-73778e52546a HTTP/1.1" 200 130 "http://hub.kbh-troubleshooting.com/site/admin/execution-resources" "Mozilla/5.0 (Macintosh; Intel Mac OS X 10_15_7) AppleWebKit/537.36 (KHTML, like Gecko) Chrome/***HIDDEN*** Safari/537.36" 4174 0.029 [istio-system-istio-ingressgateway-443] [] ***HIDDEN***:8443 130 0.028 200 8e72a946e1b2e33594dfb4a6f8a69205
***HIDDEN*** - - [21/Nov/2023:16:07:12 +0000] "GET /auth/realms/knime/protocol/openid-connect/certs HTTP/1.1" 200 2909 "-" "Apache-HttpClient/4.5.14 (Java/17.0.9)" 1281 0.002 [knime-keycloak-8443] [] ***HIDDEN***:8443 2909 0.004 200 16a2c4d6-814e-4917-a023-77921f5fca37
***HIDDEN*** - - [21/Nov/2023:16:07:14 +0000] "GET /auth/realms/knime/.well-known/openid-configuration HTTP/1.1" 200 6344 "-" "axios/0.21.4" 1265 0.002 [knime-keycloak-8443] [] ***HIDDEN***:8443 6344 0.000 200 8c6985bc-4f28-48e2-b38a-7d9f848ab23e
***HIDDEN*** - - [21/Nov/2023:16:07:14 +0000] "GET /auth/realms/knime/protocol/openid-connect/certs HTTP/1.1" 200 2909 "-" "-" 1193 0.001 [knime-keycloak-8443] [] ***HIDDEN***:8443 2909 0.000 200 193780f2-9e3e-4ea9-8afb-de278dcb544f
***HIDDEN*** - - [21/Nov/2023:16:07:14 +0000] "GET /_/bff/execution/contexts/status?executionContextIds[]=9043c21d-150c-4de1-bee5-7e992ebd922d&executionContextIds[]=31904678-6c80-48b0-a21d-73778e52546a HTTP/1.1" 200 130 "http://hub.kbh-troubleshooting.com/site/admin/execution-resources" "Mozilla/5.0 (Macintosh; Intel Mac OS X 10_15_7) AppleWebKit/537.36 (KHTML, like Gecko) Chrome/***HIDDEN*** Safari/537.36" 4174 0.028 [istio-system-istio-ingressgateway-443] [] ***HIDDEN***:8443 130 0.028 200 f0cbc6b4c3137e1c71c88011943b7beb
***HIDDEN*** - - [21/Nov/2023:16:07:17 +0000] "OPTIONS /execution-contexts/31904678-6c80-48b0-a21d-73778e52546a HTTP/1.1" 200 0 "http://hub.kbh-troubleshooting.com/" "Mozilla/5.0 (Macintosh; Intel Mac OS X 10_15_7) AppleWebKit/537.36 (KHTML, like Gecko) Chrome/***HIDDEN*** Safari/537.36" 556 0.000 [istio-system-istio-ingressgateway-443] [] ***HIDDEN***:8443 0 0.000 200 4aea04d329164c782782e0c793711709
***HIDDEN*** - - [21/Nov/2023:16:07:17 +0000] "GET /execution-contexts/31904678-6c80-48b0-a21d-73778e52546a HTTP/1.1" 200 2580 "http://hub.kbh-troubleshooting.com/" "Mozilla/5.0 (Macintosh; Intel Mac OS X 10_15_7) AppleWebKit/537.36 (KHTML, like Gecko) Chrome/***HIDDEN*** Safari/537.36" 4098 0.011 [istio-system-istio-ingressgateway-443] [] ***HIDDEN***:8443 2586 0.008 200 835ca010a6daf81b038b617389243310
***HIDDEN*** - - [21/Nov/2023:16:07:17 +0000] "OPTIONS /execution/permissions/policies/execution_context/31904678-6c80-48b0-a21d-73778e52546a HTTP/1.1" 200 0 "http://hub.kbh-troubleshooting.com/" "Mozilla/5.0 (Macintosh; Intel Mac OS X 10_15_7) AppleWebKit/537.36 (KHTML, like Gecko) Chrome/***HIDDEN*** Safari/537.36" 586 0.001 [istio-system-istio-ingressgateway-443] [] ***HIDDEN***:8443 0 0.000 200 a54ed705708ed19303e85f38159ca167
***HIDDEN*** - - [21/Nov/2023:16:07:17 +0000] "GET /execution/permissions/policies/execution_context/31904678-6c80-48b0-a21d-73778e52546a HTTP/1.1" 200 2 "http://hub.kbh-troubleshooting.com/" "Mozilla/5.0 (Macintosh; Intel Mac OS X 10_15_7) AppleWebKit/537.36 (KHTML, like Gecko) Chrome/***HIDDEN*** Safari/537.36" 4128 0.008 [istio-system-istio-ingressgateway-443] [] ***HIDDEN***:8443 2 0.004 200 beaa7e8092c7066832aed589471747ca
***HIDDEN*** - - [21/Nov/2023:16:07:17 +0000] "GET /_nuxt/7be3c63.modern.js HTTP/1.1" 200 46300 "http://hub.kbh-troubleshooting.com/site/shared/execution-resources/~31904678-6c80-48b0-a21d-73778e52546a" "Mozilla/5.0 (Macintosh; Intel Mac OS X 10_15_7) AppleWebKit/537.36 (KHTML, like Gecko) Chrome/***HIDDEN*** Safari/537.36" 2296 0.010 [istio-system-istio-ingressgateway-443] [] ***HIDDEN***:8443 46300 0.012 200 5e2019fcecd15ef9de38c82fd0c16dc7
***HIDDEN*** - - [21/Nov/2023:16:07:17 +0000] "OPTIONS /execution-status/execution-contexts/31904678-6c80-48b0-a21d-73778e52546a HTTP/1.1" 200 0 "http://hub.kbh-troubleshooting.com/" "Mozilla/5.0 (Macintosh; Intel Mac OS X 10_15_7) AppleWebKit/537.36 (KHTML, like Gecko) Chrome/***HIDDEN*** Safari/537.36" 573 0.000 [istio-system-istio-ingressgateway-443] [] ***HIDDEN***:8443 0 0.000 200 123d878425e4222075fb838a5829f1de
***HIDDEN*** - - [21/Nov/2023:16:07:17 +0000] "OPTIONS /accounts/limits/hub:global/users HTTP/1.1" 200 0 "http://hub.kbh-troubleshooting.com/" "Mozilla/5.0 (Macintosh; Intel Mac OS X 10_15_7) AppleWebKit/537.36 (KHTML, like Gecko) Chrome/***HIDDEN*** Safari/537.36" 533 0.002 [istio-system-istio-ingressgateway-443] [] ***HIDDEN***:8443 0 0.004 200 a177bc9d2ed5828cc9a636c5418d7bb1
***HIDDEN*** - - [21/Nov/2023:16:07:17 +0000] "OPTIONS /accounts/limits/hub:global/teams HTTP/1.1" 200 0 "http://hub.kbh-troubleshooting.com/" "Mozilla/5.0 (Macintosh; Intel Mac OS X 10_15_7) AppleWebKit/537.36 (KHTML, like Gecko) Chrome/***HIDDEN*** Safari/537.36" 533 0.000 [istio-system-istio-ingressgateway-443] [] ***HIDDEN***:8443 0 0.000 200 8c954330ed57250d1a2439694e077895
***HIDDEN*** - - [21/Nov/2023:16:07:17 +0000] "OPTIONS /execution/limits/hub:global/global-cpu-cores HTTP/1.1" 200 0 "http://hub.kbh-troubleshooting.com/" "Mozilla/5.0 (Macintosh; Intel Mac OS X 10_15_7) AppleWebKit/537.36 (KHTML, like Gecko) Chrome/***HIDDEN*** Safari/537.36" 545 0.000 [istio-system-istio-ingressgateway-443] [] ***HIDDEN***:8443 0 0.000 200 ae177213a47e7b69c9db3c6391b103f5
***HIDDEN*** - - [21/Nov/2023:16:07:17 +0000] "OPTIONS /execution-contexts/31904678-6c80-48b0-a21d-73778e52546a/executors HTTP/1.1" 200 0 "http://hub.kbh-troubleshooting.com/" "Mozilla/5.0 (Macintosh; Intel Mac OS X 10_15_7) AppleWebKit/537.36 (KHTML, like Gecko) Chrome/***HIDDEN*** Safari/537.36" 566 0.002 [istio-system-istio-ingressgateway-443] [] ***HIDDEN***:8443 0 0.000 200 22fb640ea5c4de2875ab67c4b89e7325
***HIDDEN*** - - [21/Nov/2023:16:07:17 +0000] "GET /auth/realms/knime/.well-known/openid-configuration HTTP/1.1" 200 6344 "-" "axios/0.21.4" 1265 0.002 [knime-keycloak-8443] [] ***HIDDEN***:8443 6344 0.004 200 5d15e552-721f-4e35-a67f-678c1da81131
***HIDDEN*** - - [21/Nov/2023:16:07:17 +0000] "GET /execution-status/execution-contexts/31904678-6c80-48b0-a21d-73778e52546a HTTP/1.1" 200 31 "http://hub.kbh-troubleshooting.com/" "Mozilla/5.0 (Macintosh; Intel Mac OS X 10_15_7) AppleWebKit/537.36 (KHTML, like Gecko) Chrome/***HIDDEN*** Safari/537.36" 4115 0.015 [istio-system-istio-ingressgateway-443] [] ***HIDDEN***:8443 31 0.012 200 63e6555195406057f3bc006413b7f1d4
***HIDDEN*** - - [21/Nov/2023:16:07:17 +0000] "GET /auth/realms/knime/protocol/openid-connect/certs HTTP/1.1" 200 2909 "-" "-" 1193 0.001 [knime-keycloak-8443] [] ***HIDDEN***:8443 2909 0.004 200 557b88d8-818e-4ea7-b8a2-0dad8c9d3a53
***HIDDEN*** - - [21/Nov/2023:16:07:17 +0000] "GET /accounts/limits/hub:global/users HTTP/1.1" 200 29 "http://hub.kbh-troubleshooting.com/" "Mozilla/5.0 (Macintosh; Intel Mac OS X 10_15_7) AppleWebKit/537.36 (KHTML, like Gecko) Chrome/***HIDDEN*** Safari/537.36" 4075 0.032 [istio-system-istio-ingressgateway-443] [] ***HIDDEN***:8443 29 0.032 200 fd6c3d57c37f0315da786015e03d6f5b
***HIDDEN*** - - [21/Nov/2023:16:07:17 +0000] "GET /execution/limits/hub:global/global-cpu-cores HTTP/1.1" 200 29 "http://hub.kbh-troubleshooting.com/" "Mozilla/5.0 (Macintosh; Intel Mac OS X 10_15_7) AppleWebKit/537.36 (KHTML, like Gecko) Chrome/***HIDDEN*** Safari/537.36" 4087 0.014 [istio-system-istio-ingressgateway-443] [] ***HIDDEN***:8443 29 0.016 200 a2893fe378dd91054378286a95c2bbb4
***HIDDEN*** - - [21/Nov/2023:16:07:17 +0000] "GET /accounts/limits/hub:global/teams HTTP/1.1" 200 37 "http://hub.kbh-troubleshooting.com/" "Mozilla/5.0 (Macintosh; Intel Mac OS X 10_15_7) AppleWebKit/537.36 (KHTML, like Gecko) Chrome/***HIDDEN*** Safari/537.36" 4075 0.027 [istio-system-istio-ingressgateway-443] [] ***HIDDEN***:8443 37 0.028 200 f604f4ab3871d4ee8f3f6204306ad3e2
***HIDDEN*** - - [21/Nov/2023:16:07:17 +0000] "GET /_/bff/execution/contexts/jobs?contextId=31904678-6c80-48b0-a21d-73778e52546a HTTP/1.1" 200 42 "http://hub.kbh-troubleshooting.com/site/shared/execution-resources/~31904678-6c80-48b0-a21d-73778e52546a" "Mozilla/5.0 (Macintosh; Intel Mac OS X 10_15_7) AppleWebKit/537.36 (KHTML, like Gecko) Chrome/***HIDDEN*** Safari/537.36" 4140 0.268 [istio-system-istio-ingressgateway-443] [] ***HIDDEN***:8443 42 0.268 200 050522696de8d5b3a4c0283067d10289
***HIDDEN*** - - [21/Nov/2023:16:07:17 +0000] "GET /auth/realms/knime/protocol/openid-connect/certs HTTP/1.1" 200 2909 "-" "Apache-HttpClient/4.5.14 (Java/17.0.9)" 1281 0.002 [knime-keycloak-8443] [] ***HIDDEN***:8443 2909 0.004 200 34bb6d13-1b05-41ac-93f9-4b07d04a45e5
***HIDDEN*** - - [21/Nov/2023:16:07:20 +0000] "GET /execution-status/execution-contexts/31904678-6c80-48b0-a21d-73778e52546a HTTP/1.1" 200 31 "http://hub.kbh-troubleshooting.com/" "Mozilla/5.0 (Macintosh; Intel Mac OS X 10_15_7) AppleWebKit/537.36 (KHTML, like Gecko) Chrome/***HIDDEN*** Safari/537.36" 4115 0.015 [istio-system-istio-ingressgateway-443] [] ***HIDDEN***:8443 31 0.016 200 300c5425d5468d1ac4bea61da9be3e69
***HIDDEN*** - - [21/Nov/2023:16:07:22 +0000] "GET /auth/realms/knime/.well-known/openid-configuration HTTP/1.1" 200 6344 "-" "axios/0.21.4" 1265 0.002 [knime-keycloak-8443] [] ***HIDDEN***:8443 6344 0.004 200 d7de3661-2ed8-406e-866d-5c468c88d841
***HIDDEN*** - - [21/Nov/2023:16:07:22 +0000] "GET /auth/realms/knime/protocol/openid-connect/certs HTTP/1.1" 200 2909 "-" "-" 1193 0.001 [knime-keycloak-8443] [] ***HIDDEN***:8443 2909 0.000 200 7bbc7781-6572-4255-9fa5-087e3817c11e
***HIDDEN*** - - [21/Nov/2023:16:07:22 +0000] "OPTIONS /execution/limits/hub:global/execution-contexts HTTP/1.1" 200 0 "http://hub.kbh-troubleshooting.com/" "Mozilla/5.0 (Macintosh; Intel Mac OS X 10_15_7) AppleWebKit/537.36 (KHTML, like Gecko) Chrome/***HIDDEN*** Safari/537.36" 547 0.000 [istio-system-istio-ingressgateway-443] [] ***HIDDEN***:8443 0 0.000 200 694a208db9039bca7c887fb6f67c256c
***HIDDEN*** - - [21/Nov/2023:16:07:22 +0000] "GET /auth/realms/knime/.well-known/openid-configuration HTTP/1.1" 200 6344 "-" "axios/0.21.4" 1265 0.002 [knime-keycloak-8443] [] ***HIDDEN***:8443 6344 0.000 200 a96366d3-550b-466b-95f4-ac5c3d41d502
***HIDDEN*** - - [21/Nov/2023:16:07:22 +0000] "GET /execution/limits/hub:global/global-cpu-cores HTTP/1.1" 200 29 "http://hub.kbh-troubleshooting.com/" "Mozilla/5.0 (Macintosh; Intel Mac OS X 10_15_7) AppleWebKit/537.36 (KHTML, like Gecko) Chrome/***HIDDEN*** Safari/537.36" 4087 0.014 [istio-system-istio-ingressgateway-443] [] ***HIDDEN***:8443 29 0.008 200 133d8ea0ccd78b4d72f3d0e2a113c2e6
***HIDDEN*** - - [21/Nov/2023:16:07:22 +0000] "GET /auth/realms/knime/protocol/openid-connect/certs HTTP/1.1" 200 2909 "-" "-" 1193 0.007 [knime-keycloak-8443] [] ***HIDDEN***:8443 2909 0.008 200 57985c6f-78df-4c40-9ecb-644c201ee24a
***HIDDEN*** - - [21/Nov/2023:16:07:22 +0000] "GET /_/bff/execution/contexts/v-core-usage HTTP/1.1" 200 120 "http://hub.kbh-troubleshooting.com/site/admin/execution-resources" "Mozilla/5.0 (Macintosh; Intel Mac OS X 10_15_7) AppleWebKit/537.36 (KHTML, like Gecko) Chrome/***HIDDEN*** Safari/537.36" 4062 0.038 [istio-system-istio-ingressgateway-443] [] ***HIDDEN***:8443 120 0.036 200 7bdb2b1efefc9042a6edd80bcc1cf436
***HIDDEN*** - - [21/Nov/2023:16:07:22 +0000] "GET /accounts/limits/hub:global/users HTTP/1.1" 200 29 "http://hub.kbh-troubleshooting.com/" "Mozilla/5.0 (Macintosh; Intel Mac OS X 10_15_7) AppleWebKit/537.36 (KHTML, like Gecko) Chrome/***HIDDEN*** Safari/537.36" 4075 0.040 [istio-system-istio-ingressgateway-443] [] ***HIDDEN***:8443 29 0.032 200 44f6e274541743885730130a5bd1627c
***HIDDEN*** - - [21/Nov/2023:16:07:22 +0000] "GET /execution/limits/hub:global/execution-contexts HTTP/1.1" 200 37 "http://hub.kbh-troubleshooting.com/" "Mozilla/5.0 (Macintosh; Intel Mac OS X 10_15_7) AppleWebKit/537.36 (KHTML, like Gecko) Chrome/***HIDDEN*** Safari/537.36" 4089 0.008 [istio-system-istio-ingressgateway-443] [] ***HIDDEN***:8443 37 0.008 200 826ca921b8093c199e6d60f34d9438d8
***HIDDEN*** - - [21/Nov/2023:16:07:22 +0000] "GET /accounts/limits/hub:global/teams HTTP/1.1" 200 37 "http://hub.kbh-troubleshooting.com/" "Mozilla/5.0 (Macintosh; Intel Mac OS X 10_15_7) AppleWebKit/537.36 (KHTML, like Gecko) Chrome/***HIDDEN*** Safari/537.36" 4075 0.064 [istio-system-istio-ingressgateway-443] [] ***HIDDEN***:8443 37 0.060 200 f1af777d0921e37e2a8c53e9863bdb43
***HIDDEN*** - - [21/Nov/2023:16:07:22 +0000] "GET /_/bff/execution/contexts?type=all HTTP/1.1" 200 1109 "http://hub.kbh-troubleshooting.com/site/admin/execution-resources" "Mozilla/5.0 (Macintosh; Intel Mac OS X 10_15_7) AppleWebKit/537.36 (KHTML, like Gecko) Chrome/***HIDDEN*** Safari/537.36" 4058 0.071 [istio-system-istio-ingressgateway-443] [] ***HIDDEN***:8443 1109 0.060 200 4d2ca77aa483009d24cd515f412ccc60
***HIDDEN*** - - [21/Nov/2023:16:07:22 +0000] "GET /auth/realms/knime/.well-known/openid-configuration HTTP/1.1" 200 6344 "-" "axios/0.21.4" 1265 0.002 [knime-keycloak-8443] [] ***HIDDEN***:8443 6344 0.004 200 d5245572-168e-4b1c-a032-4c7f7b76c989
***HIDDEN*** - - [21/Nov/2023:16:07:22 +0000] "GET /auth/realms/knime/protocol/openid-connect/certs HTTP/1.1" 200 2909 "-" "-" 1193 0.001 [knime-keycloak-8443] [] ***HIDDEN***:8443 2909 0.000 200 41204539-b1f2-41af-ae44-794398f8bbef
***HIDDEN*** - - [21/Nov/2023:16:07:22 +0000] "GET /execution/limits/hub:global/execution-contexts HTTP/1.1" 200 37 "http://hub.kbh-troubleshooting.com/" "Mozilla/5.0 (Macintosh; Intel Mac OS X 10_15_7) AppleWebKit/537.36 (KHTML, like Gecko) Chrome/***HIDDEN*** Safari/537.36" 4089 0.011 [istio-system-istio-ingressgateway-443] [] ***HIDDEN***:8443 37 0.008 200 d53fedf0b6beac565c4b4e72f490ec10
***HIDDEN*** - - [21/Nov/2023:16:07:22 +0000] "GET /execution/limits/hub:global/global-cpu-cores HTTP/1.1" 200 29 "http://hub.kbh-troubleshooting.com/" "Mozilla/5.0 (Macintosh; Intel Mac OS X 10_15_7) AppleWebKit/537.36 (KHTML, like Gecko) Chrome/***HIDDEN*** Safari/537.36" 4087 0.024 [istio-system-istio-ingressgateway-443] [] ***HIDDEN***:8443 29 0.020 200 69c1ee5ab80fca2fc8b590104387158d
***HIDDEN*** - - [21/Nov/2023:16:07:22 +0000] "GET /_/bff/execution/contexts/status?executionContextIds[]=9043c21d-150c-4de1-bee5-7e992ebd922d&executionContextIds[]=31904678-6c80-48b0-a21d-73778e52546a HTTP/1.1" 200 130 "http://hub.kbh-troubleshooting.com/site/admin/execution-resources" "Mozilla/5.0 (Macintosh; Intel Mac OS X 10_15_7) AppleWebKit/537.36 (KHTML, like Gecko) Chrome/***HIDDEN*** Safari/537.36" 4174 0.031 [istio-system-istio-ingressgateway-443] [] ***HIDDEN***:8443 130 0.028 200 53ccb5cbc7215dc05d500bc3496d3574
***HIDDEN*** - - [21/Nov/2023:16:07:22 +0000] "GET /execution-contexts/31904678-6c80-48b0-a21d-73778e52546a/executors HTTP/1.1" 200 276 "http://hub.kbh-troubleshooting.com/" "Mozilla/5.0 (Macintosh; Intel Mac OS X 10_15_7) AppleWebKit/537.36 (KHTML, like Gecko) Chrome/***HIDDEN*** Safari/537.36" 4108 5.104 [istio-system-istio-ingressgateway-443] [] ***HIDDEN***:8443 276 5.104 200 ecb8cbf9d5ce4ba4a4a4323cf178b090
***HIDDEN*** - - [21/Nov/2023:16:07:22 +0000] "GET /auth/realms/knime/protocol/openid-connect/certs HTTP/1.1" 200 2909 "-" "Apache-HttpClient/4.5.14 (Java/17.0.9)" 1281 0.002 [knime-keycloak-8443] [] ***HIDDEN***:8443 2909 0.004 200 ea43e5ce-c9dc-49dc-b63a-a1d1573d9ced
***HIDDEN*** - - [21/Nov/2023:16:07:25 +0000] "GET /auth/realms/knime/.well-known/openid-configuration HTTP/1.1" 200 6344 "-" "axios/0.21.4" 1265 0.002 [knime-keycloak-8443] [] ***HIDDEN***:8443 6344 0.000 200 5f8dd101-d2f7-4ccb-a33f-f101bf261b30
***HIDDEN*** - - [21/Nov/2023:16:07:25 +0000] "GET /auth/realms/knime/protocol/openid-connect/certs HTTP/1.1" 200 2909 "-" "-" 1193 0.001 [knime-keycloak-8443] [] ***HIDDEN***:8443 2909 0.000 200 97ee3e02-87c6-46b1-a440-5a79c96a026d
***HIDDEN*** - - [21/Nov/2023:16:07:25 +0000] "GET /_/bff/execution/contexts/status?executionContextIds[]=9043c21d-150c-4de1-bee5-7e992ebd922d&executionContextIds[]=31904678-6c80-48b0-a21d-73778e52546a HTTP/1.1" 200 130 "http://hub.kbh-troubleshooting.com/site/admin/execution-resources" "Mozilla/5.0 (Macintosh; Intel Mac OS X 10_15_7) AppleWebKit/537.36 (KHTML, like Gecko) Chrome/***HIDDEN*** Safari/537.36" 4174 0.034 [istio-system-istio-ingressgateway-443] [] ***HIDDEN***:8443 130 0.032 200 3bc29b69a49a97f8c10daa89746958e1
***HIDDEN*** - - [21/Nov/2023:16:07:27 +0000] "GET /auth/realms/knime/protocol/openid-connect/certs HTTP/1.1" 200 2909 "-" "Apache-HttpClient/4.5.14 (Java/17.0.9)" 1281 0.002 [knime-keycloak-8443] [] ***HIDDEN***:8443 2909 0.004 200 71264804-2b12-4315-a622-a8ee8d3f72f2
***HIDDEN*** - - [21/Nov/2023:16:07:28 +0000] "GET /auth/realms/knime/.well-known/openid-configuration HTTP/1.1" 200 6344 "-" "axios/0.21.4" 1265 0.002 [knime-keycloak-8443] [] ***HIDDEN***:8443 6344 0.004 200 6adf8625-3133-4041-9524-c23b2a340264
***HIDDEN*** - - [21/Nov/2023:16:07:28 +0000] "GET /auth/realms/knime/protocol/openid-connect/certs HTTP/1.1" 200 2909 "-" "-" 1193 0.001 [knime-keycloak-8443] [] ***HIDDEN***:8443 2909 0.004 200 2306d0b0-2857-4738-9398-a7f2a9f02ea7
***HIDDEN*** - - [21/Nov/2023:16:07:28 +0000] "GET /_/bff/execution/contexts/status?executionContextIds[]=9043c21d-150c-4de1-bee5-7e992ebd922d&executionContextIds[]=31904678-6c80-48b0-a21d-73778e52546a HTTP/1.1" 200 130 "http://hub.kbh-troubleshooting.com/site/admin/execution-resources" "Mozilla/5.0 (Macintosh; Intel Mac OS X 10_15_7) AppleWebKit/537.36 (KHTML, like Gecko) Chrome/***HIDDEN*** Safari/537.36" 4174 0.028 [istio-system-istio-ingressgateway-443] [] ***HIDDEN***:8443 130 0.024 200 8d9c96f1fb01e80e115233888992be1e
***HIDDEN*** - - [21/Nov/2023:16:07:31 +0000] "GET /auth/realms/knime/.well-known/openid-configuration HTTP/1.1" 200 6344 "-" "axios/0.21.4" 1265 0.002 [knime-keycloak-8443] [] ***HIDDEN***:8443 6344 0.004 200 8d26b93f-1ed3-4576-a2cc-3e8a27d8d8e2
***HIDDEN*** - - [21/Nov/2023:16:07:31 +0000] "GET /auth/realms/knime/protocol/openid-connect/certs HTTP/1.1" 200 2909 "-" "-" 1193 0.002 [knime-keycloak-8443] [] ***HIDDEN***:8443 2909 0.000 200 fb0e2ec6-7558-46f1-b997-ea735640fb6f
***HIDDEN*** - - [21/Nov/2023:16:07:31 +0000] "GET /_/bff/execution/contexts/status?executionContextIds[]=9043c21d-150c-4de1-bee5-7e992ebd922d&executionContextIds[]=31904678-6c80-48b0-a21d-73778e52546a HTTP/1.1" 200 130 "http://hub.kbh-troubleshooting.com/site/admin/execution-resources" "Mozilla/5.0 (Macintosh; Intel Mac OS X 10_15_7) AppleWebKit/537.36 (KHTML, like Gecko) Chrome/***HIDDEN*** Safari/537.36" 4174 0.028 [istio-system-istio-ingressgateway-443] [] ***HIDDEN***:8443 130 0.024 200 37bb2f0c7c8b61040fd26372baa82e38
***HIDDEN*** - - [21/Nov/2023:16:07:32 +0000] "GET /auth/realms/knime/protocol/openid-connect/certs HTTP/1.1" 200 2909 "-" "Apache-HttpClient/4.5.14 (Java/17.0.9)" 1281 0.001 [knime-keycloak-8443] [] ***HIDDEN***:8443 2909 0.004 200 de74f44b-7d97-48c4-bb69-86044b6c138e
***HIDDEN*** - - [21/Nov/2023:16:07:34 +0000] "GET /auth/realms/knime/.well-known/openid-configuration HTTP/1.1" 200 6344 "-" "axios/0.21.4" 1265 0.002 [knime-keycloak-8443] [] ***HIDDEN***:8443 6344 0.004 200 90113d61-a943-4640-ad91-6d2fb6cc828f
***HIDDEN*** - - [21/Nov/2023:16:07:34 +0000] "GET /auth/realms/knime/protocol/openid-connect/certs HTTP/1.1" 200 2909 "-" "-" 1193 0.001 [knime-keycloak-8443] [] ***HIDDEN***:8443 2909 0.004 200 db5e2571-1b19-4f09-beb7-68d386fb3c1f
***HIDDEN*** - - [21/Nov/2023:16:07:34 +0000] "GET /_/bff/execution/contexts/status?executionContextIds[]=9043c21d-150c-4de1-bee5-7e992ebd922d&executionContextIds[]=31904678-6c80-48b0-a21d-73778e52546a HTTP/1.1" 200 130 "http://hub.kbh-troubleshooting.com/site/admin/execution-resources" "Mozilla/5.0 (Macintosh; Intel Mac OS X 10_15_7) AppleWebKit/537.36 (KHTML, like Gecko) Chrome/***HIDDEN*** Safari/537.36" 4174 0.028 [istio-system-istio-ingressgateway-443] [] ***HIDDEN***:8443 130 0.024 200 3ccbda93c6fce1b3783b29dcef4b0d72
***HIDDEN*** - - [21/Nov/2023:16:07:37 +0000] "GET /auth/realms/knime/protocol/openid-connect/certs HTTP/1.1" 200 2909 "-" "Apache-HttpClient/4.5.14 (Java/17.0.9)" 1281 0.001 [knime-keycloak-8443] [] ***HIDDEN***:8443 2909 0.000 200 6be11c84-4993-4dd1-8dc7-df53b07e1a57
***HIDDEN*** - - [21/Nov/2023:16:07:42 +0000] "GET /auth/realms/knime/protocol/openid-connect/certs HTTP/1.1" 200 2909 "-" "Apache-HttpClient/4.5.14 (Java/17.0.9)" 1281 0.002 [knime-keycloak-8443] [] ***HIDDEN***:8443 2909 0.004 200 afcd7341-72c2-44b4-8abb-a915c081ac67
***HIDDEN*** - - [21/Nov/2023:16:07:47 +0000] "GET /auth/realms/knime/protocol/openid-connect/certs HTTP/1.1" 200 2909 "-" "Apache-HttpClient/4.5.14 (Java/17.0.9)" 1281 0.001 [knime-keycloak-8443] [] ***HIDDEN***:8443 2909 0.000 200 29b57aeb-3c93-4daf-a04f-cfee2872dba8
***HIDDEN*** - - [21/Nov/2023:16:07:52 +0000] "GET /auth/realms/knime/protocol/openid-connect/certs HTTP/1.1" 200 2909 "-" "Apache-HttpClient/4.5.14 (Java/17.0.9)" 1281 0.001 [knime-keycloak-8443] [] ***HIDDEN***:8443 2909 0.004 200 1fc50113-d174-4f78-a6e1-a775365bed60
***HIDDEN*** - - [21/Nov/2023:16:07:57 +0000] "GET /auth/realms/knime/protocol/openid-connect/certs HTTP/1.1" 200 2909 "-" "Apache-HttpClient/4.5.14 (Java/17.0.9)" 1281 0.002 [knime-keycloak-8443] [] ***HIDDEN***:8443 2909 0.004 200 26caa0a8-20db-4315-8cb6-e9af9e8e29d4
***HIDDEN*** - - [21/Nov/2023:16:08:02 +0000] "GET /auth/realms/knime/protocol/openid-connect/certs HTTP/1.1" 200 2909 "-" "Apache-HttpClient/4.5.14 (Java/17.0.9)" 1281 0.001 [knime-keycloak-8443] [] ***HIDDEN***:8443 2909 0.004 200 772c5331-4d6d-4ad0-a516-b69ecfe89fe7
***HIDDEN*** - - [21/Nov/2023:16:08:07 +0000] "GET /auth/realms/knime/protocol/openid-connect/certs HTTP/1.1" 200 2909 "-" "Apache-HttpClient/4.5.14 (Java/17.0.9)" 1281 0.002 [knime-keycloak-8443] [] ***HIDDEN***:8443 2909 0.004 200 9c109f38-422a-4c01-89b8-877a3a433a32
***HIDDEN*** - - [21/Nov/2023:16:08:12 +0000] "GET /auth/realms/knime/protocol/openid-connect/certs HTTP/1.1" 200 2909 "-" "Apache-HttpClient/4.5.14 (Java/17.0.9)" 1281 0.001 [knime-keycloak-8443] [] ***HIDDEN***:8443 2909 0.000 200 14d4ee20-908e-40d3-84d9-bea2e8280506
***HIDDEN*** - - [21/Nov/2023:16:08:17 +0000] "GET /auth/realms/knime/protocol/openid-connect/certs HTTP/1.1" 200 2909 "-" "Apache-HttpClient/4.5.14 (Java/17.0.9)" 1281 0.002 [knime-keycloak-8443] [] ***HIDDEN***:8443 2909 0.004 200 0c6d53de-a4f7-4519-ada9-1a205ef2fea8
***HIDDEN*** - - [21/Nov/2023:16:08:22 +0000] "GET /auth/realms/knime/protocol/openid-connect/certs HTTP/1.1" 200 2909 "-" "Apache-HttpClient/4.5.14 (Java/17.0.9)" 1281 0.002 [knime-keycloak-8443] [] ***HIDDEN***:8443 2909 0.004 200 a361355f-852a-4c16-a58e-af403826f281
***HIDDEN*** - - [21/Nov/2023:16:08:27 +0000] "GET /auth/realms/knime/protocol/openid-connect/certs HTTP/1.1" 200 2909 "-" "Apache-HttpClient/4.5.14 (Java/17.0.9)" 1281 0.002 [knime-keycloak-8443] [] ***HIDDEN***:8443 2909 0.004 200 c951ee58-18cb-4dac-8726-42bacea6ed67
***HIDDEN*** - - [21/Nov/2023:16:08:32 +0000] "GET /auth/realms/knime/protocol/openid-connect/certs HTTP/1.1" 200 2909 "-" "Apache-HttpClient/4.5.14 (Java/17.0.9)" 1281 0.002 [knime-keycloak-8443] [] ***HIDDEN***:8443 2909 0.004 200 b454989a-c09c-4463-976b-7177ebf30769
***HIDDEN*** - - [21/Nov/2023:16:08:37 +0000] "GET /auth/realms/knime/protocol/openid-connect/certs HTTP/1.1" 200 2909 "-" "Apache-HttpClient/4.5.14 (Java/17.0.9)" 1281 0.001 [knime-keycloak-8443] [] ***HIDDEN***:8443 2909 0.004 200 7013b678-e846-9bda-8122-04c09a4f9eda
***HIDDEN*** - - [21/Nov/2023:16:08:42 +0000] "GET /auth/realms/knime/protocol/openid-connect/certs HTTP/1.1" 200 2909 "-" "Apache-HttpClient/4.5.14 (Java/17.0.9)" 1281 0.002 [knime-keycloak-8443] [] ***HIDDEN***:8443 2909 0.004 200 640f1447-47ea-4069-ba24-51afd89ed3dd
***HIDDEN*** - - [21/Nov/2023:16:08:47 +0000] "GET /auth/realms/knime/protocol/openid-connect/certs HTTP/1.1" 200 2909 "-" "Apache-HttpClient/4.5.14 (Java/17.0.9)" 1281 0.002 [knime-keycloak-8443] [] ***HIDDEN***:8443 2909 0.004 200 9bbff321-142a-4991-aa1a-989b0011cc21
***HIDDEN*** - - [21/Nov/2023:16:08:52 +0000] "GET /auth/realms/knime/protocol/openid-connect/certs HTTP/1.1" 200 2909 "-" "Apache-HttpClient/4.5.14 (Java/17.0.9)" 1281 0.002 [knime-keycloak-8443] [] ***HIDDEN***:8443 2909 0.004 200 8eef6366-d243-4089-b567-abd52a64ecd7
***HIDDEN*** - - [21/Nov/2023:16:08:57 +0000] "GET /auth/realms/knime/protocol/openid-connect/certs HTTP/1.1" 200 2909 "-" "Apache-HttpClient/4.5.14 (Java/17.0.9)" 1281 0.002 [knime-keycloak-8443] [] ***HIDDEN***:8443 2909 0.000 200 e1dd13f1-6b7d-4397-a3f1-f24879c42167
***HIDDEN*** - - [21/Nov/2023:16:09:02 +0000] "GET /auth/realms/knime/protocol/openid-connect/certs HTTP/1.1" 200 2909 "-" "Apache-HttpClient/4.5.14 (Java/17.0.9)" 1281 0.002 [knime-keycloak-8443] [] ***HIDDEN***:8443 2909 0.004 200 b0d8e560-1479-48ef-ac20-c42d389e76fa
***HIDDEN*** - - [21/Nov/2023:16:09:07 +0000] "GET /auth/realms/knime/protocol/openid-connect/certs HTTP/1.1" 200 2909 "-" "Apache-HttpClient/4.5.14 (Java/17.0.9)" 1281 0.002 [knime-keycloak-8443] [] ***HIDDEN***:8443 2909 0.004 200 6d6e1253-eacd-4ba2-b9f8-5593a9ea6fd2
***HIDDEN*** - - [21/Nov/2023:16:09:12 +0000] "GET /auth/realms/knime/protocol/openid-connect/certs HTTP/1.1" 200 2909 "-" "Apache-HttpClient/4.5.14 (Java/17.0.9)" 1281 0.002 [knime-keycloak-8443] [] ***HIDDEN***:8443 2909 0.004 200 712fd1de-4a52-461b-bf4c-15ab9cc45087
***HIDDEN*** - - [21/Nov/2023:16:09:17 +0000] "GET /auth/realms/knime/protocol/openid-connect/certs HTTP/1.1" 200 2909 "-" "Apache-HttpClient/4.5.14 (Java/17.0.9)" 1281 0.001 [knime-keycloak-8443] [] ***HIDDEN***:8443 2909 0.004 200 28480e82-66c3-45be-a118-4e63c06ea152
***HIDDEN*** - - [21/Nov/2023:16:09:22 +0000] "GET /auth/realms/knime/protocol/openid-connect/certs HTTP/1.1" 200 2909 "-" "Apache-HttpClient/4.5.14 (Java/17.0.9)" 1281 0.002 [knime-keycloak-8443] [] ***HIDDEN***:8443 2909 0.000 200 af0eb31a-f669-46cc-9a3b-13dd69a4628b
***HIDDEN*** - - [21/Nov/2023:16:09:27 +0000] "GET /auth/realms/knime/protocol/openid-connect/certs HTTP/1.1" 200 2909 "-" "Apache-HttpClient/4.5.14 (Java/17.0.9)" 1281 0.001 [knime-keycloak-8443] [] ***HIDDEN***:8443 2909 0.004 200 e38a64aa-6008-4a53-ad46-536e38c33315
***HIDDEN*** - - [21/Nov/2023:16:09:32 +0000] "GET /auth/realms/knime/protocol/openid-connect/certs HTTP/1.1" 200 2909 "-" "Apache-HttpClient/4.5.14 (Java/17.0.9)" 1281 0.002 [knime-keycloak-8443] [] ***HIDDEN***:8443 2909 0.000 200 0f7730c1-710a-4260-95e8-15029c0efff8
***HIDDEN*** - - [21/Nov/2023:16:09:37 +0000] "GET /auth/realms/knime/protocol/openid-connect/certs HTTP/1.1" 200 2909 "-" "Apache-HttpClient/4.5.14 (Java/17.0.9)" 1281 0.002 [knime-keycloak-8443] [] ***HIDDEN***:8443 2909 0.004 200 aba40b44-2d8a-478e-b997-4617152149e1
***HIDDEN*** - - [21/Nov/2023:16:09:42 +0000] "GET /auth/realms/knime/protocol/openid-connect/certs HTTP/1.1" 200 2909 "-" "Apache-HttpClient/4.5.14 (Java/17.0.9)" 1281 0.002 [knime-keycloak-8443] [] ***HIDDEN***:8443 2909 0.004 200 a8adc7fc-fbb4-483e-b792-1ae700876a4a
***HIDDEN*** - - [21/Nov/2023:16:09:47 +0000] "GET /auth/realms/knime/protocol/openid-connect/certs HTTP/1.1" 200 2909 "-" "Apache-HttpClient/4.5.14 (Java/17.0.9)" 1281 0.002 [knime-keycloak-8443] [] ***HIDDEN***:8443 2909 0.004 200 151b80e2-b26d-4ada-8b06-aa146d93be8b
***HIDDEN*** - - [21/Nov/2023:16:09:52 +0000] "GET /auth/realms/knime/protocol/openid-connect/certs HTTP/1.1" 200 2909 "-" "Apache-HttpClient/4.5.14 (Java/17.0.9)" 1281 0.002 [knime-keycloak-8443] [] ***HIDDEN***:8443 2909 0.004 200 3b6a97e0-a9db-4185-a937-601c10e83c11
***HIDDEN*** - - [21/Nov/2023:16:09:57 +0000] "GET /auth/realms/knime/protocol/openid-connect/certs HTTP/1.1" 200 2909 "-" "Apache-HttpClient/4.5.14 (Java/17.0.9)" 1281 0.002 [knime-keycloak-8443] [] ***HIDDEN***:8443 2909 0.004 200 69f75809-5a99-46a5-8fde-14a8caeda0be
***HIDDEN*** - - [21/Nov/2023:16:10:02 +0000] "GET /auth/realms/knime/protocol/openid-connect/certs HTTP/1.1" 200 2909 "-" "Apache-HttpClient/4.5.14 (Java/17.0.9)" 1281 0.001 [knime-keycloak-8443] [] ***HIDDEN***:8443 2909 0.000 200 a451d92f-eb89-40fd-a891-c5e8f9b4161f
***HIDDEN*** - - [21/Nov/2023:16:10:07 +0000] "GET /auth/realms/knime/protocol/openid-connect/certs HTTP/1.1" 200 2909 "-" "Apache-HttpClient/4.5.14 (Java/17.0.9)" 1281 0.002 [knime-keycloak-8443] [] ***HIDDEN***:8443 2909 0.004 200 01be4afa-3e30-4d30-8662-448765eed402
***HIDDEN*** - - [21/Nov/2023:16:10:12 +0000] "GET /auth/realms/knime/protocol/openid-connect/certs HTTP/1.1" 200 2909 "-" "Apache-HttpClient/4.5.14 (Java/17.0.9)" 1281 0.001 [knime-keycloak-8443] [] ***HIDDEN***:8443 2909 0.004 200 53e8b73b-5f1a-4227-b117-21cdb38f28a0
***HIDDEN*** - - [21/Nov/2023:16:10:17 +0000] "GET /auth/realms/knime/protocol/openid-connect/certs HTTP/1.1" 200 2909 "-" "Apache-HttpClient/4.5.14 (Java/17.0.9)" 1281 0.002 [knime-keycloak-8443] [] ***HIDDEN***:8443 2909 0.004 200 d7e25532-a4ea-4f73-aad5-7e2bc8f5c1f8
***HIDDEN*** - - [21/Nov/2023:16:10:22 +0000] "GET /auth/realms/knime/protocol/openid-connect/certs HTTP/1.1" 200 2909 "-" "Apache-HttpClient/4.5.14 (Java/17.0.9)" 1281 0.001 [knime-keycloak-8443] [] ***HIDDEN***:8443 2909 0.004 200 48b4ad5c-fc83-45a4-aad6-4694fae940aa
***HIDDEN*** - - [21/Nov/2023:16:10:27 +0000] "GET /auth/realms/knime/protocol/openid-connect/certs HTTP/1.1" 200 2909 "-" "Apache-HttpClient/4.5.14 (Java/17.0.9)" 1281 0.001 [knime-keycloak-8443] [] ***HIDDEN***:8443 2909 0.004 200 7175c559-362a-44ac-a00e-82b54809d4b1
***HIDDEN*** - - [21/Nov/2023:16:10:32 +0000] "GET /auth/realms/knime/protocol/openid-connect/certs HTTP/1.1" 200 2909 "-" "Apache-HttpClient/4.5.14 (Java/17.0.9)" 1281 0.002 [knime-keycloak-8443] [] ***HIDDEN***:8443 2909 0.000 200 cfcb0c4f-ceec-42cd-8363-404673c46eca
***HIDDEN*** - - [21/Nov/2023:16:10:37 +0000] "GET /auth/realms/knime/protocol/openid-connect/certs HTTP/1.1" 200 2909 "-" "Apache-HttpClient/4.5.14 (Java/17.0.9)" 1281 0.002 [knime-keycloak-8443] [] ***HIDDEN***:8443 2909 0.004 200 7c49707e-e536-4388-ac18-ac8443a2dc64
***HIDDEN*** - - [21/Nov/2023:16:10:42 +0000] "GET /auth/realms/knime/protocol/openid-connect/certs HTTP/1.1" 200 2909 "-" "Apache-HttpClient/4.5.14 (Java/17.0.9)" 1281 0.002 [knime-keycloak-8443] [] ***HIDDEN***:8443 2909 0.004 200 1c8ec821-a8c2-480a-9fda-e43d140d1c3a
***HIDDEN*** - - [21/Nov/2023:16:10:47 +0000] "GET /auth/realms/knime/protocol/openid-connect/certs HTTP/1.1" 200 2909 "-" "Apache-HttpClient/4.5.14 (Java/17.0.9)" 1281 0.002 [knime-keycloak-8443] [] ***HIDDEN***:8443 2909 0.004 200 9101a67e-0981-4ebc-a2d6-b48fdae212e4
***HIDDEN*** - - [21/Nov/2023:16:10:52 +0000] "GET /auth/realms/knime/protocol/openid-connect/certs HTTP/1.1" 200 2909 "-" "Apache-HttpClient/4.5.14 (Java/17.0.9)" 1281 0.001 [knime-keycloak-8443] [] ***HIDDEN***:8443 2909 0.004 200 e5bb910b-2177-4dc4-9631-aee2e952d38f
***HIDDEN*** - - [21/Nov/2023:16:10:57 +0000] "GET /auth/realms/knime/protocol/openid-connect/certs HTTP/1.1" 200 2909 "-" "Apache-HttpClient/4.5.14 (Java/17.0.9)" 1281 0.002 [knime-keycloak-8443] [] ***HIDDEN***:8443 2909 0.004 200 8e42596a-95ab-463e-8435-fec1a6713f0b
***HIDDEN*** - - [21/Nov/2023:16:11:02 +0000] "GET /auth/realms/knime/protocol/openid-connect/certs HTTP/1.1" 200 2909 "-" "Apache-HttpClient/4.5.14 (Java/17.0.9)" 1281 0.002 [knime-keycloak-8443] [] ***HIDDEN***:8443 2909 0.004 200 229219de-7b93-49e6-a34e-c72fe725901b
***HIDDEN*** - - [21/Nov/2023:16:11:07 +0000] "GET /auth/realms/knime/protocol/openid-connect/certs HTTP/1.1" 200 2909 "-" "Apache-HttpClient/4.5.14 (Java/17.0.9)" 1281 0.002 [knime-keycloak-8443] [] ***HIDDEN***:8443 2909 0.000 200 c8f4efc9-bcf5-40c5-9735-2086bc1dc841
***HIDDEN*** - - [21/Nov/2023:16:11:12 +0000] "GET /auth/realms/knime/protocol/openid-connect/certs HTTP/1.1" 200 2909 "-" "Apache-HttpClient/4.5.14 (Java/17.0.9)" 1281 0.001 [knime-keycloak-8443] [] ***HIDDEN***:8443 2909 0.004 200 21888180-4e4b-42c0-91e4-e6da3e440ccd
***HIDDEN*** - - [21/Nov/2023:16:11:17 +0000] "GET /auth/realms/knime/protocol/openid-connect/certs HTTP/1.1" 200 2909 "-" "Apache-HttpClient/4.5.14 (Java/17.0.9)" 1281 0.002 [knime-keycloak-8443] [] ***HIDDEN***:8443 2909 0.004 200 5cd6dba7-c5e1-4d07-b868-9a7bbb35b45f
***HIDDEN*** - - [21/Nov/2023:16:11:22 +0000] "GET /auth/realms/knime/protocol/openid-connect/certs HTTP/1.1" 200 2909 "-" "Apache-HttpClient/4.5.14 (Java/17.0.9)" 1281 0.002 [knime-keycloak-8443] [] ***HIDDEN***:8443 2909 0.004 200 c7294b6b-b83d-4932-b271-18c49aa1d240
***HIDDEN*** - search-sync-service [21/Nov/2023:16:11:27 +0000] "POST /auth/realms/knime/protocol/openid-connect/token HTTP/1.1" 200 1225 "-" "Vert.x-WebClient/4.4.4" 1504 0.018 [knime-keycloak-8443] [] ***HIDDEN***:8443 1225 0.020 200 0fe83c1f-c385-45d7-a4f7-99ac30940598
***HIDDEN*** - - [21/Nov/2023:16:11:27 +0000] "GET /auth/realms/knime/protocol/openid-connect/certs HTTP/1.1" 200 2909 "-" "Apache-HttpClient/4.5.14 (Java/17.0.9)" 1281 0.001 [knime-keycloak-8443] [] ***HIDDEN***:8443 2909 0.004 200 564fd711-6225-477a-99a2-19c3402f0a83
***HIDDEN*** - - [21/Nov/2023:16:11:32 +0000] "GET /auth/realms/knime/protocol/openid-connect/certs HTTP/1.1" 200 2909 "-" "Apache-HttpClient/4.5.14 (Java/17.0.9)" 1281 0.002 [knime-keycloak-8443] [] ***HIDDEN***:8443 2909 0.004 200 38d793e2-a53b-400d-ad08-b4ce99604c9d
***HIDDEN*** - - [21/Nov/2023:16:11:37 +0000] "GET /auth/realms/knime/protocol/openid-connect/certs HTTP/1.1" 200 2909 "-" "Apache-HttpClient/4.5.14 (Java/17.0.9)" 1281 0.002 [knime-keycloak-8443] [] ***HIDDEN***:8443 2909 0.004 200 ed8e35ad-1c58-9b23-99f0-3f7c5de37cef
***HIDDEN*** - - [21/Nov/2023:16:11:42 +0000] "GET /auth/realms/knime/protocol/openid-connect/certs HTTP/1.1" 200 2909 "-" "Apache-HttpClient/4.5.14 (Java/17.0.9)" 1281 0.002 [knime-keycloak-8443] [] ***HIDDEN***:8443 2909 0.000 200 b9b19a33-d996-48dc-968b-c04b4cebdbee
***HIDDEN*** - - [21/Nov/2023:16:11:47 +0000] "GET /auth/realms/knime/protocol/openid-connect/certs HTTP/1.1" 200 2909 "-" "Apache-HttpClient/4.5.14 (Java/17.0.9)" 1281 0.002 [knime-keycloak-8443] [] ***HIDDEN***:8443 2909 0.004 200 841ede07-2f52-4773-99e0-68f6b8bf0fea
***HIDDEN*** - - [21/Nov/2023:16:11:52 +0000] "GET /auth/realms/knime/protocol/openid-connect/certs HTTP/1.1" 200 2909 "-" "Apache-HttpClient/4.5.14 (Java/17.0.9)" 1281 0.002 [knime-keycloak-8443] [] ***HIDDEN***:8443 2909 0.000 200 fa0a576a-7732-4455-8f85-2981dbd36c7a
***HIDDEN*** - - [21/Nov/2023:16:11:57 +0000] "GET /auth/realms/knime/protocol/openid-connect/certs HTTP/1.1" 200 2909 "-" "Apache-HttpClient/4.5.14 (Java/17.0.9)" 1281 0.002 [knime-keycloak-8443] [] ***HIDDEN***:8443 2909 0.004 200 6ce02912-e68b-4fb9-a931-2b9dd7aab6fb
***HIDDEN*** - - [21/Nov/2023:16:12:02 +0000] "GET /auth/realms/knime/protocol/openid-connect/certs HTTP/1.1" 200 2909 "-" "Apache-HttpClient/4.5.14 (Java/17.0.9)" 1281 0.007 [knime-keycloak-8443] [] ***HIDDEN***:8443 2909 0.008 200 2f7c3b42-2734-49dc-ab9a-4f0ccb4575f8
***HIDDEN*** - - [21/Nov/2023:16:12:07 +0000] "GET /auth/realms/knime/protocol/openid-connect/certs HTTP/1.1" 200 2909 "-" "Apache-HttpClient/4.5.14 (Java/17.0.9)" 1281 0.001 [knime-keycloak-8443] [] ***HIDDEN***:8443 2909 0.004 200 6533d73f-a4a3-4e06-980f-f3bfbb0a0812
***HIDDEN*** - - [21/Nov/2023:16:12:12 +0000] "GET /auth/realms/knime/protocol/openid-connect/certs HTTP/1.1" 200 2909 "-" "Apache-HttpClient/4.5.14 (Java/17.0.9)" 1281 0.002 [knime-keycloak-8443] [] ***HIDDEN***:8443 2909 0.004 200 8bf35d6d-79aa-4886-b45e-43be972ac9f6
***HIDDEN*** - - [21/Nov/2023:16:12:17 +0000] "GET /auth/realms/knime/.well-known/openid-configuration HTTP/1.1" 200 6344 "-" "openid-client/5.1.9 (https://github.com/panva/node-openid-client)" 1301 0.006 [knime-keycloak-8443] [] ***HIDDEN***:8443 6344 0.008 200 33257a5a-7ba3-49c7-a221-e931dba8331e
***HIDDEN*** - - [21/Nov/2023:16:12:17 +0000] "POST /auth/realms/knime/protocol/openid-connect/token HTTP/1.1" 200 4059 "-" "openid-client/5.1.9 (https://github.com/panva/node-openid-client)" 2212 0.007 [knime-keycloak-8443] [] ***HIDDEN***:8443 4059 0.008 200 4bb9ec2a-ba44-4681-98a7-d75f097aa5ea
***HIDDEN*** - - [21/Nov/2023:16:12:17 +0000] "GET /auth/realms/knime/protocol/openid-connect/certs HTTP/1.1" 200 2909 "-" "openid-client/5.1.9 (https://github.com/panva/node-openid-client)" 1324 0.006 [knime-keycloak-8443] [] ***HIDDEN***:8443 2909 0.008 200 6348ea75-3562-4392-8b62-adefda027951
***HIDDEN*** - - [21/Nov/2023:16:12:17 +0000] "GET /_/token HTTP/1.1" 200 1219 "http://hub.kbh-troubleshooting.com/site/admin/execution-resources" "Mozilla/5.0 (Macintosh; Intel Mac OS X 10_15_7) AppleWebKit/537.36 (KHTML, like Gecko) Chrome/***HIDDEN*** Safari/537.36" 517 0.034 [istio-system-istio-ingressgateway-443] [] ***HIDDEN***:8443 1219 0.032 200 42d06427e2784ceee2aab42b292b46de
***HIDDEN*** - - [21/Nov/2023:16:12:17 +0000] "GET /auth/realms/knime/.well-known/openid-configuration HTTP/1.1" 200 6344 "-" "axios/0.21.4" 1265 0.001 [knime-keycloak-8443] [] ***HIDDEN***:8443 6344 0.000 200 3f153d6a-917e-4d82-91d9-1dbd20f910b5
***HIDDEN*** - - [21/Nov/2023:16:12:17 +0000] "GET /auth/realms/knime/protocol/openid-connect/certs HTTP/1.1" 200 2909 "-" "-" 1193 0.001 [knime-keycloak-8443] [] ***HIDDEN***:8443 2909 0.000 200 33622e20-c9d5-465d-8cac-6251bba7d1ef
***HIDDEN*** - - [21/Nov/2023:16:12:17 +0000] "GET /auth/realms/knime/.well-known/openid-configuration HTTP/1.1" 200 6344 "-" "Go-http-client/1.1" 1386 0.005 [knime-keycloak-8443] [] ***HIDDEN***:8443 6344 0.008 200 bbb5ff40-a986-4dad-8a81-b9640a009206
***HIDDEN*** - - [21/Nov/2023:16:12:17 +0000] "GET /auth/realms/knime/protocol/openid-connect/certs HTTP/1.1" 200 2909 "-" "Go-http-client/1.1" 1383 0.001 [knime-keycloak-8443] [] ***HIDDEN***:8443 2909 0.000 200 f94423f7-9fd9-45a6-a116-ba1fb8c0670a
***HIDDEN*** - - [21/Nov/2023:16:12:17 +0000] "GET /_/bff/execution/contexts/status?executionContextIds[]=9043c21d-150c-4de1-bee5-7e992ebd922d&executionContextIds[]=31904678-6c80-48b0-a21d-73778e52546a HTTP/1.1" 200 130 "http://hub.kbh-troubleshooting.com/site/admin/execution-resources" "Mozilla/5.0 (Macintosh; Intel Mac OS X 10_15_7) AppleWebKit/537.36 (KHTML, like Gecko) Chrome/***HIDDEN*** Safari/537.36" 4174 0.057 [istio-system-istio-ingressgateway-443] [] ***HIDDEN***:8443 130 0.052 200 4f3695201fdd2eebec2e0aae5ca1cccc
***HIDDEN*** - - [21/Nov/2023:16:12:17 +0000] "GET /auth/realms/knime/protocol/openid-connect/certs HTTP/1.1" 200 2909 "-" "Apache-HttpClient/4.5.14 (Java/17.0.9)" 1281 0.002 [knime-keycloak-8443] [] ***HIDDEN***:8443 2909 0.004 200 64e916e7-f16b-48fd-9bf9-6f5c6884f6c9
***HIDDEN*** - - [21/Nov/2023:16:12:20 +0000] "GET /auth/realms/knime/.well-known/openid-configuration HTTP/1.1" 200 6344 "-" "axios/0.21.4" 1265 0.002 [knime-keycloak-8443] [] ***HIDDEN***:8443 6344 0.004 200 cb9a9751-03ea-4404-b33e-ceb6bc655870
***HIDDEN*** - - [21/Nov/2023:16:12:20 +0000] "GET /auth/realms/knime/protocol/openid-connect/certs HTTP/1.1" 200 2909 "-" "-" 1193 0.001 [knime-keycloak-8443] [] ***HIDDEN***:8443 2909 0.000 200 fd56b7b0-6b0f-4a18-8835-c3b3cbb35fb8
***HIDDEN*** - - [21/Nov/2023:16:12:20 +0000] "GET /_/bff/execution/contexts/status?executionContextIds[]=9043c21d-150c-4de1-bee5-7e992ebd922d&executionContextIds[]=31904678-6c80-48b0-a21d-73778e52546a HTTP/1.1" 200 130 "http://hub.kbh-troubleshooting.com/site/admin/execution-resources" "Mozilla/5.0 (Macintosh; Intel Mac OS X 10_15_7) AppleWebKit/537.36 (KHTML, like Gecko) Chrome/***HIDDEN*** Safari/537.36" 4174 0.030 [istio-system-istio-ingressgateway-443] [] ***HIDDEN***:8443 130 0.028 200 2200265fe0c62f3784b4fce240adfb8c
***HIDDEN*** - - [21/Nov/2023:16:12:22 +0000] "GET /auth/realms/knime/protocol/openid-connect/certs HTTP/1.1" 200 2909 "-" "Apache-HttpClient/4.5.14 (Java/17.0.9)" 1281 0.002 [knime-keycloak-8443] [] ***HIDDEN***:8443 2909 0.004 200 7d3df6dc-18dc-4529-be74-ce9aec22f566
***HIDDEN*** - - [21/Nov/2023:16:12:27 +0000] "GET /auth/realms/knime/protocol/openid-connect/certs HTTP/1.1" 200 2909 "-" "Apache-HttpClient/4.5.14 (Java/17.0.9)" 1281 0.001 [knime-keycloak-8443] [] ***HIDDEN***:8443 2909 0.004 200 8713d878-fef5-423b-962b-5a82def74138
***HIDDEN*** - - [21/Nov/2023:16:12:32 +0000] "GET / HTTP/2.0" 200 15562 "-" "Mozilla/5.0 (Macintosh; Intel Mac OS X 10_15_7) AppleWebKit/537.36 (KHTML, like Gecko) Chrome/***HIDDEN*** Safari/537.36" 1933 0.083 [istio-system-istio-ingressgateway-443] [] ***HIDDEN***:8443 15580 0.084 200 2e3774c4fd8c11fe0b8be8dcfea00159
***HIDDEN*** - - [21/Nov/2023:16:12:32 +0000] "GET /_nuxt/8951811.modern.js HTTP/2.0" 200 1901 "https://hub.kbh-troubleshooting.com/" "Mozilla/5.0 (Macintosh; Intel Mac OS X 10_15_7) AppleWebKit/537.36 (KHTML, like Gecko) Chrome/***HIDDEN*** Safari/537.36" 121 0.002 [istio-system-istio-ingressgateway-443] [] ***HIDDEN***:8443 1913 0.004 200 335e85ff72a8cc0d17787f12287a605d
***HIDDEN*** - - [21/Nov/2023:16:12:32 +0000] "GET /_nuxt/d5abc66.modern.js HTTP/2.0" 200 5003 "https://hub.kbh-troubleshooting.com/" "Mozilla/5.0 (Macintosh; Intel Mac OS X 10_15_7) AppleWebKit/537.36 (KHTML, like Gecko) Chrome/***HIDDEN*** Safari/537.36" 37 0.003 [istio-system-istio-ingressgateway-443] [] ***HIDDEN***:8443 5021 0.000 200 4e94d99cfbaffb82d52fa4e7318caab5
2023/11/21 16:12:32 [warn] 243#243: *398814 an upstream response is buffered to a temporary file /tmp/nginx/proxy-temp/0000000004 while reading upstream, client: ***HIDDEN***, server: hub.kbh-troubleshooting.com, request: "GET /_nuxt/99c2656.modern.js HTTP/2.0", upstream: "http://***HIDDEN***:8443/_nuxt/99c2656.modern.js", host: "hub.kbh-troubleshooting.com", referrer: "https://hub.kbh-troubleshooting.com/"
2023/11/21 16:12:32 [warn] 243#243: *398814 an upstream response is buffered to a temporary file /tmp/nginx/proxy-temp/0000000005 while reading upstream, client: ***HIDDEN***, server: hub.kbh-troubleshooting.com, request: "GET /_nuxt/4d1bf8f.modern.js HTTP/2.0", upstream: "http://***HIDDEN***:8443/_nuxt/4d1bf8f.modern.js", host: "hub.kbh-troubleshooting.com", referrer: "https://hub.kbh-troubleshooting.com/"
2023/11/21 16:12:32 [warn] 243#243: *398814 an upstream response is buffered to a temporary file /tmp/nginx/proxy-temp/0000000006 while reading upstream, client: ***HIDDEN***, server: hub.kbh-troubleshooting.com, request: "GET /_nuxt/0cc6ae8.modern.js HTTP/2.0", upstream: "http://***HIDDEN***:8443/_nuxt/0cc6ae8.modern.js", host: "hub.kbh-troubleshooting.com", referrer: "https://hub.kbh-troubleshooting.com/"
***HIDDEN*** - - [21/Nov/2023:16:12:32 +0000] "GET /_nuxt/0cc6ae8.modern.js HTTP/2.0" 200 110878 "https://hub.kbh-troubleshooting.com/" "Mozilla/5.0 (Macintosh; Intel Mac OS X 10_15_7) AppleWebKit/537.36 (KHTML, like Gecko) Chrome/***HIDDEN*** Safari/537.36" 37 0.027 [istio-system-istio-ingressgateway-443] [] ***HIDDEN***:8443 110979 0.016 200 4f26a0c4bfcb6a506f0e3d6cc026906b
***HIDDEN*** - - [21/Nov/2023:16:12:32 +0000] "GET /_nuxt/99c2656.modern.js HTTP/2.0" 200 80309 "https://hub.kbh-troubleshooting.com/" "Mozilla/5.0 (Macintosh; Intel Mac OS X 10_15_7) AppleWebKit/537.36 (KHTML, like Gecko) Chrome/***HIDDEN*** Safari/537.36" 37 0.075 [istio-system-istio-ingressgateway-443] [] ***HIDDEN***:8443 80387 0.012 200 2164373610f60faed480adf7dd0ef69e
***HIDDEN*** - - [21/Nov/2023:16:12:32 +0000] "GET /_nuxt/fonts/roboto-latin-700-normal.e9f5aaf.woff2 HTTP/2.0" 200 15860 "https://hub.kbh-troubleshooting.com/" "Mozilla/5.0 (Macintosh; Intel Mac OS X 10_15_7) AppleWebKit/537.36 (KHTML, like Gecko) Chrome/***HIDDEN*** Safari/537.36" 59 0.004 [istio-system-istio-ingressgateway-443] [] ***HIDDEN***:8443 15860 0.004 200 f8bd8149309d10a8ccca8aa2eec3fbd8
***HIDDEN*** - - [21/Nov/2023:16:12:32 +0000] "GET /_nuxt/fonts/roboto-latin-400-normal.15d9f62.woff2 HTTP/2.0" 200 15744 "https://hub.kbh-troubleshooting.com/" "Mozilla/5.0 (Macintosh; Intel Mac OS X 10_15_7) AppleWebKit/537.36 (KHTML, like Gecko) Chrome/***HIDDEN*** Safari/537.36" 55 0.004 [istio-system-istio-ingressgateway-443] [] ***HIDDEN***:8443 15744 0.004 200 b097346bcd902b22cb8c8e9b3530d504
***HIDDEN*** - - [21/Nov/2023:16:12:32 +0000] "GET /_nuxt/fonts/roboto-latin-500-normal.3a44e06.woff2 HTTP/2.0" 200 15920 "https://hub.kbh-troubleshooting.com/" "Mozilla/5.0 (Macintosh; Intel Mac OS X 10_15_7) AppleWebKit/537.36 (KHTML, like Gecko) Chrome/***HIDDEN*** Safari/537.36" 55 0.004 [istio-system-istio-ingressgateway-443] [] ***HIDDEN***:8443 15920 0.004 200 e1254fc11f912d2bbeb9e9647a46d298
***HIDDEN*** - - [21/Nov/2023:16:12:32 +0000] "GET /_nuxt/fonts/roboto-latin-300-normal.b9c2935.woff2 HTTP/2.0" 200 15740 "https://hub.kbh-troubleshooting.com/" "Mozilla/5.0 (Macintosh; Intel Mac OS X 10_15_7) AppleWebKit/537.36 (KHTML, like Gecko) Chrome/***HIDDEN*** Safari/537.36" 55 0.004 [istio-system-istio-ingressgateway-443] [] ***HIDDEN***:8443 15740 0.004 200 31c55d14c3f50313bfdc8f31be1a84e2
***HIDDEN*** - - [21/Nov/2023:16:12:32 +0000] "GET /_nuxt/4d1bf8f.modern.js HTTP/2.0" 200 83168 "https://hub.kbh-troubleshooting.com/" "Mozilla/5.0 (Macintosh; Intel Mac OS X 10_15_7) AppleWebKit/537.36 (KHTML, like Gecko) Chrome/***HIDDEN*** Safari/537.36" 37 0.075 [istio-system-istio-ingressgateway-443] [] ***HIDDEN***:8443 83252 0.012 200 35a7e2448ff07c6ed64a0177406b8aae
***HIDDEN*** - - [21/Nov/2023:16:12:32 +0000] "GET /_nuxt/23205fdc4673507c4ec17de2db5ee2ba.svg HTTP/2.0" 200 2594 "https://hub.kbh-troubleshooting.com/" "Mozilla/5.0 (Macintosh; Intel Mac OS X 10_15_7) AppleWebKit/537.36 (KHTML, like Gecko) Chrome/***HIDDEN*** Safari/537.36" 112 0.060 [istio-system-istio-ingressgateway-443] [] ***HIDDEN***:8443 2611 0.004 200 096d23e1e59df678401e0cb19263082c
***HIDDEN*** - - [21/Nov/2023:16:12:32 +0000] "GET /_nuxt/3d3c5ac.modern.js HTTP/2.0" 200 2389 "https://hub.kbh-troubleshooting.com/" "Mozilla/5.0 (Macintosh; Intel Mac OS X 10_15_7) AppleWebKit/537.36 (KHTML, like Gecko) Chrome/***HIDDEN*** Safari/537.36" 36 0.003 [istio-system-istio-ingressgateway-443] [] ***HIDDEN***:8443 2401 0.000 200 fbea9c4f2a56a02352cbeafd24be7a3c
***HIDDEN*** - - [21/Nov/2023:16:12:32 +0000] "GET /favicon-32.png HTTP/2.0" 200 422 "https://hub.kbh-troubleshooting.com/" "Mozilla/5.0 (Macintosh; Intel Mac OS X 10_15_7) AppleWebKit/537.36 (KHTML, like Gecko) Chrome/***HIDDEN*** Safari/537.36" 29 0.002 [istio-system-istio-ingressgateway-443] [] ***HIDDEN***:8443 422 0.000 200 15ddb1647106033b19e44b81bb8d25a3
***HIDDEN*** - - [21/Nov/2023:16:12:32 +0000] "GET /_nuxt/ae8cd10.modern.js HTTP/2.0" 200 10095 "https://hub.kbh-troubleshooting.com/" "Mozilla/5.0 (Macintosh; Intel Mac OS X 10_15_7) AppleWebKit/537.36 (KHTML, like Gecko) Chrome/***HIDDEN*** Safari/537.36" 36 0.004 [istio-system-istio-ingressgateway-443] [] ***HIDDEN***:8443 10113 0.004 200 e4f80a2315f2893176226ed17c8b6752
***HIDDEN*** - - [21/Nov/2023:16:12:32 +0000] "GET /_nuxt/2d8ae90.modern.js HTTP/2.0" 200 5013 "https://hub.kbh-troubleshooting.com/" "Mozilla/5.0 (Macintosh; Intel Mac OS X 10_15_7) AppleWebKit/537.36 (KHTML, like Gecko) Chrome/***HIDDEN*** Safari/537.36" 36 0.005 [istio-system-istio-ingressgateway-443] [] ***HIDDEN***:8443 5031 0.004 200 85200b061e919378bf296f8bf2655b01
***HIDDEN*** - - [21/Nov/2023:16:12:32 +0000] "GET /_nuxt/ebf553c.modern.js HTTP/2.0" 200 4494 "https://hub.kbh-troubleshooting.com/" "Mozilla/5.0 (Macintosh; Intel Mac OS X 10_15_7) AppleWebKit/537.36 (KHTML, like Gecko) Chrome/***HIDDEN*** Safari/537.36" 36 0.005 [istio-system-istio-ingressgateway-443] [] ***HIDDEN***:8443 4512 0.004 200 32ad67f8803f64cf810710e236cf69dc
***HIDDEN*** - - [21/Nov/2023:16:12:32 +0000] "GET /_nuxt/eeea426.modern.js HTTP/2.0" 200 10694 "https://hub.kbh-troubleshooting.com/" "Mozilla/5.0 (Macintosh; Intel Mac OS X 10_15_7) AppleWebKit/537.36 (KHTML, like Gecko) Chrome/***HIDDEN*** Safari/537.36" 36 0.003 [istio-system-istio-ingressgateway-443] [] ***HIDDEN***:8443 10712 0.004 200 35a0b0be67aed255f4b4bf7732ed2c7d
***HIDDEN*** - - [21/Nov/2023:16:12:32 +0000] "GET /auth/realms/knime/protocol/openid-connect/certs HTTP/1.1" 200 2909 "-" "Apache-HttpClient/4.5.14 (Java/17.0.9)" 1281 0.001 [knime-keycloak-8443] [] ***HIDDEN***:8443 2909 0.004 200 1a380045-72d9-4181-837c-306e146f5dc5
***HIDDEN*** - - [21/Nov/2023:16:12:37 +0000] "GET /auth/realms/knime/protocol/openid-connect/certs HTTP/1.1" 200 2909 "-" "Apache-HttpClient/4.5.14 (Java/17.0.9)" 1281 0.002 [knime-keycloak-8443] [] ***HIDDEN***:8443 2909 0.004 200 885ba802-5a64-42fa-ba5c-8b200742c1ab
***HIDDEN*** - - [21/Nov/2023:16:12:42 +0000] "GET /auth/realms/knime/protocol/openid-connect/certs HTTP/1.1" 200 2909 "-" "Apache-HttpClient/4.5.14 (Java/17.0.9)" 1281 0.001 [knime-keycloak-8443] [] ***HIDDEN***:8443 2909 0.004 200 e61e49ef-4b3f-4353-b91f-025fee873c06
***HIDDEN*** - - [21/Nov/2023:16:12:47 +0000] "GET /auth/realms/knime/protocol/openid-connect/certs HTTP/1.1" 200 2909 "-" "Apache-HttpClient/4.5.14 (Java/17.0.9)" 1281 0.002 [knime-keycloak-8443] [] ***HIDDEN***:8443 2909 0.004 200 005adba8-ebb7-48ad-8be2-2156886e6723
***HIDDEN*** - - [21/Nov/2023:16:12:52 +0000] "GET /auth/realms/knime/protocol/openid-connect/certs HTTP/1.1" 200 2909 "-" "Apache-HttpClient/4.5.14 (Java/17.0.9)" 1281 0.001 [knime-keycloak-8443] [] ***HIDDEN***:8443 2909 0.000 200 a9d69384-fc47-437c-9339-dae30491245e
***HIDDEN*** - - [21/Nov/2023:16:12:57 +0000] "GET /auth/realms/knime/protocol/openid-connect/certs HTTP/1.1" 200 2909 "-" "Apache-HttpClient/4.5.14 (Java/17.0.9)" 1281 0.002 [knime-keycloak-8443] [] ***HIDDEN***:8443 2909 0.004 200 d2792b51-4f4b-4dff-a85c-b46b828d3c65
***HIDDEN*** - - [21/Nov/2023:16:13:02 +0000] "GET /auth/realms/knime/protocol/openid-connect/certs HTTP/1.1" 200 2909 "-" "Apache-HttpClient/4.5.14 (Java/17.0.9)" 1281 0.002 [knime-keycloak-8443] [] ***HIDDEN***:8443 2909 0.004 200 62e3961b-57af-443d-a5c4-d477073089b8
***HIDDEN*** - - [21/Nov/2023:16:13:07 +0000] "GET /auth/realms/knime/protocol/openid-connect/certs HTTP/1.1" 200 2909 "-" "Apache-HttpClient/4.5.14 (Java/17.0.9)" 1281 0.002 [knime-keycloak-8443] [] ***HIDDEN***:8443 2909 0.004 200 1bb18514-0f70-434f-9558-8e77896466b1
***HIDDEN*** - - [21/Nov/2023:16:13:12 +0000] "GET /auth/realms/knime/protocol/openid-connect/certs HTTP/1.1" 200 2909 "-" "Apache-HttpClient/4.5.14 (Java/17.0.9)" 1281 0.002 [knime-keycloak-8443] [] ***HIDDEN***:8443 2909 0.004 200 8acb65c7-6739-45e5-8fa3-9fca2f680f78
***HIDDEN*** - - [21/Nov/2023:16:13:17 +0000] "GET /auth/realms/knime/protocol/openid-connect/certs HTTP/1.1" 200 2909 "-" "Apache-HttpClient/4.5.14 (Java/17.0.9)" 1281 0.001 [knime-keycloak-8443] [] ***HIDDEN***:8443 2909 0.000 200 9839b5e9-9713-4a18-beb5-1536e04c46d9
***HIDDEN*** - - [21/Nov/2023:16:13:22 +0000] "GET /auth/realms/knime/protocol/openid-connect/certs HTTP/1.1" 200 2909 "-" "Apache-HttpClient/4.5.14 (Java/17.0.9)" 1281 0.002 [knime-keycloak-8443] [] ***HIDDEN***:8443 2909 0.004 200 123f7c1d-dd6d-4976-8ee4-f4fa9582bac0
***HIDDEN*** - - [21/Nov/2023:16:13:27 +0000] "GET /auth/realms/knime/protocol/openid-connect/certs HTTP/1.1" 200 2909 "-" "Apache-HttpClient/4.5.14 (Java/17.0.9)" 1281 0.007 [knime-keycloak-8443] [] ***HIDDEN***:8443 2909 0.004 200 160bdaff-0a85-4770-8efd-ab6ff5a1338c
***HIDDEN*** - - [21/Nov/2023:16:13:32 +0000] "GET /auth/realms/knime/protocol/openid-connect/certs HTTP/1.1" 200 2909 "-" "Apache-HttpClient/4.5.14 (Java/17.0.9)" 1281 0.001 [knime-keycloak-8443] [] ***HIDDEN***:8443 2909 0.004 200 fc85f3ca-0611-418e-a03d-89e2bff1cd41
***HIDDEN*** - - [21/Nov/2023:16:13:37 +0000] "GET /auth/realms/knime/protocol/openid-connect/certs HTTP/1.1" 200 2909 "-" "Apache-HttpClient/4.5.14 (Java/17.0.9)" 1281 0.002 [knime-keycloak-8443] [] ***HIDDEN***:8443 2909 0.004 200 54a5d869-bafd-4a53-9cf2-98785557fe3a
***HIDDEN*** - - [21/Nov/2023:16:13:42 +0000] "GET /auth/realms/knime/protocol/openid-connect/certs HTTP/1.1" 200 2909 "-" "Apache-HttpClient/4.5.14 (Java/17.0.9)" 1281 0.002 [knime-keycloak-8443] [] ***HIDDEN***:8443 2909 0.004 200 72e3f285-076e-4ccd-b409-7227b77c5c10
***HIDDEN*** - - [21/Nov/2023:16:13:47 +0000] "GET /auth/realms/knime/protocol/openid-connect/certs HTTP/1.1" 200 2909 "-" "Apache-HttpClient/4.5.14 (Java/17.0.9)" 1281 0.002 [knime-keycloak-8443] [] ***HIDDEN***:8443 2909 0.004 200 0dec4c43-4beb-499d-8698-7b8fe037094c
***HIDDEN*** - - [21/Nov/2023:16:13:52 +0000] "GET /auth/realms/knime/protocol/openid-connect/certs HTTP/1.1" 200 2909 "-" "Apache-HttpClient/4.5.14 (Java/17.0.9)" 1281 0.002 [knime-keycloak-8443] [] ***HIDDEN***:8443 2909 0.004 200 33da6911-864e-4bb3-a14e-237ab47ca8dd
***HIDDEN*** - - [21/Nov/2023:16:13:57 +0000] "GET /auth/realms/knime/protocol/openid-connect/certs HTTP/1.1" 200 2909 "-" "Apache-HttpClient/4.5.14 (Java/17.0.9)" 1281 0.002 [knime-keycloak-8443] [] ***HIDDEN***:8443 2909 0.004 200 25a4eddb-56b0-48fe-9762-1ac7678fec5f
***HIDDEN*** - - [21/Nov/2023:16:14:02 +0000] "GET /auth/realms/knime/protocol/openid-connect/certs HTTP/1.1" 200 2909 "-" "Apache-HttpClient/4.5.14 (Java/17.0.9)" 1281 0.002 [knime-keycloak-8443] [] ***HIDDEN***:8443 2909 0.000 200 dcdc34c8-cbd0-4d84-b9fb-48d61e841463
***HIDDEN*** - - [21/Nov/2023:16:14:07 +0000] "GET /auth/realms/knime/protocol/openid-connect/certs HTTP/1.1" 200 2909 "-" "Apache-HttpClient/4.5.14 (Java/17.0.9)" 1281 0.002 [knime-keycloak-8443] [] ***HIDDEN***:8443 2909 0.004 200 195e685c-7aa5-44cf-a43c-1c292517fcff
***HIDDEN*** - - [21/Nov/2023:16:14:12 +0000] "GET /auth/realms/knime/protocol/openid-connect/certs HTTP/1.1" 200 2909 "-" "Apache-HttpClient/4.5.14 (Java/17.0.9)" 1281 0.002 [knime-keycloak-8443] [] ***HIDDEN***:8443 2909 0.004 200 e2fc9c62-5aa1-40c0-b104-66372cf659c0
***HIDDEN*** - - [21/Nov/2023:16:14:17 +0000] "GET /auth/realms/knime/protocol/openid-connect/certs HTTP/1.1" 200 2909 "-" "Apache-HttpClient/4.5.14 (Java/17.0.9)" 1281 0.002 [knime-keycloak-8443] [] ***HIDDEN***:8443 2909 0.004 200 82cf6588-3756-9ba2-bcae-af35122fe621
