2023-11-20 12:55:08,457 - bootstrapping - INFO - Figuring out my environment (Google? AWS? Openstack? Local?)
2023-11-20 12:55:08,472 - bootstrapping - INFO - No meta-data available for this provider
2023-11-20 12:55:08,472 - bootstrapping - INFO - Looks like you are running unsupported
2023-11-20 12:55:08,558 - bootstrapping - INFO - Configuring pgbouncer
2023-11-20 12:55:08,558 - bootstrapping - INFO - No PGBOUNCER_CONFIGURATION was specified, skipping
2023-11-20 12:55:08,558 - bootstrapping - INFO - Configuring pgqd
2023-11-20 12:55:08,558 - bootstrapping - INFO - Configuring certificate
2023-11-20 12:55:08,558 - bootstrapping - INFO - Generating ssl self-signed certificate
2023-11-20 12:55:08,777 - bootstrapping - INFO - Configuring patroni
2023-11-20 12:55:08,785 - bootstrapping - INFO - Writing to file /run/postgres.yml
2023-11-20 12:55:08,786 - bootstrapping - INFO - Configuring pam-oauth2
2023-11-20 12:55:08,786 - bootstrapping - INFO - Writing to file /etc/pam.d/postgresql
2023-11-20 12:55:08,786 - bootstrapping - INFO - Configuring crontab
2023-11-20 12:55:08,786 - bootstrapping - INFO - Skipping creation of renice cron job due to lack of SYS_NICE capability
2023-11-20 12:55:08,792 - bootstrapping - INFO - Configuring wal-e
2023-11-20 12:55:08,792 - bootstrapping - INFO - Writing to file /run/etc/wal-e.d/env/WALE_S3_PREFIX
2023-11-20 12:55:08,792 - bootstrapping - INFO - Writing to file /run/etc/wal-e.d/env/WALG_S3_PREFIX
2023-11-20 12:55:08,793 - bootstrapping - INFO - Writing to file /run/etc/wal-e.d/env/AWS_ACCESS_KEY_ID
2023-11-20 12:55:08,793 - bootstrapping - INFO - Writing to file /run/etc/wal-e.d/env/AWS_SECRET_ACCESS_KEY
2023-11-20 12:55:08,793 - bootstrapping - INFO - Writing to file /run/etc/wal-e.d/env/WALE_S3_ENDPOINT
2023-11-20 12:55:08,793 - bootstrapping - INFO - Writing to file /run/etc/wal-e.d/env/AWS_ENDPOINT
2023-11-20 12:55:08,793 - bootstrapping - INFO - Writing to file /run/etc/wal-e.d/env/AWS_REGION
2023-11-20 12:55:08,793 - bootstrapping - INFO - Writing to file /run/etc/wal-e.d/env/WALE_DISABLE_S3_SSE
2023-11-20 12:55:08,793 - bootstrapping - INFO - Writing to file /run/etc/wal-e.d/env/WALG_DISABLE_S3_SSE
2023-11-20 12:55:08,794 - bootstrapping - INFO - Writing to file /run/etc/wal-e.d/env/AWS_S3_FORCE_PATH_STYLE
2023-11-20 12:55:08,794 - bootstrapping - INFO - Writing to file /run/etc/wal-e.d/env/WALG_DOWNLOAD_CONCURRENCY
2023-11-20 12:55:08,794 - bootstrapping - INFO - Writing to file /run/etc/wal-e.d/env/WALG_UPLOAD_CONCURRENCY
2023-11-20 12:55:08,794 - bootstrapping - INFO - Writing to file /run/etc/wal-e.d/env/USE_WALG_BACKUP
2023-11-20 12:55:08,794 - bootstrapping - INFO - Writing to file /run/etc/wal-e.d/env/USE_WALG_RESTORE
2023-11-20 12:55:08,794 - bootstrapping - INFO - Writing to file /run/etc/wal-e.d/env/WALE_LOG_DESTINATION
2023-11-20 12:55:08,794 - bootstrapping - INFO - Writing to file /run/etc/wal-e.d/env/PGPORT
2023-11-20 12:55:08,795 - bootstrapping - INFO - Writing to file /run/etc/wal-e.d/env/BACKUP_NUM_TO_RETAIN
2023-11-20 12:55:08,795 - bootstrapping - INFO - Writing to file /run/etc/wal-e.d/env/TMPDIR
2023-11-20 12:55:08,795 - bootstrapping - INFO - Configuring log
2023-11-20 12:55:08,795 - bootstrapping - INFO - Configuring bootstrap
2023-11-20 12:55:08,795 - bootstrapping - INFO - Configuring standby-cluster
2023-11-20 12:55:10,283 WARNING: Kubernetes RBAC doesn't allow GET access to the 'kubernetes' endpoint in the 'default' namespace. Disabling 'bypass_api_service'.
2023-11-20 12:55:10,303 INFO: No PostgreSQL configuration items changed, nothing to reload.
2023-11-20 12:55:10,356 WARNING: Postgresql is not running.
2023-11-20 12:55:10,356 INFO: Lock owner: None; I am cdds-postgres-cluster-0
2023-11-20 12:55:10,357 INFO: pg_controldata:
  pg_control version number: 1100
  Catalog version number: 201809051
  Database system identifier: 7299822848984969291
  Database cluster state: shut down
  pg_control last modified: Fri Nov 17 16:39:54 2023
  Latest checkpoint location: 0/F000028
  Latest checkpoint's REDO location: 0/F000028
  Latest checkpoint's REDO WAL file: 00000003000000000000000F
  Latest checkpoint's TimeLineID: 3
  Latest checkpoint's PrevTimeLineID: 3
  Latest checkpoint's full_page_writes: on
  Latest checkpoint's NextXID: 0:1452
  Latest checkpoint's NextOID: 16772
  Latest checkpoint's NextMultiXactId: 1
  Latest checkpoint's NextMultiOffset: 0
  Latest checkpoint's oldestXID: 562
  Latest checkpoint's oldestXID's DB: 1
  Latest checkpoint's oldestActiveXID: 0
  Latest checkpoint's oldestMultiXid: 1
  Latest checkpoint's oldestMulti's DB: 1
  Latest checkpoint's oldestCommitTsXid: 0
  Latest checkpoint's newestCommitTsXid: 0
  Time of latest checkpoint: Fri Nov 17 16:39:54 2023
  Fake LSN counter for unlogged rels: 0/1
  Minimum recovery ending location: 0/0
  Min recovery ending loc's timeline: 0
  Backup start location: 0/0
  Backup end location: 0/0
  End-of-backup record required: no
  wal_level setting: replica
  wal_log_hints setting: on
  max_connections setting: 100
  max_worker_processes setting: 8
  max_prepared_xacts setting: 0
  max_locks_per_xact setting: 64
  track_commit_timestamp setting: off
  Maximum data alignment: 8
  Database block size: 8192
  Blocks per segment of large relation: 131072
  WAL block size: 8192
  Bytes per WAL segment: 16777216
  Maximum length of identifiers: 64
  Maximum columns in an index: 32
  Maximum size of a TOAST chunk: 1996
  Size of a large-object chunk: 2048
  Date/time type storage: 64-bit integers
  Float4 argument passing: by value
  Float8 argument passing: by value
  Data page checksum version: 0
  Mock authentication nonce: ccb370743967c984d52189849d323ef02c53e89efe5d79abaed0351e9f6483e1

2023-11-20 12:55:10,366 INFO: Lock owner: None; I am cdds-postgres-cluster-0
2023-11-20 12:55:10,478 INFO: starting as a secondary
2023-11-20 12:55:10,766 INFO: postmaster pid=62
2023-11-20 12:55:10 UTC [62]: [1-1] 655b572e.3e 0     LOG:  Auto detecting pg_stat_kcache.linux_hz parameter...
2023-11-20 12:55:10 UTC [62]: [2-1] 655b572e.3e 0     LOG:  pg_stat_kcache.linux_hz is set to 1000000
2023-11-20 12:55:10 UTC [62]: [3-1] 655b572e.3e 0     LOG:  listening on IPv4 address "***HIDDEN***", port 5432
2023-11-20 12:55:10 UTC [62]: [4-1] 655b572e.3e 0     LOG:  listening on IPv6 address "::", port 5432
/var/run/postgresql:5432 - no response
2023-11-20 12:55:10 UTC [62]: [5-1] 655b572e.3e 0     LOG:  listening on Unix socket "/var/run/postgresql/.s.PGSQL.5432"
2023-11-20 12:55:10 UTC [62]: [6-1] 655b572e.3e 0     LOG:  redirecting log output to logging collector process
2023-11-20 12:55:10 UTC [62]: [7-1] 655b572e.3e 0     HINT:  Future log output will appear in directory "../pg_log".
/var/run/postgresql:5432 - rejecting connections
/var/run/postgresql:5432 - rejecting connections
/var/run/postgresql:5432 - rejecting connections
/var/run/postgresql:5432 - rejecting connections
/var/run/postgresql:5432 - rejecting connections
/var/run/postgresql:5432 - rejecting connections
/var/run/postgresql:5432 - rejecting connections
/var/run/postgresql:5432 - rejecting connections
/var/run/postgresql:5432 - rejecting connections
/var/run/postgresql:5432 - rejecting connections
/var/run/postgresql:5432 - rejecting connections
2023-11-20 12:55:20,854 INFO: Lock owner: None; I am cdds-postgres-cluster-0
2023-11-20 12:55:20,854 INFO: not healthy enough for leader race
2023-11-20 12:55:20,906 INFO: restarting after failure in progress
/var/run/postgresql:5432 - rejecting connections
/var/run/postgresql:5432 - rejecting connections
/var/run/postgresql:5432 - rejecting connections
/var/run/postgresql:5432 - rejecting connections
/var/run/postgresql:5432 - rejecting connections
/var/run/postgresql:5432 - rejecting connections
/var/run/postgresql:5432 - rejecting connections
/var/run/postgresql:5432 - rejecting connections
/var/run/postgresql:5432 - rejecting connections
2023-11-20 12:55:30,854 INFO: Lock owner: None; I am cdds-postgres-cluster-0
2023-11-20 12:55:30,854 INFO: not healthy enough for leader race
2023-11-20 12:55:30,854 INFO: restarting after failure in progress
/var/run/postgresql:5432 - rejecting connections
/var/run/postgresql:5432 - rejecting connections
/var/run/postgresql:5432 - rejecting connections
/var/run/postgresql:5432 - rejecting connections
/var/run/postgresql:5432 - rejecting connections
/var/run/postgresql:5432 - rejecting connections
/var/run/postgresql:5432 - rejecting connections
/var/run/postgresql:5432 - rejecting connections
/var/run/postgresql:5432 - rejecting connections
/var/run/postgresql:5432 - rejecting connections
2023-11-20 12:55:40,854 INFO: Lock owner: None; I am cdds-postgres-cluster-0
2023-11-20 12:55:40,855 INFO: not healthy enough for leader race
2023-11-20 12:55:40,855 INFO: restarting after failure in progress
/var/run/postgresql:5432 - rejecting connections
/var/run/postgresql:5432 - rejecting connections
/var/run/postgresql:5432 - rejecting connections
/var/run/postgresql:5432 - rejecting connections
/var/run/postgresql:5432 - rejecting connections
/var/run/postgresql:5432 - rejecting connections
/var/run/postgresql:5432 - rejecting connections
/var/run/postgresql:5432 - rejecting connections
/var/run/postgresql:5432 - rejecting connections
/var/run/postgresql:5432 - rejecting connections
2023-11-20 12:55:50,854 INFO: Lock owner: None; I am cdds-postgres-cluster-0
2023-11-20 12:55:50,854 INFO: not healthy enough for leader race
2023-11-20 12:55:50,854 INFO: restarting after failure in progress
/var/run/postgresql:5432 - rejecting connections
/var/run/postgresql:5432 - rejecting connections
/var/run/postgresql:5432 - rejecting connections
/var/run/postgresql:5432 - rejecting connections
/var/run/postgresql:5432 - rejecting connections
/var/run/postgresql:5432 - rejecting connections
/var/run/postgresql:5432 - rejecting connections
/var/run/postgresql:5432 - rejecting connections
/var/run/postgresql:5432 - rejecting connections
/var/run/postgresql:5432 - rejecting connections
2023-11-20 12:56:00,854 INFO: Lock owner: None; I am cdds-postgres-cluster-0
2023-11-20 12:56:00,854 INFO: not healthy enough for leader race
2023-11-20 12:56:00,854 INFO: restarting after failure in progress
/var/run/postgresql:5432 - rejecting connections
/var/run/postgresql:5432 - rejecting connections
/var/run/postgresql:5432 - rejecting connections
/var/run/postgresql:5432 - rejecting connections
/var/run/postgresql:5432 - rejecting connections
/var/run/postgresql:5432 - rejecting connections
/var/run/postgresql:5432 - rejecting connections
/var/run/postgresql:5432 - rejecting connections
/var/run/postgresql:5432 - rejecting connections
/var/run/postgresql:5432 - rejecting connections
2023-11-20 12:56:10,854 INFO: Lock owner: None; I am cdds-postgres-cluster-0
2023-11-20 12:56:10,854 INFO: not healthy enough for leader race
2023-11-20 12:56:10,855 INFO: restarting after failure in progress
/var/run/postgresql:5432 - rejecting connections
/var/run/postgresql:5432 - rejecting connections
2023-11-20 12:56:20,860 INFO: Lock owner: None; I am cdds-postgres-cluster-0
2023-11-20 12:56:20,860 INFO: Still starting up as a standby.
2023-11-20 12:56:20,861 INFO: establishing a new patroni connection to the postgres cluster
2023-11-20 12:56:20,973 INFO: establishing a new patroni connection to the postgres cluster
2023-11-20 12:56:20,974 WARNING: Retry got exception: 'connection problems'
2023-11-20 12:56:20,974 WARNING: Failed to determine PostgreSQL state from the connection, falling back to cached role
2023-11-20 12:56:20,975 INFO: following a different leader because i am not the healthiest node
/var/run/postgresql:5432 - rejecting connections
2023-11-20 12:56:30,860 INFO: Lock owner: None; I am cdds-postgres-cluster-0
2023-11-20 12:56:30,860 INFO: Still starting up as a standby.
2023-11-20 12:56:30,861 INFO: establishing a new patroni connection to the postgres cluster
2023-11-20 12:56:31,142 INFO: establishing a new patroni connection to the postgres cluster
2023-11-20 12:56:31,143 WARNING: Retry got exception: 'connection problems'
2023-11-20 12:56:31,144 WARNING: Failed to determine PostgreSQL state from the connection, falling back to cached role
2023-11-20 12:56:31,144 INFO: following a different leader because i am not the healthiest node
/var/run/postgresql:5432 - rejecting connections
2023-11-20 12:56:40,860 INFO: Lock owner: None; I am cdds-postgres-cluster-0
2023-11-20 12:56:40,860 INFO: Still starting up as a standby.
2023-11-20 12:56:40,860 INFO: establishing a new patroni connection to the postgres cluster
2023-11-20 12:56:41,162 INFO: establishing a new patroni connection to the postgres cluster
2023-11-20 12:56:41,163 WARNING: Retry got exception: 'connection problems'
2023-11-20 12:56:41,163 WARNING: Failed to determine PostgreSQL state from the connection, falling back to cached role
2023-11-20 12:56:41,164 INFO: following a different leader because i am not the healthiest node
/var/run/postgresql:5432 - accepting connections
2023-11-20 12:56:50,881 INFO: establishing a new patroni connection to the postgres cluster
2023-11-20 12:56:50,973 WARNING: Could not activate Linux watchdog device: "Can't open watchdog device: [Errno 2] No such file or directory: '/dev/watchdog'"
2023-11-20 12:56:51,037 INFO: promoted self to leader by acquiring session lock
server promoting
2023-11-20 12:56:51,041 INFO: cleared rewind state after becoming the leader
2023-11-20 12:56:51,038 INFO: Lock owner: cdds-postgres-cluster-0; I am cdds-postgres-cluster-0
2023-11-20 12:56:51,256 INFO: updated leader lock during promote
2023-11-20 12:56:52,213 INFO: no action. I am (cdds-postgres-cluster-0), the leader with the lock
DO
NOTICE:  role "admin" is already a member of role "cron_admin"
GRANT ROLE
DO
DO
NOTICE:  extension "pg_auth_mon" already exists, skipping
CREATE EXTENSION
NOTICE:  version "1.1" of extension "pg_auth_mon" is already installed
ALTER EXTENSION
GRANT
NOTICE:  extension "pg_cron" already exists, skipping
CREATE EXTENSION
DO
NOTICE:  version "1.4-1" of extension "pg_cron" is already installed
ALTER EXTENSION
ALTER POLICY
REVOKE
GRANT
REVOKE
GRANT
ALTER POLICY
REVOKE
GRANT
CREATE FUNCTION
REVOKE
GRANT
REVOKE
GRANT
NOTICE:  extension "file_fdw" already exists, skipping
CREATE EXTENSION
DO
NOTICE:  relation "postgres_log" already exists, skipping
CREATE TABLE
GRANT
NOTICE:  relation "postgres_log_0" already exists, skipping
CREATE FOREIGN TABLE
GRANT
CREATE VIEW
ALTER VIEW
GRANT
NOTICE:  relation "postgres_log_1" already exists, skipping
CREATE FOREIGN TABLE
GRANT
CREATE VIEW
ALTER VIEW
GRANT
NOTICE:  relation "postgres_log_2" already exists, skipping
CREATE FOREIGN TABLE
GRANT
CREATE VIEW
ALTER VIEW
GRANT
NOTICE:  relation "postgres_log_3" already exists, skipping
CREATE FOREIGN TABLE
GRANT
CREATE VIEW
ALTER VIEW
GRANT
NOTICE:  relation "postgres_log_4" already exists, skipping
CREATE FOREIGN TABLE
GRANT
CREATE VIEW
ALTER VIEW
GRANT
NOTICE:  relation "postgres_log_5" already exists, skipping
CREATE FOREIGN TABLE
GRANT
CREATE VIEW
ALTER VIEW
GRANT
NOTICE:  relation "postgres_log_6" already exists, skipping
CREATE FOREIGN TABLE
GRANT
CREATE VIEW
ALTER VIEW
GRANT
NOTICE:  relation "postgres_log_7" already exists, skipping
CREATE FOREIGN TABLE
GRANT
CREATE VIEW
ALTER VIEW
GRANT
RESET
SET
NOTICE:  drop cascades to 5 other objects
DETAIL:  drop cascades to type zmon_utils.system_information
drop cascades to function zmon_utils.get_database_cluster_information()
drop cascades to function zmon_utils.get_database_cluster_system_information()
drop cascades to function zmon_utils.get_last_status_active_cronjobs()
drop cascades to view zmon_utils.last_status_active_cronjobs
DROP SCHEMA
NOTICE:  extension "plpython3u" already exists, skipping
DO
NOTICE:  language "plpythonu" does not exist, skipping
DROP LANGUAGE
NOTICE:  function plpython_call_handler() does not exist, skipping
DROP FUNCTION
NOTICE:  function plpython_inline_handler(internal) does not exist, skipping
DROP FUNCTION
NOTICE:  function plpython_validator(oid) does not exist, skipping
DROP FUNCTION
CREATE SCHEMA
GRANT
SET
CREATE TYPE
CREATE FUNCTION
CREATE FUNCTION
CREATE FUNCTION
REVOKE
CREATE VIEW
REVOKE
GRANT
GRANT
You are now connected to database "postgres" as user "postgres".
NOTICE:  schema "user_management" already exists, skipping
CREATE SCHEMA
GRANT
SET
CREATE FUNCTION
CREATE FUNCTION
REVOKE
GRANT
COMMENT
CREATE FUNCTION
REVOKE
GRANT
COMMENT
CREATE FUNCTION
REVOKE
GRANT
COMMENT
CREATE FUNCTION
REVOKE
GRANT
COMMENT
CREATE FUNCTION
REVOKE
GRANT
COMMENT
CREATE FUNCTION
REVOKE
GRANT
COMMENT
CREATE FUNCTION
REVOKE
GRANT
COMMENT
CREATE FUNCTION
REVOKE
GRANT
COMMENT
GRANT
RESET
NOTICE:  extension "pg_stat_statements" already exists, skipping
CREATE EXTENSION
NOTICE:  extension "pg_stat_kcache" already exists, skipping
CREATE EXTENSION
NOTICE:  extension "set_user" already exists, skipping
CREATE EXTENSION
NOTICE:  version "3.0" of extension "set_user" is already installed
ALTER EXTENSION
GRANT
GRANT
GRANT
NOTICE:  schema "metric_helpers" already exists, skipping
CREATE SCHEMA
GRANT
SET
CREATE FUNCTION
CREATE VIEW
CREATE FUNCTION
CREATE VIEW
CREATE FUNCTION
CREATE VIEW
REVOKE
GRANT
REVOKE
GRANT
RESET
You are now connected to database "cdds" as user "postgres".
NOTICE:  schema "user_management" already exists, skipping
CREATE SCHEMA
GRANT
SET
CREATE FUNCTION
CREATE FUNCTION
REVOKE
GRANT
COMMENT
CREATE FUNCTION
REVOKE
GRANT
COMMENT
CREATE FUNCTION
REVOKE
GRANT
COMMENT
CREATE FUNCTION
REVOKE
GRANT
COMMENT
CREATE FUNCTION
REVOKE
GRANT
COMMENT
CREATE FUNCTION
REVOKE
GRANT
COMMENT
CREATE FUNCTION
REVOKE
GRANT
COMMENT
CREATE FUNCTION
REVOKE
GRANT
COMMENT
GRANT
RESET
NOTICE:  extension "pg_stat_statements" already exists, skipping
CREATE EXTENSION
NOTICE:  extension "pg_stat_kcache" already exists, skipping
CREATE EXTENSION
NOTICE:  extension "set_user" already exists, skipping
CREATE EXTENSION
NOTICE:  version "3.0" of extension "set_user" is already installed
ALTER EXTENSION
GRANT
GRANT
GRANT
NOTICE:  schema "metric_helpers" already exists, skipping
CREATE SCHEMA
GRANT
SET
CREATE FUNCTION
CREATE VIEW
CREATE FUNCTION
CREATE VIEW
CREATE FUNCTION
CREATE VIEW
REVOKE
GRANT
REVOKE
GRANT
RESET
You are now connected to database "template1" as user "postgres".
NOTICE:  schema "user_management" already exists, skipping
CREATE SCHEMA
GRANT
SET
CREATE FUNCTION
CREATE FUNCTION
REVOKE
GRANT
COMMENT
CREATE FUNCTION
REVOKE
GRANT
COMMENT
CREATE FUNCTION
REVOKE
GRANT
COMMENT
CREATE FUNCTION
REVOKE
GRANT
COMMENT
CREATE FUNCTION
REVOKE
GRANT
COMMENT
CREATE FUNCTION
REVOKE
GRANT
COMMENT
CREATE FUNCTION
REVOKE
GRANT
COMMENT
CREATE FUNCTION
REVOKE
GRANT
COMMENT
GRANT
RESET
NOTICE:  extension "pg_stat_statements" already exists, skipping
CREATE EXTENSION
NOTICE:  extension "pg_stat_kcache" already exists, skipping
CREATE EXTENSION
NOTICE:  extension "set_user" already exists, skipping
CREATE EXTENSION
NOTICE:  version "3.0" of extension "set_user" is already installed
ALTER EXTENSION
GRANT
GRANT
GRANT
NOTICE:  schema "metric_helpers" already exists, skipping
CREATE SCHEMA
GRANT
SET
CREATE FUNCTION
CREATE VIEW
CREATE FUNCTION
CREATE VIEW
CREATE FUNCTION
CREATE VIEW
REVOKE
GRANT
REVOKE
GRANT
RESET
2023-11-20 12:57:02,690 INFO: no action. I am (cdds-postgres-cluster-0), the leader with the lock
2023-11-20 12:57:08.910 - /scripts/postgres_backup.sh - I was called as: /scripts/postgres_backup.sh /home/postgres/pgdata/pgroot/data
2023-11-20 12:57:08.998 - /scripts/postgres_backup.sh - producing a new backup
INFO: 2023/11/20 12:57:09.160775 Calling pg_start_backup()
INFO: 2023/11/20 12:57:09.290827 Starting a new tar bundle
INFO: 2023/11/20 12:57:09.290849 Walking ...
INFO: 2023/11/20 12:57:09.291017 Starting part 1 ...
2023-11-20 12:57:09.911 UTC [36] LOG Starting pgqd 3.5
2023-11-20 12:57:09.911 UTC [36] LOG auto-detecting dbs ...
INFO: 2023/11/20 12:57:09.976146 Packing ...
INFO: 2023/11/20 12:57:09.977794 Finished writing part 1.
INFO: 2023/11/20 12:57:10.104236 Starting part 2 ...
INFO: 2023/11/20 12:57:10.104271 /global/pg_control
INFO: 2023/11/20 12:57:10.105025 Finished writing part 2.
INFO: 2023/11/20 12:57:10.105163 Calling pg_stop_backup()
INFO: 2023/11/20 12:57:11.137311 Starting part 3 ...
INFO: 2023/11/20 12:57:11.142043 backup_label
INFO: 2023/11/20 12:57:11.142055 tablespace_map
INFO: 2023/11/20 12:57:11.142127 Finished writing part 3.
INFO: 2023/11/20 12:57:11.165995 Wrote backup with name base_000000040000000000000010
2023-11-20 12:57:12,651 INFO: no action. I am (cdds-postgres-cluster-0), the leader with the lock
2023-11-20 12:57:22,657 INFO: no action. I am (cdds-postgres-cluster-0), the leader with the lock
2023-11-20 12:57:32,600 INFO: no action. I am (cdds-postgres-cluster-0), the leader with the lock
2023-11-20 12:57:39.938 UTC [36] LOG {ticks: 0, maint: 0, retry: 0}
2023-11-20 12:57:42,592 INFO: no action. I am (cdds-postgres-cluster-0), the leader with the lock
2023-11-20 12:57:52,644 INFO: no action. I am (cdds-postgres-cluster-0), the leader with the lock
2023-11-20 12:58:02,593 INFO: no action. I am (cdds-postgres-cluster-0), the leader with the lock
2023-11-20 12:58:09.942 UTC [36] LOG {ticks: 0, maint: 0, retry: 0}
2023-11-20 12:58:12,643 INFO: no action. I am (cdds-postgres-cluster-0), the leader with the lock
2023-11-20 12:58:22,593 INFO: no action. I am (cdds-postgres-cluster-0), the leader with the lock
2023-11-20 12:58:32,593 INFO: no action. I am (cdds-postgres-cluster-0), the leader with the lock
2023-11-20 12:58:39.974 UTC [36] LOG {ticks: 0, maint: 0, retry: 0}
2023-11-20 12:58:42,596 INFO: no action. I am (cdds-postgres-cluster-0), the leader with the lock
2023-11-20 12:58:52,643 INFO: no action. I am (cdds-postgres-cluster-0), the leader with the lock
2023-11-20 12:59:02,642 INFO: no action. I am (cdds-postgres-cluster-0), the leader with the lock
2023-11-20 12:59:09.978 UTC [36] LOG {ticks: 0, maint: 0, retry: 0}
2023-11-20 12:59:12,647 INFO: no action. I am (cdds-postgres-cluster-0), the leader with the lock
2023-11-20 12:59:22,665 INFO: no action. I am (cdds-postgres-cluster-0), the leader with the lock
2023-11-20 12:59:32,599 INFO: no action. I am (cdds-postgres-cluster-0), the leader with the lock
2023-11-20 12:59:40.006 UTC [36] LOG {ticks: 0, maint: 0, retry: 0}
2023-11-20 12:59:42,597 INFO: no action. I am (cdds-postgres-cluster-0), the leader with the lock
2023-11-20 12:59:52,593 INFO: no action. I am (cdds-postgres-cluster-0), the leader with the lock
2023-11-20 13:00:02,593 INFO: no action. I am (cdds-postgres-cluster-0), the leader with the lock
2023-11-20 13:00:10.010 UTC [36] LOG {ticks: 0, maint: 0, retry: 0}
2023-11-20 13:00:12,593 INFO: no action. I am (cdds-postgres-cluster-0), the leader with the lock
2023-11-20 13:00:22,593 INFO: no action. I am (cdds-postgres-cluster-0), the leader with the lock
2023-11-20 13:00:32,595 INFO: no action. I am (cdds-postgres-cluster-0), the leader with the lock
2023-11-20 13:00:40.038 UTC [36] LOG {ticks: 0, maint: 0, retry: 0}
2023-11-20 13:00:42,595 INFO: no action. I am (cdds-postgres-cluster-0), the leader with the lock
2023-11-20 13:00:52,596 INFO: no action. I am (cdds-postgres-cluster-0), the leader with the lock
2023-11-20 13:01:02,593 INFO: no action. I am (cdds-postgres-cluster-0), the leader with the lock
2023-11-20 13:01:10.042 UTC [36] LOG {ticks: 0, maint: 0, retry: 0}
2023-11-20 13:01:12,593 INFO: no action. I am (cdds-postgres-cluster-0), the leader with the lock
2023-11-20 13:01:22,595 INFO: no action. I am (cdds-postgres-cluster-0), the leader with the lock
2023-11-20 13:01:32,595 INFO: no action. I am (cdds-postgres-cluster-0), the leader with the lock
2023-11-20 13:01:40.070 UTC [36] LOG {ticks: 0, maint: 0, retry: 0}
2023-11-20 13:01:42,595 INFO: no action. I am (cdds-postgres-cluster-0), the leader with the lock
2023-11-20 13:01:52,592 INFO: no action. I am (cdds-postgres-cluster-0), the leader with the lock
2023-11-20 13:02:02,592 INFO: no action. I am (cdds-postgres-cluster-0), the leader with the lock
2023-11-20 13:02:10.074 UTC [36] LOG {ticks: 0, maint: 0, retry: 0}
2023-11-20 13:02:12,593 INFO: no action. I am (cdds-postgres-cluster-0), the leader with the lock
2023-11-20 13:02:22,593 INFO: no action. I am (cdds-postgres-cluster-0), the leader with the lock
2023-11-20 13:02:32,647 INFO: no action. I am (cdds-postgres-cluster-0), the leader with the lock
2023-11-20 13:02:40.106 UTC [36] LOG {ticks: 0, maint: 0, retry: 0}
2023-11-20 13:02:42,592 INFO: no action. I am (cdds-postgres-cluster-0), the leader with the lock
2023-11-20 13:02:52,592 INFO: no action. I am (cdds-postgres-cluster-0), the leader with the lock
2023-11-20 13:03:02,594 INFO: no action. I am (cdds-postgres-cluster-0), the leader with the lock
2023-11-20 13:03:10.118 UTC [36] LOG {ticks: 0, maint: 0, retry: 0}
2023-11-20 13:03:12,593 INFO: no action. I am (cdds-postgres-cluster-0), the leader with the lock
2023-11-20 13:03:22,597 INFO: no action. I am (cdds-postgres-cluster-0), the leader with the lock
2023-11-20 13:03:32,592 INFO: no action. I am (cdds-postgres-cluster-0), the leader with the lock
2023-11-20 13:03:40.150 UTC [36] LOG {ticks: 0, maint: 0, retry: 0}
2023-11-20 13:03:42,593 INFO: no action. I am (cdds-postgres-cluster-0), the leader with the lock
2023-11-20 13:03:52,593 INFO: no action. I am (cdds-postgres-cluster-0), the leader with the lock
2023-11-20 13:04:02,595 INFO: no action. I am (cdds-postgres-cluster-0), the leader with the lock
2023-11-20 13:04:10.154 UTC [36] LOG {ticks: 0, maint: 0, retry: 0}
2023-11-20 13:04:12,593 INFO: no action. I am (cdds-postgres-cluster-0), the leader with the lock
2023-11-20 13:04:22,597 INFO: no action. I am (cdds-postgres-cluster-0), the leader with the lock
2023-11-20 13:04:32,593 INFO: no action. I am (cdds-postgres-cluster-0), the leader with the lock
2023-11-20 13:04:40.183 UTC [36] LOG {ticks: 0, maint: 0, retry: 0}
2023-11-20 13:04:42,593 INFO: no action. I am (cdds-postgres-cluster-0), the leader with the lock
2023-11-20 13:04:52,593 INFO: no action. I am (cdds-postgres-cluster-0), the leader with the lock
2023-11-20 13:05:02,596 INFO: no action. I am (cdds-postgres-cluster-0), the leader with the lock
2023-11-20 13:05:10.186 UTC [36] LOG {ticks: 0, maint: 0, retry: 0}
2023-11-20 13:05:12,593 INFO: no action. I am (cdds-postgres-cluster-0), the leader with the lock
2023-11-20 13:05:22,596 INFO: no action. I am (cdds-postgres-cluster-0), the leader with the lock
2023-11-20 13:05:32,596 INFO: no action. I am (cdds-postgres-cluster-0), the leader with the lock
2023-11-20 13:05:40.214 UTC [36] LOG {ticks: 0, maint: 0, retry: 0}
2023-11-20 13:05:42,593 INFO: no action. I am (cdds-postgres-cluster-0), the leader with the lock
2023-11-20 13:05:52,593 INFO: no action. I am (cdds-postgres-cluster-0), the leader with the lock
2023-11-20 13:06:02,596 INFO: no action. I am (cdds-postgres-cluster-0), the leader with the lock
2023-11-20 13:06:10.219 UTC [36] LOG {ticks: 0, maint: 0, retry: 0}
2023-11-20 13:06:12,593 INFO: no action. I am (cdds-postgres-cluster-0), the leader with the lock
2023-11-20 13:06:22,593 INFO: no action. I am (cdds-postgres-cluster-0), the leader with the lock
2023-11-20 13:06:32,593 INFO: no action. I am (cdds-postgres-cluster-0), the leader with the lock
2023-11-20 13:06:40.248 UTC [36] LOG {ticks: 0, maint: 0, retry: 0}
2023-11-20 13:06:42,593 INFO: no action. I am (cdds-postgres-cluster-0), the leader with the lock
2023-11-20 13:06:52,593 INFO: no action. I am (cdds-postgres-cluster-0), the leader with the lock
2023-11-20 13:07:02,596 INFO: no action. I am (cdds-postgres-cluster-0), the leader with the lock
2023-11-20 13:07:10.250 UTC [36] LOG {ticks: 0, maint: 0, retry: 0}
2023-11-20 13:07:12,596 INFO: no action. I am (cdds-postgres-cluster-0), the leader with the lock
2023-11-20 13:07:22,595 INFO: no action. I am (cdds-postgres-cluster-0), the leader with the lock
2023-11-20 13:07:32,593 INFO: no action. I am (cdds-postgres-cluster-0), the leader with the lock
2023-11-20 13:07:40.278 UTC [36] LOG {ticks: 0, maint: 0, retry: 0}
2023-11-20 13:07:42,593 INFO: no action. I am (cdds-postgres-cluster-0), the leader with the lock
2023-11-20 13:07:52,593 INFO: no action. I am (cdds-postgres-cluster-0), the leader with the lock
2023-11-20 13:08:02,600 INFO: no action. I am (cdds-postgres-cluster-0), the leader with the lock
2023-11-20 13:08:10.282 UTC [36] LOG {ticks: 0, maint: 0, retry: 0}
2023-11-20 13:08:12,593 INFO: no action. I am (cdds-postgres-cluster-0), the leader with the lock
2023-11-20 13:08:22,593 INFO: no action. I am (cdds-postgres-cluster-0), the leader with the lock
2023-11-20 13:08:32,596 INFO: no action. I am (cdds-postgres-cluster-0), the leader with the lock
2023-11-20 13:08:40.312 UTC [36] LOG {ticks: 0, maint: 0, retry: 0}
2023-11-20 13:08:42,594 INFO: no action. I am (cdds-postgres-cluster-0), the leader with the lock
2023-11-20 13:08:52,596 INFO: no action. I am (cdds-postgres-cluster-0), the leader with the lock
2023-11-20 13:09:02,593 INFO: no action. I am (cdds-postgres-cluster-0), the leader with the lock
2023-11-20 13:09:10.314 UTC [36] LOG {ticks: 0, maint: 0, retry: 0}
2023-11-20 13:09:12,597 INFO: no action. I am (cdds-postgres-cluster-0), the leader with the lock
2023-11-20 13:09:22,597 INFO: no action. I am (cdds-postgres-cluster-0), the leader with the lock
2023-11-20 13:09:32,593 INFO: no action. I am (cdds-postgres-cluster-0), the leader with the lock
2023-11-20 13:09:40.344 UTC [36] LOG {ticks: 0, maint: 0, retry: 0}
2023-11-20 13:09:42,594 INFO: no action. I am (cdds-postgres-cluster-0), the leader with the lock
2023-11-20 13:09:52,600 INFO: no action. I am (cdds-postgres-cluster-0), the leader with the lock
2023-11-20 13:10:02,593 INFO: no action. I am (cdds-postgres-cluster-0), the leader with the lock
2023-11-20 13:10:10.346 UTC [36] LOG {ticks: 0, maint: 0, retry: 0}
2023-11-20 13:10:12,593 INFO: no action. I am (cdds-postgres-cluster-0), the leader with the lock
2023-11-20 13:10:22,594 INFO: no action. I am (cdds-postgres-cluster-0), the leader with the lock
2023-11-20 13:10:32,593 INFO: no action. I am (cdds-postgres-cluster-0), the leader with the lock
2023-11-20 13:10:40.374 UTC [36] LOG {ticks: 0, maint: 0, retry: 0}
2023-11-20 13:10:42,593 INFO: no action. I am (cdds-postgres-cluster-0), the leader with the lock
2023-11-20 13:10:52,593 INFO: no action. I am (cdds-postgres-cluster-0), the leader with the lock
2023-11-20 13:11:02,595 INFO: no action. I am (cdds-postgres-cluster-0), the leader with the lock
2023-11-20 13:11:10.378 UTC [36] LOG {ticks: 0, maint: 0, retry: 0}
2023-11-20 13:11:12,593 INFO: no action. I am (cdds-postgres-cluster-0), the leader with the lock
2023-11-20 13:11:22,593 INFO: no action. I am (cdds-postgres-cluster-0), the leader with the lock
2023-11-20 13:11:32,593 INFO: no action. I am (cdds-postgres-cluster-0), the leader with the lock
2023-11-20 13:11:40.406 UTC [36] LOG {ticks: 0, maint: 0, retry: 0}
2023-11-20 13:11:42,593 INFO: no action. I am (cdds-postgres-cluster-0), the leader with the lock
2023-11-20 13:11:52,593 INFO: no action. I am (cdds-postgres-cluster-0), the leader with the lock
2023-11-20 13:12:02,597 INFO: no action. I am (cdds-postgres-cluster-0), the leader with the lock
2023-11-20 13:12:10.406 UTC [36] LOG {ticks: 0, maint: 0, retry: 0}
2023-11-20 13:12:12,593 INFO: no action. I am (cdds-postgres-cluster-0), the leader with the lock
2023-11-20 13:12:22,599 INFO: no action. I am (cdds-postgres-cluster-0), the leader with the lock
2023-11-20 13:12:32,596 INFO: no action. I am (cdds-postgres-cluster-0), the leader with the lock
2023-11-20 13:12:40.435 UTC [36] LOG {ticks: 0, maint: 0, retry: 0}
2023-11-20 13:12:42,596 INFO: no action. I am (cdds-postgres-cluster-0), the leader with the lock
2023-11-20 13:12:52,593 INFO: no action. I am (cdds-postgres-cluster-0), the leader with the lock
2023-11-20 13:13:02,596 INFO: no action. I am (cdds-postgres-cluster-0), the leader with the lock
2023-11-20 13:13:10.438 UTC [36] LOG {ticks: 0, maint: 0, retry: 0}
2023-11-20 13:13:12,593 INFO: no action. I am (cdds-postgres-cluster-0), the leader with the lock
2023-11-20 13:13:22,593 INFO: no action. I am (cdds-postgres-cluster-0), the leader with the lock
2023-11-20 13:13:32,593 INFO: no action. I am (cdds-postgres-cluster-0), the leader with the lock
2023-11-20 13:13:40.467 UTC [36] LOG {ticks: 0, maint: 0, retry: 0}
2023-11-20 13:13:42,593 INFO: no action. I am (cdds-postgres-cluster-0), the leader with the lock
2023-11-20 13:13:52,595 INFO: no action. I am (cdds-postgres-cluster-0), the leader with the lock
2023-11-20 13:14:02,593 INFO: no action. I am (cdds-postgres-cluster-0), the leader with the lock
2023-11-20 13:14:10.470 UTC [36] LOG {ticks: 0, maint: 0, retry: 0}
2023-11-20 13:14:12,597 INFO: no action. I am (cdds-postgres-cluster-0), the leader with the lock
2023-11-20 13:14:22,593 INFO: no action. I am (cdds-postgres-cluster-0), the leader with the lock
2023-11-20 13:14:32,593 INFO: no action. I am (cdds-postgres-cluster-0), the leader with the lock
2023-11-20 13:14:40.499 UTC [36] LOG {ticks: 0, maint: 0, retry: 0}
2023-11-20 13:14:42,596 INFO: no action. I am (cdds-postgres-cluster-0), the leader with the lock
2023-11-20 13:14:52,593 INFO: no action. I am (cdds-postgres-cluster-0), the leader with the lock
2023-11-20 13:15:02,593 INFO: no action. I am (cdds-postgres-cluster-0), the leader with the lock
2023-11-20 13:15:10.502 UTC [36] LOG {ticks: 0, maint: 0, retry: 0}
2023-11-20 13:15:12,600 INFO: no action. I am (cdds-postgres-cluster-0), the leader with the lock
2023-11-20 13:15:22,593 INFO: no action. I am (cdds-postgres-cluster-0), the leader with the lock
2023-11-20 13:15:32,598 INFO: no action. I am (cdds-postgres-cluster-0), the leader with the lock
2023-11-20 13:15:40.530 UTC [36] LOG {ticks: 0, maint: 0, retry: 0}
2023-11-20 13:15:42,596 INFO: no action. I am (cdds-postgres-cluster-0), the leader with the lock
2023-11-20 13:15:52,599 INFO: no action. I am (cdds-postgres-cluster-0), the leader with the lock
2023-11-20 13:16:02,593 INFO: no action. I am (cdds-postgres-cluster-0), the leader with the lock
2023-11-20 13:16:10.534 UTC [36] LOG {ticks: 0, maint: 0, retry: 0}
2023-11-20 13:16:12,599 INFO: no action. I am (cdds-postgres-cluster-0), the leader with the lock
2023-11-20 13:16:22,593 INFO: no action. I am (cdds-postgres-cluster-0), the leader with the lock
2023-11-20 13:16:32,593 INFO: no action. I am (cdds-postgres-cluster-0), the leader with the lock
2023-11-20 13:16:40.564 UTC [36] LOG {ticks: 0, maint: 0, retry: 0}
2023-11-20 13:16:42,593 INFO: no action. I am (cdds-postgres-cluster-0), the leader with the lock
2023-11-20 13:16:52,593 INFO: no action. I am (cdds-postgres-cluster-0), the leader with the lock
2023-11-20 13:17:02,593 INFO: no action. I am (cdds-postgres-cluster-0), the leader with the lock
2023-11-20 13:17:10.566 UTC [36] LOG {ticks: 0, maint: 0, retry: 0}
2023-11-20 13:17:12,597 INFO: no action. I am (cdds-postgres-cluster-0), the leader with the lock
2023-11-20 13:17:22,597 INFO: no action. I am (cdds-postgres-cluster-0), the leader with the lock
2023-11-20 13:17:32,594 INFO: no action. I am (cdds-postgres-cluster-0), the leader with the lock
2023-11-20 13:17:40.594 UTC [36] LOG {ticks: 0, maint: 0, retry: 0}
2023-11-20 13:17:42,593 INFO: no action. I am (cdds-postgres-cluster-0), the leader with the lock
2023-11-20 13:17:52,599 INFO: no action. I am (cdds-postgres-cluster-0), the leader with the lock
2023-11-20 13:18:02,593 INFO: no action. I am (cdds-postgres-cluster-0), the leader with the lock
2023-11-20 13:18:10.598 UTC [36] LOG {ticks: 0, maint: 0, retry: 0}
2023-11-20 13:18:12,595 INFO: no action. I am (cdds-postgres-cluster-0), the leader with the lock
2023-11-20 13:18:22,597 INFO: no action. I am (cdds-postgres-cluster-0), the leader with the lock
2023-11-20 13:18:32,597 INFO: no action. I am (cdds-postgres-cluster-0), the leader with the lock
2023-11-20 13:18:40.626 UTC [36] LOG {ticks: 0, maint: 0, retry: 0}
2023-11-20 13:18:42,593 INFO: no action. I am (cdds-postgres-cluster-0), the leader with the lock
2023-11-20 13:18:52,604 INFO: no action. I am (cdds-postgres-cluster-0), the leader with the lock
2023-11-20 13:19:02,593 INFO: no action. I am (cdds-postgres-cluster-0), the leader with the lock
2023-11-20 13:19:10.631 UTC [36] LOG {ticks: 0, maint: 0, retry: 0}
2023-11-20 13:19:12,600 INFO: no action. I am (cdds-postgres-cluster-0), the leader with the lock
2023-11-20 13:19:22,593 INFO: no action. I am (cdds-postgres-cluster-0), the leader with the lock
2023-11-20 13:19:32,593 INFO: no action. I am (cdds-postgres-cluster-0), the leader with the lock
2023-11-20 13:19:40.658 UTC [36] LOG {ticks: 0, maint: 0, retry: 0}
2023-11-20 13:19:42,593 INFO: no action. I am (cdds-postgres-cluster-0), the leader with the lock
2023-11-20 13:19:52,597 INFO: no action. I am (cdds-postgres-cluster-0), the leader with the lock
2023-11-20 13:20:02,593 INFO: no action. I am (cdds-postgres-cluster-0), the leader with the lock
2023-11-20 13:20:10.662 UTC [36] LOG {ticks: 0, maint: 0, retry: 0}
2023-11-20 13:20:12,596 INFO: no action. I am (cdds-postgres-cluster-0), the leader with the lock
2023-11-20 13:20:22,593 INFO: no action. I am (cdds-postgres-cluster-0), the leader with the lock
2023-11-20 13:20:32,593 INFO: no action. I am (cdds-postgres-cluster-0), the leader with the lock
2023-11-20 13:20:40.690 UTC [36] LOG {ticks: 0, maint: 0, retry: 0}
2023-11-20 13:20:42,593 INFO: no action. I am (cdds-postgres-cluster-0), the leader with the lock
2023-11-20 13:20:52,593 INFO: no action. I am (cdds-postgres-cluster-0), the leader with the lock
2023-11-20 13:21:02,593 INFO: no action. I am (cdds-postgres-cluster-0), the leader with the lock
2023-11-20 13:21:10.694 UTC [36] LOG {ticks: 0, maint: 0, retry: 0}
2023-11-20 13:21:12,593 INFO: no action. I am (cdds-postgres-cluster-0), the leader with the lock
2023-11-20 13:21:22,595 INFO: no action. I am (cdds-postgres-cluster-0), the leader with the lock
2023-11-20 13:21:32,599 INFO: no action. I am (cdds-postgres-cluster-0), the leader with the lock
2023-11-20 13:21:40.722 UTC [36] LOG {ticks: 0, maint: 0, retry: 0}
2023-11-20 13:21:42,592 INFO: no action. I am (cdds-postgres-cluster-0), the leader with the lock
2023-11-20 13:21:52,593 INFO: no action. I am (cdds-postgres-cluster-0), the leader with the lock
2023-11-20 13:22:02,593 INFO: no action. I am (cdds-postgres-cluster-0), the leader with the lock
2023-11-20 13:22:10.726 UTC [36] LOG {ticks: 0, maint: 0, retry: 0}
2023-11-20 13:22:12,592 INFO: no action. I am (cdds-postgres-cluster-0), the leader with the lock
2023-11-20 13:22:22,595 INFO: no action. I am (cdds-postgres-cluster-0), the leader with the lock
2023-11-20 13:22:32,595 INFO: no action. I am (cdds-postgres-cluster-0), the leader with the lock
2023-11-20 13:22:40.754 UTC [36] LOG {ticks: 0, maint: 0, retry: 0}
2023-11-20 13:22:42,593 INFO: no action. I am (cdds-postgres-cluster-0), the leader with the lock
2023-11-20 13:22:52,593 INFO: no action. I am (cdds-postgres-cluster-0), the leader with the lock
2023-11-20 13:23:02,593 INFO: no action. I am (cdds-postgres-cluster-0), the leader with the lock
2023-11-20 13:23:10.758 UTC [36] LOG {ticks: 0, maint: 0, retry: 0}
2023-11-20 13:23:12,593 INFO: no action. I am (cdds-postgres-cluster-0), the leader with the lock
2023-11-20 13:23:22,596 INFO: no action. I am (cdds-postgres-cluster-0), the leader with the lock
2023-11-20 13:23:32,595 INFO: no action. I am (cdds-postgres-cluster-0), the leader with the lock
2023-11-20 13:23:40.786 UTC [36] LOG {ticks: 0, maint: 0, retry: 0}
2023-11-20 13:23:42,593 INFO: no action. I am (cdds-postgres-cluster-0), the leader with the lock
2023-11-20 13:23:52,593 INFO: no action. I am (cdds-postgres-cluster-0), the leader with the lock
2023-11-20 13:24:02,593 INFO: no action. I am (cdds-postgres-cluster-0), the leader with the lock
2023-11-20 13:24:10.790 UTC [36] LOG {ticks: 0, maint: 0, retry: 0}
2023-11-20 13:24:12,593 INFO: no action. I am (cdds-postgres-cluster-0), the leader with the lock
2023-11-20 13:24:22,596 INFO: no action. I am (cdds-postgres-cluster-0), the leader with the lock
2023-11-20 13:24:32,595 INFO: no action. I am (cdds-postgres-cluster-0), the leader with the lock
2023-11-20 13:24:40.819 UTC [36] LOG {ticks: 0, maint: 0, retry: 0}
2023-11-20 13:24:42,595 INFO: no action. I am (cdds-postgres-cluster-0), the leader with the lock
2023-11-20 13:24:52,593 INFO: no action. I am (cdds-postgres-cluster-0), the leader with the lock
2023-11-20 13:25:02,593 INFO: no action. I am (cdds-postgres-cluster-0), the leader with the lock
2023-11-20 13:25:10.822 UTC [36] LOG {ticks: 0, maint: 0, retry: 0}
2023-11-20 13:25:12,593 INFO: no action. I am (cdds-postgres-cluster-0), the leader with the lock
2023-11-20 13:25:22,593 INFO: no action. I am (cdds-postgres-cluster-0), the leader with the lock
2023-11-20 13:25:32,593 INFO: no action. I am (cdds-postgres-cluster-0), the leader with the lock
2023-11-20 13:25:40.850 UTC [36] LOG {ticks: 0, maint: 0, retry: 0}
2023-11-20 13:25:42,643 INFO: no action. I am (cdds-postgres-cluster-0), the leader with the lock
2023-11-20 13:25:52,652 INFO: no action. I am (cdds-postgres-cluster-0), the leader with the lock
2023-11-20 13:26:02,597 INFO: no action. I am (cdds-postgres-cluster-0), the leader with the lock
2023-11-20 13:26:10.854 UTC [36] LOG {ticks: 0, maint: 0, retry: 0}
2023-11-20 13:26:12,593 INFO: no action. I am (cdds-postgres-cluster-0), the leader with the lock
2023-11-20 13:26:22,592 INFO: no action. I am (cdds-postgres-cluster-0), the leader with the lock
2023-11-20 13:26:32,593 INFO: no action. I am (cdds-postgres-cluster-0), the leader with the lock
2023-11-20 13:26:40.882 UTC [36] LOG {ticks: 0, maint: 0, retry: 0}
2023-11-20 13:26:42,593 INFO: no action. I am (cdds-postgres-cluster-0), the leader with the lock
2023-11-20 13:26:52,593 INFO: no action. I am (cdds-postgres-cluster-0), the leader with the lock
2023-11-20 13:27:02,593 INFO: no action. I am (cdds-postgres-cluster-0), the leader with the lock
2023-11-20 13:27:10.886 UTC [36] LOG {ticks: 0, maint: 0, retry: 0}
2023-11-20 13:27:12,648 INFO: no action. I am (cdds-postgres-cluster-0), the leader with the lock
2023-11-20 13:27:22,645 INFO: no action. I am (cdds-postgres-cluster-0), the leader with the lock
2023-11-20 13:27:32,593 INFO: no action. I am (cdds-postgres-cluster-0), the leader with the lock
2023-11-20 13:27:40.914 UTC [36] LOG {ticks: 0, maint: 0, retry: 0}
2023-11-20 13:27:42,592 INFO: no action. I am (cdds-postgres-cluster-0), the leader with the lock
2023-11-20 13:27:52,599 INFO: no action. I am (cdds-postgres-cluster-0), the leader with the lock
2023-11-20 13:28:02,597 INFO: no action. I am (cdds-postgres-cluster-0), the leader with the lock
2023-11-20 13:28:10.918 UTC [36] LOG {ticks: 0, maint: 0, retry: 0}
2023-11-20 13:28:12,596 INFO: no action. I am (cdds-postgres-cluster-0), the leader with the lock
2023-11-20 13:28:22,593 INFO: no action. I am (cdds-postgres-cluster-0), the leader with the lock
2023-11-20 13:28:32,593 INFO: no action. I am (cdds-postgres-cluster-0), the leader with the lock
2023-11-20 13:28:40.946 UTC [36] LOG {ticks: 0, maint: 0, retry: 0}
2023-11-20 13:28:42,593 INFO: no action. I am (cdds-postgres-cluster-0), the leader with the lock
2023-11-20 13:28:52,593 INFO: no action. I am (cdds-postgres-cluster-0), the leader with the lock
2023-11-20 13:29:02,596 INFO: no action. I am (cdds-postgres-cluster-0), the leader with the lock
2023-11-20 13:29:10.950 UTC [36] LOG {ticks: 0, maint: 0, retry: 0}
2023-11-20 13:29:12,593 INFO: no action. I am (cdds-postgres-cluster-0), the leader with the lock
2023-11-20 13:29:22,593 INFO: no action. I am (cdds-postgres-cluster-0), the leader with the lock
2023-11-20 13:29:32,595 INFO: no action. I am (cdds-postgres-cluster-0), the leader with the lock
2023-11-20 13:29:40.975 UTC [36] LOG {ticks: 0, maint: 0, retry: 0}
2023-11-20 13:29:42,597 INFO: no action. I am (cdds-postgres-cluster-0), the leader with the lock
2023-11-20 13:29:52,596 INFO: no action. I am (cdds-postgres-cluster-0), the leader with the lock
2023-11-20 13:30:02,597 INFO: no action. I am (cdds-postgres-cluster-0), the leader with the lock
2023-11-20 13:30:10.978 UTC [36] LOG {ticks: 0, maint: 0, retry: 0}
2023-11-20 13:30:12,593 INFO: no action. I am (cdds-postgres-cluster-0), the leader with the lock
2023-11-20 13:30:22,593 INFO: no action. I am (cdds-postgres-cluster-0), the leader with the lock
2023-11-20 13:30:32,593 INFO: no action. I am (cdds-postgres-cluster-0), the leader with the lock
2023-11-20 13:30:41.006 UTC [36] LOG {ticks: 0, maint: 0, retry: 0}
2023-11-20 13:30:42,597 INFO: no action. I am (cdds-postgres-cluster-0), the leader with the lock
2023-11-20 13:30:52,597 INFO: no action. I am (cdds-postgres-cluster-0), the leader with the lock
2023-11-20 13:31:02,593 INFO: no action. I am (cdds-postgres-cluster-0), the leader with the lock
2023-11-20 13:31:11.010 UTC [36] LOG {ticks: 0, maint: 0, retry: 0}
2023-11-20 13:31:12,595 INFO: no action. I am (cdds-postgres-cluster-0), the leader with the lock
2023-11-20 13:31:22,593 INFO: no action. I am (cdds-postgres-cluster-0), the leader with the lock
2023-11-20 13:31:32,593 INFO: no action. I am (cdds-postgres-cluster-0), the leader with the lock
2023-11-20 13:31:41.038 UTC [36] LOG {ticks: 0, maint: 0, retry: 0}
2023-11-20 13:31:42,593 INFO: no action. I am (cdds-postgres-cluster-0), the leader with the lock
2023-11-20 13:31:52,593 INFO: no action. I am (cdds-postgres-cluster-0), the leader with the lock
2023-11-20 13:32:02,593 INFO: no action. I am (cdds-postgres-cluster-0), the leader with the lock
2023-11-20 13:32:11.038 UTC [36] LOG {ticks: 0, maint: 0, retry: 0}
2023-11-20 13:32:12,593 INFO: no action. I am (cdds-postgres-cluster-0), the leader with the lock
2023-11-20 13:32:22,595 INFO: no action. I am (cdds-postgres-cluster-0), the leader with the lock
2023-11-20 13:32:32,595 INFO: no action. I am (cdds-postgres-cluster-0), the leader with the lock
2023-11-20 13:32:41.066 UTC [36] LOG {ticks: 0, maint: 0, retry: 0}
2023-11-20 13:32:42,596 INFO: no action. I am (cdds-postgres-cluster-0), the leader with the lock
2023-11-20 13:32:52,593 INFO: no action. I am (cdds-postgres-cluster-0), the leader with the lock
2023-11-20 13:33:02,596 INFO: no action. I am (cdds-postgres-cluster-0), the leader with the lock
2023-11-20 13:33:11.070 UTC [36] LOG {ticks: 0, maint: 0, retry: 0}
2023-11-20 13:33:12,593 INFO: no action. I am (cdds-postgres-cluster-0), the leader with the lock
2023-11-20 13:33:22,593 INFO: no action. I am (cdds-postgres-cluster-0), the leader with the lock
2023-11-20 13:33:32,593 INFO: no action. I am (cdds-postgres-cluster-0), the leader with the lock
2023-11-20 13:33:41.087 UTC [36] LOG {ticks: 0, maint: 0, retry: 0}
2023-11-20 13:33:42,593 INFO: no action. I am (cdds-postgres-cluster-0), the leader with the lock
2023-11-20 13:33:52,593 INFO: no action. I am (cdds-postgres-cluster-0), the leader with the lock
2023-11-20 13:34:02,593 INFO: no action. I am (cdds-postgres-cluster-0), the leader with the lock
2023-11-20 13:34:11.090 UTC [36] LOG {ticks: 0, maint: 0, retry: 0}
2023-11-20 13:34:12,595 INFO: no action. I am (cdds-postgres-cluster-0), the leader with the lock
2023-11-20 13:34:22,599 INFO: no action. I am (cdds-postgres-cluster-0), the leader with the lock
2023-11-20 13:34:32,592 INFO: no action. I am (cdds-postgres-cluster-0), the leader with the lock
2023-11-20 13:34:41.118 UTC [36] LOG {ticks: 0, maint: 0, retry: 0}
2023-11-20 13:34:42,593 INFO: no action. I am (cdds-postgres-cluster-0), the leader with the lock
2023-11-20 13:34:52,599 INFO: no action. I am (cdds-postgres-cluster-0), the leader with the lock
2023-11-20 13:35:02,597 INFO: no action. I am (cdds-postgres-cluster-0), the leader with the lock
2023-11-20 13:35:11.122 UTC [36] LOG {ticks: 0, maint: 0, retry: 0}
2023-11-20 13:35:12,593 INFO: no action. I am (cdds-postgres-cluster-0), the leader with the lock
2023-11-20 13:35:22,597 INFO: no action. I am (cdds-postgres-cluster-0), the leader with the lock
2023-11-20 13:35:32,596 INFO: no action. I am (cdds-postgres-cluster-0), the leader with the lock
2023-11-20 13:35:41.150 UTC [36] LOG {ticks: 0, maint: 0, retry: 0}
2023-11-20 13:35:42,593 INFO: no action. I am (cdds-postgres-cluster-0), the leader with the lock
2023-11-20 13:35:52,597 INFO: no action. I am (cdds-postgres-cluster-0), the leader with the lock
2023-11-20 13:36:02,593 INFO: no action. I am (cdds-postgres-cluster-0), the leader with the lock
2023-11-20 13:36:11.155 UTC [36] LOG {ticks: 0, maint: 0, retry: 0}
2023-11-20 13:36:12,597 INFO: no action. I am (cdds-postgres-cluster-0), the leader with the lock
2023-11-20 13:36:22,600 INFO: no action. I am (cdds-postgres-cluster-0), the leader with the lock
2023-11-20 13:36:32,596 INFO: no action. I am (cdds-postgres-cluster-0), the leader with the lock
2023-11-20 13:36:41.182 UTC [36] LOG {ticks: 0, maint: 0, retry: 0}
2023-11-20 13:36:42,593 INFO: no action. I am (cdds-postgres-cluster-0), the leader with the lock
2023-11-20 13:36:52,593 INFO: no action. I am (cdds-postgres-cluster-0), the leader with the lock
2023-11-20 13:37:02,593 INFO: no action. I am (cdds-postgres-cluster-0), the leader with the lock
2023-11-20 13:37:11.186 UTC [36] LOG {ticks: 0, maint: 0, retry: 0}
2023-11-20 13:37:12,593 INFO: no action. I am (cdds-postgres-cluster-0), the leader with the lock
2023-11-20 13:37:22,595 INFO: no action. I am (cdds-postgres-cluster-0), the leader with the lock
2023-11-20 13:37:32,600 INFO: no action. I am (cdds-postgres-cluster-0), the leader with the lock
2023-11-20 13:37:41.215 UTC [36] LOG {ticks: 0, maint: 0, retry: 0}
2023-11-20 13:37:42,596 INFO: no action. I am (cdds-postgres-cluster-0), the leader with the lock
2023-11-20 13:37:52,593 INFO: no action. I am (cdds-postgres-cluster-0), the leader with the lock
2023-11-20 13:38:02,596 INFO: no action. I am (cdds-postgres-cluster-0), the leader with the lock
2023-11-20 13:38:11.219 UTC [36] LOG {ticks: 0, maint: 0, retry: 0}
2023-11-20 13:38:12,599 INFO: no action. I am (cdds-postgres-cluster-0), the leader with the lock
2023-11-20 13:38:22,593 INFO: no action. I am (cdds-postgres-cluster-0), the leader with the lock
2023-11-20 13:38:32,593 INFO: no action. I am (cdds-postgres-cluster-0), the leader with the lock
2023-11-20 13:38:41.246 UTC [36] LOG {ticks: 0, maint: 0, retry: 0}
2023-11-20 13:38:42,593 INFO: no action. I am (cdds-postgres-cluster-0), the leader with the lock
2023-11-20 13:38:52,593 INFO: no action. I am (cdds-postgres-cluster-0), the leader with the lock
2023-11-20 13:39:02,595 INFO: no action. I am (cdds-postgres-cluster-0), the leader with the lock
2023-11-20 13:39:11.250 UTC [36] LOG {ticks: 0, maint: 0, retry: 0}
2023-11-20 13:39:12,593 INFO: no action. I am (cdds-postgres-cluster-0), the leader with the lock
2023-11-20 13:39:22,593 INFO: no action. I am (cdds-postgres-cluster-0), the leader with the lock
2023-11-20 13:39:32,593 INFO: no action. I am (cdds-postgres-cluster-0), the leader with the lock
2023-11-20 13:39:41.278 UTC [36] LOG {ticks: 0, maint: 0, retry: 0}
2023-11-20 13:39:42,595 INFO: no action. I am (cdds-postgres-cluster-0), the leader with the lock
2023-11-20 13:39:52,593 INFO: no action. I am (cdds-postgres-cluster-0), the leader with the lock
2023-11-20 13:40:02,600 INFO: no action. I am (cdds-postgres-cluster-0), the leader with the lock
2023-11-20 13:40:11.282 UTC [36] LOG {ticks: 0, maint: 0, retry: 0}
2023-11-20 13:40:12,593 INFO: no action. I am (cdds-postgres-cluster-0), the leader with the lock
2023-11-20 13:40:22,596 INFO: no action. I am (cdds-postgres-cluster-0), the leader with the lock
2023-11-20 13:40:32,594 INFO: no action. I am (cdds-postgres-cluster-0), the leader with the lock
2023-11-20 13:40:41.311 UTC [36] LOG {ticks: 0, maint: 0, retry: 0}
2023-11-20 13:40:42,593 INFO: no action. I am (cdds-postgres-cluster-0), the leader with the lock
2023-11-20 13:40:52,593 INFO: no action. I am (cdds-postgres-cluster-0), the leader with the lock
2023-11-20 13:41:02,596 INFO: no action. I am (cdds-postgres-cluster-0), the leader with the lock
2023-11-20 13:41:11.314 UTC [36] LOG {ticks: 0, maint: 0, retry: 0}
2023-11-20 13:41:12,593 INFO: no action. I am (cdds-postgres-cluster-0), the leader with the lock
2023-11-20 13:41:22,593 INFO: no action. I am (cdds-postgres-cluster-0), the leader with the lock
2023-11-20 13:41:32,595 INFO: no action. I am (cdds-postgres-cluster-0), the leader with the lock
2023-11-20 13:41:41.342 UTC [36] LOG {ticks: 0, maint: 0, retry: 0}
2023-11-20 13:41:42,593 INFO: no action. I am (cdds-postgres-cluster-0), the leader with the lock
2023-11-20 13:41:52,595 INFO: no action. I am (cdds-postgres-cluster-0), the leader with the lock
2023-11-20 13:42:02,593 INFO: no action. I am (cdds-postgres-cluster-0), the leader with the lock
2023-11-20 13:42:11.346 UTC [36] LOG {ticks: 0, maint: 0, retry: 0}
2023-11-20 13:42:12,596 INFO: no action. I am (cdds-postgres-cluster-0), the leader with the lock
2023-11-20 13:42:22,593 INFO: no action. I am (cdds-postgres-cluster-0), the leader with the lock
2023-11-20 13:42:32,597 INFO: no action. I am (cdds-postgres-cluster-0), the leader with the lock
2023-11-20 13:42:41.375 UTC [36] LOG {ticks: 0, maint: 0, retry: 0}
2023-11-20 13:42:42,593 INFO: no action. I am (cdds-postgres-cluster-0), the leader with the lock
2023-11-20 13:42:52,593 INFO: no action. I am (cdds-postgres-cluster-0), the leader with the lock
2023-11-20 13:43:02,593 INFO: no action. I am (cdds-postgres-cluster-0), the leader with the lock
2023-11-20 13:43:11.378 UTC [36] LOG {ticks: 0, maint: 0, retry: 0}
2023-11-20 13:43:12,593 INFO: no action. I am (cdds-postgres-cluster-0), the leader with the lock
2023-11-20 13:43:22,593 INFO: no action. I am (cdds-postgres-cluster-0), the leader with the lock
2023-11-20 13:43:32,595 INFO: no action. I am (cdds-postgres-cluster-0), the leader with the lock
2023-11-20 13:43:41.406 UTC [36] LOG {ticks: 0, maint: 0, retry: 0}
2023-11-20 13:43:42,595 INFO: no action. I am (cdds-postgres-cluster-0), the leader with the lock
2023-11-20 13:43:52,597 INFO: no action. I am (cdds-postgres-cluster-0), the leader with the lock
2023-11-20 13:44:02,600 INFO: no action. I am (cdds-postgres-cluster-0), the leader with the lock
2023-11-20 13:44:11.411 UTC [36] LOG {ticks: 0, maint: 0, retry: 0}
2023-11-20 13:44:12,593 INFO: no action. I am (cdds-postgres-cluster-0), the leader with the lock
2023-11-20 13:44:22,592 INFO: no action. I am (cdds-postgres-cluster-0), the leader with the lock
2023-11-20 13:44:32,593 INFO: no action. I am (cdds-postgres-cluster-0), the leader with the lock
2023-11-20 13:44:41.438 UTC [36] LOG {ticks: 0, maint: 0, retry: 0}
2023-11-20 13:44:42,593 INFO: no action. I am (cdds-postgres-cluster-0), the leader with the lock
2023-11-20 13:44:52,593 INFO: no action. I am (cdds-postgres-cluster-0), the leader with the lock
2023-11-20 13:45:02,593 INFO: no action. I am (cdds-postgres-cluster-0), the leader with the lock
2023-11-20 13:45:11.442 UTC [36] LOG {ticks: 0, maint: 0, retry: 0}
2023-11-20 13:45:12,599 INFO: no action. I am (cdds-postgres-cluster-0), the leader with the lock
2023-11-20 13:45:22,595 INFO: no action. I am (cdds-postgres-cluster-0), the leader with the lock
2023-11-20 13:45:32,593 INFO: no action. I am (cdds-postgres-cluster-0), the leader with the lock
2023-11-20 13:45:41.470 UTC [36] LOG {ticks: 0, maint: 0, retry: 0}
2023-11-20 13:45:42,599 INFO: no action. I am (cdds-postgres-cluster-0), the leader with the lock
2023-11-20 13:45:52,597 INFO: no action. I am (cdds-postgres-cluster-0), the leader with the lock
2023-11-20 13:46:02,593 INFO: no action. I am (cdds-postgres-cluster-0), the leader with the lock
2023-11-20 13:46:11.474 UTC [36] LOG {ticks: 0, maint: 0, retry: 0}
2023-11-20 13:46:12,597 INFO: no action. I am (cdds-postgres-cluster-0), the leader with the lock
2023-11-20 13:46:22,593 INFO: no action. I am (cdds-postgres-cluster-0), the leader with the lock
2023-11-20 13:46:32,595 INFO: no action. I am (cdds-postgres-cluster-0), the leader with the lock
2023-11-20 13:46:41.502 UTC [36] LOG {ticks: 0, maint: 0, retry: 0}
2023-11-20 13:46:42,595 INFO: no action. I am (cdds-postgres-cluster-0), the leader with the lock
2023-11-20 13:46:52,595 INFO: no action. I am (cdds-postgres-cluster-0), the leader with the lock
2023-11-20 13:47:02,593 INFO: no action. I am (cdds-postgres-cluster-0), the leader with the lock
2023-11-20 13:47:11.507 UTC [36] LOG {ticks: 0, maint: 0, retry: 0}
2023-11-20 13:47:12,595 INFO: no action. I am (cdds-postgres-cluster-0), the leader with the lock
2023-11-20 13:47:22,597 INFO: no action. I am (cdds-postgres-cluster-0), the leader with the lock
2023-11-20 13:47:32,597 INFO: no action. I am (cdds-postgres-cluster-0), the leader with the lock
2023-11-20 13:47:41.534 UTC [36] LOG {ticks: 0, maint: 0, retry: 0}
2023-11-20 13:47:42,592 INFO: no action. I am (cdds-postgres-cluster-0), the leader with the lock
2023-11-20 13:47:52,593 INFO: no action. I am (cdds-postgres-cluster-0), the leader with the lock
2023-11-20 13:48:02,599 INFO: no action. I am (cdds-postgres-cluster-0), the leader with the lock
2023-11-20 13:48:11.538 UTC [36] LOG {ticks: 0, maint: 0, retry: 0}
2023-11-20 13:48:12,592 INFO: no action. I am (cdds-postgres-cluster-0), the leader with the lock
2023-11-20 13:48:22,593 INFO: no action. I am (cdds-postgres-cluster-0), the leader with the lock
2023-11-20 13:48:32,593 INFO: no action. I am (cdds-postgres-cluster-0), the leader with the lock
2023-11-20 13:48:41.566 UTC [36] LOG {ticks: 0, maint: 0, retry: 0}
2023-11-20 13:48:42,593 INFO: no action. I am (cdds-postgres-cluster-0), the leader with the lock
2023-11-20 13:48:52,596 INFO: no action. I am (cdds-postgres-cluster-0), the leader with the lock
2023-11-20 13:49:02,593 INFO: no action. I am (cdds-postgres-cluster-0), the leader with the lock
2023-11-20 13:49:11.570 UTC [36] LOG {ticks: 0, maint: 0, retry: 0}
2023-11-20 13:49:12,595 INFO: no action. I am (cdds-postgres-cluster-0), the leader with the lock
2023-11-20 13:49:22,593 INFO: no action. I am (cdds-postgres-cluster-0), the leader with the lock
2023-11-20 13:49:32,593 INFO: no action. I am (cdds-postgres-cluster-0), the leader with the lock
2023-11-20 13:49:41.588 UTC [36] LOG {ticks: 0, maint: 0, retry: 0}
2023-11-20 13:49:42,597 INFO: no action. I am (cdds-postgres-cluster-0), the leader with the lock
2023-11-20 13:49:52,593 INFO: no action. I am (cdds-postgres-cluster-0), the leader with the lock
2023-11-20 13:50:02,599 INFO: no action. I am (cdds-postgres-cluster-0), the leader with the lock
2023-11-20 13:50:11.590 UTC [36] LOG {ticks: 0, maint: 0, retry: 0}
2023-11-20 13:50:12,593 INFO: no action. I am (cdds-postgres-cluster-0), the leader with the lock
2023-11-20 13:50:22,593 INFO: no action. I am (cdds-postgres-cluster-0), the leader with the lock
2023-11-20 13:50:32,597 INFO: no action. I am (cdds-postgres-cluster-0), the leader with the lock
2023-11-20 13:50:41.619 UTC [36] LOG {ticks: 0, maint: 0, retry: 0}
2023-11-20 13:50:42,593 INFO: no action. I am (cdds-postgres-cluster-0), the leader with the lock
2023-11-20 13:50:52,593 INFO: no action. I am (cdds-postgres-cluster-0), the leader with the lock
2023-11-20 13:51:02,593 INFO: no action. I am (cdds-postgres-cluster-0), the leader with the lock
2023-11-20 13:51:11.618 UTC [36] LOG {ticks: 0, maint: 0, retry: 0}
2023-11-20 13:51:12,594 INFO: no action. I am (cdds-postgres-cluster-0), the leader with the lock
2023-11-20 13:51:22,593 INFO: no action. I am (cdds-postgres-cluster-0), the leader with the lock
2023-11-20 13:51:32,596 INFO: no action. I am (cdds-postgres-cluster-0), the leader with the lock
2023-11-20 13:51:41.647 UTC [36] LOG {ticks: 0, maint: 0, retry: 0}
2023-11-20 13:51:42,595 INFO: no action. I am (cdds-postgres-cluster-0), the leader with the lock
2023-11-20 13:51:52,597 INFO: no action. I am (cdds-postgres-cluster-0), the leader with the lock
2023-11-20 13:52:02,595 INFO: no action. I am (cdds-postgres-cluster-0), the leader with the lock
2023-11-20 13:52:11.650 UTC [36] LOG {ticks: 0, maint: 0, retry: 0}
2023-11-20 13:52:12,593 INFO: no action. I am (cdds-postgres-cluster-0), the leader with the lock
2023-11-20 13:52:22,593 INFO: no action. I am (cdds-postgres-cluster-0), the leader with the lock
2023-11-20 13:52:32,593 INFO: no action. I am (cdds-postgres-cluster-0), the leader with the lock
2023-11-20 13:52:41.673 UTC [36] LOG {ticks: 0, maint: 0, retry: 0}
2023-11-20 13:52:42,593 INFO: no action. I am (cdds-postgres-cluster-0), the leader with the lock
2023-11-20 13:52:52,593 INFO: no action. I am (cdds-postgres-cluster-0), the leader with the lock
2023-11-20 13:53:02,593 INFO: no action. I am (cdds-postgres-cluster-0), the leader with the lock
2023-11-20 13:53:11.674 UTC [36] LOG {ticks: 0, maint: 0, retry: 0}
2023-11-20 13:53:12,593 INFO: no action. I am (cdds-postgres-cluster-0), the leader with the lock
2023-11-20 13:53:22,593 INFO: no action. I am (cdds-postgres-cluster-0), the leader with the lock
2023-11-20 13:53:32,593 INFO: no action. I am (cdds-postgres-cluster-0), the leader with the lock
2023-11-20 13:53:41.702 UTC [36] LOG {ticks: 0, maint: 0, retry: 0}
2023-11-20 13:53:42,593 INFO: no action. I am (cdds-postgres-cluster-0), the leader with the lock
2023-11-20 13:53:52,593 INFO: no action. I am (cdds-postgres-cluster-0), the leader with the lock
2023-11-20 13:54:02,593 INFO: no action. I am (cdds-postgres-cluster-0), the leader with the lock
2023-11-20 13:54:11.706 UTC [36] LOG {ticks: 0, maint: 0, retry: 0}
2023-11-20 13:54:12,597 INFO: no action. I am (cdds-postgres-cluster-0), the leader with the lock
2023-11-20 13:54:22,592 INFO: no action. I am (cdds-postgres-cluster-0), the leader with the lock
2023-11-20 13:54:32,593 INFO: no action. I am (cdds-postgres-cluster-0), the leader with the lock
2023-11-20 13:54:41.715 UTC [36] LOG {ticks: 0, maint: 0, retry: 0}
2023-11-20 13:54:42,593 INFO: no action. I am (cdds-postgres-cluster-0), the leader with the lock
2023-11-20 13:54:52,595 INFO: no action. I am (cdds-postgres-cluster-0), the leader with the lock
2023-11-20 13:55:02,593 INFO: no action. I am (cdds-postgres-cluster-0), the leader with the lock
2023-11-20 13:55:11.718 UTC [36] LOG {ticks: 0, maint: 0, retry: 0}
2023-11-20 13:55:12,596 INFO: no action. I am (cdds-postgres-cluster-0), the leader with the lock
2023-11-20 13:55:22,593 INFO: no action. I am (cdds-postgres-cluster-0), the leader with the lock
2023-11-20 13:55:32,593 INFO: no action. I am (cdds-postgres-cluster-0), the leader with the lock
2023-11-20 13:55:41.746 UTC [36] LOG {ticks: 0, maint: 0, retry: 0}
2023-11-20 13:55:42,595 INFO: no action. I am (cdds-postgres-cluster-0), the leader with the lock
2023-11-20 13:55:52,593 INFO: no action. I am (cdds-postgres-cluster-0), the leader with the lock
2023-11-20 13:56:02,595 INFO: no action. I am (cdds-postgres-cluster-0), the leader with the lock
2023-11-20 13:56:11.750 UTC [36] LOG {ticks: 0, maint: 0, retry: 0}
2023-11-20 13:56:12,593 INFO: no action. I am (cdds-postgres-cluster-0), the leader with the lock
2023-11-20 13:56:22,593 INFO: no action. I am (cdds-postgres-cluster-0), the leader with the lock
2023-11-20 13:56:32,595 INFO: no action. I am (cdds-postgres-cluster-0), the leader with the lock
2023-11-20 13:56:41.778 UTC [36] LOG {ticks: 0, maint: 0, retry: 0}
2023-11-20 13:56:42,593 INFO: no action. I am (cdds-postgres-cluster-0), the leader with the lock
2023-11-20 13:56:52,595 INFO: no action. I am (cdds-postgres-cluster-0), the leader with the lock
2023-11-20 13:57:02,593 INFO: no action. I am (cdds-postgres-cluster-0), the leader with the lock
2023-11-20 13:57:11.782 UTC [36] LOG {ticks: 0, maint: 0, retry: 0}
2023-11-20 13:57:12,647 INFO: no action. I am (cdds-postgres-cluster-0), the leader with the lock
2023-11-20 13:57:22,593 INFO: no action. I am (cdds-postgres-cluster-0), the leader with the lock
2023-11-20 13:57:32,596 INFO: no action. I am (cdds-postgres-cluster-0), the leader with the lock
2023-11-20 13:57:41.794 UTC [36] LOG {ticks: 0, maint: 0, retry: 0}
2023-11-20 13:57:42,594 INFO: no action. I am (cdds-postgres-cluster-0), the leader with the lock
2023-11-20 13:57:52,595 INFO: no action. I am (cdds-postgres-cluster-0), the leader with the lock
2023-11-20 13:58:02,597 INFO: no action. I am (cdds-postgres-cluster-0), the leader with the lock
2023-11-20 13:58:11.799 UTC [36] LOG {ticks: 0, maint: 0, retry: 0}
2023-11-20 13:58:12,594 INFO: no action. I am (cdds-postgres-cluster-0), the leader with the lock
2023-11-20 13:58:22,593 INFO: no action. I am (cdds-postgres-cluster-0), the leader with the lock
2023-11-20 13:58:32,593 INFO: no action. I am (cdds-postgres-cluster-0), the leader with the lock
2023-11-20 13:58:41.828 UTC [36] LOG {ticks: 0, maint: 0, retry: 0}
2023-11-20 13:58:42,593 INFO: no action. I am (cdds-postgres-cluster-0), the leader with the lock
2023-11-20 13:58:52,597 INFO: no action. I am (cdds-postgres-cluster-0), the leader with the lock
2023-11-20 13:59:02,597 INFO: no action. I am (cdds-postgres-cluster-0), the leader with the lock
2023-11-20 13:59:11.830 UTC [36] LOG {ticks: 0, maint: 0, retry: 0}
2023-11-20 13:59:12,593 INFO: no action. I am (cdds-postgres-cluster-0), the leader with the lock
2023-11-20 13:59:22,595 INFO: no action. I am (cdds-postgres-cluster-0), the leader with the lock
2023-11-20 13:59:32,600 INFO: no action. I am (cdds-postgres-cluster-0), the leader with the lock
2023-11-20 13:59:41.860 UTC [36] LOG {ticks: 0, maint: 0, retry: 0}
2023-11-20 13:59:42,599 INFO: no action. I am (cdds-postgres-cluster-0), the leader with the lock
2023-11-20 13:59:52,600 INFO: no action. I am (cdds-postgres-cluster-0), the leader with the lock
2023-11-20 14:00:02,597 INFO: no action. I am (cdds-postgres-cluster-0), the leader with the lock
2023-11-20 14:00:11.862 UTC [36] LOG {ticks: 0, maint: 0, retry: 0}
2023-11-20 14:00:12,593 INFO: no action. I am (cdds-postgres-cluster-0), the leader with the lock
2023-11-20 14:00:22,593 INFO: no action. I am (cdds-postgres-cluster-0), the leader with the lock
2023-11-20 14:00:32,593 INFO: no action. I am (cdds-postgres-cluster-0), the leader with the lock
2023-11-20 14:00:41.891 UTC [36] LOG {ticks: 0, maint: 0, retry: 0}
2023-11-20 14:00:42,593 INFO: no action. I am (cdds-postgres-cluster-0), the leader with the lock
2023-11-20 14:00:52,593 INFO: no action. I am (cdds-postgres-cluster-0), the leader with the lock
2023-11-20 14:01:02,593 INFO: no action. I am (cdds-postgres-cluster-0), the leader with the lock
2023-11-20 14:01:11.894 UTC [36] LOG {ticks: 0, maint: 0, retry: 0}
2023-11-20 14:01:12,594 INFO: no action. I am (cdds-postgres-cluster-0), the leader with the lock
2023-11-20 14:01:22,597 INFO: no action. I am (cdds-postgres-cluster-0), the leader with the lock
2023-11-20 14:01:32,593 INFO: no action. I am (cdds-postgres-cluster-0), the leader with the lock
2023-11-20 14:01:41.922 UTC [36] LOG {ticks: 0, maint: 0, retry: 0}
2023-11-20 14:01:42,597 INFO: no action. I am (cdds-postgres-cluster-0), the leader with the lock
2023-11-20 14:01:52,595 INFO: no action. I am (cdds-postgres-cluster-0), the leader with the lock
2023-11-20 14:02:02,593 INFO: no action. I am (cdds-postgres-cluster-0), the leader with the lock
2023-11-20 14:02:11.927 UTC [36] LOG {ticks: 0, maint: 0, retry: 0}
2023-11-20 14:02:12,594 INFO: no action. I am (cdds-postgres-cluster-0), the leader with the lock
2023-11-20 14:02:22,593 INFO: no action. I am (cdds-postgres-cluster-0), the leader with the lock
2023-11-20 14:02:32,593 INFO: no action. I am (cdds-postgres-cluster-0), the leader with the lock
2023-11-20 14:02:41.956 UTC [36] LOG {ticks: 0, maint: 0, retry: 0}
2023-11-20 14:02:42,592 INFO: no action. I am (cdds-postgres-cluster-0), the leader with the lock
2023-11-20 14:02:52,597 INFO: no action. I am (cdds-postgres-cluster-0), the leader with the lock
2023-11-20 14:03:02,594 INFO: no action. I am (cdds-postgres-cluster-0), the leader with the lock
2023-11-20 14:03:11.958 UTC [36] LOG {ticks: 0, maint: 0, retry: 0}
2023-11-20 14:03:12,593 INFO: no action. I am (cdds-postgres-cluster-0), the leader with the lock
2023-11-20 14:03:22,593 INFO: no action. I am (cdds-postgres-cluster-0), the leader with the lock
2023-11-20 14:03:32,593 INFO: no action. I am (cdds-postgres-cluster-0), the leader with the lock
2023-11-20 14:03:41.983 UTC [36] LOG {ticks: 0, maint: 0, retry: 0}
2023-11-20 14:03:42,593 INFO: no action. I am (cdds-postgres-cluster-0), the leader with the lock
2023-11-20 14:03:52,593 INFO: no action. I am (cdds-postgres-cluster-0), the leader with the lock
2023-11-20 14:04:02,597 INFO: no action. I am (cdds-postgres-cluster-0), the leader with the lock
2023-11-20 14:04:11.986 UTC [36] LOG {ticks: 0, maint: 0, retry: 0}
2023-11-20 14:04:12,593 INFO: no action. I am (cdds-postgres-cluster-0), the leader with the lock
2023-11-20 14:04:22,593 INFO: no action. I am (cdds-postgres-cluster-0), the leader with the lock
2023-11-20 14:04:32,593 INFO: no action. I am (cdds-postgres-cluster-0), the leader with the lock
2023-11-20 14:04:42.016 UTC [36] LOG {ticks: 0, maint: 0, retry: 0}
2023-11-20 14:04:42,594 INFO: no action. I am (cdds-postgres-cluster-0), the leader with the lock
2023-11-20 14:04:52,593 INFO: no action. I am (cdds-postgres-cluster-0), the leader with the lock
2023-11-20 14:05:02,593 INFO: no action. I am (cdds-postgres-cluster-0), the leader with the lock
2023-11-20 14:05:12.018 UTC [36] LOG {ticks: 0, maint: 0, retry: 0}
2023-11-20 14:05:12,597 INFO: no action. I am (cdds-postgres-cluster-0), the leader with the lock
2023-11-20 14:05:22,593 INFO: no action. I am (cdds-postgres-cluster-0), the leader with the lock
2023-11-20 14:05:32,595 INFO: no action. I am (cdds-postgres-cluster-0), the leader with the lock
2023-11-20 14:05:42.046 UTC [36] LOG {ticks: 0, maint: 0, retry: 0}
2023-11-20 14:05:42,593 INFO: no action. I am (cdds-postgres-cluster-0), the leader with the lock
2023-11-20 14:05:52,593 INFO: no action. I am (cdds-postgres-cluster-0), the leader with the lock
2023-11-20 14:06:02,593 INFO: no action. I am (cdds-postgres-cluster-0), the leader with the lock
2023-11-20 14:06:12.050 UTC [36] LOG {ticks: 0, maint: 0, retry: 0}
2023-11-20 14:06:12,593 INFO: no action. I am (cdds-postgres-cluster-0), the leader with the lock
2023-11-20 14:06:22,593 INFO: no action. I am (cdds-postgres-cluster-0), the leader with the lock
2023-11-20 14:06:32,593 INFO: no action. I am (cdds-postgres-cluster-0), the leader with the lock
2023-11-20 14:06:42.078 UTC [36] LOG {ticks: 0, maint: 0, retry: 0}
2023-11-20 14:06:42,595 INFO: no action. I am (cdds-postgres-cluster-0), the leader with the lock
2023-11-20 14:06:52,594 INFO: no action. I am (cdds-postgres-cluster-0), the leader with the lock
2023-11-20 14:07:02,593 INFO: no action. I am (cdds-postgres-cluster-0), the leader with the lock
2023-11-20 14:07:12.082 UTC [36] LOG {ticks: 0, maint: 0, retry: 0}
2023-11-20 14:07:12,593 INFO: no action. I am (cdds-postgres-cluster-0), the leader with the lock
2023-11-20 14:07:22,593 INFO: no action. I am (cdds-postgres-cluster-0), the leader with the lock
2023-11-20 14:07:32,593 INFO: no action. I am (cdds-postgres-cluster-0), the leader with the lock
2023-11-20 14:07:42.110 UTC [36] LOG {ticks: 0, maint: 0, retry: 0}
2023-11-20 14:07:42,597 INFO: no action. I am (cdds-postgres-cluster-0), the leader with the lock
2023-11-20 14:07:52,593 INFO: no action. I am (cdds-postgres-cluster-0), the leader with the lock
2023-11-20 14:08:02,593 INFO: no action. I am (cdds-postgres-cluster-0), the leader with the lock
2023-11-20 14:08:12.114 UTC [36] LOG {ticks: 0, maint: 0, retry: 0}
2023-11-20 14:08:12,600 INFO: no action. I am (cdds-postgres-cluster-0), the leader with the lock
2023-11-20 14:08:22,595 INFO: no action. I am (cdds-postgres-cluster-0), the leader with the lock
2023-11-20 14:08:32,593 INFO: no action. I am (cdds-postgres-cluster-0), the leader with the lock
2023-11-20 14:08:42.142 UTC [36] LOG {ticks: 0, maint: 0, retry: 0}
2023-11-20 14:08:42,593 INFO: no action. I am (cdds-postgres-cluster-0), the leader with the lock
2023-11-20 14:08:52,593 INFO: no action. I am (cdds-postgres-cluster-0), the leader with the lock
2023-11-20 14:09:02,595 INFO: no action. I am (cdds-postgres-cluster-0), the leader with the lock
2023-11-20 14:09:12.147 UTC [36] LOG {ticks: 0, maint: 0, retry: 0}
2023-11-20 14:09:12,595 INFO: no action. I am (cdds-postgres-cluster-0), the leader with the lock
2023-11-20 14:09:22,595 INFO: no action. I am (cdds-postgres-cluster-0), the leader with the lock
2023-11-20 14:09:32,593 INFO: no action. I am (cdds-postgres-cluster-0), the leader with the lock
2023-11-20 14:09:42.174 UTC [36] LOG {ticks: 0, maint: 0, retry: 0}
2023-11-20 14:09:42,597 INFO: no action. I am (cdds-postgres-cluster-0), the leader with the lock
2023-11-20 14:09:52,593 INFO: no action. I am (cdds-postgres-cluster-0), the leader with the lock
2023-11-20 14:10:02,597 INFO: no action. I am (cdds-postgres-cluster-0), the leader with the lock
2023-11-20 14:10:12.178 UTC [36] LOG {ticks: 0, maint: 0, retry: 0}
2023-11-20 14:10:12,600 INFO: no action. I am (cdds-postgres-cluster-0), the leader with the lock
2023-11-20 14:10:22,595 INFO: no action. I am (cdds-postgres-cluster-0), the leader with the lock
2023-11-20 14:10:32,593 INFO: no action. I am (cdds-postgres-cluster-0), the leader with the lock
2023-11-20 14:10:42.206 UTC [36] LOG {ticks: 0, maint: 0, retry: 0}
2023-11-20 14:10:42,593 INFO: no action. I am (cdds-postgres-cluster-0), the leader with the lock
2023-11-20 14:10:52,593 INFO: no action. I am (cdds-postgres-cluster-0), the leader with the lock
2023-11-20 14:11:02,596 INFO: no action. I am (cdds-postgres-cluster-0), the leader with the lock
2023-11-20 14:11:12.210 UTC [36] LOG {ticks: 0, maint: 0, retry: 0}
2023-11-20 14:11:12,593 INFO: no action. I am (cdds-postgres-cluster-0), the leader with the lock
2023-11-20 14:11:22,593 INFO: no action. I am (cdds-postgres-cluster-0), the leader with the lock
2023-11-20 14:11:32,593 INFO: no action. I am (cdds-postgres-cluster-0), the leader with the lock
2023-11-20 14:11:42.238 UTC [36] LOG {ticks: 0, maint: 0, retry: 0}
2023-11-20 14:11:42,593 INFO: no action. I am (cdds-postgres-cluster-0), the leader with the lock
2023-11-20 14:11:52,593 INFO: no action. I am (cdds-postgres-cluster-0), the leader with the lock
2023-11-20 14:12:02,593 INFO: no action. I am (cdds-postgres-cluster-0), the leader with the lock
2023-11-20 14:12:12.242 UTC [36] LOG {ticks: 0, maint: 0, retry: 0}
2023-11-20 14:12:12,597 INFO: no action. I am (cdds-postgres-cluster-0), the leader with the lock
2023-11-20 14:12:22,597 INFO: no action. I am (cdds-postgres-cluster-0), the leader with the lock
2023-11-20 14:12:32,595 INFO: no action. I am (cdds-postgres-cluster-0), the leader with the lock
2023-11-20 14:12:42.263 UTC [36] LOG {ticks: 0, maint: 0, retry: 0}
2023-11-20 14:12:42,595 INFO: no action. I am (cdds-postgres-cluster-0), the leader with the lock
2023-11-20 14:12:52,595 INFO: no action. I am (cdds-postgres-cluster-0), the leader with the lock
2023-11-20 14:13:02,592 INFO: no action. I am (cdds-postgres-cluster-0), the leader with the lock
2023-11-20 14:13:12.266 UTC [36] LOG {ticks: 0, maint: 0, retry: 0}
2023-11-20 14:13:12,595 INFO: no action. I am (cdds-postgres-cluster-0), the leader with the lock
2023-11-20 14:13:22,597 INFO: no action. I am (cdds-postgres-cluster-0), the leader with the lock
2023-11-20 14:13:32,595 INFO: no action. I am (cdds-postgres-cluster-0), the leader with the lock
2023-11-20 14:13:42.294 UTC [36] LOG {ticks: 0, maint: 0, retry: 0}
2023-11-20 14:13:42,595 INFO: no action. I am (cdds-postgres-cluster-0), the leader with the lock
2023-11-20 14:13:52,595 INFO: no action. I am (cdds-postgres-cluster-0), the leader with the lock
2023-11-20 14:14:02,593 INFO: no action. I am (cdds-postgres-cluster-0), the leader with the lock
2023-11-20 14:14:12.298 UTC [36] LOG {ticks: 0, maint: 0, retry: 0}
2023-11-20 14:14:12,593 INFO: no action. I am (cdds-postgres-cluster-0), the leader with the lock
2023-11-20 14:14:22,593 INFO: no action. I am (cdds-postgres-cluster-0), the leader with the lock
2023-11-20 14:14:32,593 INFO: no action. I am (cdds-postgres-cluster-0), the leader with the lock
2023-11-20 14:14:42.326 UTC [36] LOG {ticks: 0, maint: 0, retry: 0}
2023-11-20 14:14:42,593 INFO: no action. I am (cdds-postgres-cluster-0), the leader with the lock
2023-11-20 14:14:52,593 INFO: no action. I am (cdds-postgres-cluster-0), the leader with the lock
2023-11-20 14:15:02,593 INFO: no action. I am (cdds-postgres-cluster-0), the leader with the lock
2023-11-20 14:15:12.330 UTC [36] LOG {ticks: 0, maint: 0, retry: 0}
2023-11-20 14:15:12,597 INFO: no action. I am (cdds-postgres-cluster-0), the leader with the lock
2023-11-20 14:15:22,593 INFO: no action. I am (cdds-postgres-cluster-0), the leader with the lock
2023-11-20 14:15:32,595 INFO: no action. I am (cdds-postgres-cluster-0), the leader with the lock
2023-11-20 14:15:42.358 UTC [36] LOG {ticks: 0, maint: 0, retry: 0}
2023-11-20 14:15:42,593 INFO: no action. I am (cdds-postgres-cluster-0), the leader with the lock
2023-11-20 14:15:52,599 INFO: no action. I am (cdds-postgres-cluster-0), the leader with the lock
2023-11-20 14:16:02,593 INFO: no action. I am (cdds-postgres-cluster-0), the leader with the lock
2023-11-20 14:16:12.363 UTC [36] LOG {ticks: 0, maint: 0, retry: 0}
2023-11-20 14:16:12,599 INFO: no action. I am (cdds-postgres-cluster-0), the leader with the lock
2023-11-20 14:16:22,593 INFO: no action. I am (cdds-postgres-cluster-0), the leader with the lock
2023-11-20 14:16:32,595 INFO: no action. I am (cdds-postgres-cluster-0), the leader with the lock
2023-11-20 14:16:42.390 UTC [36] LOG {ticks: 0, maint: 0, retry: 0}
2023-11-20 14:16:42,593 INFO: no action. I am (cdds-postgres-cluster-0), the leader with the lock
2023-11-20 14:16:52,593 INFO: no action. I am (cdds-postgres-cluster-0), the leader with the lock
2023-11-20 14:17:02,593 INFO: no action. I am (cdds-postgres-cluster-0), the leader with the lock
2023-11-20 14:17:12.395 UTC [36] LOG {ticks: 0, maint: 0, retry: 0}
2023-11-20 14:17:12,595 INFO: no action. I am (cdds-postgres-cluster-0), the leader with the lock
2023-11-20 14:17:22,593 INFO: no action. I am (cdds-postgres-cluster-0), the leader with the lock
2023-11-20 14:17:32,596 INFO: no action. I am (cdds-postgres-cluster-0), the leader with the lock
2023-11-20 14:17:42.425 UTC [36] LOG {ticks: 0, maint: 0, retry: 0}
2023-11-20 14:17:42,593 INFO: no action. I am (cdds-postgres-cluster-0), the leader with the lock
2023-11-20 14:17:52,596 INFO: no action. I am (cdds-postgres-cluster-0), the leader with the lock
2023-11-20 14:18:02,594 INFO: no action. I am (cdds-postgres-cluster-0), the leader with the lock
2023-11-20 14:18:12.426 UTC [36] LOG {ticks: 0, maint: 0, retry: 0}
2023-11-20 14:18:12,597 INFO: no action. I am (cdds-postgres-cluster-0), the leader with the lock
2023-11-20 14:18:22,593 INFO: no action. I am (cdds-postgres-cluster-0), the leader with the lock
2023-11-20 14:18:32,597 INFO: no action. I am (cdds-postgres-cluster-0), the leader with the lock
2023-11-20 14:18:42.454 UTC [36] LOG {ticks: 0, maint: 0, retry: 0}
2023-11-20 14:18:42,593 INFO: no action. I am (cdds-postgres-cluster-0), the leader with the lock
2023-11-20 14:18:52,595 INFO: no action. I am (cdds-postgres-cluster-0), the leader with the lock
2023-11-20 14:19:02,595 INFO: no action. I am (cdds-postgres-cluster-0), the leader with the lock
2023-11-20 14:19:12.458 UTC [36] LOG {ticks: 0, maint: 0, retry: 0}
2023-11-20 14:19:12,593 INFO: no action. I am (cdds-postgres-cluster-0), the leader with the lock
2023-11-20 14:19:22,593 INFO: no action. I am (cdds-postgres-cluster-0), the leader with the lock
2023-11-20 14:19:32,593 INFO: no action. I am (cdds-postgres-cluster-0), the leader with the lock
2023-11-20 14:19:42.487 UTC [36] LOG {ticks: 0, maint: 0, retry: 0}
2023-11-20 14:19:42,593 INFO: no action. I am (cdds-postgres-cluster-0), the leader with the lock
2023-11-20 14:19:52,593 INFO: no action. I am (cdds-postgres-cluster-0), the leader with the lock
2023-11-20 14:20:02,595 INFO: no action. I am (cdds-postgres-cluster-0), the leader with the lock
2023-11-20 14:20:12.490 UTC [36] LOG {ticks: 0, maint: 0, retry: 0}
2023-11-20 14:20:12,595 INFO: no action. I am (cdds-postgres-cluster-0), the leader with the lock
2023-11-20 14:20:22,592 INFO: no action. I am (cdds-postgres-cluster-0), the leader with the lock
2023-11-20 14:20:32,597 INFO: no action. I am (cdds-postgres-cluster-0), the leader with the lock
2023-11-20 14:20:42.518 UTC [36] LOG {ticks: 0, maint: 0, retry: 0}
2023-11-20 14:20:42,593 INFO: no action. I am (cdds-postgres-cluster-0), the leader with the lock
2023-11-20 14:20:52,595 INFO: no action. I am (cdds-postgres-cluster-0), the leader with the lock
2023-11-20 14:21:02,595 INFO: no action. I am (cdds-postgres-cluster-0), the leader with the lock
2023-11-20 14:21:12.522 UTC [36] LOG {ticks: 0, maint: 0, retry: 0}
2023-11-20 14:21:12,593 INFO: no action. I am (cdds-postgres-cluster-0), the leader with the lock
2023-11-20 14:21:22,593 INFO: no action. I am (cdds-postgres-cluster-0), the leader with the lock
2023-11-20 14:21:32,597 INFO: no action. I am (cdds-postgres-cluster-0), the leader with the lock
2023-11-20 14:21:42.551 UTC [36] LOG {ticks: 0, maint: 0, retry: 0}
2023-11-20 14:21:42,596 INFO: no action. I am (cdds-postgres-cluster-0), the leader with the lock
2023-11-20 14:21:52,593 INFO: no action. I am (cdds-postgres-cluster-0), the leader with the lock
2023-11-20 14:22:02,597 INFO: no action. I am (cdds-postgres-cluster-0), the leader with the lock
2023-11-20 14:22:12.554 UTC [36] LOG {ticks: 0, maint: 0, retry: 0}
2023-11-20 14:22:12,593 INFO: no action. I am (cdds-postgres-cluster-0), the leader with the lock
2023-11-20 14:22:22,599 INFO: no action. I am (cdds-postgres-cluster-0), the leader with the lock
2023-11-20 14:22:32,593 INFO: no action. I am (cdds-postgres-cluster-0), the leader with the lock
2023-11-20 14:22:42.582 UTC [36] LOG {ticks: 0, maint: 0, retry: 0}
2023-11-20 14:22:42,595 INFO: no action. I am (cdds-postgres-cluster-0), the leader with the lock
2023-11-20 14:22:52,595 INFO: no action. I am (cdds-postgres-cluster-0), the leader with the lock
2023-11-20 14:23:02,593 INFO: no action. I am (cdds-postgres-cluster-0), the leader with the lock
2023-11-20 14:23:12.587 UTC [36] LOG {ticks: 0, maint: 0, retry: 0}
2023-11-20 14:23:12,593 INFO: no action. I am (cdds-postgres-cluster-0), the leader with the lock
2023-11-20 14:23:22,594 INFO: no action. I am (cdds-postgres-cluster-0), the leader with the lock
2023-11-20 14:23:32,593 INFO: no action. I am (cdds-postgres-cluster-0), the leader with the lock
2023-11-20 14:23:42,600 INFO: no action. I am (cdds-postgres-cluster-0), the leader with the lock
2023-11-20 14:23:42.617 UTC [36] LOG {ticks: 0, maint: 0, retry: 0}
2023-11-20 14:23:52,599 INFO: no action. I am (cdds-postgres-cluster-0), the leader with the lock
2023-11-20 14:24:02,593 INFO: no action. I am (cdds-postgres-cluster-0), the leader with the lock
2023-11-20 14:24:12,593 INFO: no action. I am (cdds-postgres-cluster-0), the leader with the lock
2023-11-20 14:24:12.618 UTC [36] LOG {ticks: 0, maint: 0, retry: 0}
2023-11-20 14:24:22,595 INFO: no action. I am (cdds-postgres-cluster-0), the leader with the lock
2023-11-20 14:24:32,597 INFO: no action. I am (cdds-postgres-cluster-0), the leader with the lock
2023-11-20 14:24:42,593 INFO: no action. I am (cdds-postgres-cluster-0), the leader with the lock
2023-11-20 14:24:42.646 UTC [36] LOG {ticks: 0, maint: 0, retry: 0}
2023-11-20 14:24:52,593 INFO: no action. I am (cdds-postgres-cluster-0), the leader with the lock
2023-11-20 14:25:02,596 INFO: no action. I am (cdds-postgres-cluster-0), the leader with the lock
2023-11-20 14:25:12,595 INFO: no action. I am (cdds-postgres-cluster-0), the leader with the lock
2023-11-20 14:25:12.651 UTC [36] LOG {ticks: 0, maint: 0, retry: 0}
2023-11-20 14:25:22,596 INFO: no action. I am (cdds-postgres-cluster-0), the leader with the lock
2023-11-20 14:25:32,593 INFO: no action. I am (cdds-postgres-cluster-0), the leader with the lock
2023-11-20 14:25:42,595 INFO: no action. I am (cdds-postgres-cluster-0), the leader with the lock
2023-11-20 14:25:42.678 UTC [36] LOG {ticks: 0, maint: 0, retry: 0}
2023-11-20 14:25:52,593 INFO: no action. I am (cdds-postgres-cluster-0), the leader with the lock
2023-11-20 14:26:02,593 INFO: no action. I am (cdds-postgres-cluster-0), the leader with the lock
2023-11-20 14:26:12,593 INFO: no action. I am (cdds-postgres-cluster-0), the leader with the lock
2023-11-20 14:26:12.682 UTC [36] LOG {ticks: 0, maint: 0, retry: 0}
2023-11-20 14:26:22,593 INFO: no action. I am (cdds-postgres-cluster-0), the leader with the lock
2023-11-20 14:26:32,593 INFO: no action. I am (cdds-postgres-cluster-0), the leader with the lock
2023-11-20 14:26:42,597 INFO: no action. I am (cdds-postgres-cluster-0), the leader with the lock
2023-11-20 14:26:42.710 UTC [36] LOG {ticks: 0, maint: 0, retry: 0}
2023-11-20 14:26:52,597 INFO: no action. I am (cdds-postgres-cluster-0), the leader with the lock
2023-11-20 14:27:02,593 INFO: no action. I am (cdds-postgres-cluster-0), the leader with the lock
2023-11-20 14:27:12,599 INFO: no action. I am (cdds-postgres-cluster-0), the leader with the lock
2023-11-20 14:27:12.715 UTC [36] LOG {ticks: 0, maint: 0, retry: 0}
2023-11-20 14:27:22,593 INFO: no action. I am (cdds-postgres-cluster-0), the leader with the lock
2023-11-20 14:27:32,595 INFO: no action. I am (cdds-postgres-cluster-0), the leader with the lock
2023-11-20 14:27:42,595 INFO: no action. I am (cdds-postgres-cluster-0), the leader with the lock
2023-11-20 14:27:42.742 UTC [36] LOG {ticks: 0, maint: 0, retry: 0}
2023-11-20 14:27:52,595 INFO: no action. I am (cdds-postgres-cluster-0), the leader with the lock
2023-11-20 14:28:02,593 INFO: no action. I am (cdds-postgres-cluster-0), the leader with the lock
2023-11-20 14:28:12,593 INFO: no action. I am (cdds-postgres-cluster-0), the leader with the lock
2023-11-20 14:28:12.747 UTC [36] LOG {ticks: 0, maint: 0, retry: 0}
2023-11-20 14:28:22,593 INFO: no action. I am (cdds-postgres-cluster-0), the leader with the lock
2023-11-20 14:28:32,597 INFO: no action. I am (cdds-postgres-cluster-0), the leader with the lock
2023-11-20 14:28:42,595 INFO: no action. I am (cdds-postgres-cluster-0), the leader with the lock
2023-11-20 14:28:42.774 UTC [36] LOG {ticks: 0, maint: 0, retry: 0}
2023-11-20 14:28:52,593 INFO: no action. I am (cdds-postgres-cluster-0), the leader with the lock
2023-11-20 14:29:02,593 INFO: no action. I am (cdds-postgres-cluster-0), the leader with the lock
2023-11-20 14:29:12,595 INFO: no action. I am (cdds-postgres-cluster-0), the leader with the lock
2023-11-20 14:29:12.778 UTC [36] LOG {ticks: 0, maint: 0, retry: 0}
2023-11-20 14:29:22,596 INFO: no action. I am (cdds-postgres-cluster-0), the leader with the lock
2023-11-20 14:29:32,596 INFO: no action. I am (cdds-postgres-cluster-0), the leader with the lock
2023-11-20 14:29:42,593 INFO: no action. I am (cdds-postgres-cluster-0), the leader with the lock
2023-11-20 14:29:42.807 UTC [36] LOG {ticks: 0, maint: 0, retry: 0}
2023-11-20 14:29:52,595 INFO: no action. I am (cdds-postgres-cluster-0), the leader with the lock
2023-11-20 14:30:02,596 INFO: no action. I am (cdds-postgres-cluster-0), the leader with the lock
2023-11-20 14:30:12,593 INFO: no action. I am (cdds-postgres-cluster-0), the leader with the lock
2023-11-20 14:30:12.810 UTC [36] LOG {ticks: 0, maint: 0, retry: 0}
2023-11-20 14:30:22,593 INFO: no action. I am (cdds-postgres-cluster-0), the leader with the lock
2023-11-20 14:30:32,593 INFO: no action. I am (cdds-postgres-cluster-0), the leader with the lock
2023-11-20 14:30:42,597 INFO: no action. I am (cdds-postgres-cluster-0), the leader with the lock
2023-11-20 14:30:42.839 UTC [36] LOG {ticks: 0, maint: 0, retry: 0}
2023-11-20 14:30:52,593 INFO: no action. I am (cdds-postgres-cluster-0), the leader with the lock
2023-11-20 14:31:02,593 INFO: no action. I am (cdds-postgres-cluster-0), the leader with the lock
2023-11-20 14:31:12,593 INFO: no action. I am (cdds-postgres-cluster-0), the leader with the lock
2023-11-20 14:31:12.842 UTC [36] LOG {ticks: 0, maint: 0, retry: 0}
2023-11-20 14:31:22,593 INFO: no action. I am (cdds-postgres-cluster-0), the leader with the lock
2023-11-20 14:31:32,593 INFO: no action. I am (cdds-postgres-cluster-0), the leader with the lock
2023-11-20 14:31:42,593 INFO: no action. I am (cdds-postgres-cluster-0), the leader with the lock
2023-11-20 14:31:42.870 UTC [36] LOG {ticks: 0, maint: 0, retry: 0}
2023-11-20 14:31:52,593 INFO: no action. I am (cdds-postgres-cluster-0), the leader with the lock
2023-11-20 14:32:02,595 INFO: no action. I am (cdds-postgres-cluster-0), the leader with the lock
2023-11-20 14:32:12,593 INFO: no action. I am (cdds-postgres-cluster-0), the leader with the lock
2023-11-20 14:32:12.874 UTC [36] LOG {ticks: 0, maint: 0, retry: 0}
2023-11-20 14:32:22,593 INFO: no action. I am (cdds-postgres-cluster-0), the leader with the lock
2023-11-20 14:32:32,597 INFO: no action. I am (cdds-postgres-cluster-0), the leader with the lock
2023-11-20 14:32:42,593 INFO: no action. I am (cdds-postgres-cluster-0), the leader with the lock
2023-11-20 14:32:42.902 UTC [36] LOG {ticks: 0, maint: 0, retry: 0}
2023-11-20 14:32:52,593 INFO: no action. I am (cdds-postgres-cluster-0), the leader with the lock
2023-11-20 14:33:02,597 INFO: no action. I am (cdds-postgres-cluster-0), the leader with the lock
2023-11-20 14:33:12,595 INFO: no action. I am (cdds-postgres-cluster-0), the leader with the lock
2023-11-20 14:33:12.906 UTC [36] LOG {ticks: 0, maint: 0, retry: 0}
2023-11-20 14:33:22,595 INFO: no action. I am (cdds-postgres-cluster-0), the leader with the lock
2023-11-20 14:33:32,593 INFO: no action. I am (cdds-postgres-cluster-0), the leader with the lock
2023-11-20 14:33:42,597 INFO: no action. I am (cdds-postgres-cluster-0), the leader with the lock
2023-11-20 14:33:42.934 UTC [36] LOG {ticks: 0, maint: 0, retry: 0}
2023-11-20 14:33:52,597 INFO: no action. I am (cdds-postgres-cluster-0), the leader with the lock
2023-11-20 14:34:02,593 INFO: no action. I am (cdds-postgres-cluster-0), the leader with the lock
2023-11-20 14:34:12,599 INFO: no action. I am (cdds-postgres-cluster-0), the leader with the lock
2023-11-20 14:34:12.938 UTC [36] LOG {ticks: 0, maint: 0, retry: 0}
2023-11-20 14:34:22,595 INFO: no action. I am (cdds-postgres-cluster-0), the leader with the lock
2023-11-20 14:34:32,596 INFO: no action. I am (cdds-postgres-cluster-0), the leader with the lock
2023-11-20 14:34:42,597 INFO: no action. I am (cdds-postgres-cluster-0), the leader with the lock
2023-11-20 14:34:42.968 UTC [36] LOG {ticks: 0, maint: 0, retry: 0}
2023-11-20 14:34:52,595 INFO: no action. I am (cdds-postgres-cluster-0), the leader with the lock
2023-11-20 14:35:02,595 INFO: no action. I am (cdds-postgres-cluster-0), the leader with the lock
2023-11-20 14:35:12,593 INFO: no action. I am (cdds-postgres-cluster-0), the leader with the lock
2023-11-20 14:35:12.971 UTC [36] LOG {ticks: 0, maint: 0, retry: 0}
2023-11-20 14:35:22,593 INFO: no action. I am (cdds-postgres-cluster-0), the leader with the lock
2023-11-20 14:35:32,596 INFO: no action. I am (cdds-postgres-cluster-0), the leader with the lock
2023-11-20 14:35:42,593 INFO: no action. I am (cdds-postgres-cluster-0), the leader with the lock
2023-11-20 14:35:42.999 UTC [36] LOG {ticks: 0, maint: 0, retry: 0}
2023-11-20 14:35:52,593 INFO: no action. I am (cdds-postgres-cluster-0), the leader with the lock
2023-11-20 14:36:02,593 INFO: no action. I am (cdds-postgres-cluster-0), the leader with the lock
2023-11-20 14:36:12,595 INFO: no action. I am (cdds-postgres-cluster-0), the leader with the lock
2023-11-20 14:36:13.002 UTC [36] LOG {ticks: 0, maint: 0, retry: 0}
2023-11-20 14:36:22,593 INFO: no action. I am (cdds-postgres-cluster-0), the leader with the lock
2023-11-20 14:36:32,596 INFO: no action. I am (cdds-postgres-cluster-0), the leader with the lock
2023-11-20 14:36:42,593 INFO: no action. I am (cdds-postgres-cluster-0), the leader with the lock
2023-11-20 14:36:43.032 UTC [36] LOG {ticks: 0, maint: 0, retry: 0}
2023-11-20 14:36:52,597 INFO: no action. I am (cdds-postgres-cluster-0), the leader with the lock
2023-11-20 14:37:02,599 INFO: no action. I am (cdds-postgres-cluster-0), the leader with the lock
2023-11-20 14:37:12,593 INFO: no action. I am (cdds-postgres-cluster-0), the leader with the lock
2023-11-20 14:37:13.034 UTC [36] LOG {ticks: 0, maint: 0, retry: 0}
2023-11-20 14:37:22,593 INFO: no action. I am (cdds-postgres-cluster-0), the leader with the lock
2023-11-20 14:37:32,593 INFO: no action. I am (cdds-postgres-cluster-0), the leader with the lock
2023-11-20 14:37:42,595 INFO: no action. I am (cdds-postgres-cluster-0), the leader with the lock
2023-11-20 14:37:43.062 UTC [36] LOG {ticks: 0, maint: 0, retry: 0}
2023-11-20 14:37:52,597 INFO: no action. I am (cdds-postgres-cluster-0), the leader with the lock
2023-11-20 14:38:02,592 INFO: no action. I am (cdds-postgres-cluster-0), the leader with the lock
2023-11-20 14:38:12,595 INFO: no action. I am (cdds-postgres-cluster-0), the leader with the lock
2023-11-20 14:38:13.066 UTC [36] LOG {ticks: 0, maint: 0, retry: 0}
2023-11-20 14:38:22,593 INFO: no action. I am (cdds-postgres-cluster-0), the leader with the lock
2023-11-20 14:38:32,597 INFO: no action. I am (cdds-postgres-cluster-0), the leader with the lock
2023-11-20 14:38:42,593 INFO: no action. I am (cdds-postgres-cluster-0), the leader with the lock
2023-11-20 14:38:43.095 UTC [36] LOG {ticks: 0, maint: 0, retry: 0}
2023-11-20 14:38:52,593 INFO: no action. I am (cdds-postgres-cluster-0), the leader with the lock
2023-11-20 14:39:02,593 INFO: no action. I am (cdds-postgres-cluster-0), the leader with the lock
2023-11-20 14:39:12,595 INFO: no action. I am (cdds-postgres-cluster-0), the leader with the lock
2023-11-20 14:39:13.098 UTC [36] LOG {ticks: 0, maint: 0, retry: 0}
2023-11-20 14:39:22,598 INFO: no action. I am (cdds-postgres-cluster-0), the leader with the lock
2023-11-20 14:39:32,599 INFO: no action. I am (cdds-postgres-cluster-0), the leader with the lock
2023-11-20 14:39:42,594 INFO: no action. I am (cdds-postgres-cluster-0), the leader with the lock
2023-11-20 14:39:43.128 UTC [36] LOG {ticks: 0, maint: 0, retry: 0}
2023-11-20 14:39:52,593 INFO: no action. I am (cdds-postgres-cluster-0), the leader with the lock
2023-11-20 14:40:02,595 INFO: no action. I am (cdds-postgres-cluster-0), the leader with the lock
2023-11-20 14:40:12,596 INFO: no action. I am (cdds-postgres-cluster-0), the leader with the lock
2023-11-20 14:40:13.130 UTC [36] LOG {ticks: 0, maint: 0, retry: 0}
2023-11-20 14:40:22,595 INFO: no action. I am (cdds-postgres-cluster-0), the leader with the lock
2023-11-20 14:40:32,593 INFO: no action. I am (cdds-postgres-cluster-0), the leader with the lock
2023-11-20 14:40:42,593 INFO: no action. I am (cdds-postgres-cluster-0), the leader with the lock
2023-11-20 14:40:43.157 UTC [36] LOG {ticks: 0, maint: 0, retry: 0}
2023-11-20 14:40:52,593 INFO: no action. I am (cdds-postgres-cluster-0), the leader with the lock
2023-11-20 14:41:02,595 INFO: no action. I am (cdds-postgres-cluster-0), the leader with the lock
2023-11-20 14:41:12,596 INFO: no action. I am (cdds-postgres-cluster-0), the leader with the lock
2023-11-20 14:41:13.158 UTC [36] LOG {ticks: 0, maint: 0, retry: 0}
2023-11-20 14:41:22,595 INFO: no action. I am (cdds-postgres-cluster-0), the leader with the lock
2023-11-20 14:41:32,595 INFO: no action. I am (cdds-postgres-cluster-0), the leader with the lock
2023-11-20 14:41:42,593 INFO: no action. I am (cdds-postgres-cluster-0), the leader with the lock
2023-11-20 14:41:43.186 UTC [36] LOG {ticks: 0, maint: 0, retry: 0}
2023-11-20 14:41:52,597 INFO: no action. I am (cdds-postgres-cluster-0), the leader with the lock
2023-11-20 14:42:02,593 INFO: no action. I am (cdds-postgres-cluster-0), the leader with the lock
2023-11-20 14:42:12,596 INFO: no action. I am (cdds-postgres-cluster-0), the leader with the lock
2023-11-20 14:42:13.190 UTC [36] LOG {ticks: 0, maint: 0, retry: 0}
2023-11-20 14:42:22,596 INFO: no action. I am (cdds-postgres-cluster-0), the leader with the lock
2023-11-20 14:42:32,596 INFO: no action. I am (cdds-postgres-cluster-0), the leader with the lock
2023-11-20 14:42:42,597 INFO: no action. I am (cdds-postgres-cluster-0), the leader with the lock
2023-11-20 14:42:43.218 UTC [36] LOG {ticks: 0, maint: 0, retry: 0}
2023-11-20 14:42:52,593 INFO: no action. I am (cdds-postgres-cluster-0), the leader with the lock
2023-11-20 14:43:02,596 INFO: no action. I am (cdds-postgres-cluster-0), the leader with the lock
2023-11-20 14:43:12,600 INFO: no action. I am (cdds-postgres-cluster-0), the leader with the lock
2023-11-20 14:43:13.222 UTC [36] LOG {ticks: 0, maint: 0, retry: 0}
2023-11-20 14:43:22,599 INFO: no action. I am (cdds-postgres-cluster-0), the leader with the lock
2023-11-20 14:43:32,593 INFO: no action. I am (cdds-postgres-cluster-0), the leader with the lock
2023-11-20 14:43:42,593 INFO: no action. I am (cdds-postgres-cluster-0), the leader with the lock
2023-11-20 14:43:43.250 UTC [36] LOG {ticks: 0, maint: 0, retry: 0}
2023-11-20 14:43:52,593 INFO: no action. I am (cdds-postgres-cluster-0), the leader with the lock
2023-11-20 14:44:02,596 INFO: no action. I am (cdds-postgres-cluster-0), the leader with the lock
2023-11-20 14:44:12,597 INFO: no action. I am (cdds-postgres-cluster-0), the leader with the lock
2023-11-20 14:44:13.254 UTC [36] LOG {ticks: 0, maint: 0, retry: 0}
2023-11-20 14:44:22,593 INFO: no action. I am (cdds-postgres-cluster-0), the leader with the lock
2023-11-20 14:44:32,597 INFO: no action. I am (cdds-postgres-cluster-0), the leader with the lock
2023-11-20 14:44:42,596 INFO: no action. I am (cdds-postgres-cluster-0), the leader with the lock
2023-11-20 14:44:43.282 UTC [36] LOG {ticks: 0, maint: 0, retry: 0}
2023-11-20 14:44:52,593 INFO: no action. I am (cdds-postgres-cluster-0), the leader with the lock
2023-11-20 14:45:02,593 INFO: no action. I am (cdds-postgres-cluster-0), the leader with the lock
2023-11-20 14:45:12,593 INFO: no action. I am (cdds-postgres-cluster-0), the leader with the lock
2023-11-20 14:45:13.287 UTC [36] LOG {ticks: 0, maint: 0, retry: 0}
2023-11-20 14:45:22,597 INFO: no action. I am (cdds-postgres-cluster-0), the leader with the lock
2023-11-20 14:45:32,593 INFO: no action. I am (cdds-postgres-cluster-0), the leader with the lock
2023-11-20 14:45:42,593 INFO: no action. I am (cdds-postgres-cluster-0), the leader with the lock
2023-11-20 14:45:43.315 UTC [36] LOG {ticks: 0, maint: 0, retry: 0}
2023-11-20 14:45:52,593 INFO: no action. I am (cdds-postgres-cluster-0), the leader with the lock
2023-11-20 14:46:02,593 INFO: no action. I am (cdds-postgres-cluster-0), the leader with the lock
2023-11-20 14:46:12,597 INFO: no action. I am (cdds-postgres-cluster-0), the leader with the lock
2023-11-20 14:46:13.318 UTC [36] LOG {ticks: 0, maint: 0, retry: 0}
2023-11-20 14:46:22,593 INFO: no action. I am (cdds-postgres-cluster-0), the leader with the lock
2023-11-20 14:46:32,593 INFO: no action. I am (cdds-postgres-cluster-0), the leader with the lock
2023-11-20 14:46:42,597 INFO: no action. I am (cdds-postgres-cluster-0), the leader with the lock
2023-11-20 14:46:43.347 UTC [36] LOG {ticks: 0, maint: 0, retry: 0}
2023-11-20 14:46:52,593 INFO: no action. I am (cdds-postgres-cluster-0), the leader with the lock
2023-11-20 14:47:02,593 INFO: no action. I am (cdds-postgres-cluster-0), the leader with the lock
2023-11-20 14:47:12,597 INFO: no action. I am (cdds-postgres-cluster-0), the leader with the lock
2023-11-20 14:47:13.350 UTC [36] LOG {ticks: 0, maint: 0, retry: 0}
2023-11-20 14:47:22,594 INFO: no action. I am (cdds-postgres-cluster-0), the leader with the lock
2023-11-20 14:47:32,599 INFO: no action. I am (cdds-postgres-cluster-0), the leader with the lock
2023-11-20 14:47:42,596 INFO: no action. I am (cdds-postgres-cluster-0), the leader with the lock
2023-11-20 14:47:43.379 UTC [36] LOG {ticks: 0, maint: 0, retry: 0}
2023-11-20 14:47:52,599 INFO: no action. I am (cdds-postgres-cluster-0), the leader with the lock
2023-11-20 14:48:02,595 INFO: no action. I am (cdds-postgres-cluster-0), the leader with the lock
2023-11-20 14:48:12,597 INFO: no action. I am (cdds-postgres-cluster-0), the leader with the lock
2023-11-20 14:48:13.382 UTC [36] LOG {ticks: 0, maint: 0, retry: 0}
2023-11-20 14:48:22,593 INFO: no action. I am (cdds-postgres-cluster-0), the leader with the lock
2023-11-20 14:48:32,593 INFO: no action. I am (cdds-postgres-cluster-0), the leader with the lock
2023-11-20 14:48:42,593 INFO: no action. I am (cdds-postgres-cluster-0), the leader with the lock
2023-11-20 14:48:43.412 UTC [36] LOG {ticks: 0, maint: 0, retry: 0}
2023-11-20 14:48:52,593 INFO: no action. I am (cdds-postgres-cluster-0), the leader with the lock
2023-11-20 14:49:02,593 INFO: no action. I am (cdds-postgres-cluster-0), the leader with the lock
2023-11-20 14:49:12,597 INFO: no action. I am (cdds-postgres-cluster-0), the leader with the lock
2023-11-20 14:49:13.414 UTC [36] LOG {ticks: 0, maint: 0, retry: 0}
2023-11-20 14:49:22,593 INFO: no action. I am (cdds-postgres-cluster-0), the leader with the lock
2023-11-20 14:49:32,599 INFO: no action. I am (cdds-postgres-cluster-0), the leader with the lock
2023-11-20 14:49:42,593 INFO: no action. I am (cdds-postgres-cluster-0), the leader with the lock
2023-11-20 14:49:43.442 UTC [36] LOG {ticks: 0, maint: 0, retry: 0}
2023-11-20 14:49:52,597 INFO: no action. I am (cdds-postgres-cluster-0), the leader with the lock
2023-11-20 14:50:02,593 INFO: no action. I am (cdds-postgres-cluster-0), the leader with the lock
2023-11-20 14:50:12,597 INFO: no action. I am (cdds-postgres-cluster-0), the leader with the lock
2023-11-20 14:50:13.446 UTC [36] LOG {ticks: 0, maint: 0, retry: 0}
2023-11-20 14:50:22,593 INFO: no action. I am (cdds-postgres-cluster-0), the leader with the lock
2023-11-20 14:50:32,599 INFO: no action. I am (cdds-postgres-cluster-0), the leader with the lock
2023-11-20 14:50:42,593 INFO: no action. I am (cdds-postgres-cluster-0), the leader with the lock
2023-11-20 14:50:43.476 UTC [36] LOG {ticks: 0, maint: 0, retry: 0}
2023-11-20 14:50:52,593 INFO: no action. I am (cdds-postgres-cluster-0), the leader with the lock
2023-11-20 14:51:02,597 INFO: no action. I am (cdds-postgres-cluster-0), the leader with the lock
2023-11-20 14:51:12,596 INFO: no action. I am (cdds-postgres-cluster-0), the leader with the lock
2023-11-20 14:51:13.479 UTC [36] LOG {ticks: 0, maint: 0, retry: 0}
2023-11-20 14:51:22,593 INFO: no action. I am (cdds-postgres-cluster-0), the leader with the lock
2023-11-20 14:51:32,596 INFO: no action. I am (cdds-postgres-cluster-0), the leader with the lock
2023-11-20 14:51:42,596 INFO: no action. I am (cdds-postgres-cluster-0), the leader with the lock
2023-11-20 14:51:43.508 UTC [36] LOG {ticks: 0, maint: 0, retry: 0}
2023-11-20 14:51:52,593 INFO: no action. I am (cdds-postgres-cluster-0), the leader with the lock
2023-11-20 14:52:02,593 INFO: no action. I am (cdds-postgres-cluster-0), the leader with the lock
2023-11-20 14:52:12,593 INFO: no action. I am (cdds-postgres-cluster-0), the leader with the lock
2023-11-20 14:52:13.510 UTC [36] LOG {ticks: 0, maint: 0, retry: 0}
2023-11-20 14:52:22,593 INFO: no action. I am (cdds-postgres-cluster-0), the leader with the lock
2023-11-20 14:52:32,598 INFO: no action. I am (cdds-postgres-cluster-0), the leader with the lock
2023-11-20 14:52:42,595 INFO: no action. I am (cdds-postgres-cluster-0), the leader with the lock
2023-11-20 14:52:43.538 UTC [36] LOG {ticks: 0, maint: 0, retry: 0}
2023-11-20 14:52:52,599 INFO: no action. I am (cdds-postgres-cluster-0), the leader with the lock
2023-11-20 14:53:02,593 INFO: no action. I am (cdds-postgres-cluster-0), the leader with the lock
2023-11-20 14:53:12,593 INFO: no action. I am (cdds-postgres-cluster-0), the leader with the lock
2023-11-20 14:53:13.542 UTC [36] LOG {ticks: 0, maint: 0, retry: 0}
2023-11-20 14:53:22,595 INFO: no action. I am (cdds-postgres-cluster-0), the leader with the lock
2023-11-20 14:53:32,593 INFO: no action. I am (cdds-postgres-cluster-0), the leader with the lock
2023-11-20 14:53:42,595 INFO: no action. I am (cdds-postgres-cluster-0), the leader with the lock
2023-11-20 14:53:43.571 UTC [36] LOG {ticks: 0, maint: 0, retry: 0}
2023-11-20 14:53:52,595 INFO: no action. I am (cdds-postgres-cluster-0), the leader with the lock
2023-11-20 14:54:02,593 INFO: no action. I am (cdds-postgres-cluster-0), the leader with the lock
2023-11-20 14:54:12,597 INFO: no action. I am (cdds-postgres-cluster-0), the leader with the lock
2023-11-20 14:54:13.574 UTC [36] LOG {ticks: 0, maint: 0, retry: 0}
2023-11-20 14:54:22,593 INFO: no action. I am (cdds-postgres-cluster-0), the leader with the lock
2023-11-20 14:54:32,593 INFO: no action. I am (cdds-postgres-cluster-0), the leader with the lock
2023-11-20 14:54:42,596 INFO: no action. I am (cdds-postgres-cluster-0), the leader with the lock
2023-11-20 14:54:43.602 UTC [36] LOG {ticks: 0, maint: 0, retry: 0}
2023-11-20 14:54:52,596 INFO: no action. I am (cdds-postgres-cluster-0), the leader with the lock
2023-11-20 14:55:02,593 INFO: no action. I am (cdds-postgres-cluster-0), the leader with the lock
2023-11-20 14:55:12,593 INFO: no action. I am (cdds-postgres-cluster-0), the leader with the lock
2023-11-20 14:55:13.606 UTC [36] LOG {ticks: 0, maint: 0, retry: 0}
2023-11-20 14:55:22,595 INFO: no action. I am (cdds-postgres-cluster-0), the leader with the lock
2023-11-20 14:55:32,596 INFO: no action. I am (cdds-postgres-cluster-0), the leader with the lock
2023-11-20 14:55:42,593 INFO: no action. I am (cdds-postgres-cluster-0), the leader with the lock
2023-11-20 14:55:43.634 UTC [36] LOG {ticks: 0, maint: 0, retry: 0}
2023-11-20 14:55:52,593 INFO: no action. I am (cdds-postgres-cluster-0), the leader with the lock
2023-11-20 14:56:02,593 INFO: no action. I am (cdds-postgres-cluster-0), the leader with the lock
2023-11-20 14:56:12,593 INFO: no action. I am (cdds-postgres-cluster-0), the leader with the lock
2023-11-20 14:56:13.638 UTC [36] LOG {ticks: 0, maint: 0, retry: 0}
2023-11-20 14:56:22,593 INFO: no action. I am (cdds-postgres-cluster-0), the leader with the lock
2023-11-20 14:56:32,593 INFO: no action. I am (cdds-postgres-cluster-0), the leader with the lock
2023-11-20 14:56:42,593 INFO: no action. I am (cdds-postgres-cluster-0), the leader with the lock
2023-11-20 14:56:43.666 UTC [36] LOG {ticks: 0, maint: 0, retry: 0}
2023-11-20 14:56:52,599 INFO: no action. I am (cdds-postgres-cluster-0), the leader with the lock
2023-11-20 14:57:02,593 INFO: no action. I am (cdds-postgres-cluster-0), the leader with the lock
2023-11-20 14:57:12,599 INFO: no action. I am (cdds-postgres-cluster-0), the leader with the lock
2023-11-20 14:57:13.670 UTC [36] LOG {ticks: 0, maint: 0, retry: 0}
2023-11-20 14:57:22,597 INFO: no action. I am (cdds-postgres-cluster-0), the leader with the lock
2023-11-20 14:57:32,599 INFO: no action. I am (cdds-postgres-cluster-0), the leader with the lock
2023-11-20 14:57:42,593 INFO: no action. I am (cdds-postgres-cluster-0), the leader with the lock
2023-11-20 14:57:43.698 UTC [36] LOG {ticks: 0, maint: 0, retry: 0}
2023-11-20 14:57:52,593 INFO: no action. I am (cdds-postgres-cluster-0), the leader with the lock
2023-11-20 14:58:02,595 INFO: no action. I am (cdds-postgres-cluster-0), the leader with the lock
2023-11-20 14:58:12,599 INFO: no action. I am (cdds-postgres-cluster-0), the leader with the lock
2023-11-20 14:58:13.702 UTC [36] LOG {ticks: 0, maint: 0, retry: 0}
2023-11-20 14:58:22,595 INFO: no action. I am (cdds-postgres-cluster-0), the leader with the lock
2023-11-20 14:58:32,593 INFO: no action. I am (cdds-postgres-cluster-0), the leader with the lock
2023-11-20 14:58:42,595 INFO: no action. I am (cdds-postgres-cluster-0), the leader with the lock
2023-11-20 14:58:43.730 UTC [36] LOG {ticks: 0, maint: 0, retry: 0}
2023-11-20 14:58:52,592 INFO: no action. I am (cdds-postgres-cluster-0), the leader with the lock
2023-11-20 14:59:02,593 INFO: no action. I am (cdds-postgres-cluster-0), the leader with the lock
2023-11-20 14:59:12,597 INFO: no action. I am (cdds-postgres-cluster-0), the leader with the lock
2023-11-20 14:59:13.734 UTC [36] LOG {ticks: 0, maint: 0, retry: 0}
2023-11-20 14:59:22,593 INFO: no action. I am (cdds-postgres-cluster-0), the leader with the lock
2023-11-20 14:59:32,597 INFO: no action. I am (cdds-postgres-cluster-0), the leader with the lock
2023-11-20 14:59:42,597 INFO: no action. I am (cdds-postgres-cluster-0), the leader with the lock
2023-11-20 14:59:43.763 UTC [36] LOG {ticks: 0, maint: 0, retry: 0}
2023-11-20 14:59:52,597 INFO: no action. I am (cdds-postgres-cluster-0), the leader with the lock
2023-11-20 15:00:02,596 INFO: no action. I am (cdds-postgres-cluster-0), the leader with the lock
2023-11-20 15:00:12,595 INFO: no action. I am (cdds-postgres-cluster-0), the leader with the lock
2023-11-20 15:00:13.767 UTC [36] LOG {ticks: 0, maint: 0, retry: 0}
2023-11-20 15:00:22,595 INFO: no action. I am (cdds-postgres-cluster-0), the leader with the lock
2023-11-20 15:00:32,593 INFO: no action. I am (cdds-postgres-cluster-0), the leader with the lock
2023-11-20 15:00:42,593 INFO: no action. I am (cdds-postgres-cluster-0), the leader with the lock
2023-11-20 15:00:43.794 UTC [36] LOG {ticks: 0, maint: 0, retry: 0}
2023-11-20 15:00:52,595 INFO: no action. I am (cdds-postgres-cluster-0), the leader with the lock
2023-11-20 15:01:02,593 INFO: no action. I am (cdds-postgres-cluster-0), the leader with the lock
2023-11-20 15:01:12,599 INFO: no action. I am (cdds-postgres-cluster-0), the leader with the lock
2023-11-20 15:01:13.798 UTC [36] LOG {ticks: 0, maint: 0, retry: 0}
2023-11-20 15:01:22,593 INFO: no action. I am (cdds-postgres-cluster-0), the leader with the lock
2023-11-20 15:01:32,593 INFO: no action. I am (cdds-postgres-cluster-0), the leader with the lock
2023-11-20 15:01:42,595 INFO: no action. I am (cdds-postgres-cluster-0), the leader with the lock
2023-11-20 15:01:43.828 UTC [36] LOG {ticks: 0, maint: 0, retry: 0}
2023-11-20 15:01:52,595 INFO: no action. I am (cdds-postgres-cluster-0), the leader with the lock
2023-11-20 15:02:02,593 INFO: no action. I am (cdds-postgres-cluster-0), the leader with the lock
2023-11-20 15:02:12,595 INFO: no action. I am (cdds-postgres-cluster-0), the leader with the lock
2023-11-20 15:02:13.830 UTC [36] LOG {ticks: 0, maint: 0, retry: 0}
2023-11-20 15:02:22,593 INFO: no action. I am (cdds-postgres-cluster-0), the leader with the lock
2023-11-20 15:02:32,593 INFO: no action. I am (cdds-postgres-cluster-0), the leader with the lock
2023-11-20 15:02:42,596 INFO: no action. I am (cdds-postgres-cluster-0), the leader with the lock
2023-11-20 15:02:43.854 UTC [36] LOG {ticks: 0, maint: 0, retry: 0}
2023-11-20 15:02:52,595 INFO: no action. I am (cdds-postgres-cluster-0), the leader with the lock
2023-11-20 15:03:02,593 INFO: no action. I am (cdds-postgres-cluster-0), the leader with the lock
2023-11-20 15:03:12,593 INFO: no action. I am (cdds-postgres-cluster-0), the leader with the lock
2023-11-20 15:03:13.858 UTC [36] LOG {ticks: 0, maint: 0, retry: 0}
2023-11-20 15:03:22,593 INFO: no action. I am (cdds-postgres-cluster-0), the leader with the lock
2023-11-20 15:03:32,593 INFO: no action. I am (cdds-postgres-cluster-0), the leader with the lock
2023-11-20 15:03:42,593 INFO: no action. I am (cdds-postgres-cluster-0), the leader with the lock
2023-11-20 15:03:43.886 UTC [36] LOG {ticks: 0, maint: 0, retry: 0}
2023-11-20 15:03:52,593 INFO: no action. I am (cdds-postgres-cluster-0), the leader with the lock
2023-11-20 15:04:02,593 INFO: no action. I am (cdds-postgres-cluster-0), the leader with the lock
2023-11-20 15:04:12,593 INFO: no action. I am (cdds-postgres-cluster-0), the leader with the lock
2023-11-20 15:04:13.890 UTC [36] LOG {ticks: 0, maint: 0, retry: 0}
2023-11-20 15:04:22,593 INFO: no action. I am (cdds-postgres-cluster-0), the leader with the lock
2023-11-20 15:04:32,593 INFO: no action. I am (cdds-postgres-cluster-0), the leader with the lock
2023-11-20 15:04:42,593 INFO: no action. I am (cdds-postgres-cluster-0), the leader with the lock
2023-11-20 15:04:43.918 UTC [36] LOG {ticks: 0, maint: 0, retry: 0}
2023-11-20 15:04:52,593 INFO: no action. I am (cdds-postgres-cluster-0), the leader with the lock
2023-11-20 15:05:02,593 INFO: no action. I am (cdds-postgres-cluster-0), the leader with the lock
2023-11-20 15:05:12,593 INFO: no action. I am (cdds-postgres-cluster-0), the leader with the lock
2023-11-20 15:05:13.923 UTC [36] LOG {ticks: 0, maint: 0, retry: 0}
2023-11-20 15:05:22,593 INFO: no action. I am (cdds-postgres-cluster-0), the leader with the lock
2023-11-20 15:05:32,594 INFO: no action. I am (cdds-postgres-cluster-0), the leader with the lock
2023-11-20 15:05:42,599 INFO: no action. I am (cdds-postgres-cluster-0), the leader with the lock
2023-11-20 15:05:43.950 UTC [36] LOG {ticks: 0, maint: 0, retry: 0}
2023-11-20 15:05:52,595 INFO: no action. I am (cdds-postgres-cluster-0), the leader with the lock
2023-11-20 15:06:02,593 INFO: no action. I am (cdds-postgres-cluster-0), the leader with the lock
2023-11-20 15:06:12,593 INFO: no action. I am (cdds-postgres-cluster-0), the leader with the lock
2023-11-20 15:06:13.954 UTC [36] LOG {ticks: 0, maint: 0, retry: 0}
2023-11-20 15:06:22,593 INFO: no action. I am (cdds-postgres-cluster-0), the leader with the lock
2023-11-20 15:06:32,593 INFO: no action. I am (cdds-postgres-cluster-0), the leader with the lock
2023-11-20 15:06:42,595 INFO: no action. I am (cdds-postgres-cluster-0), the leader with the lock
2023-11-20 15:06:43.983 UTC [36] LOG {ticks: 0, maint: 0, retry: 0}
2023-11-20 15:06:52,595 INFO: no action. I am (cdds-postgres-cluster-0), the leader with the lock
2023-11-20 15:07:02,593 INFO: no action. I am (cdds-postgres-cluster-0), the leader with the lock
2023-11-20 15:07:12,597 INFO: no action. I am (cdds-postgres-cluster-0), the leader with the lock
2023-11-20 15:07:13.986 UTC [36] LOG {ticks: 0, maint: 0, retry: 0}
2023-11-20 15:07:22,593 INFO: no action. I am (cdds-postgres-cluster-0), the leader with the lock
2023-11-20 15:07:32,593 INFO: no action. I am (cdds-postgres-cluster-0), the leader with the lock
2023-11-20 15:07:42,600 INFO: no action. I am (cdds-postgres-cluster-0), the leader with the lock
2023-11-20 15:07:44.016 UTC [36] LOG {ticks: 0, maint: 0, retry: 0}
2023-11-20 15:07:52,593 INFO: no action. I am (cdds-postgres-cluster-0), the leader with the lock
2023-11-20 15:08:02,593 INFO: no action. I am (cdds-postgres-cluster-0), the leader with the lock
2023-11-20 15:08:12,599 INFO: no action. I am (cdds-postgres-cluster-0), the leader with the lock
2023-11-20 15:08:14.018 UTC [36] LOG {ticks: 0, maint: 0, retry: 0}
2023-11-20 15:08:22,596 INFO: no action. I am (cdds-postgres-cluster-0), the leader with the lock
2023-11-20 15:08:32,596 INFO: no action. I am (cdds-postgres-cluster-0), the leader with the lock
2023-11-20 15:08:42,593 INFO: no action. I am (cdds-postgres-cluster-0), the leader with the lock
2023-11-20 15:08:44.047 UTC [36] LOG {ticks: 0, maint: 0, retry: 0}
2023-11-20 15:08:52,597 INFO: no action. I am (cdds-postgres-cluster-0), the leader with the lock
2023-11-20 15:09:02,593 INFO: no action. I am (cdds-postgres-cluster-0), the leader with the lock
2023-11-20 15:09:12,597 INFO: no action. I am (cdds-postgres-cluster-0), the leader with the lock
2023-11-20 15:09:14.050 UTC [36] LOG {ticks: 0, maint: 0, retry: 0}
2023-11-20 15:09:22,593 INFO: no action. I am (cdds-postgres-cluster-0), the leader with the lock
2023-11-20 15:09:32,593 INFO: no action. I am (cdds-postgres-cluster-0), the leader with the lock
2023-11-20 15:09:42,593 INFO: no action. I am (cdds-postgres-cluster-0), the leader with the lock
2023-11-20 15:09:44.080 UTC [36] LOG {ticks: 0, maint: 0, retry: 0}
2023-11-20 15:09:52,593 INFO: no action. I am (cdds-postgres-cluster-0), the leader with the lock
2023-11-20 15:10:02,600 INFO: no action. I am (cdds-postgres-cluster-0), the leader with the lock
2023-11-20 15:10:12,593 INFO: no action. I am (cdds-postgres-cluster-0), the leader with the lock
2023-11-20 15:10:14.082 UTC [36] LOG {ticks: 0, maint: 0, retry: 0}
2023-11-20 15:10:22,593 INFO: no action. I am (cdds-postgres-cluster-0), the leader with the lock
2023-11-20 15:10:32,597 INFO: no action. I am (cdds-postgres-cluster-0), the leader with the lock
2023-11-20 15:10:42,593 INFO: no action. I am (cdds-postgres-cluster-0), the leader with the lock
2023-11-20 15:10:44.110 UTC [36] LOG {ticks: 0, maint: 0, retry: 0}
2023-11-20 15:10:52,593 INFO: no action. I am (cdds-postgres-cluster-0), the leader with the lock
2023-11-20 15:11:02,595 INFO: no action. I am (cdds-postgres-cluster-0), the leader with the lock
2023-11-20 15:11:12,593 INFO: no action. I am (cdds-postgres-cluster-0), the leader with the lock
2023-11-20 15:11:14.114 UTC [36] LOG {ticks: 0, maint: 0, retry: 0}
2023-11-20 15:11:22,593 INFO: no action. I am (cdds-postgres-cluster-0), the leader with the lock
2023-11-20 15:11:32,597 INFO: no action. I am (cdds-postgres-cluster-0), the leader with the lock
2023-11-20 15:11:42,597 INFO: no action. I am (cdds-postgres-cluster-0), the leader with the lock
2023-11-20 15:11:44.145 UTC [36] LOG {ticks: 0, maint: 0, retry: 0}
2023-11-20 15:11:52,593 INFO: no action. I am (cdds-postgres-cluster-0), the leader with the lock
2023-11-20 15:12:02,593 INFO: no action. I am (cdds-postgres-cluster-0), the leader with the lock
2023-11-20 15:12:12,593 INFO: no action. I am (cdds-postgres-cluster-0), the leader with the lock
2023-11-20 15:12:14.146 UTC [36] LOG {ticks: 0, maint: 0, retry: 0}
2023-11-20 15:12:22,597 INFO: no action. I am (cdds-postgres-cluster-0), the leader with the lock
2023-11-20 15:12:32,596 INFO: no action. I am (cdds-postgres-cluster-0), the leader with the lock
2023-11-20 15:12:42,600 INFO: no action. I am (cdds-postgres-cluster-0), the leader with the lock
2023-11-20 15:12:44.170 UTC [36] LOG {ticks: 0, maint: 0, retry: 0}
2023-11-20 15:12:52,595 INFO: no action. I am (cdds-postgres-cluster-0), the leader with the lock
2023-11-20 15:13:02,597 INFO: no action. I am (cdds-postgres-cluster-0), the leader with the lock
2023-11-20 15:13:12,593 INFO: no action. I am (cdds-postgres-cluster-0), the leader with the lock
2023-11-20 15:13:14.174 UTC [36] LOG {ticks: 0, maint: 0, retry: 0}
2023-11-20 15:13:22,593 INFO: no action. I am (cdds-postgres-cluster-0), the leader with the lock
2023-11-20 15:13:32,593 INFO: no action. I am (cdds-postgres-cluster-0), the leader with the lock
2023-11-20 15:13:42,600 INFO: no action. I am (cdds-postgres-cluster-0), the leader with the lock
2023-11-20 15:13:44.202 UTC [36] LOG {ticks: 0, maint: 0, retry: 0}
2023-11-20 15:13:52,595 INFO: no action. I am (cdds-postgres-cluster-0), the leader with the lock
2023-11-20 15:14:02,594 INFO: no action. I am (cdds-postgres-cluster-0), the leader with the lock
2023-11-20 15:14:12,593 INFO: no action. I am (cdds-postgres-cluster-0), the leader with the lock
2023-11-20 15:14:14.206 UTC [36] LOG {ticks: 0, maint: 0, retry: 0}
2023-11-20 15:14:22,593 INFO: no action. I am (cdds-postgres-cluster-0), the leader with the lock
2023-11-20 15:14:32,597 INFO: no action. I am (cdds-postgres-cluster-0), the leader with the lock
2023-11-20 15:14:42,593 INFO: no action. I am (cdds-postgres-cluster-0), the leader with the lock
2023-11-20 15:14:44.234 UTC [36] LOG {ticks: 0, maint: 0, retry: 0}
2023-11-20 15:14:52,594 INFO: no action. I am (cdds-postgres-cluster-0), the leader with the lock
2023-11-20 15:15:02,593 INFO: no action. I am (cdds-postgres-cluster-0), the leader with the lock
2023-11-20 15:15:12,593 INFO: no action. I am (cdds-postgres-cluster-0), the leader with the lock
2023-11-20 15:15:14.238 UTC [36] LOG {ticks: 0, maint: 0, retry: 0}
2023-11-20 15:15:22,593 INFO: no action. I am (cdds-postgres-cluster-0), the leader with the lock
2023-11-20 15:15:32,593 INFO: no action. I am (cdds-postgres-cluster-0), the leader with the lock
2023-11-20 15:15:42,593 INFO: no action. I am (cdds-postgres-cluster-0), the leader with the lock
2023-11-20 15:15:44.268 UTC [36] LOG {ticks: 0, maint: 0, retry: 0}
2023-11-20 15:15:52,593 INFO: no action. I am (cdds-postgres-cluster-0), the leader with the lock
2023-11-20 15:16:02,595 INFO: no action. I am (cdds-postgres-cluster-0), the leader with the lock
2023-11-20 15:16:12,593 INFO: no action. I am (cdds-postgres-cluster-0), the leader with the lock
2023-11-20 15:16:14.270 UTC [36] LOG {ticks: 0, maint: 0, retry: 0}
2023-11-20 15:16:22,597 INFO: no action. I am (cdds-postgres-cluster-0), the leader with the lock
2023-11-20 15:16:32,594 INFO: no action. I am (cdds-postgres-cluster-0), the leader with the lock
2023-11-20 15:16:42,593 INFO: no action. I am (cdds-postgres-cluster-0), the leader with the lock
2023-11-20 15:16:44.300 UTC [36] LOG {ticks: 0, maint: 0, retry: 0}
2023-11-20 15:16:52,593 INFO: no action. I am (cdds-postgres-cluster-0), the leader with the lock
2023-11-20 15:17:02,594 INFO: no action. I am (cdds-postgres-cluster-0), the leader with the lock
2023-11-20 15:17:12,600 INFO: no action. I am (cdds-postgres-cluster-0), the leader with the lock
2023-11-20 15:17:14.302 UTC [36] LOG {ticks: 0, maint: 0, retry: 0}
2023-11-20 15:17:22,596 INFO: no action. I am (cdds-postgres-cluster-0), the leader with the lock
2023-11-20 15:17:32,593 INFO: no action. I am (cdds-postgres-cluster-0), the leader with the lock
2023-11-20 15:17:42,593 INFO: no action. I am (cdds-postgres-cluster-0), the leader with the lock
2023-11-20 15:17:44.322 UTC [36] LOG {ticks: 0, maint: 0, retry: 0}
2023-11-20 15:17:52,593 INFO: no action. I am (cdds-postgres-cluster-0), the leader with the lock
2023-11-20 15:18:02,595 INFO: no action. I am (cdds-postgres-cluster-0), the leader with the lock
2023-11-20 15:18:12,597 INFO: no action. I am (cdds-postgres-cluster-0), the leader with the lock
2023-11-20 15:18:14.326 UTC [36] LOG {ticks: 0, maint: 0, retry: 0}
2023-11-20 15:18:22,593 INFO: no action. I am (cdds-postgres-cluster-0), the leader with the lock
2023-11-20 15:18:32,593 INFO: no action. I am (cdds-postgres-cluster-0), the leader with the lock
2023-11-20 15:18:42,597 INFO: no action. I am (cdds-postgres-cluster-0), the leader with the lock
2023-11-20 15:18:44.354 UTC [36] LOG {ticks: 0, maint: 0, retry: 0}
2023-11-20 15:18:52,593 INFO: no action. I am (cdds-postgres-cluster-0), the leader with the lock
2023-11-20 15:19:02,593 INFO: no action. I am (cdds-postgres-cluster-0), the leader with the lock
2023-11-20 15:19:12,600 INFO: no action. I am (cdds-postgres-cluster-0), the leader with the lock
2023-11-20 15:19:14.358 UTC [36] LOG {ticks: 0, maint: 0, retry: 0}
2023-11-20 15:19:22,595 INFO: no action. I am (cdds-postgres-cluster-0), the leader with the lock
2023-11-20 15:19:32,599 INFO: no action. I am (cdds-postgres-cluster-0), the leader with the lock
2023-11-20 15:19:42,593 INFO: no action. I am (cdds-postgres-cluster-0), the leader with the lock
2023-11-20 15:19:44.389 UTC [36] LOG {ticks: 0, maint: 0, retry: 0}
2023-11-20 15:19:52,595 INFO: no action. I am (cdds-postgres-cluster-0), the leader with the lock
2023-11-20 15:20:02,593 INFO: no action. I am (cdds-postgres-cluster-0), the leader with the lock
2023-11-20 15:20:12,593 INFO: no action. I am (cdds-postgres-cluster-0), the leader with the lock
2023-11-20 15:20:14.390 UTC [36] LOG {ticks: 0, maint: 0, retry: 0}
2023-11-20 15:20:22,593 INFO: no action. I am (cdds-postgres-cluster-0), the leader with the lock
2023-11-20 15:20:32,593 INFO: no action. I am (cdds-postgres-cluster-0), the leader with the lock
2023-11-20 15:20:42,597 INFO: no action. I am (cdds-postgres-cluster-0), the leader with the lock
2023-11-20 15:20:44.418 UTC [36] LOG {ticks: 0, maint: 0, retry: 0}
2023-11-20 15:20:52,593 INFO: no action. I am (cdds-postgres-cluster-0), the leader with the lock
2023-11-20 15:21:02,593 INFO: no action. I am (cdds-postgres-cluster-0), the leader with the lock
2023-11-20 15:21:12,593 INFO: no action. I am (cdds-postgres-cluster-0), the leader with the lock
2023-11-20 15:21:14.422 UTC [36] LOG {ticks: 0, maint: 0, retry: 0}
2023-11-20 15:21:22,593 INFO: no action. I am (cdds-postgres-cluster-0), the leader with the lock
2023-11-20 15:21:32,593 INFO: no action. I am (cdds-postgres-cluster-0), the leader with the lock
2023-11-20 15:21:42,593 INFO: no action. I am (cdds-postgres-cluster-0), the leader with the lock
2023-11-20 15:21:44.450 UTC [36] LOG {ticks: 0, maint: 0, retry: 0}
2023-11-20 15:21:52,599 INFO: no action. I am (cdds-postgres-cluster-0), the leader with the lock
2023-11-20 15:22:02,593 INFO: no action. I am (cdds-postgres-cluster-0), the leader with the lock
2023-11-20 15:22:12,593 INFO: no action. I am (cdds-postgres-cluster-0), the leader with the lock
2023-11-20 15:22:14.455 UTC [36] LOG {ticks: 0, maint: 0, retry: 0}
2023-11-20 15:22:22,593 INFO: no action. I am (cdds-postgres-cluster-0), the leader with the lock
2023-11-20 15:22:32,593 INFO: no action. I am (cdds-postgres-cluster-0), the leader with the lock
2023-11-20 15:22:42,597 INFO: no action. I am (cdds-postgres-cluster-0), the leader with the lock
2023-11-20 15:22:44.483 UTC [36] LOG {ticks: 0, maint: 0, retry: 0}
2023-11-20 15:22:52,593 INFO: no action. I am (cdds-postgres-cluster-0), the leader with the lock
2023-11-20 15:23:02,594 INFO: no action. I am (cdds-postgres-cluster-0), the leader with the lock
2023-11-20 15:23:12,593 INFO: no action. I am (cdds-postgres-cluster-0), the leader with the lock
2023-11-20 15:23:14.486 UTC [36] LOG {ticks: 0, maint: 0, retry: 0}
2023-11-20 15:23:22,593 INFO: no action. I am (cdds-postgres-cluster-0), the leader with the lock
2023-11-20 15:23:32,599 INFO: no action. I am (cdds-postgres-cluster-0), the leader with the lock
2023-11-20 15:23:42,593 INFO: no action. I am (cdds-postgres-cluster-0), the leader with the lock
2023-11-20 15:23:44.514 UTC [36] LOG {ticks: 0, maint: 0, retry: 0}
2023-11-20 15:23:52,593 INFO: no action. I am (cdds-postgres-cluster-0), the leader with the lock
2023-11-20 15:24:02,593 INFO: no action. I am (cdds-postgres-cluster-0), the leader with the lock
2023-11-20 15:24:12,595 INFO: no action. I am (cdds-postgres-cluster-0), the leader with the lock
2023-11-20 15:24:14.519 UTC [36] LOG {ticks: 0, maint: 0, retry: 0}
2023-11-20 15:24:22,595 INFO: no action. I am (cdds-postgres-cluster-0), the leader with the lock
2023-11-20 15:24:32,595 INFO: no action. I am (cdds-postgres-cluster-0), the leader with the lock
2023-11-20 15:24:42,593 INFO: no action. I am (cdds-postgres-cluster-0), the leader with the lock
2023-11-20 15:24:44.546 UTC [36] LOG {ticks: 0, maint: 0, retry: 0}
2023-11-20 15:24:52,595 INFO: no action. I am (cdds-postgres-cluster-0), the leader with the lock
2023-11-20 15:25:02,597 INFO: no action. I am (cdds-postgres-cluster-0), the leader with the lock
2023-11-20 15:25:12,600 INFO: no action. I am (cdds-postgres-cluster-0), the leader with the lock
2023-11-20 15:25:14.546 UTC [36] LOG {ticks: 0, maint: 0, retry: 0}
2023-11-20 15:25:22,596 INFO: no action. I am (cdds-postgres-cluster-0), the leader with the lock
2023-11-20 15:25:32,595 INFO: no action. I am (cdds-postgres-cluster-0), the leader with the lock
2023-11-20 15:25:42,595 INFO: no action. I am (cdds-postgres-cluster-0), the leader with the lock
2023-11-20 15:25:44.574 UTC [36] LOG {ticks: 0, maint: 0, retry: 0}
2023-11-20 15:25:52,595 INFO: no action. I am (cdds-postgres-cluster-0), the leader with the lock
2023-11-20 15:26:02,593 INFO: no action. I am (cdds-postgres-cluster-0), the leader with the lock
2023-11-20 15:26:12,595 INFO: no action. I am (cdds-postgres-cluster-0), the leader with the lock
2023-11-20 15:26:14.578 UTC [36] LOG {ticks: 0, maint: 0, retry: 0}
2023-11-20 15:26:22,595 INFO: no action. I am (cdds-postgres-cluster-0), the leader with the lock
2023-11-20 15:26:32,592 INFO: no action. I am (cdds-postgres-cluster-0), the leader with the lock
2023-11-20 15:26:42,595 INFO: no action. I am (cdds-postgres-cluster-0), the leader with the lock
2023-11-20 15:26:44.607 UTC [36] LOG {ticks: 0, maint: 0, retry: 0}
2023-11-20 15:26:52,593 INFO: no action. I am (cdds-postgres-cluster-0), the leader with the lock
2023-11-20 15:27:02,593 INFO: no action. I am (cdds-postgres-cluster-0), the leader with the lock
2023-11-20 15:27:12,597 INFO: no action. I am (cdds-postgres-cluster-0), the leader with the lock
2023-11-20 15:27:14.610 UTC [36] LOG {ticks: 0, maint: 0, retry: 0}
2023-11-20 15:27:22,595 INFO: no action. I am (cdds-postgres-cluster-0), the leader with the lock
2023-11-20 15:27:32,597 INFO: no action. I am (cdds-postgres-cluster-0), the leader with the lock
2023-11-20 15:27:42,593 INFO: no action. I am (cdds-postgres-cluster-0), the leader with the lock
2023-11-20 15:27:44.638 UTC [36] LOG {ticks: 0, maint: 0, retry: 0}
2023-11-20 15:27:52,593 INFO: no action. I am (cdds-postgres-cluster-0), the leader with the lock
2023-11-20 15:28:02,592 INFO: no action. I am (cdds-postgres-cluster-0), the leader with the lock
2023-11-20 15:28:12,593 INFO: no action. I am (cdds-postgres-cluster-0), the leader with the lock
2023-11-20 15:28:14.643 UTC [36] LOG {ticks: 0, maint: 0, retry: 0}
2023-11-20 15:28:22,593 INFO: no action. I am (cdds-postgres-cluster-0), the leader with the lock
2023-11-20 15:28:32,593 INFO: no action. I am (cdds-postgres-cluster-0), the leader with the lock
2023-11-20 15:28:42,593 INFO: no action. I am (cdds-postgres-cluster-0), the leader with the lock
2023-11-20 15:28:44.670 UTC [36] LOG {ticks: 0, maint: 0, retry: 0}
2023-11-20 15:28:52,597 INFO: no action. I am (cdds-postgres-cluster-0), the leader with the lock
2023-11-20 15:29:02,593 INFO: no action. I am (cdds-postgres-cluster-0), the leader with the lock
2023-11-20 15:29:12,593 INFO: no action. I am (cdds-postgres-cluster-0), the leader with the lock
2023-11-20 15:29:14.674 UTC [36] LOG {ticks: 0, maint: 0, retry: 0}
2023-11-20 15:29:22,593 INFO: no action. I am (cdds-postgres-cluster-0), the leader with the lock
2023-11-20 15:29:32,593 INFO: no action. I am (cdds-postgres-cluster-0), the leader with the lock
2023-11-20 15:29:42,593 INFO: no action. I am (cdds-postgres-cluster-0), the leader with the lock
2023-11-20 15:29:44.703 UTC [36] LOG {ticks: 0, maint: 0, retry: 0}
2023-11-20 15:29:52,593 INFO: no action. I am (cdds-postgres-cluster-0), the leader with the lock
2023-11-20 15:30:02,595 INFO: no action. I am (cdds-postgres-cluster-0), the leader with the lock
2023-11-20 15:30:12,595 INFO: no action. I am (cdds-postgres-cluster-0), the leader with the lock
2023-11-20 15:30:14.707 UTC [36] LOG {ticks: 0, maint: 0, retry: 0}
2023-11-20 15:30:22,593 INFO: no action. I am (cdds-postgres-cluster-0), the leader with the lock
2023-11-20 15:30:32,593 INFO: no action. I am (cdds-postgres-cluster-0), the leader with the lock
2023-11-20 15:30:42,599 INFO: no action. I am (cdds-postgres-cluster-0), the leader with the lock
2023-11-20 15:30:44.734 UTC [36] LOG {ticks: 0, maint: 0, retry: 0}
2023-11-20 15:30:52,596 INFO: no action. I am (cdds-postgres-cluster-0), the leader with the lock
2023-11-20 15:31:02,593 INFO: no action. I am (cdds-postgres-cluster-0), the leader with the lock
2023-11-20 15:31:12,593 INFO: no action. I am (cdds-postgres-cluster-0), the leader with the lock
2023-11-20 15:31:14.738 UTC [36] LOG {ticks: 0, maint: 0, retry: 0}
2023-11-20 15:31:22,593 INFO: no action. I am (cdds-postgres-cluster-0), the leader with the lock
2023-11-20 15:31:32,593 INFO: no action. I am (cdds-postgres-cluster-0), the leader with the lock
2023-11-20 15:31:42,593 INFO: no action. I am (cdds-postgres-cluster-0), the leader with the lock
2023-11-20 15:31:44.767 UTC [36] LOG {ticks: 0, maint: 0, retry: 0}
2023-11-20 15:31:52,593 INFO: no action. I am (cdds-postgres-cluster-0), the leader with the lock
2023-11-20 15:32:02,593 INFO: no action. I am (cdds-postgres-cluster-0), the leader with the lock
2023-11-20 15:32:12,596 INFO: no action. I am (cdds-postgres-cluster-0), the leader with the lock
2023-11-20 15:32:14.770 UTC [36] LOG {ticks: 0, maint: 0, retry: 0}
2023-11-20 15:32:22,593 INFO: no action. I am (cdds-postgres-cluster-0), the leader with the lock
2023-11-20 15:32:32,597 INFO: no action. I am (cdds-postgres-cluster-0), the leader with the lock
2023-11-20 15:32:42,595 INFO: no action. I am (cdds-postgres-cluster-0), the leader with the lock
2023-11-20 15:32:44.798 UTC [36] LOG {ticks: 0, maint: 0, retry: 0}
2023-11-20 15:32:52,593 INFO: no action. I am (cdds-postgres-cluster-0), the leader with the lock
2023-11-20 15:33:02,595 INFO: no action. I am (cdds-postgres-cluster-0), the leader with the lock
2023-11-20 15:33:12,596 INFO: no action. I am (cdds-postgres-cluster-0), the leader with the lock
2023-11-20 15:33:14.802 UTC [36] LOG {ticks: 0, maint: 0, retry: 0}
2023-11-20 15:33:22,595 INFO: no action. I am (cdds-postgres-cluster-0), the leader with the lock
2023-11-20 15:33:32,595 INFO: no action. I am (cdds-postgres-cluster-0), the leader with the lock
2023-11-20 15:33:42,593 INFO: no action. I am (cdds-postgres-cluster-0), the leader with the lock
2023-11-20 15:33:44.830 UTC [36] LOG {ticks: 0, maint: 0, retry: 0}
2023-11-20 15:33:52,597 INFO: no action. I am (cdds-postgres-cluster-0), the leader with the lock
2023-11-20 15:34:02,597 INFO: no action. I am (cdds-postgres-cluster-0), the leader with the lock
2023-11-20 15:34:12,595 INFO: no action. I am (cdds-postgres-cluster-0), the leader with the lock
2023-11-20 15:34:14.834 UTC [36] LOG {ticks: 0, maint: 0, retry: 0}
2023-11-20 15:34:22,595 INFO: no action. I am (cdds-postgres-cluster-0), the leader with the lock
2023-11-20 15:34:32,593 INFO: no action. I am (cdds-postgres-cluster-0), the leader with the lock
2023-11-20 15:34:42,597 INFO: no action. I am (cdds-postgres-cluster-0), the leader with the lock
2023-11-20 15:34:44.862 UTC [36] LOG {ticks: 0, maint: 0, retry: 0}
2023-11-20 15:34:52,599 INFO: no action. I am (cdds-postgres-cluster-0), the leader with the lock
2023-11-20 15:35:02,597 INFO: no action. I am (cdds-postgres-cluster-0), the leader with the lock
2023-11-20 15:35:12,595 INFO: no action. I am (cdds-postgres-cluster-0), the leader with the lock
2023-11-20 15:35:14.866 UTC [36] LOG {ticks: 0, maint: 0, retry: 0}
2023-11-20 15:35:22,595 INFO: no action. I am (cdds-postgres-cluster-0), the leader with the lock
2023-11-20 15:35:32,595 INFO: no action. I am (cdds-postgres-cluster-0), the leader with the lock
2023-11-20 15:35:42,593 INFO: no action. I am (cdds-postgres-cluster-0), the leader with the lock
2023-11-20 15:35:44.895 UTC [36] LOG {ticks: 0, maint: 0, retry: 0}
2023-11-20 15:35:52,593 INFO: no action. I am (cdds-postgres-cluster-0), the leader with the lock
2023-11-20 15:36:02,593 INFO: no action. I am (cdds-postgres-cluster-0), the leader with the lock
2023-11-20 15:36:12,593 INFO: no action. I am (cdds-postgres-cluster-0), the leader with the lock
2023-11-20 15:36:14.898 UTC [36] LOG {ticks: 0, maint: 0, retry: 0}
2023-11-20 15:36:22,597 INFO: no action. I am (cdds-postgres-cluster-0), the leader with the lock
2023-11-20 15:36:32,593 INFO: no action. I am (cdds-postgres-cluster-0), the leader with the lock
2023-11-20 15:36:42,593 INFO: no action. I am (cdds-postgres-cluster-0), the leader with the lock
2023-11-20 15:36:44.926 UTC [36] LOG {ticks: 0, maint: 0, retry: 0}
2023-11-20 15:36:52,596 INFO: no action. I am (cdds-postgres-cluster-0), the leader with the lock
2023-11-20 15:37:02,593 INFO: no action. I am (cdds-postgres-cluster-0), the leader with the lock
2023-11-20 15:37:12,593 INFO: no action. I am (cdds-postgres-cluster-0), the leader with the lock
2023-11-20 15:37:14.930 UTC [36] LOG {ticks: 0, maint: 0, retry: 0}
2023-11-20 15:37:22,593 INFO: no action. I am (cdds-postgres-cluster-0), the leader with the lock
2023-11-20 15:37:32,597 INFO: no action. I am (cdds-postgres-cluster-0), the leader with the lock
2023-11-20 15:37:42,593 INFO: no action. I am (cdds-postgres-cluster-0), the leader with the lock
2023-11-20 15:37:44.960 UTC [36] LOG {ticks: 0, maint: 0, retry: 0}
2023-11-20 15:37:52,595 INFO: no action. I am (cdds-postgres-cluster-0), the leader with the lock
2023-11-20 15:38:02,597 INFO: no action. I am (cdds-postgres-cluster-0), the leader with the lock
2023-11-20 15:38:12,593 INFO: no action. I am (cdds-postgres-cluster-0), the leader with the lock
2023-11-20 15:38:14.962 UTC [36] LOG {ticks: 0, maint: 0, retry: 0}
2023-11-20 15:38:22,595 INFO: no action. I am (cdds-postgres-cluster-0), the leader with the lock
2023-11-20 15:38:32,593 INFO: no action. I am (cdds-postgres-cluster-0), the leader with the lock
2023-11-20 15:38:42,595 INFO: no action. I am (cdds-postgres-cluster-0), the leader with the lock
2023-11-20 15:38:44.991 UTC [36] LOG {ticks: 0, maint: 0, retry: 0}
2023-11-20 15:38:52,593 INFO: no action. I am (cdds-postgres-cluster-0), the leader with the lock
2023-11-20 15:39:02,593 INFO: no action. I am (cdds-postgres-cluster-0), the leader with the lock
2023-11-20 15:39:12,595 INFO: no action. I am (cdds-postgres-cluster-0), the leader with the lock
2023-11-20 15:39:14.994 UTC [36] LOG {ticks: 0, maint: 0, retry: 0}
2023-11-20 15:39:22,599 INFO: no action. I am (cdds-postgres-cluster-0), the leader with the lock
2023-11-20 15:39:32,595 INFO: no action. I am (cdds-postgres-cluster-0), the leader with the lock
2023-11-20 15:39:42,597 INFO: no action. I am (cdds-postgres-cluster-0), the leader with the lock
2023-11-20 15:39:45.024 UTC [36] LOG {ticks: 0, maint: 0, retry: 0}
2023-11-20 15:39:52,593 INFO: no action. I am (cdds-postgres-cluster-0), the leader with the lock
2023-11-20 15:40:02,593 INFO: no action. I am (cdds-postgres-cluster-0), the leader with the lock
2023-11-20 15:40:12,598 INFO: no action. I am (cdds-postgres-cluster-0), the leader with the lock
2023-11-20 15:40:15.027 UTC [36] LOG {ticks: 0, maint: 0, retry: 0}
2023-11-20 15:40:22,593 INFO: no action. I am (cdds-postgres-cluster-0), the leader with the lock
2023-11-20 15:40:32,595 INFO: no action. I am (cdds-postgres-cluster-0), the leader with the lock
2023-11-20 15:40:42,594 INFO: no action. I am (cdds-postgres-cluster-0), the leader with the lock
2023-11-20 15:40:45.054 UTC [36] LOG {ticks: 0, maint: 0, retry: 0}
2023-11-20 15:40:52,593 INFO: no action. I am (cdds-postgres-cluster-0), the leader with the lock
2023-11-20 15:41:02,595 INFO: no action. I am (cdds-postgres-cluster-0), the leader with the lock
2023-11-20 15:41:12,593 INFO: no action. I am (cdds-postgres-cluster-0), the leader with the lock
2023-11-20 15:41:15.059 UTC [36] LOG {ticks: 0, maint: 0, retry: 0}
2023-11-20 15:41:22,593 INFO: no action. I am (cdds-postgres-cluster-0), the leader with the lock
2023-11-20 15:41:32,595 INFO: no action. I am (cdds-postgres-cluster-0), the leader with the lock
2023-11-20 15:41:42,593 INFO: no action. I am (cdds-postgres-cluster-0), the leader with the lock
2023-11-20 15:41:45.086 UTC [36] LOG {ticks: 0, maint: 0, retry: 0}
2023-11-20 15:41:52,593 INFO: no action. I am (cdds-postgres-cluster-0), the leader with the lock
2023-11-20 15:42:02,595 INFO: no action. I am (cdds-postgres-cluster-0), the leader with the lock
2023-11-20 15:42:12,595 INFO: no action. I am (cdds-postgres-cluster-0), the leader with the lock
2023-11-20 15:42:15.090 UTC [36] LOG {ticks: 0, maint: 0, retry: 0}
2023-11-20 15:42:22,593 INFO: no action. I am (cdds-postgres-cluster-0), the leader with the lock
2023-11-20 15:42:32,599 INFO: no action. I am (cdds-postgres-cluster-0), the leader with the lock
2023-11-20 15:42:42,593 INFO: no action. I am (cdds-postgres-cluster-0), the leader with the lock
2023-11-20 15:42:45.118 UTC [36] LOG {ticks: 0, maint: 0, retry: 0}
2023-11-20 15:42:52,593 INFO: no action. I am (cdds-postgres-cluster-0), the leader with the lock
2023-11-20 15:43:02,593 INFO: no action. I am (cdds-postgres-cluster-0), the leader with the lock
2023-11-20 15:43:12,593 INFO: no action. I am (cdds-postgres-cluster-0), the leader with the lock
2023-11-20 15:43:15.123 UTC [36] LOG {ticks: 0, maint: 0, retry: 0}
2023-11-20 15:43:22,596 INFO: no action. I am (cdds-postgres-cluster-0), the leader with the lock
2023-11-20 15:43:32,595 INFO: no action. I am (cdds-postgres-cluster-0), the leader with the lock
2023-11-20 15:43:42,597 INFO: no action. I am (cdds-postgres-cluster-0), the leader with the lock
2023-11-20 15:43:45.150 UTC [36] LOG {ticks: 0, maint: 0, retry: 0}
2023-11-20 15:43:52,597 INFO: no action. I am (cdds-postgres-cluster-0), the leader with the lock
2023-11-20 15:44:02,593 INFO: no action. I am (cdds-postgres-cluster-0), the leader with the lock
2023-11-20 15:44:12,596 INFO: no action. I am (cdds-postgres-cluster-0), the leader with the lock
2023-11-20 15:44:15.150 UTC [36] LOG {ticks: 0, maint: 0, retry: 0}
2023-11-20 15:44:22,595 INFO: no action. I am (cdds-postgres-cluster-0), the leader with the lock
2023-11-20 15:44:32,595 INFO: no action. I am (cdds-postgres-cluster-0), the leader with the lock
2023-11-20 15:44:42,596 INFO: no action. I am (cdds-postgres-cluster-0), the leader with the lock
2023-11-20 15:44:45.179 UTC [36] LOG {ticks: 0, maint: 0, retry: 0}
2023-11-20 15:44:52,595 INFO: no action. I am (cdds-postgres-cluster-0), the leader with the lock
2023-11-20 15:45:02,593 INFO: no action. I am (cdds-postgres-cluster-0), the leader with the lock
2023-11-20 15:45:12,593 INFO: no action. I am (cdds-postgres-cluster-0), the leader with the lock
2023-11-20 15:45:15.182 UTC [36] LOG {ticks: 0, maint: 0, retry: 0}
2023-11-20 15:45:22,595 INFO: no action. I am (cdds-postgres-cluster-0), the leader with the lock
2023-11-20 15:45:32,599 INFO: no action. I am (cdds-postgres-cluster-0), the leader with the lock
2023-11-20 15:45:42,593 INFO: no action. I am (cdds-postgres-cluster-0), the leader with the lock
2023-11-20 15:45:45.212 UTC [36] LOG {ticks: 0, maint: 0, retry: 0}
2023-11-20 15:45:52,595 INFO: no action. I am (cdds-postgres-cluster-0), the leader with the lock
2023-11-20 15:46:02,593 INFO: no action. I am (cdds-postgres-cluster-0), the leader with the lock
2023-11-20 15:46:12,595 INFO: no action. I am (cdds-postgres-cluster-0), the leader with the lock
2023-11-20 15:46:15.214 UTC [36] LOG {ticks: 0, maint: 0, retry: 0}
2023-11-20 15:46:22,595 INFO: no action. I am (cdds-postgres-cluster-0), the leader with the lock
2023-11-20 15:46:32,599 INFO: no action. I am (cdds-postgres-cluster-0), the leader with the lock
2023-11-20 15:46:42,593 INFO: no action. I am (cdds-postgres-cluster-0), the leader with the lock
2023-11-20 15:46:45.239 UTC [36] LOG {ticks: 0, maint: 0, retry: 0}
2023-11-20 15:46:52,593 INFO: no action. I am (cdds-postgres-cluster-0), the leader with the lock
2023-11-20 15:47:02,597 INFO: no action. I am (cdds-postgres-cluster-0), the leader with the lock
2023-11-20 15:47:12,597 INFO: no action. I am (cdds-postgres-cluster-0), the leader with the lock
2023-11-20 15:47:15.242 UTC [36] LOG {ticks: 0, maint: 0, retry: 0}
2023-11-20 15:47:22,597 INFO: no action. I am (cdds-postgres-cluster-0), the leader with the lock
2023-11-20 15:47:32,597 INFO: no action. I am (cdds-postgres-cluster-0), the leader with the lock
2023-11-20 15:47:42,593 INFO: no action. I am (cdds-postgres-cluster-0), the leader with the lock
2023-11-20 15:47:45.271 UTC [36] LOG {ticks: 0, maint: 0, retry: 0}
2023-11-20 15:47:52,593 INFO: no action. I am (cdds-postgres-cluster-0), the leader with the lock
2023-11-20 15:48:02,593 INFO: no action. I am (cdds-postgres-cluster-0), the leader with the lock
2023-11-20 15:48:12,593 INFO: no action. I am (cdds-postgres-cluster-0), the leader with the lock
2023-11-20 15:48:15.275 UTC [36] LOG {ticks: 0, maint: 0, retry: 0}
2023-11-20 15:48:22,597 INFO: no action. I am (cdds-postgres-cluster-0), the leader with the lock
2023-11-20 15:48:32,593 INFO: no action. I am (cdds-postgres-cluster-0), the leader with the lock
2023-11-20 15:48:42,595 INFO: no action. I am (cdds-postgres-cluster-0), the leader with the lock
2023-11-20 15:48:45.302 UTC [36] LOG {ticks: 0, maint: 0, retry: 0}
2023-11-20 15:48:52,595 INFO: no action. I am (cdds-postgres-cluster-0), the leader with the lock
2023-11-20 15:49:02,593 INFO: no action. I am (cdds-postgres-cluster-0), the leader with the lock
2023-11-20 15:49:12,593 INFO: no action. I am (cdds-postgres-cluster-0), the leader with the lock
2023-11-20 15:49:15.306 UTC [36] LOG {ticks: 0, maint: 0, retry: 0}
2023-11-20 15:49:22,595 INFO: no action. I am (cdds-postgres-cluster-0), the leader with the lock
2023-11-20 15:49:32,593 INFO: no action. I am (cdds-postgres-cluster-0), the leader with the lock
2023-11-20 15:49:42,593 INFO: no action. I am (cdds-postgres-cluster-0), the leader with the lock
2023-11-20 15:49:45.335 UTC [36] LOG {ticks: 0, maint: 0, retry: 0}
2023-11-20 15:49:52,593 INFO: no action. I am (cdds-postgres-cluster-0), the leader with the lock
2023-11-20 15:50:02,595 INFO: no action. I am (cdds-postgres-cluster-0), the leader with the lock
2023-11-20 15:50:12,593 INFO: no action. I am (cdds-postgres-cluster-0), the leader with the lock
2023-11-20 15:50:15.338 UTC [36] LOG {ticks: 0, maint: 0, retry: 0}
2023-11-20 15:50:22,593 INFO: no action. I am (cdds-postgres-cluster-0), the leader with the lock
2023-11-20 15:50:32,597 INFO: no action. I am (cdds-postgres-cluster-0), the leader with the lock
2023-11-20 15:50:42,593 INFO: no action. I am (cdds-postgres-cluster-0), the leader with the lock
2023-11-20 15:50:45.367 UTC [36] LOG {ticks: 0, maint: 0, retry: 0}
2023-11-20 15:50:52,593 INFO: no action. I am (cdds-postgres-cluster-0), the leader with the lock
2023-11-20 15:51:02,593 INFO: no action. I am (cdds-postgres-cluster-0), the leader with the lock
2023-11-20 15:51:12,597 INFO: no action. I am (cdds-postgres-cluster-0), the leader with the lock
2023-11-20 15:51:15.370 UTC [36] LOG {ticks: 0, maint: 0, retry: 0}
2023-11-20 15:51:22,593 INFO: no action. I am (cdds-postgres-cluster-0), the leader with the lock
2023-11-20 15:51:32,592 INFO: no action. I am (cdds-postgres-cluster-0), the leader with the lock
2023-11-20 15:51:42,597 INFO: no action. I am (cdds-postgres-cluster-0), the leader with the lock
2023-11-20 15:51:45.398 UTC [36] LOG {ticks: 0, maint: 0, retry: 0}
2023-11-20 15:51:52,592 INFO: no action. I am (cdds-postgres-cluster-0), the leader with the lock
2023-11-20 15:52:02,594 INFO: no action. I am (cdds-postgres-cluster-0), the leader with the lock
2023-11-20 15:52:12,594 INFO: no action. I am (cdds-postgres-cluster-0), the leader with the lock
2023-11-20 15:52:15.402 UTC [36] LOG {ticks: 0, maint: 0, retry: 0}
2023-11-20 15:52:22,592 INFO: no action. I am (cdds-postgres-cluster-0), the leader with the lock
2023-11-20 15:52:32,594 INFO: no action. I am (cdds-postgres-cluster-0), the leader with the lock
2023-11-20 15:52:42,592 INFO: no action. I am (cdds-postgres-cluster-0), the leader with the lock
2023-11-20 15:52:45.432 UTC [36] LOG {ticks: 0, maint: 0, retry: 0}
2023-11-20 15:52:52,593 INFO: no action. I am (cdds-postgres-cluster-0), the leader with the lock
2023-11-20 15:53:02,593 INFO: no action. I am (cdds-postgres-cluster-0), the leader with the lock
2023-11-20 15:53:12,599 INFO: no action. I am (cdds-postgres-cluster-0), the leader with the lock
2023-11-20 15:53:15.434 UTC [36] LOG {ticks: 0, maint: 0, retry: 0}
2023-11-20 15:53:22,595 INFO: no action. I am (cdds-postgres-cluster-0), the leader with the lock
2023-11-20 15:53:32,593 INFO: no action. I am (cdds-postgres-cluster-0), the leader with the lock
2023-11-20 15:53:42,599 INFO: no action. I am (cdds-postgres-cluster-0), the leader with the lock
2023-11-20 15:53:45.462 UTC [36] LOG {ticks: 0, maint: 0, retry: 0}
2023-11-20 15:53:52,597 INFO: no action. I am (cdds-postgres-cluster-0), the leader with the lock
2023-11-20 15:54:02,593 INFO: no action. I am (cdds-postgres-cluster-0), the leader with the lock
2023-11-20 15:54:12,593 INFO: no action. I am (cdds-postgres-cluster-0), the leader with the lock
2023-11-20 15:54:15.466 UTC [36] LOG {ticks: 0, maint: 0, retry: 0}
2023-11-20 15:54:22,595 INFO: no action. I am (cdds-postgres-cluster-0), the leader with the lock
2023-11-20 15:54:32,593 INFO: no action. I am (cdds-postgres-cluster-0), the leader with the lock
2023-11-20 15:54:42,593 INFO: no action. I am (cdds-postgres-cluster-0), the leader with the lock
2023-11-20 15:54:45.492 UTC [36] LOG {ticks: 0, maint: 0, retry: 0}
2023-11-20 15:54:52,593 INFO: no action. I am (cdds-postgres-cluster-0), the leader with the lock
2023-11-20 15:55:02,593 INFO: no action. I am (cdds-postgres-cluster-0), the leader with the lock
2023-11-20 15:55:12,600 INFO: no action. I am (cdds-postgres-cluster-0), the leader with the lock
2023-11-20 15:55:15.495 UTC [36] LOG {ticks: 0, maint: 0, retry: 0}
2023-11-20 15:55:22,593 INFO: no action. I am (cdds-postgres-cluster-0), the leader with the lock
2023-11-20 15:55:32,593 INFO: no action. I am (cdds-postgres-cluster-0), the leader with the lock
2023-11-20 15:55:42,593 INFO: no action. I am (cdds-postgres-cluster-0), the leader with the lock
2023-11-20 15:55:45.524 UTC [36] LOG {ticks: 0, maint: 0, retry: 0}
2023-11-20 15:55:52,595 INFO: no action. I am (cdds-postgres-cluster-0), the leader with the lock
2023-11-20 15:56:02,593 INFO: no action. I am (cdds-postgres-cluster-0), the leader with the lock
2023-11-20 15:56:12,597 INFO: no action. I am (cdds-postgres-cluster-0), the leader with the lock
2023-11-20 15:56:15.527 UTC [36] LOG {ticks: 0, maint: 0, retry: 0}
2023-11-20 15:56:22,593 INFO: no action. I am (cdds-postgres-cluster-0), the leader with the lock
2023-11-20 15:56:32,597 INFO: no action. I am (cdds-postgres-cluster-0), the leader with the lock
2023-11-20 15:56:42,597 INFO: no action. I am (cdds-postgres-cluster-0), the leader with the lock
2023-11-20 15:56:45.554 UTC [36] LOG {ticks: 0, maint: 0, retry: 0}
2023-11-20 15:56:52,595 INFO: no action. I am (cdds-postgres-cluster-0), the leader with the lock
2023-11-20 15:57:02,597 INFO: no action. I am (cdds-postgres-cluster-0), the leader with the lock
2023-11-20 15:57:12,593 INFO: no action. I am (cdds-postgres-cluster-0), the leader with the lock
2023-11-20 15:57:15.558 UTC [36] LOG {ticks: 0, maint: 0, retry: 0}
2023-11-20 15:57:22,593 INFO: no action. I am (cdds-postgres-cluster-0), the leader with the lock
2023-11-20 15:57:32,592 INFO: no action. I am (cdds-postgres-cluster-0), the leader with the lock
2023-11-20 15:57:42,593 INFO: no action. I am (cdds-postgres-cluster-0), the leader with the lock
2023-11-20 15:57:45.586 UTC [36] LOG {ticks: 0, maint: 0, retry: 0}
2023-11-20 15:57:52,597 INFO: no action. I am (cdds-postgres-cluster-0), the leader with the lock
2023-11-20 15:58:02,593 INFO: no action. I am (cdds-postgres-cluster-0), the leader with the lock
2023-11-20 15:58:12,593 INFO: no action. I am (cdds-postgres-cluster-0), the leader with the lock
2023-11-20 15:58:15.591 UTC [36] LOG {ticks: 0, maint: 0, retry: 0}
2023-11-20 15:58:22,594 INFO: no action. I am (cdds-postgres-cluster-0), the leader with the lock
2023-11-20 15:58:32,597 INFO: no action. I am (cdds-postgres-cluster-0), the leader with the lock
2023-11-20 15:58:42,593 INFO: no action. I am (cdds-postgres-cluster-0), the leader with the lock
2023-11-20 15:58:45.619 UTC [36] LOG {ticks: 0, maint: 0, retry: 0}
2023-11-20 15:58:52,593 INFO: no action. I am (cdds-postgres-cluster-0), the leader with the lock
2023-11-20 15:59:02,593 INFO: no action. I am (cdds-postgres-cluster-0), the leader with the lock
2023-11-20 15:59:12,599 INFO: no action. I am (cdds-postgres-cluster-0), the leader with the lock
2023-11-20 15:59:15.622 UTC [36] LOG {ticks: 0, maint: 0, retry: 0}
2023-11-20 15:59:22,597 INFO: no action. I am (cdds-postgres-cluster-0), the leader with the lock
2023-11-20 15:59:32,597 INFO: no action. I am (cdds-postgres-cluster-0), the leader with the lock
2023-11-20 15:59:42,593 INFO: no action. I am (cdds-postgres-cluster-0), the leader with the lock
2023-11-20 15:59:45.652 UTC [36] LOG {ticks: 0, maint: 0, retry: 0}
2023-11-20 15:59:52,593 INFO: no action. I am (cdds-postgres-cluster-0), the leader with the lock
2023-11-20 16:00:02,593 INFO: no action. I am (cdds-postgres-cluster-0), the leader with the lock
2023-11-20 16:00:12,593 INFO: no action. I am (cdds-postgres-cluster-0), the leader with the lock
2023-11-20 16:00:15.654 UTC [36] LOG {ticks: 0, maint: 0, retry: 0}
2023-11-20 16:00:22,597 INFO: no action. I am (cdds-postgres-cluster-0), the leader with the lock
2023-11-20 16:00:32,595 INFO: no action. I am (cdds-postgres-cluster-0), the leader with the lock
2023-11-20 16:00:42,595 INFO: no action. I am (cdds-postgres-cluster-0), the leader with the lock
2023-11-20 16:00:45.683 UTC [36] LOG {ticks: 0, maint: 0, retry: 0}
2023-11-20 16:00:52,595 INFO: no action. I am (cdds-postgres-cluster-0), the leader with the lock
2023-11-20 16:01:02,593 INFO: no action. I am (cdds-postgres-cluster-0), the leader with the lock
2023-11-20 16:01:12,593 INFO: no action. I am (cdds-postgres-cluster-0), the leader with the lock
2023-11-20 16:01:15.687 UTC [36] LOG {ticks: 0, maint: 0, retry: 0}
2023-11-20 16:01:22,593 INFO: no action. I am (cdds-postgres-cluster-0), the leader with the lock
2023-11-20 16:01:32,597 INFO: no action. I am (cdds-postgres-cluster-0), the leader with the lock
2023-11-20 16:01:42,595 INFO: no action. I am (cdds-postgres-cluster-0), the leader with the lock
2023-11-20 16:01:45.714 UTC [36] LOG {ticks: 0, maint: 0, retry: 0}
2023-11-20 16:01:52,600 INFO: no action. I am (cdds-postgres-cluster-0), the leader with the lock
2023-11-20 16:02:02,593 INFO: no action. I am (cdds-postgres-cluster-0), the leader with the lock
2023-11-20 16:02:12,593 INFO: no action. I am (cdds-postgres-cluster-0), the leader with the lock
2023-11-20 16:02:15.718 UTC [36] LOG {ticks: 0, maint: 0, retry: 0}
2023-11-20 16:02:22,593 INFO: no action. I am (cdds-postgres-cluster-0), the leader with the lock
2023-11-20 16:02:32,593 INFO: no action. I am (cdds-postgres-cluster-0), the leader with the lock
2023-11-20 16:02:42,593 INFO: no action. I am (cdds-postgres-cluster-0), the leader with the lock
2023-11-20 16:02:45.746 UTC [36] LOG {ticks: 0, maint: 0, retry: 0}
2023-11-20 16:02:52,597 INFO: no action. I am (cdds-postgres-cluster-0), the leader with the lock
2023-11-20 16:03:02,596 INFO: no action. I am (cdds-postgres-cluster-0), the leader with the lock
2023-11-20 16:03:12,593 INFO: no action. I am (cdds-postgres-cluster-0), the leader with the lock
2023-11-20 16:03:15.750 UTC [36] LOG {ticks: 0, maint: 0, retry: 0}
2023-11-20 16:03:22,593 INFO: no action. I am (cdds-postgres-cluster-0), the leader with the lock
2023-11-20 16:03:32,593 INFO: no action. I am (cdds-postgres-cluster-0), the leader with the lock
2023-11-20 16:03:42,596 INFO: no action. I am (cdds-postgres-cluster-0), the leader with the lock
2023-11-20 16:03:45.775 UTC [36] LOG {ticks: 0, maint: 0, retry: 0}
2023-11-20 16:03:52,593 INFO: no action. I am (cdds-postgres-cluster-0), the leader with the lock
2023-11-20 16:04:02,593 INFO: no action. I am (cdds-postgres-cluster-0), the leader with the lock
2023-11-20 16:04:12,595 INFO: no action. I am (cdds-postgres-cluster-0), the leader with the lock
2023-11-20 16:04:15.779 UTC [36] LOG {ticks: 0, maint: 0, retry: 0}
2023-11-20 16:04:22,593 INFO: no action. I am (cdds-postgres-cluster-0), the leader with the lock
2023-11-20 16:04:32,597 INFO: no action. I am (cdds-postgres-cluster-0), the leader with the lock
2023-11-20 16:04:42,594 INFO: no action. I am (cdds-postgres-cluster-0), the leader with the lock
2023-11-20 16:04:45.806 UTC [36] LOG {ticks: 0, maint: 0, retry: 0}
2023-11-20 16:04:52,593 INFO: no action. I am (cdds-postgres-cluster-0), the leader with the lock
2023-11-20 16:05:02,597 INFO: no action. I am (cdds-postgres-cluster-0), the leader with the lock
2023-11-20 16:05:12,596 INFO: no action. I am (cdds-postgres-cluster-0), the leader with the lock
2023-11-20 16:05:15.810 UTC [36] LOG {ticks: 0, maint: 0, retry: 0}
2023-11-20 16:05:22,593 INFO: no action. I am (cdds-postgres-cluster-0), the leader with the lock
2023-11-20 16:05:32,593 INFO: no action. I am (cdds-postgres-cluster-0), the leader with the lock
2023-11-20 16:05:42,593 INFO: no action. I am (cdds-postgres-cluster-0), the leader with the lock
2023-11-20 16:05:45.838 UTC [36] LOG {ticks: 0, maint: 0, retry: 0}
2023-11-20 16:05:52,595 INFO: no action. I am (cdds-postgres-cluster-0), the leader with the lock
2023-11-20 16:06:02,597 INFO: no action. I am (cdds-postgres-cluster-0), the leader with the lock
2023-11-20 16:06:12,593 INFO: no action. I am (cdds-postgres-cluster-0), the leader with the lock
2023-11-20 16:06:15.842 UTC [36] LOG {ticks: 0, maint: 0, retry: 0}
2023-11-20 16:06:22,593 INFO: no action. I am (cdds-postgres-cluster-0), the leader with the lock
2023-11-20 16:06:32,597 INFO: no action. I am (cdds-postgres-cluster-0), the leader with the lock
2023-11-20 16:06:42,597 INFO: no action. I am (cdds-postgres-cluster-0), the leader with the lock
2023-11-20 16:06:45.872 UTC [36] LOG {ticks: 0, maint: 0, retry: 0}
2023-11-20 16:06:52,593 INFO: no action. I am (cdds-postgres-cluster-0), the leader with the lock
2023-11-20 16:07:02,600 INFO: no action. I am (cdds-postgres-cluster-0), the leader with the lock
2023-11-20 16:07:12,599 INFO: no action. I am (cdds-postgres-cluster-0), the leader with the lock
2023-11-20 16:07:15.874 UTC [36] LOG {ticks: 0, maint: 0, retry: 0}
2023-11-20 16:07:22,593 INFO: no action. I am (cdds-postgres-cluster-0), the leader with the lock
2023-11-20 16:07:32,593 INFO: no action. I am (cdds-postgres-cluster-0), the leader with the lock
2023-11-20 16:07:42,593 INFO: no action. I am (cdds-postgres-cluster-0), the leader with the lock
2023-11-20 16:07:45.904 UTC [36] LOG {ticks: 0, maint: 0, retry: 0}
2023-11-20 16:07:52,595 INFO: no action. I am (cdds-postgres-cluster-0), the leader with the lock
2023-11-20 16:08:02,593 INFO: no action. I am (cdds-postgres-cluster-0), the leader with the lock
2023-11-20 16:08:12,596 INFO: no action. I am (cdds-postgres-cluster-0), the leader with the lock
2023-11-20 16:08:15.907 UTC [36] LOG {ticks: 0, maint: 0, retry: 0}
2023-11-20 16:08:22,597 INFO: no action. I am (cdds-postgres-cluster-0), the leader with the lock
2023-11-20 16:08:32,596 INFO: no action. I am (cdds-postgres-cluster-0), the leader with the lock
2023-11-20 16:08:42,593 INFO: no action. I am (cdds-postgres-cluster-0), the leader with the lock
2023-11-20 16:08:45.934 UTC [36] LOG {ticks: 0, maint: 0, retry: 0}
2023-11-20 16:08:52,597 INFO: no action. I am (cdds-postgres-cluster-0), the leader with the lock
2023-11-20 16:09:02,597 INFO: no action. I am (cdds-postgres-cluster-0), the leader with the lock
2023-11-20 16:09:12,593 INFO: no action. I am (cdds-postgres-cluster-0), the leader with the lock
2023-11-20 16:09:15.938 UTC [36] LOG {ticks: 0, maint: 0, retry: 0}
2023-11-20 16:09:22,596 INFO: no action. I am (cdds-postgres-cluster-0), the leader with the lock
2023-11-20 16:09:32,597 INFO: no action. I am (cdds-postgres-cluster-0), the leader with the lock
2023-11-20 16:09:42,593 INFO: no action. I am (cdds-postgres-cluster-0), the leader with the lock
2023-11-20 16:09:45.966 UTC [36] LOG {ticks: 0, maint: 0, retry: 0}
2023-11-20 16:09:52,595 INFO: no action. I am (cdds-postgres-cluster-0), the leader with the lock
2023-11-20 16:10:02,593 INFO: no action. I am (cdds-postgres-cluster-0), the leader with the lock
2023-11-20 16:10:12,593 INFO: no action. I am (cdds-postgres-cluster-0), the leader with the lock
2023-11-20 16:10:15.970 UTC [36] LOG {ticks: 0, maint: 0, retry: 0}
2023-11-20 16:10:22,593 INFO: no action. I am (cdds-postgres-cluster-0), the leader with the lock
2023-11-20 16:10:32,596 INFO: no action. I am (cdds-postgres-cluster-0), the leader with the lock
2023-11-20 16:10:42,595 INFO: no action. I am (cdds-postgres-cluster-0), the leader with the lock
2023-11-20 16:10:46.000 UTC [36] LOG {ticks: 0, maint: 0, retry: 0}
2023-11-20 16:10:52,595 INFO: no action. I am (cdds-postgres-cluster-0), the leader with the lock
2023-11-20 16:11:02,593 INFO: no action. I am (cdds-postgres-cluster-0), the leader with the lock
2023-11-20 16:11:12,593 INFO: no action. I am (cdds-postgres-cluster-0), the leader with the lock
2023-11-20 16:11:16.003 UTC [36] LOG {ticks: 0, maint: 0, retry: 0}
2023-11-20 16:11:22,601 INFO: no action. I am (cdds-postgres-cluster-0), the leader with the lock
2023-11-20 16:11:32,596 INFO: no action. I am (cdds-postgres-cluster-0), the leader with the lock
2023-11-20 16:11:42,595 INFO: no action. I am (cdds-postgres-cluster-0), the leader with the lock
2023-11-20 16:11:46.032 UTC [36] LOG {ticks: 0, maint: 0, retry: 0}
2023-11-20 16:11:52,593 INFO: no action. I am (cdds-postgres-cluster-0), the leader with the lock
2023-11-20 16:12:02,597 INFO: no action. I am (cdds-postgres-cluster-0), the leader with the lock
2023-11-20 16:12:12,593 INFO: no action. I am (cdds-postgres-cluster-0), the leader with the lock
2023-11-20 16:12:16.035 UTC [36] LOG {ticks: 0, maint: 0, retry: 0}
2023-11-20 16:12:22,598 INFO: no action. I am (cdds-postgres-cluster-0), the leader with the lock
2023-11-20 16:12:32,595 INFO: no action. I am (cdds-postgres-cluster-0), the leader with the lock
2023-11-20 16:12:42,597 INFO: no action. I am (cdds-postgres-cluster-0), the leader with the lock
2023-11-20 16:12:46.065 UTC [36] LOG {ticks: 0, maint: 0, retry: 0}
2023-11-20 16:12:52,593 INFO: no action. I am (cdds-postgres-cluster-0), the leader with the lock
2023-11-20 16:13:02,593 INFO: no action. I am (cdds-postgres-cluster-0), the leader with the lock
2023-11-20 16:13:12,593 INFO: no action. I am (cdds-postgres-cluster-0), the leader with the lock
2023-11-20 16:13:16.066 UTC [36] LOG {ticks: 0, maint: 0, retry: 0}
2023-11-20 16:13:22,593 INFO: no action. I am (cdds-postgres-cluster-0), the leader with the lock
2023-11-20 16:13:32,593 INFO: no action. I am (cdds-postgres-cluster-0), the leader with the lock
2023-11-20 16:13:42,593 INFO: no action. I am (cdds-postgres-cluster-0), the leader with the lock
2023-11-20 16:13:46.094 UTC [36] LOG {ticks: 0, maint: 0, retry: 0}
2023-11-20 16:13:52,593 INFO: no action. I am (cdds-postgres-cluster-0), the leader with the lock
2023-11-20 16:14:02,595 INFO: no action. I am (cdds-postgres-cluster-0), the leader with the lock
2023-11-20 16:14:12,595 INFO: no action. I am (cdds-postgres-cluster-0), the leader with the lock
2023-11-20 16:14:16.098 UTC [36] LOG {ticks: 0, maint: 0, retry: 0}
2023-11-20 16:14:22,593 INFO: no action. I am (cdds-postgres-cluster-0), the leader with the lock
2023-11-20 16:14:32,593 INFO: no action. I am (cdds-postgres-cluster-0), the leader with the lock
2023-11-20 16:14:42,597 INFO: no action. I am (cdds-postgres-cluster-0), the leader with the lock
2023-11-20 16:14:46.127 UTC [36] LOG {ticks: 0, maint: 0, retry: 0}
2023-11-20 16:14:52,593 INFO: no action. I am (cdds-postgres-cluster-0), the leader with the lock
2023-11-20 16:15:02,597 INFO: no action. I am (cdds-postgres-cluster-0), the leader with the lock
2023-11-20 16:15:12,593 INFO: no action. I am (cdds-postgres-cluster-0), the leader with the lock
2023-11-20 16:15:16.131 UTC [36] LOG {ticks: 0, maint: 0, retry: 0}
2023-11-20 16:15:22,593 INFO: no action. I am (cdds-postgres-cluster-0), the leader with the lock
2023-11-20 16:15:32,593 INFO: no action. I am (cdds-postgres-cluster-0), the leader with the lock
2023-11-20 16:15:42,593 INFO: no action. I am (cdds-postgres-cluster-0), the leader with the lock
2023-11-20 16:15:46.158 UTC [36] LOG {ticks: 0, maint: 0, retry: 0}
2023-11-20 16:15:52,593 INFO: no action. I am (cdds-postgres-cluster-0), the leader with the lock
2023-11-20 16:16:02,593 INFO: no action. I am (cdds-postgres-cluster-0), the leader with the lock
2023-11-20 16:16:12,593 INFO: no action. I am (cdds-postgres-cluster-0), the leader with the lock
2023-11-20 16:16:16.162 UTC [36] LOG {ticks: 0, maint: 0, retry: 0}
2023-11-20 16:16:22,593 INFO: no action. I am (cdds-postgres-cluster-0), the leader with the lock
2023-11-20 16:16:32,593 INFO: no action. I am (cdds-postgres-cluster-0), the leader with the lock
2023-11-20 16:16:42,599 INFO: no action. I am (cdds-postgres-cluster-0), the leader with the lock
2023-11-20 16:16:46.190 UTC [36] LOG {ticks: 0, maint: 0, retry: 0}
2023-11-20 16:16:52,593 INFO: no action. I am (cdds-postgres-cluster-0), the leader with the lock
2023-11-20 16:17:02,597 INFO: no action. I am (cdds-postgres-cluster-0), the leader with the lock
2023-11-20 16:17:12,593 INFO: no action. I am (cdds-postgres-cluster-0), the leader with the lock
2023-11-20 16:17:16.195 UTC [36] LOG {ticks: 0, maint: 0, retry: 0}
2023-11-20 16:17:22,597 INFO: no action. I am (cdds-postgres-cluster-0), the leader with the lock
2023-11-20 16:17:32,594 INFO: no action. I am (cdds-postgres-cluster-0), the leader with the lock
2023-11-20 16:17:42,595 INFO: no action. I am (cdds-postgres-cluster-0), the leader with the lock
2023-11-20 16:17:46.225 UTC [36] LOG {ticks: 0, maint: 0, retry: 0}
2023-11-20 16:17:52,593 INFO: no action. I am (cdds-postgres-cluster-0), the leader with the lock
2023-11-20 16:18:02,596 INFO: no action. I am (cdds-postgres-cluster-0), the leader with the lock
2023-11-20 16:18:12,593 INFO: no action. I am (cdds-postgres-cluster-0), the leader with the lock
2023-11-20 16:18:16.227 UTC [36] LOG {ticks: 0, maint: 0, retry: 0}
2023-11-20 16:18:22,595 INFO: no action. I am (cdds-postgres-cluster-0), the leader with the lock
2023-11-20 16:18:32,595 INFO: no action. I am (cdds-postgres-cluster-0), the leader with the lock
2023-11-20 16:18:42,597 INFO: no action. I am (cdds-postgres-cluster-0), the leader with the lock
2023-11-20 16:18:46.247 UTC [36] LOG {ticks: 0, maint: 0, retry: 0}
2023-11-20 16:18:52,593 INFO: no action. I am (cdds-postgres-cluster-0), the leader with the lock
2023-11-20 16:19:02,599 INFO: no action. I am (cdds-postgres-cluster-0), the leader with the lock
2023-11-20 16:19:12,593 INFO: no action. I am (cdds-postgres-cluster-0), the leader with the lock
2023-11-20 16:19:16.250 UTC [36] LOG {ticks: 0, maint: 0, retry: 0}
2023-11-20 16:19:22,593 INFO: no action. I am (cdds-postgres-cluster-0), the leader with the lock
2023-11-20 16:19:32,593 INFO: no action. I am (cdds-postgres-cluster-0), the leader with the lock
2023-11-20 16:19:42,593 INFO: no action. I am (cdds-postgres-cluster-0), the leader with the lock
2023-11-20 16:19:46.279 UTC [36] LOG {ticks: 0, maint: 0, retry: 0}
2023-11-20 16:19:52,593 INFO: no action. I am (cdds-postgres-cluster-0), the leader with the lock
2023-11-20 16:20:02,597 INFO: no action. I am (cdds-postgres-cluster-0), the leader with the lock
2023-11-20 16:20:12,593 INFO: no action. I am (cdds-postgres-cluster-0), the leader with the lock
2023-11-20 16:20:16.283 UTC [36] LOG {ticks: 0, maint: 0, retry: 0}
2023-11-20 16:20:22,596 INFO: no action. I am (cdds-postgres-cluster-0), the leader with the lock
2023-11-20 16:20:32,593 INFO: no action. I am (cdds-postgres-cluster-0), the leader with the lock
2023-11-20 16:20:42,593 INFO: no action. I am (cdds-postgres-cluster-0), the leader with the lock
2023-11-20 16:20:46.313 UTC [36] LOG {ticks: 0, maint: 0, retry: 0}
2023-11-20 16:20:52,599 INFO: no action. I am (cdds-postgres-cluster-0), the leader with the lock
2023-11-20 16:21:02,597 INFO: no action. I am (cdds-postgres-cluster-0), the leader with the lock
2023-11-20 16:21:12,593 INFO: no action. I am (cdds-postgres-cluster-0), the leader with the lock
2023-11-20 16:21:16.315 UTC [36] LOG {ticks: 0, maint: 0, retry: 0}
2023-11-20 16:21:22,597 INFO: no action. I am (cdds-postgres-cluster-0), the leader with the lock
2023-11-20 16:21:32,593 INFO: no action. I am (cdds-postgres-cluster-0), the leader with the lock
2023-11-20 16:21:42,595 INFO: no action. I am (cdds-postgres-cluster-0), the leader with the lock
2023-11-20 16:21:46.342 UTC [36] LOG {ticks: 0, maint: 0, retry: 0}
2023-11-20 16:21:52,593 INFO: no action. I am (cdds-postgres-cluster-0), the leader with the lock
2023-11-20 16:22:02,595 INFO: no action. I am (cdds-postgres-cluster-0), the leader with the lock
2023-11-20 16:22:12,595 INFO: no action. I am (cdds-postgres-cluster-0), the leader with the lock
2023-11-20 16:22:16.346 UTC [36] LOG {ticks: 0, maint: 0, retry: 0}
2023-11-20 16:22:22,595 INFO: no action. I am (cdds-postgres-cluster-0), the leader with the lock
2023-11-20 16:22:32,595 INFO: no action. I am (cdds-postgres-cluster-0), the leader with the lock
2023-11-20 16:22:42,593 INFO: no action. I am (cdds-postgres-cluster-0), the leader with the lock
2023-11-20 16:22:46.374 UTC [36] LOG {ticks: 0, maint: 0, retry: 0}
2023-11-20 16:22:52,593 INFO: no action. I am (cdds-postgres-cluster-0), the leader with the lock
2023-11-20 16:23:02,593 INFO: no action. I am (cdds-postgres-cluster-0), the leader with the lock
2023-11-20 16:23:12,597 INFO: no action. I am (cdds-postgres-cluster-0), the leader with the lock
2023-11-20 16:23:16.379 UTC [36] LOG {ticks: 0, maint: 0, retry: 0}
2023-11-20 16:23:22,593 INFO: no action. I am (cdds-postgres-cluster-0), the leader with the lock
2023-11-20 16:23:32,597 INFO: no action. I am (cdds-postgres-cluster-0), the leader with the lock
2023-11-20 16:23:42,593 INFO: no action. I am (cdds-postgres-cluster-0), the leader with the lock
2023-11-20 16:23:46.407 UTC [36] LOG {ticks: 0, maint: 0, retry: 0}
2023-11-20 16:23:52,593 INFO: no action. I am (cdds-postgres-cluster-0), the leader with the lock
2023-11-20 16:24:02,593 INFO: no action. I am (cdds-postgres-cluster-0), the leader with the lock
2023-11-20 16:24:12,593 INFO: no action. I am (cdds-postgres-cluster-0), the leader with the lock
2023-11-20 16:24:16.410 UTC [36] LOG {ticks: 0, maint: 0, retry: 0}
2023-11-20 16:24:22,593 INFO: no action. I am (cdds-postgres-cluster-0), the leader with the lock
2023-11-20 16:24:32,599 INFO: no action. I am (cdds-postgres-cluster-0), the leader with the lock
2023-11-20 16:24:42,599 INFO: no action. I am (cdds-postgres-cluster-0), the leader with the lock
2023-11-20 16:24:46.440 UTC [36] LOG {ticks: 0, maint: 0, retry: 0}
2023-11-20 16:24:52,593 INFO: no action. I am (cdds-postgres-cluster-0), the leader with the lock
2023-11-20 16:25:02,595 INFO: no action. I am (cdds-postgres-cluster-0), the leader with the lock
2023-11-20 16:25:12,593 INFO: no action. I am (cdds-postgres-cluster-0), the leader with the lock
2023-11-20 16:25:16.442 UTC [36] LOG {ticks: 0, maint: 0, retry: 0}
2023-11-20 16:25:22,593 INFO: no action. I am (cdds-postgres-cluster-0), the leader with the lock
2023-11-20 16:25:32,593 INFO: no action. I am (cdds-postgres-cluster-0), the leader with the lock
2023-11-20 16:25:42,595 INFO: no action. I am (cdds-postgres-cluster-0), the leader with the lock
2023-11-20 16:25:46.471 UTC [36] LOG {ticks: 0, maint: 0, retry: 0}
2023-11-20 16:25:52,596 INFO: no action. I am (cdds-postgres-cluster-0), the leader with the lock
2023-11-20 16:26:02,593 INFO: no action. I am (cdds-postgres-cluster-0), the leader with the lock
2023-11-20 16:26:12,597 INFO: no action. I am (cdds-postgres-cluster-0), the leader with the lock
2023-11-20 16:26:16.475 UTC [36] LOG {ticks: 0, maint: 0, retry: 0}
2023-11-20 16:26:22,593 INFO: no action. I am (cdds-postgres-cluster-0), the leader with the lock
2023-11-20 16:26:32,596 INFO: no action. I am (cdds-postgres-cluster-0), the leader with the lock
2023-11-20 16:26:42,593 INFO: no action. I am (cdds-postgres-cluster-0), the leader with the lock
2023-11-20 16:26:46.502 UTC [36] LOG {ticks: 0, maint: 0, retry: 0}
2023-11-20 16:26:52,595 INFO: no action. I am (cdds-postgres-cluster-0), the leader with the lock
2023-11-20 16:27:02,593 INFO: no action. I am (cdds-postgres-cluster-0), the leader with the lock
2023-11-20 16:27:12,593 INFO: no action. I am (cdds-postgres-cluster-0), the leader with the lock
2023-11-20 16:27:16.507 UTC [36] LOG {ticks: 0, maint: 0, retry: 0}
2023-11-20 16:27:22,593 INFO: no action. I am (cdds-postgres-cluster-0), the leader with the lock
2023-11-20 16:27:32,596 INFO: no action. I am (cdds-postgres-cluster-0), the leader with the lock
2023-11-20 16:27:42,597 INFO: no action. I am (cdds-postgres-cluster-0), the leader with the lock
2023-11-20 16:27:46.534 UTC [36] LOG {ticks: 0, maint: 0, retry: 0}
2023-11-20 16:27:52,597 INFO: no action. I am (cdds-postgres-cluster-0), the leader with the lock
2023-11-20 16:28:02,597 INFO: no action. I am (cdds-postgres-cluster-0), the leader with the lock
2023-11-20 16:28:12,594 INFO: no action. I am (cdds-postgres-cluster-0), the leader with the lock
2023-11-20 16:28:16.538 UTC [36] LOG {ticks: 0, maint: 0, retry: 0}
2023-11-20 16:28:22,592 INFO: no action. I am (cdds-postgres-cluster-0), the leader with the lock
2023-11-20 16:28:32,596 INFO: no action. I am (cdds-postgres-cluster-0), the leader with the lock
2023-11-20 16:28:42,593 INFO: no action. I am (cdds-postgres-cluster-0), the leader with the lock
2023-11-20 16:28:46.568 UTC [36] LOG {ticks: 0, maint: 0, retry: 0}
2023-11-20 16:28:52,593 INFO: no action. I am (cdds-postgres-cluster-0), the leader with the lock
2023-11-20 16:29:02,597 INFO: no action. I am (cdds-postgres-cluster-0), the leader with the lock
2023-11-20 16:29:12,593 INFO: no action. I am (cdds-postgres-cluster-0), the leader with the lock
2023-11-20 16:29:16.570 UTC [36] LOG {ticks: 0, maint: 0, retry: 0}
2023-11-20 16:29:22,595 INFO: no action. I am (cdds-postgres-cluster-0), the leader with the lock
2023-11-20 16:29:32,596 INFO: no action. I am (cdds-postgres-cluster-0), the leader with the lock
2023-11-20 16:29:42,595 INFO: no action. I am (cdds-postgres-cluster-0), the leader with the lock
2023-11-20 16:29:46.598 UTC [36] LOG {ticks: 0, maint: 0, retry: 0}
2023-11-20 16:29:52,593 INFO: no action. I am (cdds-postgres-cluster-0), the leader with the lock
2023-11-20 16:30:02,593 INFO: no action. I am (cdds-postgres-cluster-0), the leader with the lock
2023-11-20 16:30:12,595 INFO: no action. I am (cdds-postgres-cluster-0), the leader with the lock
2023-11-20 16:30:16.603 UTC [36] LOG {ticks: 0, maint: 0, retry: 0}
2023-11-20 16:30:22,593 INFO: no action. I am (cdds-postgres-cluster-0), the leader with the lock
2023-11-20 16:30:32,597 INFO: no action. I am (cdds-postgres-cluster-0), the leader with the lock
2023-11-20 16:30:42,597 INFO: no action. I am (cdds-postgres-cluster-0), the leader with the lock
2023-11-20 16:30:46.633 UTC [36] LOG {ticks: 0, maint: 0, retry: 0}
2023-11-20 16:30:52,593 INFO: no action. I am (cdds-postgres-cluster-0), the leader with the lock
2023-11-20 16:31:02,593 INFO: no action. I am (cdds-postgres-cluster-0), the leader with the lock
2023-11-20 16:31:12,596 INFO: no action. I am (cdds-postgres-cluster-0), the leader with the lock
2023-11-20 16:31:16.635 UTC [36] LOG {ticks: 0, maint: 0, retry: 0}
2023-11-20 16:31:22,593 INFO: no action. I am (cdds-postgres-cluster-0), the leader with the lock
2023-11-20 16:31:32,593 INFO: no action. I am (cdds-postgres-cluster-0), the leader with the lock
2023-11-20 16:31:42,593 INFO: no action. I am (cdds-postgres-cluster-0), the leader with the lock
2023-11-20 16:31:46.662 UTC [36] LOG {ticks: 0, maint: 0, retry: 0}
2023-11-20 16:31:52,597 INFO: no action. I am (cdds-postgres-cluster-0), the leader with the lock
2023-11-20 16:32:02,593 INFO: no action. I am (cdds-postgres-cluster-0), the leader with the lock
2023-11-20 16:32:12,593 INFO: no action. I am (cdds-postgres-cluster-0), the leader with the lock
2023-11-20 16:32:16.667 UTC [36] LOG {ticks: 0, maint: 0, retry: 0}
2023-11-20 16:32:22,593 INFO: no action. I am (cdds-postgres-cluster-0), the leader with the lock
2023-11-20 16:32:32,593 INFO: no action. I am (cdds-postgres-cluster-0), the leader with the lock
2023-11-20 16:32:42,593 INFO: no action. I am (cdds-postgres-cluster-0), the leader with the lock
2023-11-20 16:32:46.694 UTC [36] LOG {ticks: 0, maint: 0, retry: 0}
2023-11-20 16:32:52,595 INFO: no action. I am (cdds-postgres-cluster-0), the leader with the lock
2023-11-20 16:33:02,593 INFO: no action. I am (cdds-postgres-cluster-0), the leader with the lock
2023-11-20 16:33:12,593 INFO: no action. I am (cdds-postgres-cluster-0), the leader with the lock
2023-11-20 16:33:16.698 UTC [36] LOG {ticks: 0, maint: 0, retry: 0}
2023-11-20 16:33:22,597 INFO: no action. I am (cdds-postgres-cluster-0), the leader with the lock
2023-11-20 16:33:32,597 INFO: no action. I am (cdds-postgres-cluster-0), the leader with the lock
2023-11-20 16:33:42,593 INFO: no action. I am (cdds-postgres-cluster-0), the leader with the lock
2023-11-20 16:33:46.726 UTC [36] LOG {ticks: 0, maint: 0, retry: 0}
2023-11-20 16:33:52,593 INFO: no action. I am (cdds-postgres-cluster-0), the leader with the lock
2023-11-20 16:34:02,597 INFO: no action. I am (cdds-postgres-cluster-0), the leader with the lock
2023-11-20 16:34:12,593 INFO: no action. I am (cdds-postgres-cluster-0), the leader with the lock
2023-11-20 16:34:16.730 UTC [36] LOG {ticks: 0, maint: 0, retry: 0}
2023-11-20 16:34:22,593 INFO: no action. I am (cdds-postgres-cluster-0), the leader with the lock
2023-11-20 16:34:32,593 INFO: no action. I am (cdds-postgres-cluster-0), the leader with the lock
2023-11-20 16:34:42,593 INFO: no action. I am (cdds-postgres-cluster-0), the leader with the lock
2023-11-20 16:34:46.758 UTC [36] LOG {ticks: 0, maint: 0, retry: 0}
2023-11-20 16:34:52,596 INFO: no action. I am (cdds-postgres-cluster-0), the leader with the lock
2023-11-20 16:35:02,597 INFO: no action. I am (cdds-postgres-cluster-0), the leader with the lock
2023-11-20 16:35:12,593 INFO: no action. I am (cdds-postgres-cluster-0), the leader with the lock
2023-11-20 16:35:16.763 UTC [36] LOG {ticks: 0, maint: 0, retry: 0}
2023-11-20 16:35:22,593 INFO: no action. I am (cdds-postgres-cluster-0), the leader with the lock
2023-11-20 16:35:32,593 INFO: no action. I am (cdds-postgres-cluster-0), the leader with the lock
2023-11-20 16:35:42,593 INFO: no action. I am (cdds-postgres-cluster-0), the leader with the lock
2023-11-20 16:35:46.791 UTC [36] LOG {ticks: 0, maint: 0, retry: 0}
2023-11-20 16:35:52,594 INFO: no action. I am (cdds-postgres-cluster-0), the leader with the lock
2023-11-20 16:36:02,596 INFO: no action. I am (cdds-postgres-cluster-0), the leader with the lock
2023-11-20 16:36:12,593 INFO: no action. I am (cdds-postgres-cluster-0), the leader with the lock
2023-11-20 16:36:16.795 UTC [36] LOG {ticks: 0, maint: 0, retry: 0}
2023-11-20 16:36:22,595 INFO: no action. I am (cdds-postgres-cluster-0), the leader with the lock
2023-11-20 16:36:32,599 INFO: no action. I am (cdds-postgres-cluster-0), the leader with the lock
2023-11-20 16:36:42,593 INFO: no action. I am (cdds-postgres-cluster-0), the leader with the lock
2023-11-20 16:36:46.822 UTC [36] LOG {ticks: 0, maint: 0, retry: 0}
2023-11-20 16:36:52,597 INFO: no action. I am (cdds-postgres-cluster-0), the leader with the lock
2023-11-20 16:37:02,593 INFO: no action. I am (cdds-postgres-cluster-0), the leader with the lock
2023-11-20 16:37:12,593 INFO: no action. I am (cdds-postgres-cluster-0), the leader with the lock
2023-11-20 16:37:16.827 UTC [36] LOG {ticks: 0, maint: 0, retry: 0}
2023-11-20 16:37:22,593 INFO: no action. I am (cdds-postgres-cluster-0), the leader with the lock
2023-11-20 16:37:32,597 INFO: no action. I am (cdds-postgres-cluster-0), the leader with the lock
2023-11-20 16:37:42,595 INFO: no action. I am (cdds-postgres-cluster-0), the leader with the lock
2023-11-20 16:37:46.854 UTC [36] LOG {ticks: 0, maint: 0, retry: 0}
2023-11-20 16:37:52,593 INFO: no action. I am (cdds-postgres-cluster-0), the leader with the lock
2023-11-20 16:38:02,598 INFO: no action. I am (cdds-postgres-cluster-0), the leader with the lock
2023-11-20 16:38:12,593 INFO: no action. I am (cdds-postgres-cluster-0), the leader with the lock
2023-11-20 16:38:16.858 UTC [36] LOG {ticks: 0, maint: 0, retry: 0}
2023-11-20 16:38:22,596 INFO: no action. I am (cdds-postgres-cluster-0), the leader with the lock
2023-11-20 16:38:32,596 INFO: no action. I am (cdds-postgres-cluster-0), the leader with the lock
2023-11-20 16:38:42,593 INFO: no action. I am (cdds-postgres-cluster-0), the leader with the lock
2023-11-20 16:38:46.886 UTC [36] LOG {ticks: 0, maint: 0, retry: 0}
2023-11-20 16:38:52,593 INFO: no action. I am (cdds-postgres-cluster-0), the leader with the lock
2023-11-20 16:39:02,596 INFO: no action. I am (cdds-postgres-cluster-0), the leader with the lock
2023-11-20 16:39:12,595 INFO: no action. I am (cdds-postgres-cluster-0), the leader with the lock
2023-11-20 16:39:16.890 UTC [36] LOG {ticks: 0, maint: 0, retry: 0}
2023-11-20 16:39:22,599 INFO: no action. I am (cdds-postgres-cluster-0), the leader with the lock
2023-11-20 16:39:32,593 INFO: no action. I am (cdds-postgres-cluster-0), the leader with the lock
2023-11-20 16:39:42,663 INFO: no action. I am (cdds-postgres-cluster-0), the leader with the lock
2023-11-20 16:39:46.918 UTC [36] LOG {ticks: 0, maint: 0, retry: 0}
2023-11-20 16:39:52,549 INFO: no action. I am (cdds-postgres-cluster-0), the leader with the lock
2023-11-20 16:40:02,593 INFO: no action. I am (cdds-postgres-cluster-0), the leader with the lock
2023-11-20 16:40:12,593 INFO: no action. I am (cdds-postgres-cluster-0), the leader with the lock
2023-11-20 16:40:16.919 UTC [36] LOG {ticks: 0, maint: 0, retry: 0}
2023-11-20 16:40:22,598 INFO: no action. I am (cdds-postgres-cluster-0), the leader with the lock
2023-11-20 16:40:32,597 INFO: no action. I am (cdds-postgres-cluster-0), the leader with the lock
2023-11-20 16:40:42,593 INFO: no action. I am (cdds-postgres-cluster-0), the leader with the lock
2023-11-20 16:40:46.946 UTC [36] LOG {ticks: 0, maint: 0, retry: 0}
2023-11-20 16:40:52,600 INFO: no action. I am (cdds-postgres-cluster-0), the leader with the lock
2023-11-20 16:41:02,593 INFO: no action. I am (cdds-postgres-cluster-0), the leader with the lock
2023-11-20 16:41:12,595 INFO: no action. I am (cdds-postgres-cluster-0), the leader with the lock
2023-11-20 16:41:16.950 UTC [36] LOG {ticks: 0, maint: 0, retry: 0}
2023-11-20 16:41:22,595 INFO: no action. I am (cdds-postgres-cluster-0), the leader with the lock
2023-11-20 16:41:32,595 INFO: no action. I am (cdds-postgres-cluster-0), the leader with the lock
2023-11-20 16:41:42,593 INFO: no action. I am (cdds-postgres-cluster-0), the leader with the lock
2023-11-20 16:41:46.978 UTC [36] LOG {ticks: 0, maint: 0, retry: 0}
2023-11-20 16:41:52,593 INFO: no action. I am (cdds-postgres-cluster-0), the leader with the lock
2023-11-20 16:42:02,593 INFO: no action. I am (cdds-postgres-cluster-0), the leader with the lock
2023-11-20 16:42:12,593 INFO: no action. I am (cdds-postgres-cluster-0), the leader with the lock
2023-11-20 16:42:16.982 UTC [36] LOG {ticks: 0, maint: 0, retry: 0}
2023-11-20 16:42:22,593 INFO: no action. I am (cdds-postgres-cluster-0), the leader with the lock
2023-11-20 16:42:32,593 INFO: no action. I am (cdds-postgres-cluster-0), the leader with the lock
2023-11-20 16:42:42,597 INFO: no action. I am (cdds-postgres-cluster-0), the leader with the lock
2023-11-20 16:42:47.010 UTC [36] LOG {ticks: 0, maint: 0, retry: 0}
2023-11-20 16:42:52,593 INFO: no action. I am (cdds-postgres-cluster-0), the leader with the lock
2023-11-20 16:43:02,593 INFO: no action. I am (cdds-postgres-cluster-0), the leader with the lock
2023-11-20 16:43:12,596 INFO: no action. I am (cdds-postgres-cluster-0), the leader with the lock
2023-11-20 16:43:17.014 UTC [36] LOG {ticks: 0, maint: 0, retry: 0}
2023-11-20 16:43:22,597 INFO: no action. I am (cdds-postgres-cluster-0), the leader with the lock
2023-11-20 16:43:32,593 INFO: no action. I am (cdds-postgres-cluster-0), the leader with the lock
2023-11-20 16:43:42,593 INFO: no action. I am (cdds-postgres-cluster-0), the leader with the lock
2023-11-20 16:43:47.042 UTC [36] LOG {ticks: 0, maint: 0, retry: 0}
2023-11-20 16:43:52,593 INFO: no action. I am (cdds-postgres-cluster-0), the leader with the lock
2023-11-20 16:44:02,593 INFO: no action. I am (cdds-postgres-cluster-0), the leader with the lock
2023-11-20 16:44:12,593 INFO: no action. I am (cdds-postgres-cluster-0), the leader with the lock
2023-11-20 16:44:17.046 UTC [36] LOG {ticks: 0, maint: 0, retry: 0}
2023-11-20 16:44:22,595 INFO: no action. I am (cdds-postgres-cluster-0), the leader with the lock
2023-11-20 16:44:32,595 INFO: no action. I am (cdds-postgres-cluster-0), the leader with the lock
2023-11-20 16:44:42,593 INFO: no action. I am (cdds-postgres-cluster-0), the leader with the lock
2023-11-20 16:44:47.074 UTC [36] LOG {ticks: 0, maint: 0, retry: 0}
2023-11-20 16:44:52,593 INFO: no action. I am (cdds-postgres-cluster-0), the leader with the lock
2023-11-20 16:45:02,600 INFO: no action. I am (cdds-postgres-cluster-0), the leader with the lock
2023-11-20 16:45:12,593 INFO: no action. I am (cdds-postgres-cluster-0), the leader with the lock
2023-11-20 16:45:17.078 UTC [36] LOG {ticks: 0, maint: 0, retry: 0}
2023-11-20 16:45:22,595 INFO: no action. I am (cdds-postgres-cluster-0), the leader with the lock
2023-11-20 16:45:32,595 INFO: no action. I am (cdds-postgres-cluster-0), the leader with the lock
2023-11-20 16:45:42,593 INFO: no action. I am (cdds-postgres-cluster-0), the leader with the lock
2023-11-20 16:45:47.106 UTC [36] LOG {ticks: 0, maint: 0, retry: 0}
2023-11-20 16:45:52,593 INFO: no action. I am (cdds-postgres-cluster-0), the leader with the lock
2023-11-20 16:46:02,599 INFO: no action. I am (cdds-postgres-cluster-0), the leader with the lock
2023-11-20 16:46:12,593 INFO: no action. I am (cdds-postgres-cluster-0), the leader with the lock
2023-11-20 16:46:17.111 UTC [36] LOG {ticks: 0, maint: 0, retry: 0}
2023-11-20 16:46:22,599 INFO: no action. I am (cdds-postgres-cluster-0), the leader with the lock
2023-11-20 16:46:32,599 INFO: no action. I am (cdds-postgres-cluster-0), the leader with the lock
2023-11-20 16:46:42,597 INFO: no action. I am (cdds-postgres-cluster-0), the leader with the lock
2023-11-20 16:46:47.140 UTC [36] LOG {ticks: 0, maint: 0, retry: 0}
2023-11-20 16:46:52,593 INFO: no action. I am (cdds-postgres-cluster-0), the leader with the lock
2023-11-20 16:47:02,596 INFO: no action. I am (cdds-postgres-cluster-0), the leader with the lock
2023-11-20 16:47:12,594 INFO: no action. I am (cdds-postgres-cluster-0), the leader with the lock
2023-11-20 16:47:17.143 UTC [36] LOG {ticks: 0, maint: 0, retry: 0}
2023-11-20 16:47:22,595 INFO: no action. I am (cdds-postgres-cluster-0), the leader with the lock
2023-11-20 16:47:32,595 INFO: no action. I am (cdds-postgres-cluster-0), the leader with the lock
2023-11-20 16:47:42,595 INFO: no action. I am (cdds-postgres-cluster-0), the leader with the lock
2023-11-20 16:47:47.173 UTC [36] LOG {ticks: 0, maint: 0, retry: 0}
2023-11-20 16:47:52,600 INFO: no action. I am (cdds-postgres-cluster-0), the leader with the lock
2023-11-20 16:48:02,600 INFO: no action. I am (cdds-postgres-cluster-0), the leader with the lock
2023-11-20 16:48:12,593 INFO: no action. I am (cdds-postgres-cluster-0), the leader with the lock
2023-11-20 16:48:17.175 UTC [36] LOG {ticks: 0, maint: 0, retry: 0}
2023-11-20 16:48:22,595 INFO: no action. I am (cdds-postgres-cluster-0), the leader with the lock
2023-11-20 16:48:32,593 INFO: no action. I am (cdds-postgres-cluster-0), the leader with the lock
2023-11-20 16:48:42,593 INFO: no action. I am (cdds-postgres-cluster-0), the leader with the lock
2023-11-20 16:48:47.202 UTC [36] LOG {ticks: 0, maint: 0, retry: 0}
2023-11-20 16:48:52,593 INFO: no action. I am (cdds-postgres-cluster-0), the leader with the lock
2023-11-20 16:49:02,597 INFO: no action. I am (cdds-postgres-cluster-0), the leader with the lock
2023-11-20 16:49:12,593 INFO: no action. I am (cdds-postgres-cluster-0), the leader with the lock
2023-11-20 16:49:17.206 UTC [36] LOG {ticks: 0, maint: 0, retry: 0}
2023-11-20 16:49:22,593 INFO: no action. I am (cdds-postgres-cluster-0), the leader with the lock
2023-11-20 16:49:32,597 INFO: no action. I am (cdds-postgres-cluster-0), the leader with the lock
2023-11-20 16:49:42,594 INFO: no action. I am (cdds-postgres-cluster-0), the leader with the lock
2023-11-20 16:49:47.234 UTC [36] LOG {ticks: 0, maint: 0, retry: 0}
2023-11-20 16:49:52,593 INFO: no action. I am (cdds-postgres-cluster-0), the leader with the lock
2023-11-20 16:50:02,593 INFO: no action. I am (cdds-postgres-cluster-0), the leader with the lock
2023-11-20 16:50:12,593 INFO: no action. I am (cdds-postgres-cluster-0), the leader with the lock
2023-11-20 16:50:17.239 UTC [36] LOG {ticks: 0, maint: 0, retry: 0}
2023-11-20 16:50:22,599 INFO: no action. I am (cdds-postgres-cluster-0), the leader with the lock
2023-11-20 16:50:32,597 INFO: no action. I am (cdds-postgres-cluster-0), the leader with the lock
2023-11-20 16:50:42,597 INFO: no action. I am (cdds-postgres-cluster-0), the leader with the lock
2023-11-20 16:50:47.266 UTC [36] LOG {ticks: 0, maint: 0, retry: 0}
2023-11-20 16:50:52,599 INFO: no action. I am (cdds-postgres-cluster-0), the leader with the lock
2023-11-20 16:51:02,596 INFO: no action. I am (cdds-postgres-cluster-0), the leader with the lock
2023-11-20 16:51:12,593 INFO: no action. I am (cdds-postgres-cluster-0), the leader with the lock
2023-11-20 16:51:17.270 UTC [36] LOG {ticks: 0, maint: 0, retry: 0}
2023-11-20 16:51:22,595 INFO: no action. I am (cdds-postgres-cluster-0), the leader with the lock
2023-11-20 16:51:32,593 INFO: no action. I am (cdds-postgres-cluster-0), the leader with the lock
2023-11-20 16:51:42,599 INFO: no action. I am (cdds-postgres-cluster-0), the leader with the lock
2023-11-20 16:51:47.298 UTC [36] LOG {ticks: 0, maint: 0, retry: 0}
2023-11-20 16:51:52,593 INFO: no action. I am (cdds-postgres-cluster-0), the leader with the lock
2023-11-20 16:52:02,597 INFO: no action. I am (cdds-postgres-cluster-0), the leader with the lock
2023-11-20 16:52:12,596 INFO: no action. I am (cdds-postgres-cluster-0), the leader with the lock
2023-11-20 16:52:17.302 UTC [36] LOG {ticks: 0, maint: 0, retry: 0}
2023-11-20 16:52:22,593 INFO: no action. I am (cdds-postgres-cluster-0), the leader with the lock
2023-11-20 16:52:32,595 INFO: no action. I am (cdds-postgres-cluster-0), the leader with the lock
2023-11-20 16:52:42,594 INFO: no action. I am (cdds-postgres-cluster-0), the leader with the lock
2023-11-20 16:52:47.330 UTC [36] LOG {ticks: 0, maint: 0, retry: 0}
2023-11-20 16:52:52,597 INFO: no action. I am (cdds-postgres-cluster-0), the leader with the lock
2023-11-20 16:53:02,593 INFO: no action. I am (cdds-postgres-cluster-0), the leader with the lock
2023-11-20 16:53:12,593 INFO: no action. I am (cdds-postgres-cluster-0), the leader with the lock
2023-11-20 16:53:17.335 UTC [36] LOG {ticks: 0, maint: 0, retry: 0}
2023-11-20 16:53:22,600 INFO: no action. I am (cdds-postgres-cluster-0), the leader with the lock
2023-11-20 16:53:32,593 INFO: no action. I am (cdds-postgres-cluster-0), the leader with the lock
2023-11-20 16:53:42,597 INFO: no action. I am (cdds-postgres-cluster-0), the leader with the lock
2023-11-20 16:53:47.362 UTC [36] LOG {ticks: 0, maint: 0, retry: 0}
2023-11-20 16:53:52,596 INFO: no action. I am (cdds-postgres-cluster-0), the leader with the lock
2023-11-20 16:54:02,593 INFO: no action. I am (cdds-postgres-cluster-0), the leader with the lock
2023-11-20 16:54:12,596 INFO: no action. I am (cdds-postgres-cluster-0), the leader with the lock
2023-11-20 16:54:17.367 UTC [36] LOG {ticks: 0, maint: 0, retry: 0}
2023-11-20 16:54:22,595 INFO: no action. I am (cdds-postgres-cluster-0), the leader with the lock
2023-11-20 16:54:32,595 INFO: no action. I am (cdds-postgres-cluster-0), the leader with the lock
2023-11-20 16:54:42,594 INFO: no action. I am (cdds-postgres-cluster-0), the leader with the lock
2023-11-20 16:54:47.394 UTC [36] LOG {ticks: 0, maint: 0, retry: 0}
2023-11-20 16:54:52,595 INFO: no action. I am (cdds-postgres-cluster-0), the leader with the lock
2023-11-20 16:55:02,593 INFO: no action. I am (cdds-postgres-cluster-0), the leader with the lock
2023-11-20 16:55:12,593 INFO: no action. I am (cdds-postgres-cluster-0), the leader with the lock
2023-11-20 16:55:17.398 UTC [36] LOG {ticks: 0, maint: 0, retry: 0}
2023-11-20 16:55:22,593 INFO: no action. I am (cdds-postgres-cluster-0), the leader with the lock
2023-11-20 16:55:32,599 INFO: no action. I am (cdds-postgres-cluster-0), the leader with the lock
2023-11-20 16:55:42,597 INFO: no action. I am (cdds-postgres-cluster-0), the leader with the lock
2023-11-20 16:55:47.426 UTC [36] LOG {ticks: 0, maint: 0, retry: 0}
2023-11-20 16:55:52,597 INFO: no action. I am (cdds-postgres-cluster-0), the leader with the lock
2023-11-20 16:56:02,593 INFO: no action. I am (cdds-postgres-cluster-0), the leader with the lock
2023-11-20 16:56:12,592 INFO: no action. I am (cdds-postgres-cluster-0), the leader with the lock
2023-11-20 16:56:17.430 UTC [36] LOG {ticks: 0, maint: 0, retry: 0}
2023-11-20 16:56:22,597 INFO: no action. I am (cdds-postgres-cluster-0), the leader with the lock
2023-11-20 16:56:32,593 INFO: no action. I am (cdds-postgres-cluster-0), the leader with the lock
2023-11-20 16:56:42,593 INFO: no action. I am (cdds-postgres-cluster-0), the leader with the lock
2023-11-20 16:56:47.458 UTC [36] LOG {ticks: 0, maint: 0, retry: 0}
2023-11-20 16:56:52,597 INFO: no action. I am (cdds-postgres-cluster-0), the leader with the lock
2023-11-20 16:57:02,597 INFO: no action. I am (cdds-postgres-cluster-0), the leader with the lock
2023-11-20 16:57:12,593 INFO: no action. I am (cdds-postgres-cluster-0), the leader with the lock
2023-11-20 16:57:17.462 UTC [36] LOG {ticks: 0, maint: 0, retry: 0}
2023-11-20 16:57:22,593 INFO: no action. I am (cdds-postgres-cluster-0), the leader with the lock
2023-11-20 16:57:32,593 INFO: no action. I am (cdds-postgres-cluster-0), the leader with the lock
2023-11-20 16:57:42,593 INFO: no action. I am (cdds-postgres-cluster-0), the leader with the lock
2023-11-20 16:57:47.490 UTC [36] LOG {ticks: 0, maint: 0, retry: 0}
2023-11-20 16:57:52,593 INFO: no action. I am (cdds-postgres-cluster-0), the leader with the lock
2023-11-20 16:58:02,596 INFO: no action. I am (cdds-postgres-cluster-0), the leader with the lock
2023-11-20 16:58:12,597 INFO: no action. I am (cdds-postgres-cluster-0), the leader with the lock
2023-11-20 16:58:17.494 UTC [36] LOG {ticks: 0, maint: 0, retry: 0}
2023-11-20 16:58:22,593 INFO: no action. I am (cdds-postgres-cluster-0), the leader with the lock
2023-11-20 16:58:32,593 INFO: no action. I am (cdds-postgres-cluster-0), the leader with the lock
2023-11-20 16:58:42,599 INFO: no action. I am (cdds-postgres-cluster-0), the leader with the lock
2023-11-20 16:58:47.522 UTC [36] LOG {ticks: 0, maint: 0, retry: 0}
2023-11-20 16:58:52,594 INFO: no action. I am (cdds-postgres-cluster-0), the leader with the lock
2023-11-20 16:59:02,593 INFO: no action. I am (cdds-postgres-cluster-0), the leader with the lock
2023-11-20 16:59:12,599 INFO: no action. I am (cdds-postgres-cluster-0), the leader with the lock
2023-11-20 16:59:17.523 UTC [36] LOG {ticks: 0, maint: 0, retry: 0}
2023-11-20 16:59:22,599 INFO: no action. I am (cdds-postgres-cluster-0), the leader with the lock
2023-11-20 16:59:32,597 INFO: no action. I am (cdds-postgres-cluster-0), the leader with the lock
2023-11-20 16:59:42,593 INFO: no action. I am (cdds-postgres-cluster-0), the leader with the lock
2023-11-20 16:59:47.550 UTC [36] LOG {ticks: 0, maint: 0, retry: 0}
2023-11-20 16:59:52,599 INFO: no action. I am (cdds-postgres-cluster-0), the leader with the lock
2023-11-20 17:00:02,594 INFO: no action. I am (cdds-postgres-cluster-0), the leader with the lock
2023-11-20 17:00:12,593 INFO: no action. I am (cdds-postgres-cluster-0), the leader with the lock
2023-11-20 17:00:17.554 UTC [36] LOG {ticks: 0, maint: 0, retry: 0}
2023-11-20 17:00:22,593 INFO: no action. I am (cdds-postgres-cluster-0), the leader with the lock
2023-11-20 17:00:32,593 INFO: no action. I am (cdds-postgres-cluster-0), the leader with the lock
2023-11-20 17:00:42,595 INFO: no action. I am (cdds-postgres-cluster-0), the leader with the lock
2023-11-20 17:00:47.583 UTC [36] LOG {ticks: 0, maint: 0, retry: 0}
2023-11-20 17:00:52,595 INFO: no action. I am (cdds-postgres-cluster-0), the leader with the lock
2023-11-20 17:01:02,593 INFO: no action. I am (cdds-postgres-cluster-0), the leader with the lock
2023-11-20 17:01:12,593 INFO: no action. I am (cdds-postgres-cluster-0), the leader with the lock
2023-11-20 17:01:17.586 UTC [36] LOG {ticks: 0, maint: 0, retry: 0}
2023-11-20 17:01:22,593 INFO: no action. I am (cdds-postgres-cluster-0), the leader with the lock
2023-11-20 17:01:32,593 INFO: no action. I am (cdds-postgres-cluster-0), the leader with the lock
2023-11-20 17:01:42,598 INFO: no action. I am (cdds-postgres-cluster-0), the leader with the lock
2023-11-20 17:01:47.616 UTC [36] LOG {ticks: 0, maint: 0, retry: 0}
2023-11-20 17:01:52,595 INFO: no action. I am (cdds-postgres-cluster-0), the leader with the lock
2023-11-20 17:02:02,593 INFO: no action. I am (cdds-postgres-cluster-0), the leader with the lock
2023-11-20 17:02:12,593 INFO: no action. I am (cdds-postgres-cluster-0), the leader with the lock
2023-11-20 17:02:17.619 UTC [36] LOG {ticks: 0, maint: 0, retry: 0}
2023-11-20 17:02:22,597 INFO: no action. I am (cdds-postgres-cluster-0), the leader with the lock
2023-11-20 17:02:32,597 INFO: no action. I am (cdds-postgres-cluster-0), the leader with the lock
2023-11-20 17:02:42,595 INFO: no action. I am (cdds-postgres-cluster-0), the leader with the lock
2023-11-20 17:02:47.646 UTC [36] LOG {ticks: 0, maint: 0, retry: 0}
2023-11-20 17:02:52,594 INFO: no action. I am (cdds-postgres-cluster-0), the leader with the lock
2023-11-20 17:03:02,593 INFO: no action. I am (cdds-postgres-cluster-0), the leader with the lock
2023-11-20 17:03:12,596 INFO: no action. I am (cdds-postgres-cluster-0), the leader with the lock
2023-11-20 17:03:17.650 UTC [36] LOG {ticks: 0, maint: 0, retry: 0}
2023-11-20 17:03:22,593 INFO: no action. I am (cdds-postgres-cluster-0), the leader with the lock
2023-11-20 17:03:32,595 INFO: no action. I am (cdds-postgres-cluster-0), the leader with the lock
2023-11-20 17:03:42,593 INFO: no action. I am (cdds-postgres-cluster-0), the leader with the lock
2023-11-20 17:03:47.679 UTC [36] LOG {ticks: 0, maint: 0, retry: 0}
2023-11-20 17:03:52,593 INFO: no action. I am (cdds-postgres-cluster-0), the leader with the lock
2023-11-20 17:04:02,596 INFO: no action. I am (cdds-postgres-cluster-0), the leader with the lock
2023-11-20 17:04:12,593 INFO: no action. I am (cdds-postgres-cluster-0), the leader with the lock
/etc/runit/runsvdir/default/patroni: finished with code=0 signal=0
stopping /etc/runit/runsvdir/default/patroni
2023-11-20 17:04:17.142 UTC [36] ERROR connection error: PQconnectStart
2023-11-20 17:04:17.142 UTC [36] ERROR libpq: connection to server on socket "/var/run/postgresql/.s.PGSQL.5432" failed: No such file or directory
		Is the server running locally and accepting connections on that socket?
2023-11-20 17:04:17.142 UTC [36] ERROR connection error: PQconnectStart
2023-11-20 17:04:17.142 UTC [36] ERROR libpq: connection to server on socket "/var/run/postgresql/.s.PGSQL.5432" failed: No such file or directory
		Is the server running locally and accepting connections on that socket?
2023-11-20 17:04:17.142 UTC [36] WARNING [postgres]: default timeout
2023-11-20 17:04:17.142 UTC [36] ERROR connection error: PQconnectStart
2023-11-20 17:04:17.142 UTC [36] ERROR libpq: connection to server on socket "/var/run/postgresql/.s.PGSQL.5432" failed: No such file or directory
		Is the server running locally and accepting connections on that socket?
2023-11-20 17:04:17.142 UTC [36] WARNING [cdds]: default timeout
2023-11-20 17:04:17.682 UTC [36] LOG {ticks: 0, maint: 0, retry: 0}
timeout: finish: .: (pid 2346) 14953s, want down
ok: down: patroni: 1s, normally up
ok: down: /etc/service/patroni: 1s, normally up
2023-11-20 17:04:23.104 UTC [36] LOG Got SIGTERM, fast exit
ok: down: /etc/service/cron: 0s, normally up
ok: down: /etc/service/pgqd: 0s, normally up
