VM settings:
    Max. Heap Size (Estimated): 595.50M
    Using VM: OpenJDK 64-Bit Server VM

Property settings:
    file.encoding = UTF-8
    file.separator = /
    java.class.path = quarkus-run.jar
    java.class.version = 61.0
    java.home = /usr/lib/jvm/java-17-openjdk-***HIDDEN***.7-2.el8.x86_64
    java.io.tmpdir = /tmp
    java.library.path = /usr/java/packages/lib
        /usr/lib64
        /lib64
        /lib
        /usr/lib
    java.runtime.name = OpenJDK Runtime Environment
    java.runtime.version = 17.0.8+7-LTS
    java.specification.name = Java Platform API Specification
    java.specification.vendor = Oracle Corporation
    java.specification.version = 17
    java.util.logging.manager = org.jboss.logmanager.LogManager
    java.vendor = Red Hat, Inc.
    java.vendor.url = https://www.redhat.com/
    java.vendor.url.bug = https://bugzilla.redhat.com/enter_bug.cgi?product=Red%20Hat%20Enterprise%20Linux%208&component=java-17-openjdk-portable
    java.vendor.version = (Red_Hat-***HIDDEN***.7-1)
    java.version = 17.0.8
    java.version.date = 2023-07-18
    java.vm.compressedOopsMode = 32-bit
    java.vm.info = mixed mode, sharing
    java.vm.name = OpenJDK 64-Bit Server VM
    java.vm.specification.name = Java Virtual Machine Specification
    java.vm.specification.vendor = Oracle Corporation
    java.vm.specification.version = 17
    java.vm.vendor = Red Hat, Inc.
    java.vm.version = 17.0.8+7-LTS
    jdk.debug = release
    line.separator = \n 
    native.encoding = UTF-8
    os.arch = amd64
    os.name = Linux
    os.version = 6.2.0-1015-aws
    path.separator = :
    quarkus.http.host = ***HIDDEN***
    sun.arch.data.model = 64
    sun.boot.library.path = /usr/lib/jvm/java-17-openjdk-***HIDDEN***.7-2.el8.x86_64/lib
    sun.cpu.endian = little
    sun.io.unicode.encoding = UnicodeLittle
    sun.java.command = quarkus-run.jar
    sun.java.launcher = SUN_STANDARD
    sun.jnu.encoding = UTF-8
    sun.management.compiler = HotSpot 64-Bit Tiered Compilers
    user.dir = /deployments
    user.home = ?
    user.language = en
    user.name = ?

Locale settings:
    default locale = English
    default display locale = English
    default format locale = English
    available locales = , af, af_NA, af_ZA, af_ZA_#Latn, agq, agq_CM, agq_CM_#Latn, 
        ak, ak_GH, ak_GH_#Latn, am, am_ET, am_ET_#Ethi, ar, ar_001, 
        ar_AE, ar_BH, ar_DJ, ar_DZ, ar_EG, ar_EG_#Arab, ar_EH, ar_ER, 
        ar_IL, ar_IQ, ar_JO, ar_KM, ar_KW, ar_LB, ar_LY, ar_MA, 
        ar_MR, ar_OM, ar_PS, ar_QA, ar_SA, ar_SD, ar_SO, ar_SS, 
        ar_SY, ar_TD, ar_TN, ar_YE, as, as_IN, as_IN_#Beng, asa, 
        asa_TZ, asa_TZ_#Latn, ast, ast_ES, ast_ES_#Latn, az, az_AZ, az_AZ_#Cyrl, 
        az_AZ_#Latn, az__#Cyrl, az__#Latn, bas, bas_CM, bas_CM_#Latn, be, be_BY, 
        be_BY_#Cyrl, bem, bem_ZM, bem_ZM_#Latn, bez, bez_TZ, bez_TZ_#Latn, bg, 
        bg_BG, bg_BG_#Cyrl, bm, bm_ML, bm_ML_#Latn, bn, bn_BD, bn_BD_#Beng, 
        bn_IN, bo, bo_CN, bo_CN_#Tibt, bo_IN, br, br_FR, br_FR_#Latn, 
        brx, brx_IN, brx_IN_#Deva, bs, bs_BA, bs_BA_#Cyrl, bs_BA_#Latn, bs__#Cyrl, 
        bs__#Latn, ca, ca_AD, ca_ES, ca_ES_#Latn, ca_ES_VALENCIA, ca_FR, ca_IT, 
        ccp, ccp_BD, ccp_BD_#Cakm, ccp_IN, ce, ce_RU, ce_RU_#Cyrl, ceb, 
        ceb_PH, ceb_PH_#Latn, cgg, cgg_UG, cgg_UG_#Latn, chr, chr_US, chr_US_#Cher, 
        ckb, ckb_IQ, ckb_IQ_#Arab, ckb_IR, cs, cs_CZ, cs_CZ_#Latn, cy, 
        cy_GB, cy_GB_#Latn, da, da_DK, da_DK_#Latn, da_GL, dav, dav_KE, 
        dav_KE_#Latn, de, de_AT, de_BE, de_CH, de_DE, de_DE_#Latn, de_IT, 
        de_LI, de_LU, dje, dje_NE, dje_NE_#Latn, doi, doi_IN, doi_IN_#Deva, 
        dsb, dsb_DE, dsb_DE_#Latn, dua, dua_CM, dua_CM_#Latn, dyo, dyo_SN, 
        dyo_SN_#Latn, dz, dz_BT, dz_BT_#Tibt, ebu, ebu_KE, ebu_KE_#Latn, ee, 
        ee_GH, ee_GH_#Latn, ee_TG, el, el_CY, el_GR, el_GR_#Grek, en, 
        en_001, en_150, en_AE, en_AG, en_AI, en_AS, en_AT, en_AU, 
        en_BB, en_BE, en_BI, en_BM, en_BS, en_BW, en_BZ, en_CA, 
        en_CC, en_CH, en_CK, en_CM, en_CX, en_CY, en_DE, en_DG, 
        en_DK, en_DM, en_ER, en_FI, en_FJ, en_FK, en_FM, en_GB, 
        en_GD, en_GG, en_GH, en_GI, en_GM, en_GU, en_GY, en_HK, 
        en_IE, en_IL, en_IM, en_IN, en_IO, en_JE, en_JM, en_KE, 
        en_KI, en_KN, en_KY, en_LC, en_LR, en_LS, en_MG, en_MH, 
        en_MO, en_MP, en_MS, en_MT, en_MU, en_MW, en_MY, en_NA, 
        en_NF, en_NG, en_NL, en_NR, en_NU, en_NZ, en_PG, en_PH, 
        en_PK, en_PN, en_PR, en_PW, en_RW, en_SB, en_SC, en_SD, 
        en_SE, en_SG, en_SH, en_SI, en_SL, en_SS, en_SX, en_SZ, 
        en_TC, en_TK, en_TO, en_TT, en_TV, en_TZ, en_UG, en_UM, 
        en_US, en_US_#Latn, en_US_POSIX, en_VC, en_VG, en_VI, en_VU, en_WS, 
        en_ZA, en_ZM, en_ZW, eo, eo_001, eo_001_#Latn, es, es_419, 
        es_AR, es_BO, es_BR, es_BZ, es_CL, es_CO, es_CR, es_CU, 
        es_DO, es_EA, es_EC, es_ES, es_ES_#Latn, es_GQ, es_GT, es_HN, 
        es_IC, es_MX, es_NI, es_PA, es_PE, es_PH, es_PR, es_PY, 
        es_SV, es_US, es_UY, es_VE, et, et_EE, et_EE_#Latn, eu, 
        eu_ES, eu_ES_#Latn, ewo, ewo_CM, ewo_CM_#Latn, fa, fa_AF, fa_IR, 
        fa_IR_#Arab, ff, ff_BF_#Adlm, ff_BF_#Latn, ff_CM_#Adlm, ff_CM_#Latn, ff_GH_#Adlm, ff_GH_#Latn, 
        ff_GM_#Adlm, ff_GM_#Latn, ff_GN, ff_GN_#Adlm, ff_GN_#Latn, ff_GW_#Adlm, ff_GW_#Latn, ff_LR_#Adlm, 
        ff_LR_#Latn, ff_MR_#Adlm, ff_MR_#Latn, ff_NE_#Adlm, ff_NE_#Latn, ff_NG_#Adlm, ff_NG_#Latn, ff_SL_#Adlm, 
        ff_SL_#Latn, ff_SN, ff_SN_#Adlm, ff_SN_#Latn, ff__#Adlm, ff__#Latn, fi, fi_FI, 
        fi_FI_#Latn, fil, fil_PH, fil_PH_#Latn, fo, fo_DK, fo_FO, fo_FO_#Latn, 
        fr, fr_BE, fr_BF, fr_BI, fr_BJ, fr_BL, fr_CA, fr_CD, 
        fr_CF, fr_CG, fr_CH, fr_CI, fr_CM, fr_DJ, fr_DZ, fr_FR, 
        fr_FR_#Latn, fr_GA, fr_GF, fr_GN, fr_GP, fr_GQ, fr_HT, fr_KM, 
        fr_LU, fr_MA, fr_MC, fr_MF, fr_MG, fr_ML, fr_MQ, fr_MR, 
        fr_MU, fr_NC, fr_NE, fr_PF, fr_PM, fr_RE, fr_RW, fr_SC, 
        fr_SN, fr_SY, fr_TD, fr_TG, fr_TN, fr_VU, fr_WF, fr_YT, 
        fur, fur_IT, fur_IT_#Latn, fy, fy_NL, fy_NL_#Latn, ga, ga_GB, 
        ga_IE, ga_IE_#Latn, gd, gd_GB, gd_GB_#Latn, gl, gl_ES, gl_ES_#Latn, 
        gsw, gsw_CH, gsw_CH_#Latn, gsw_FR, gsw_LI, gu, gu_IN, gu_IN_#Gujr, 
        guz, guz_KE, guz_KE_#Latn, gv, gv_IM, gv_IM_#Latn, ha, ha_GH, 
        ha_NE, ha_NG, ha_NG_#Latn, haw, haw_US, haw_US_#Latn, he, he_IL, 
        he_IL_#Hebr, hi, hi_IN, hi_IN_#Deva, hr, hr_BA, hr_HR, hr_HR_#Latn, 
        hsb, hsb_DE, hsb_DE_#Latn, hu, hu_HU, hu_HU_#Latn, hy, hy_AM, 
        hy_AM_#Armn, ia, ia_001, ia_001_#Latn, id, id_ID, id_ID_#Latn, ig, 
        ig_NG, ig_NG_#Latn, ii, ii_CN, ii_CN_#Yiii, is, is_IS, is_IS_#Latn, 
        it, it_CH, it_IT, it_IT_#Latn, it_SM, it_VA, ja, ja_JP, 
        ja_JP_#Jpan, ja_JP_JP_#u-ca-japanese, jgo, jgo_CM, jgo_CM_#Latn, jmc, jmc_TZ, jmc_TZ_#Latn, 
        jv, jv_ID, jv_ID_#Latn, ka, ka_GE, ka_GE_#Geor, kab, kab_DZ, 
        kab_DZ_#Latn, kam, kam_KE, kam_KE_#Latn, kde, kde_TZ, kde_TZ_#Latn, kea, 
        kea_CV, kea_CV_#Latn, khq, khq_ML, khq_ML_#Latn, ki, ki_KE, ki_KE_#Latn, 
        kk, kk_KZ, kk_KZ_#Cyrl, kkj, kkj_CM, kkj_CM_#Latn, kl, kl_GL, 
        kl_GL_#Latn, kln, kln_KE, kln_KE_#Latn, km, km_KH, km_KH_#Khmr, kn, 
        kn_IN, kn_IN_#Knda, ko, ko_KP, ko_KR, ko_KR_#Kore, kok, kok_IN, 
        kok_IN_#Deva, ks, ks_IN, ks_IN_#Arab, ks__#Arab, ksb, ksb_TZ, ksb_TZ_#Latn, 
        ksf, ksf_CM, ksf_CM_#Latn, ksh, ksh_DE, ksh_DE_#Latn, ku, ku_TR, 
        ku_TR_#Latn, kw, kw_GB, kw_GB_#Latn, ky, ky_KG, ky_KG_#Cyrl, lag, 
        lag_TZ, lag_TZ_#Latn, lb, lb_LU, lb_LU_#Latn, lg, lg_UG, lg_UG_#Latn, 
        lkt, lkt_US, lkt_US_#Latn, ln, ln_AO, ln_CD, ln_CD_#Latn, ln_CF, 
        ln_CG, lo, lo_LA, lo_LA_#Laoo, lrc, lrc_IQ, lrc_IR, lrc_IR_#Arab, 
        lt, lt_LT, lt_LT_#Latn, lu, lu_CD, lu_CD_#Latn, luo, luo_KE, 
        luo_KE_#Latn, luy, luy_KE, luy_KE_#Latn, lv, lv_LV, lv_LV_#Latn, mai, 
        mai_IN, mai_IN_#Deva, mas, mas_KE, mas_KE_#Latn, mas_TZ, mer, mer_KE, 
        mer_KE_#Latn, mfe, mfe_MU, mfe_MU_#Latn, mg, mg_MG, mg_MG_#Latn, mgh, 
        mgh_MZ, mgh_MZ_#Latn, mgo, mgo_CM, mgo_CM_#Latn, mi, mi_NZ, mi_NZ_#Latn, 
        mk, mk_MK, mk_MK_#Cyrl, ml, ml_IN, ml_IN_#Mlym, mn, mn_MN, 
        mn_MN_#Cyrl, mni, mni_IN, mni_IN_#Beng, mni__#Beng, mr, mr_IN, mr_IN_#Deva, 
        ms, ms_BN, ms_ID, ms_MY, ms_MY_#Latn, ms_SG, mt, mt_MT, 
        mt_MT_#Latn, mua, mua_CM, mua_CM_#Latn, my, my_MM, my_MM_#Mymr, mzn, 
        mzn_IR, mzn_IR_#Arab, naq, naq_NA, naq_NA_#Latn, nb, nb_NO, nb_NO_#Latn, 
        nb_SJ, nd, nd_ZW, nd_ZW_#Latn, nds, nds_DE, nds_DE_#Latn, nds_NL, 
        ne, ne_IN, ne_NP, ne_NP_#Deva, nl, nl_AW, nl_BE, nl_BQ, 
        nl_CW, nl_NL, nl_NL_#Latn, nl_SR, nl_SX, nmg, nmg_CM, nmg_CM_#Latn, 
        nn, nn_NO, nn_NO_#Latn, nnh, nnh_CM, nnh_CM_#Latn, no, no_NO, 
        no_NO_#Latn, no_NO_NY, nus, nus_SS, nus_SS_#Latn, nyn, nyn_UG, nyn_UG_#Latn, 
        om, om_ET, om_ET_#Latn, om_KE, or, or_IN, or_IN_#Orya, os, 
        os_GE, os_GE_#Cyrl, os_RU, pa, pa_IN, pa_IN_#Guru, pa_PK, pa_PK_#Arab, 
        pa__#Arab, pa__#Guru, pcm, pcm_NG, pcm_NG_#Latn, pl, pl_PL, pl_PL_#Latn, 
        ps, ps_AF, ps_AF_#Arab, ps_PK, pt, pt_AO, pt_BR, pt_BR_#Latn, 
        pt_CH, pt_CV, pt_GQ, pt_GW, pt_LU, pt_MO, pt_MZ, pt_PT, 
        pt_ST, pt_TL, qu, qu_BO, qu_EC, qu_PE, qu_PE_#Latn, rm, 
        rm_CH, rm_CH_#Latn, rn, rn_BI, rn_BI_#Latn, ro, ro_MD, ro_RO, 
        ro_RO_#Latn, rof, rof_TZ, rof_TZ_#Latn, ru, ru_BY, ru_KG, ru_KZ, 
        ru_MD, ru_RU, ru_RU_#Cyrl, ru_UA, rw, rw_RW, rw_RW_#Latn, rwk, 
        rwk_TZ, rwk_TZ_#Latn, sa, sa_IN, sa_IN_#Deva, sah, sah_RU, sah_RU_#Cyrl, 
        saq, saq_KE, saq_KE_#Latn, sat, sat_IN, sat_IN_#Olck, sat__#Olck, sbp, 
        sbp_TZ, sbp_TZ_#Latn, sd, sd_IN, sd_IN_#Deva, sd_PK, sd_PK_#Arab, sd__#Arab, 
        sd__#Deva, se, se_FI, se_NO, se_NO_#Latn, se_SE, seh, seh_MZ, 
        seh_MZ_#Latn, ses, ses_ML, ses_ML_#Latn, sg, sg_CF, sg_CF_#Latn, shi, 
        shi_MA, shi_MA_#Latn, shi_MA_#Tfng, shi__#Latn, shi__#Tfng, si, si_LK, si_LK_#Sinh, 
        sk, sk_SK, sk_SK_#Latn, sl, sl_SI, sl_SI_#Latn, smn, smn_FI, 
        smn_FI_#Latn, sn, sn_ZW, sn_ZW_#Latn, so, so_DJ, so_ET, so_KE, 
        so_SO, so_SO_#Latn, sq, sq_AL, sq_AL_#Latn, sq_MK, sq_XK, sr, 
        sr_BA, sr_BA_#Cyrl, sr_BA_#Latn, sr_CS, sr_ME, sr_ME_#Cyrl, sr_ME_#Latn, sr_RS, 
        sr_RS_#Cyrl, sr_RS_#Latn, sr_XK_#Cyrl, sr_XK_#Latn, sr__#Cyrl, sr__#Latn, su, su_ID, 
        su_ID_#Latn, su__#Latn, sv, sv_AX, sv_FI, sv_SE, sv_SE_#Latn, sw, 
        sw_CD, sw_KE, sw_TZ, sw_TZ_#Latn, sw_UG, ta, ta_IN, ta_IN_#Taml, 
        ta_LK, ta_MY, ta_SG, te, te_IN, te_IN_#Telu, teo, teo_KE, 
        teo_UG, teo_UG_#Latn, tg, tg_TJ, tg_TJ_#Cyrl, th, th_TH, th_TH_#Thai, 
        th_TH_TH_#u-nu-thai, ti, ti_ER, ti_ET, ti_ET_#Ethi, tk, tk_TM, tk_TM_#Latn, 
        to, to_TO, to_TO_#Latn, tr, tr_CY, tr_TR, tr_TR_#Latn, tt, 
        tt_RU, tt_RU_#Cyrl, twq, twq_NE, twq_NE_#Latn, tzm, tzm_MA, tzm_MA_#Latn, 
        ug, ug_CN, ug_CN_#Arab, uk, uk_UA, uk_UA_#Cyrl, ur, ur_IN, 
        ur_PK, ur_PK_#Arab, uz, uz_AF, uz_AF_#Arab, uz_UZ, uz_UZ_#Cyrl, uz_UZ_#Latn, 
        uz__#Arab, uz__#Cyrl, uz__#Latn, vai, vai_LR, vai_LR_#Latn, vai_LR_#Vaii, vai__#Latn, 
        vai__#Vaii, vi, vi_VN, vi_VN_#Latn, vun, vun_TZ, vun_TZ_#Latn, wae, 
        wae_CH, wae_CH_#Latn, wo, wo_SN, wo_SN_#Latn, xh, xh_ZA, xh_ZA_#Latn, 
        xog, xog_UG, xog_UG_#Latn, yav, yav_CM, yav_CM_#Latn, yi, yi_001, 
        yi_001_#Hebr, yo, yo_BJ, yo_NG, yo_NG_#Latn, yue, yue_CN, yue_CN_#Hans, 
        yue_HK, yue_HK_#Hant, yue__#Hans, yue__#Hant, zgh, zgh_MA, zgh_MA_#Tfng, zh, 
        zh_CN, zh_CN_#Hans, zh_HK, zh_HK_#Hans, zh_HK_#Hant, zh_MO, zh_MO_#Hans, zh_MO_#Hant, 
        zh_SG, zh_SG_#Hans, zh_TW, zh_TW_#Hant, zh__#Hans, zh__#Hant, zu, zu_ZA, 
        zu_ZA_#Latn
Operating System Metrics:
    Provider: cgroupv2
    Effective CPU Count: 1
    CPU Period: 100000us
    CPU Quota: 100000us
    CPU Shares: 1024us
    List of Processors: N/A
    List of Effective Processors, 16 total: 
    0 1 2 3 4 5 6 7 8 9 10 11 12 13 14 15 
    List of Memory Nodes: N/A
    List of Available Memory Nodes, 1 total: 
    0 
    Memory Limit: 1.00G
    Memory Soft Limit: 0.00K
    Memory & Swap Limit: 1.00G
    Maximum Processes Limit: 37525

__  ____  __  _____   ___  __ ____  ______ 
 --/ __ \/ / / / _ | / _ \/ //_/ / / / __/ 
 -/ /_/ / /_/ / __ |/ , _/ ,< / /_/ /\ \   
--\___\_\____/_/ |_/_/|_/_/|_|\____/___/   
2023-11-21 14:31:25.568 WARN  [org.hibernate.boot.model.internal.JPAXMLOverriddenAnnotationReader] [||] [||] (main) HHH000207: Property com.knime.enterprise.utility.NodeMsg.m_nodeName not found in class but described in <mapping-file/> (possible typo error)
2023-11-21 14:31:25.568 WARN  [org.hibernate.boot.model.internal.JPAXMLOverriddenAnnotationReader] [||] [||] (main) HHH000207: Property com.knime.enterprise.utility.NodeMsg.m_message not found in class but described in <mapping-file/> (possible typo error)
2023-11-21 14:31:25.568 WARN  [org.hibernate.boot.model.internal.JPAXMLOverriddenAnnotationReader] [||] [||] (main) HHH000207: Property com.knime.enterprise.utility.NodeMsg.m_type not found in class but described in <mapping-file/> (possible typo error)
ERROR StatusLogger Log4j2 could not find a logging implementation. Please add log4j-core to the classpath. Using SimpleLogger to log to the console...
2023-11-21 14:31:32.780 INFO  [com.knime.enterprise.cloud.services.execution.lifecycle.ExecutorWatchdog] [||] [||] (main) Refreshing executor states with fixed delay of 100000ms
2023-11-21 14:31:32.870 INFO  [io.quarkus] [||] [||] (main) lifecycle-handler 2.1.0.0002-943be8f on JVM (powered by Quarkus 3.2.6.Final) started in 8.992s. Listening on: http://***HIDDEN***:8080
2023-11-21 14:31:32.871 INFO  [io.quarkus] [||] [||] (main) Profile prod activated. 
2023-11-21 14:31:32.871 INFO  [io.quarkus] [||] [||] (main) Installed features: [agroal, artemis-jms, cdi, flyway, hibernate-orm, hibernate-orm-panache, jdbc-postgresql, narayana-jta, oidc-client, oidc-client-filter, opentelemetry, reactive-routes, rest-client, rest-client-jackson, security, smallrye-context-propagation, smallrye-health, smallrye-jwt, vertx]
2023-11-21 14:31:41.899 INFO  [com.knime.enterprise.cloud.services.execution.lifecycle.JobLifecycleHandler] [||] [|LHr1qv83-2r1sn3v6xgk4|] (Job swapper) Checking for all swappable jobs of execution context with id 9043c21d-150c-4de1-bee5-7e992ebd922d that are idle since 2023-11-21T14:21:41.898296535Z[GMT]
2023-11-21 14:31:58.687 INFO  [com.knime.enterprise.cloud.services.execution.lifecycle.JobLifecycleHandler] [||] [|LHr1qv831biajjmycmjji|] (Job discarder) Checking for all discardable jobs of execution context with id 9043c21d-150c-4de1-bee5-7e992ebd922d that are idle since 2023-11-14T14:31:58.687837667Z[GMT]
2023-11-21 14:32:15.686 INFO  [com.knime.enterprise.cloud.services.execution.lifecycle.JobLifecycleHandler] [||] [|LHr1qv83lschzkj9r7m7|] (Job canceler) Checking for long-running jobs of execution context with id 9043c21d-150c-4de1-bee5-7e992ebd922d that are executing since 2021-02-24T14:32:15.686772138Z[GMT]
2023-11-21 14:32:32.682 INFO  [com.knime.enterprise.cloud.services.execution.lifecycle.JobLifecycleHandler] [||] [||] (Job purger) Checking for purgeable jobs that have been discarded before 2023-11-21T14:31:32.681838663Z[GMT]
2023-11-21 14:32:41.982 INFO  [com.knime.enterprise.cloud.services.execution.lifecycle.JobLifecycleHandler] [||] [|LHr1qv83-41v3f370gwc8|] (Job swapper) Checking for all swappable jobs of execution context with id 9043c21d-150c-4de1-bee5-7e992ebd922d that are idle since 2023-11-21T14:22:41.981976378Z[GMT]
2023-11-21 14:32:58.698 INFO  [com.knime.enterprise.cloud.services.execution.lifecycle.JobLifecycleHandler] [||] [|LHr1qv83-7equ5k98lqeg|] (Job discarder) Checking for all discardable jobs of execution context with id 9043c21d-150c-4de1-bee5-7e992ebd922d that are idle since 2023-11-14T14:32:58.698555423Z[GMT]
2023-11-21 14:33:13.224 INFO  [com.knime.enterprise.cloud.services.execution.lifecycle.ExecutorWatchdog] [||] [|WDr1qv8311172ku264bkw|] (Thread-0 (ActiveMQ-client-global-threads)) Updated timestamp of executor '5beb76ab-80b6-467d-a7ed-30f2287cea23@executor-9043c21d-150c-4de1-bee5-7e992ebd922d-5beb76ab-80b6-467' to 2023-11-21T14:33:13.223352335
2023-11-21 14:33:15.697 INFO  [com.knime.enterprise.cloud.services.execution.lifecycle.JobLifecycleHandler] [||] [|LHr1qv83svjatju0o1es|] (Job canceler) Checking for long-running jobs of execution context with id 9043c21d-150c-4de1-bee5-7e992ebd922d that are executing since 2021-02-24T14:33:15.697871862Z[GMT]
2023-11-21 14:33:32.687 INFO  [com.knime.enterprise.cloud.services.execution.lifecycle.JobLifecycleHandler] [||] [||] (Job purger) Checking for purgeable jobs that have been discarded before 2023-11-21T14:32:32.687707574Z[GMT]
2023-11-21 14:33:41.988 INFO  [com.knime.enterprise.cloud.services.execution.lifecycle.JobLifecycleHandler] [||] [|LHr1qv83-vv9uxvshmihw|] (Job swapper) Checking for all swappable jobs of execution context with id 9043c21d-150c-4de1-bee5-7e992ebd922d that are idle since 2023-11-21T14:23:41.988735573Z[GMT]
2023-11-21 14:33:58.708 INFO  [com.knime.enterprise.cloud.services.execution.lifecycle.JobLifecycleHandler] [||] [|LHr1qv8311b443ltsfwrw|] (Job discarder) Checking for all discardable jobs of execution context with id 9043c21d-150c-4de1-bee5-7e992ebd922d that are idle since 2023-11-14T14:33:58.708511197Z[GMT]
2023-11-21 14:34:15.704 INFO  [com.knime.enterprise.cloud.services.execution.lifecycle.JobLifecycleHandler] [||] [|LHr1qv831vluibhwfxams|] (Job canceler) Checking for long-running jobs of execution context with id 9043c21d-150c-4de1-bee5-7e992ebd922d that are executing since 2021-02-24T14:34:15.704397071Z[GMT]
2023-11-21 14:34:32.690 INFO  [com.knime.enterprise.cloud.services.execution.lifecycle.JobLifecycleHandler] [||] [||] (Job purger) Checking for purgeable jobs that have been discarded before 2023-11-21T14:33:32.690848126Z[GMT]
2023-11-21 14:34:41.994 INFO  [com.knime.enterprise.cloud.services.execution.lifecycle.JobLifecycleHandler] [||] [|LHr1qv83-6msqulqgzryr|] (Job swapper) Checking for all swappable jobs of execution context with id 9043c21d-150c-4de1-bee5-7e992ebd922d that are idle since 2023-11-21T14:24:41.994851866Z[GMT]
2023-11-21 14:34:52.878 INFO  [com.knime.enterprise.cloud.services.execution.lifecycle.ExecutorWatchdog] [||] [|WDr1qv83-ermkgbl9h1e8|] (Thread-1 (ActiveMQ-client-global-threads)) Updated timestamp of executor '5beb76ab-80b6-467d-a7ed-30f2287cea23@executor-9043c21d-150c-4de1-bee5-7e992ebd922d-5beb76ab-80b6-467' to 2023-11-21T14:34:52.877431058
2023-11-21 14:34:58.715 INFO  [com.knime.enterprise.cloud.services.execution.lifecycle.JobLifecycleHandler] [||] [|LHr1qv831ca01qrnq048u|] (Job discarder) Checking for all discardable jobs of execution context with id 9043c21d-150c-4de1-bee5-7e992ebd922d that are idle since 2023-11-14T14:34:58.715018920Z[GMT]
2023-11-21 14:35:15.710 INFO  [com.knime.enterprise.cloud.services.execution.lifecycle.JobLifecycleHandler] [||] [|LHr1qv839x4w2grps6wu|] (Job canceler) Checking for long-running jobs of execution context with id 9043c21d-150c-4de1-bee5-7e992ebd922d that are executing since 2021-02-24T14:35:15.710703248Z[GMT]
2023-11-21 14:35:32.693 INFO  [com.knime.enterprise.cloud.services.execution.lifecycle.JobLifecycleHandler] [||] [||] (Job purger) Checking for purgeable jobs that have been discarded before 2023-11-21T14:34:32.693794445Z[GMT]
2023-11-21 14:35:42.000 INFO  [com.knime.enterprise.cloud.services.execution.lifecycle.JobLifecycleHandler] [||] [|LHr1qv83-wilr78a097qw|] (Job swapper) Checking for all swappable jobs of execution context with id 9043c21d-150c-4de1-bee5-7e992ebd922d that are idle since 2023-11-21T14:25:42.000846444Z[GMT]
2023-11-21 14:35:58.720 INFO  [com.knime.enterprise.cloud.services.execution.lifecycle.JobLifecycleHandler] [||] [|LHr1qv83-x5dduhe00tsl|] (Job discarder) Checking for all discardable jobs of execution context with id 9043c21d-150c-4de1-bee5-7e992ebd922d that are idle since 2023-11-14T14:35:58.720862288Z[GMT]
2023-11-21 14:36:15.716 INFO  [com.knime.enterprise.cloud.services.execution.lifecycle.JobLifecycleHandler] [||] [|LHr1qv83-37cr21sdrz6j|] (Job canceler) Checking for long-running jobs of execution context with id 9043c21d-150c-4de1-bee5-7e992ebd922d that are executing since 2021-02-24T14:36:15.716591184Z[GMT]
2023-11-21 14:36:32.696 INFO  [com.knime.enterprise.cloud.services.execution.lifecycle.JobLifecycleHandler] [||] [||] (Job purger) Checking for purgeable jobs that have been discarded before 2023-11-21T14:35:32.696747524Z[GMT]
2023-11-21 14:36:32.882 INFO  [com.knime.enterprise.cloud.services.execution.lifecycle.ExecutorWatchdog] [||] [|WDr1qv83-1r882lhpmxliu|] (Thread-0 (ActiveMQ-client-global-threads)) Updated timestamp of executor '5beb76ab-80b6-467d-a7ed-30f2287cea23@executor-9043c21d-150c-4de1-bee5-7e992ebd922d-5beb76ab-80b6-467' to 2023-11-21T14:36:32.882602309
2023-11-21 14:36:42.007 INFO  [com.knime.enterprise.cloud.services.execution.lifecycle.JobLifecycleHandler] [||] [|LHr1qv83qhg7z6wfv7yb|] (Job swapper) Checking for all swappable jobs of execution context with id 9043c21d-150c-4de1-bee5-7e992ebd922d that are idle since 2023-11-21T14:26:42.007508253Z[GMT]
2023-11-21 14:36:58.726 INFO  [com.knime.enterprise.cloud.services.execution.lifecycle.JobLifecycleHandler] [||] [|LHr1qv83-11mxs3dwz4rkk|] (Job discarder) Checking for all discardable jobs of execution context with id 9043c21d-150c-4de1-bee5-7e992ebd922d that are idle since 2023-11-14T14:36:58.726592221Z[GMT]
2023-11-21 14:37:15.722 INFO  [com.knime.enterprise.cloud.services.execution.lifecycle.JobLifecycleHandler] [||] [|LHr1qv83-hjs13vubm8ft|] (Job canceler) Checking for long-running jobs of execution context with id 9043c21d-150c-4de1-bee5-7e992ebd922d that are executing since 2021-02-24T14:37:15.722376279Z[GMT]
2023-11-21 14:37:32.699 INFO  [com.knime.enterprise.cloud.services.execution.lifecycle.JobLifecycleHandler] [||] [||] (Job purger) Checking for purgeable jobs that have been discarded before 2023-11-21T14:36:32.699677176Z[GMT]
2023-11-21 14:37:42.013 INFO  [com.knime.enterprise.cloud.services.execution.lifecycle.JobLifecycleHandler] [||] [|LHr1qv83-1bfe6ziaz06e6|] (Job swapper) Checking for all swappable jobs of execution context with id 9043c21d-150c-4de1-bee5-7e992ebd922d that are idle since 2023-11-21T14:27:42.013316325Z[GMT]
2023-11-21 14:37:58.732 INFO  [com.knime.enterprise.cloud.services.execution.lifecycle.JobLifecycleHandler] [||] [|LHr1qv83-1eigh0ftnzmns|] (Job discarder) Checking for all discardable jobs of execution context with id 9043c21d-150c-4de1-bee5-7e992ebd922d that are idle since 2023-11-14T14:37:58.732152064Z[GMT]
2023-11-21 14:38:12.905 INFO  [com.knime.enterprise.cloud.services.execution.lifecycle.ExecutorWatchdog] [||] [|WDr1qv83-5qcmp31ocksf|] (Thread-1 (ActiveMQ-client-global-threads)) Updated timestamp of executor '5beb76ab-80b6-467d-a7ed-30f2287cea23@executor-9043c21d-150c-4de1-bee5-7e992ebd922d-5beb76ab-80b6-467' to 2023-11-21T14:38:12.905500785
2023-11-21 14:38:15.727 INFO  [com.knime.enterprise.cloud.services.execution.lifecycle.JobLifecycleHandler] [||] [|LHr1qv831ux57s8g5c51p|] (Job canceler) Checking for long-running jobs of execution context with id 9043c21d-150c-4de1-bee5-7e992ebd922d that are executing since 2021-02-24T14:38:15.727927012Z[GMT]
2023-11-21 14:38:32.703 INFO  [com.knime.enterprise.cloud.services.execution.lifecycle.JobLifecycleHandler] [||] [||] (Job purger) Checking for purgeable jobs that have been discarded before 2023-11-21T14:37:32.702943231Z[GMT]
2023-11-21 14:38:42.019 INFO  [com.knime.enterprise.cloud.services.execution.lifecycle.JobLifecycleHandler] [||] [|LHr1qv83thusbp14skqr|] (Job swapper) Checking for all swappable jobs of execution context with id 9043c21d-150c-4de1-bee5-7e992ebd922d that are idle since 2023-11-21T14:28:42.019537507Z[GMT]
2023-11-21 14:38:58.737 INFO  [com.knime.enterprise.cloud.services.execution.lifecycle.JobLifecycleHandler] [||] [|LHr1qv831h41op72thmtk|] (Job discarder) Checking for all discardable jobs of execution context with id 9043c21d-150c-4de1-bee5-7e992ebd922d that are idle since 2023-11-14T14:38:58.737660854Z[GMT]
2023-11-21 14:39:15.733 INFO  [com.knime.enterprise.cloud.services.execution.lifecycle.JobLifecycleHandler] [||] [|LHr1qv83-yxc8ai34zk1s|] (Job canceler) Checking for long-running jobs of execution context with id 9043c21d-150c-4de1-bee5-7e992ebd922d that are executing since 2021-02-24T14:39:15.733710979Z[GMT]
2023-11-21 14:39:32.706 INFO  [com.knime.enterprise.cloud.services.execution.lifecycle.JobLifecycleHandler] [||] [||] (Job purger) Checking for purgeable jobs that have been discarded before 2023-11-21T14:38:32.706618804Z[GMT]
2023-11-21 14:39:42.025 INFO  [com.knime.enterprise.cloud.services.execution.lifecycle.JobLifecycleHandler] [||] [|LHr1qv835qnsq5vvaets|] (Job swapper) Checking for all swappable jobs of execution context with id 9043c21d-150c-4de1-bee5-7e992ebd922d that are idle since 2023-11-21T14:29:42.025163607Z[GMT]
2023-11-21 14:39:52.912 INFO  [com.knime.enterprise.cloud.services.execution.lifecycle.ExecutorWatchdog] [||] [|WDr1qv83-19r2e0h3gxzmb|] (Thread-0 (ActiveMQ-client-global-threads)) Updated timestamp of executor '5beb76ab-80b6-467d-a7ed-30f2287cea23@executor-9043c21d-150c-4de1-bee5-7e992ebd922d-5beb76ab-80b6-467' to 2023-11-21T14:39:52.912646998
2023-11-21 14:39:58.743 INFO  [com.knime.enterprise.cloud.services.execution.lifecycle.JobLifecycleHandler] [||] [|LHr1qv8350zrnmetfjx9|] (Job discarder) Checking for all discardable jobs of execution context with id 9043c21d-150c-4de1-bee5-7e992ebd922d that are idle since 2023-11-14T14:39:58.743551914Z[GMT]
2023-11-21 14:40:15.739 INFO  [com.knime.enterprise.cloud.services.execution.lifecycle.JobLifecycleHandler] [||] [|LHr1qv83-xcyt7dlvr1hf|] (Job canceler) Checking for long-running jobs of execution context with id 9043c21d-150c-4de1-bee5-7e992ebd922d that are executing since 2021-02-24T14:40:15.739400912Z[GMT]
2023-11-21 14:40:32.709 INFO  [com.knime.enterprise.cloud.services.execution.lifecycle.JobLifecycleHandler] [||] [||] (Job purger) Checking for purgeable jobs that have been discarded before 2023-11-21T14:39:32.709385428Z[GMT]
2023-11-21 14:40:42.030 INFO  [com.knime.enterprise.cloud.services.execution.lifecycle.JobLifecycleHandler] [||] [|LHr1qv83-1i7kegsa3x4n5|] (Job swapper) Checking for all swappable jobs of execution context with id 9043c21d-150c-4de1-bee5-7e992ebd922d that are idle since 2023-11-21T14:30:42.030952978Z[GMT]
2023-11-21 14:40:58.749 INFO  [com.knime.enterprise.cloud.services.execution.lifecycle.JobLifecycleHandler] [||] [|LHr1qv831kr9r5t9mbrs1|] (Job discarder) Checking for all discardable jobs of execution context with id 9043c21d-150c-4de1-bee5-7e992ebd922d that are idle since 2023-11-14T14:40:58.749176710Z[GMT]
2023-11-21 14:41:15.744 INFO  [com.knime.enterprise.cloud.services.execution.lifecycle.JobLifecycleHandler] [||] [|LHr1qv83-1i4ju02xxy0ma|] (Job canceler) Checking for long-running jobs of execution context with id 9043c21d-150c-4de1-bee5-7e992ebd922d that are executing since 2021-02-24T14:41:15.744776995Z[GMT]
2023-11-21 14:41:32.712 INFO  [com.knime.enterprise.cloud.services.execution.lifecycle.JobLifecycleHandler] [||] [||] (Job purger) Checking for purgeable jobs that have been discarded before 2023-11-21T14:40:32.712194476Z[GMT]
2023-11-21 14:41:32.918 INFO  [com.knime.enterprise.cloud.services.execution.lifecycle.ExecutorWatchdog] [||] [|WDr1qv838da4xxc9ctr5|] (Thread-1 (ActiveMQ-client-global-threads)) Updated timestamp of executor '5beb76ab-80b6-467d-a7ed-30f2287cea23@executor-9043c21d-150c-4de1-bee5-7e992ebd922d-5beb76ab-80b6-467' to 2023-11-21T14:41:32.918230418
2023-11-21 14:41:42.036 INFO  [com.knime.enterprise.cloud.services.execution.lifecycle.JobLifecycleHandler] [||] [|LHr1qv83q0sbd3v1xbht|] (Job swapper) Checking for all swappable jobs of execution context with id 9043c21d-150c-4de1-bee5-7e992ebd922d that are idle since 2023-11-21T14:31:42.036424615Z[GMT]
2023-11-21 14:41:58.754 INFO  [com.knime.enterprise.cloud.services.execution.lifecycle.JobLifecycleHandler] [||] [|LHr1qv83-1tjjq7gz2tuhp|] (Job discarder) Checking for all discardable jobs of execution context with id 9043c21d-150c-4de1-bee5-7e992ebd922d that are idle since 2023-11-14T14:41:58.754675981Z[GMT]
2023-11-21 14:42:15.750 INFO  [com.knime.enterprise.cloud.services.execution.lifecycle.JobLifecycleHandler] [||] [|LHr1qv83-cyhkq1koeg7u|] (Job canceler) Checking for long-running jobs of execution context with id 9043c21d-150c-4de1-bee5-7e992ebd922d that are executing since 2021-02-24T14:42:15.750033068Z[GMT]
2023-11-21 14:42:32.714 INFO  [com.knime.enterprise.cloud.services.execution.lifecycle.JobLifecycleHandler] [||] [||] (Job purger) Checking for purgeable jobs that have been discarded before 2023-11-21T14:41:32.714928541Z[GMT]
2023-11-21 14:42:42.041 INFO  [com.knime.enterprise.cloud.services.execution.lifecycle.JobLifecycleHandler] [||] [|LHr1qv831ewb9hi3ea2m1|] (Job swapper) Checking for all swappable jobs of execution context with id 9043c21d-150c-4de1-bee5-7e992ebd922d that are idle since 2023-11-21T14:32:42.041543194Z[GMT]
2023-11-21 14:42:58.760 INFO  [com.knime.enterprise.cloud.services.execution.lifecycle.JobLifecycleHandler] [||] [|LHr1qv83-64qe3zxsbhw|] (Job discarder) Checking for all discardable jobs of execution context with id 9043c21d-150c-4de1-bee5-7e992ebd922d that are idle since 2023-11-14T14:42:58.759987767Z[GMT]
2023-11-21 14:43:12.926 INFO  [com.knime.enterprise.cloud.services.execution.lifecycle.ExecutorWatchdog] [||] [|WDr1qv8313ge2zd0ve34r|] (Thread-0 (ActiveMQ-client-global-threads)) Updated timestamp of executor '5beb76ab-80b6-467d-a7ed-30f2287cea23@executor-9043c21d-150c-4de1-bee5-7e992ebd922d-5beb76ab-80b6-467' to 2023-11-21T14:43:12.926511973
2023-11-21 14:43:15.755 INFO  [com.knime.enterprise.cloud.services.execution.lifecycle.JobLifecycleHandler] [||] [|LHr1qv83-ju71sqstho18|] (Job canceler) Checking for long-running jobs of execution context with id 9043c21d-150c-4de1-bee5-7e992ebd922d that are executing since 2021-02-24T14:43:15.755545022Z[GMT]
2023-11-21 14:43:32.717 INFO  [com.knime.enterprise.cloud.services.execution.lifecycle.JobLifecycleHandler] [||] [||] (Job purger) Checking for purgeable jobs that have been discarded before 2023-11-21T14:42:32.717693024Z[GMT]
2023-11-21 14:43:42.046 INFO  [com.knime.enterprise.cloud.services.execution.lifecycle.JobLifecycleHandler] [||] [|LHr1qv83-brcmqwqsc2eh|] (Job swapper) Checking for all swappable jobs of execution context with id 9043c21d-150c-4de1-bee5-7e992ebd922d that are idle since 2023-11-21T14:33:42.046599416Z[GMT]
2023-11-21 14:43:58.765 INFO  [com.knime.enterprise.cloud.services.execution.lifecycle.JobLifecycleHandler] [||] [|LHr1qv83-14qokdosa1ku1|] (Job discarder) Checking for all discardable jobs of execution context with id 9043c21d-150c-4de1-bee5-7e992ebd922d that are idle since 2023-11-14T14:43:58.765159124Z[GMT]
2023-11-21 14:44:15.760 INFO  [com.knime.enterprise.cloud.services.execution.lifecycle.JobLifecycleHandler] [||] [|LHr1qv831d0z4yvvjiafn|] (Job canceler) Checking for long-running jobs of execution context with id 9043c21d-150c-4de1-bee5-7e992ebd922d that are executing since 2021-02-24T14:44:15.760613340Z[GMT]
2023-11-21 14:44:32.720 INFO  [com.knime.enterprise.cloud.services.execution.lifecycle.JobLifecycleHandler] [||] [||] (Job purger) Checking for purgeable jobs that have been discarded before 2023-11-21T14:43:32.720345739Z[GMT]
2023-11-21 14:44:42.051 INFO  [com.knime.enterprise.cloud.services.execution.lifecycle.JobLifecycleHandler] [||] [|LHr1qv831x7m293s8tp40|] (Job swapper) Checking for all swappable jobs of execution context with id 9043c21d-150c-4de1-bee5-7e992ebd922d that are idle since 2023-11-21T14:34:42.051801493Z[GMT]
2023-11-21 14:44:52.932 INFO  [com.knime.enterprise.cloud.services.execution.lifecycle.ExecutorWatchdog] [||] [|WDr1qv831d8s8xztxswsi|] (Thread-1 (ActiveMQ-client-global-threads)) Updated timestamp of executor '5beb76ab-80b6-467d-a7ed-30f2287cea23@executor-9043c21d-150c-4de1-bee5-7e992ebd922d-5beb76ab-80b6-467' to 2023-11-21T14:44:52.932786372
2023-11-21 14:44:58.770 INFO  [com.knime.enterprise.cloud.services.execution.lifecycle.JobLifecycleHandler] [||] [|LHr1qv83-fyxjv89bvch5|] (Job discarder) Checking for all discardable jobs of execution context with id 9043c21d-150c-4de1-bee5-7e992ebd922d that are idle since 2023-11-14T14:44:58.770286300Z[GMT]
2023-11-21 14:45:15.765 INFO  [com.knime.enterprise.cloud.services.execution.lifecycle.JobLifecycleHandler] [||] [|LHr1qv83gy8nglpme81h|] (Job canceler) Checking for long-running jobs of execution context with id 9043c21d-150c-4de1-bee5-7e992ebd922d that are executing since 2021-02-24T14:45:15.765612788Z[GMT]
2023-11-21 14:45:32.722 INFO  [com.knime.enterprise.cloud.services.execution.lifecycle.JobLifecycleHandler] [||] [||] (Job purger) Checking for purgeable jobs that have been discarded before 2023-11-21T14:44:32.722804410Z[GMT]
2023-11-21 14:45:42.057 INFO  [com.knime.enterprise.cloud.services.execution.lifecycle.JobLifecycleHandler] [||] [|LHr1qv83-zn0h0ebcj40k|] (Job swapper) Checking for all swappable jobs of execution context with id 9043c21d-150c-4de1-bee5-7e992ebd922d that are idle since 2023-11-21T14:35:42.057218501Z[GMT]
2023-11-21 14:45:58.775 INFO  [com.knime.enterprise.cloud.services.execution.lifecycle.JobLifecycleHandler] [||] [|LHr1qv83-1kp68swnhxkat|] (Job discarder) Checking for all discardable jobs of execution context with id 9043c21d-150c-4de1-bee5-7e992ebd922d that are idle since 2023-11-14T14:45:58.775589378Z[GMT]
2023-11-21 14:46:15.770 INFO  [com.knime.enterprise.cloud.services.execution.lifecycle.JobLifecycleHandler] [||] [|LHr1qv83cnbv22qtheoa|] (Job canceler) Checking for long-running jobs of execution context with id 9043c21d-150c-4de1-bee5-7e992ebd922d that are executing since 2021-02-24T14:46:15.770712071Z[GMT]
2023-11-21 14:46:32.725 INFO  [com.knime.enterprise.cloud.services.execution.lifecycle.JobLifecycleHandler] [||] [||] (Job purger) Checking for purgeable jobs that have been discarded before 2023-11-21T14:45:32.725373066Z[GMT]
2023-11-21 14:46:32.939 INFO  [com.knime.enterprise.cloud.services.execution.lifecycle.ExecutorWatchdog] [||] [|WDr1qv83-47lq82oexx4g|] (Thread-1 (ActiveMQ-client-global-threads)) Updated timestamp of executor '5beb76ab-80b6-467d-a7ed-30f2287cea23@executor-9043c21d-150c-4de1-bee5-7e992ebd922d-5beb76ab-80b6-467' to 2023-11-21T14:46:32.939086319
2023-11-21 14:46:42.062 INFO  [com.knime.enterprise.cloud.services.execution.lifecycle.JobLifecycleHandler] [||] [|LHr1qv83-1gocsl6h5gf9f|] (Job swapper) Checking for all swappable jobs of execution context with id 9043c21d-150c-4de1-bee5-7e992ebd922d that are idle since 2023-11-21T14:36:42.062345413Z[GMT]
2023-11-21 14:46:58.780 INFO  [com.knime.enterprise.cloud.services.execution.lifecycle.JobLifecycleHandler] [||] [|LHr1qv831ac53vm4ux5y1|] (Job discarder) Checking for all discardable jobs of execution context with id 9043c21d-150c-4de1-bee5-7e992ebd922d that are idle since 2023-11-14T14:46:58.780938018Z[GMT]
2023-11-21 14:47:15.777 INFO  [com.knime.enterprise.cloud.services.execution.lifecycle.JobLifecycleHandler] [||] [|LHr1qv83-1hiefrdbyclvj|] (Job canceler) Checking for long-running jobs of execution context with id 9043c21d-150c-4de1-bee5-7e992ebd922d that are executing since 2021-02-24T14:47:15.777509096Z[GMT]
2023-11-21 14:47:32.727 INFO  [com.knime.enterprise.cloud.services.execution.lifecycle.JobLifecycleHandler] [||] [||] (Job purger) Checking for purgeable jobs that have been discarded before 2023-11-21T14:46:32.727817693Z[GMT]
2023-11-21 14:47:42.067 INFO  [com.knime.enterprise.cloud.services.execution.lifecycle.JobLifecycleHandler] [||] [|LHr1qv83-1eb1jahin72s7|] (Job swapper) Checking for all swappable jobs of execution context with id 9043c21d-150c-4de1-bee5-7e992ebd922d that are idle since 2023-11-21T14:37:42.067379852Z[GMT]
2023-11-21 14:47:58.785 INFO  [com.knime.enterprise.cloud.services.execution.lifecycle.JobLifecycleHandler] [||] [|LHr1qv83-9d9rap0xknfr|] (Job discarder) Checking for all discardable jobs of execution context with id 9043c21d-150c-4de1-bee5-7e992ebd922d that are idle since 2023-11-14T14:47:58.785967867Z[GMT]
2023-11-21 14:48:12.946 INFO  [com.knime.enterprise.cloud.services.execution.lifecycle.ExecutorWatchdog] [||] [|WDr1qv83-u96njkp1lppz|] (Thread-1 (ActiveMQ-client-global-threads)) Updated timestamp of executor '5beb76ab-80b6-467d-a7ed-30f2287cea23@executor-9043c21d-150c-4de1-bee5-7e992ebd922d-5beb76ab-80b6-467' to 2023-11-21T14:48:12.946527755
2023-11-21 14:48:15.782 INFO  [com.knime.enterprise.cloud.services.execution.lifecycle.JobLifecycleHandler] [||] [|LHr1qv83-mxfjmm584a4n|] (Job canceler) Checking for long-running jobs of execution context with id 9043c21d-150c-4de1-bee5-7e992ebd922d that are executing since 2021-02-24T14:48:15.782330045Z[GMT]
2023-11-21 14:48:32.731 INFO  [com.knime.enterprise.cloud.services.execution.lifecycle.JobLifecycleHandler] [||] [||] (Job purger) Checking for purgeable jobs that have been discarded before 2023-11-21T14:47:32.731484305Z[GMT]
2023-11-21 14:48:42.072 INFO  [com.knime.enterprise.cloud.services.execution.lifecycle.JobLifecycleHandler] [||] [|LHr1qv83-16a4u0myebq3h|] (Job swapper) Checking for all swappable jobs of execution context with id 9043c21d-150c-4de1-bee5-7e992ebd922d that are idle since 2023-11-21T14:38:42.072375749Z[GMT]
2023-11-21 14:48:58.790 INFO  [com.knime.enterprise.cloud.services.execution.lifecycle.JobLifecycleHandler] [||] [|LHr1qv83-5oeasrnyvmfd|] (Job discarder) Checking for all discardable jobs of execution context with id 9043c21d-150c-4de1-bee5-7e992ebd922d that are idle since 2023-11-14T14:48:58.790889177Z[GMT]
2023-11-21 14:49:15.787 INFO  [com.knime.enterprise.cloud.services.execution.lifecycle.JobLifecycleHandler] [||] [|LHr1qv83-1dsn6wqoldbo1|] (Job canceler) Checking for long-running jobs of execution context with id 9043c21d-150c-4de1-bee5-7e992ebd922d that are executing since 2021-02-24T14:49:15.787046386Z[GMT]
2023-11-21 14:49:32.733 INFO  [com.knime.enterprise.cloud.services.execution.lifecycle.JobLifecycleHandler] [||] [||] (Job purger) Checking for purgeable jobs that have been discarded before 2023-11-21T14:48:32.733865898Z[GMT]
2023-11-21 14:49:42.077 INFO  [com.knime.enterprise.cloud.services.execution.lifecycle.JobLifecycleHandler] [||] [|LHr1qv83-aqnfrjl5zpp1|] (Job swapper) Checking for all swappable jobs of execution context with id 9043c21d-150c-4de1-bee5-7e992ebd922d that are idle since 2023-11-21T14:39:42.077121885Z[GMT]
2023-11-21 14:49:52.953 INFO  [com.knime.enterprise.cloud.services.execution.lifecycle.ExecutorWatchdog] [||] [|WDr1qv831cldwl17h938s|] (Thread-0 (ActiveMQ-client-global-threads)) Updated timestamp of executor '5beb76ab-80b6-467d-a7ed-30f2287cea23@executor-9043c21d-150c-4de1-bee5-7e992ebd922d-5beb76ab-80b6-467' to 2023-11-21T14:49:52.953216624
2023-11-21 14:49:58.795 INFO  [com.knime.enterprise.cloud.services.execution.lifecycle.JobLifecycleHandler] [||] [|LHr1qv831blfu1ya7ru8g|] (Job discarder) Checking for all discardable jobs of execution context with id 9043c21d-150c-4de1-bee5-7e992ebd922d that are idle since 2023-11-14T14:49:58.795708083Z[GMT]
2023-11-21 14:50:15.792 INFO  [com.knime.enterprise.cloud.services.execution.lifecycle.JobLifecycleHandler] [||] [|LHr1qv83-1307es5o5287p|] (Job canceler) Checking for long-running jobs of execution context with id 9043c21d-150c-4de1-bee5-7e992ebd922d that are executing since 2021-02-24T14:50:15.791998208Z[GMT]
2023-11-21 14:50:32.736 INFO  [com.knime.enterprise.cloud.services.execution.lifecycle.JobLifecycleHandler] [||] [||] (Job purger) Checking for purgeable jobs that have been discarded before 2023-11-21T14:49:32.736177162Z[GMT]
2023-11-21 14:50:42.081 INFO  [com.knime.enterprise.cloud.services.execution.lifecycle.JobLifecycleHandler] [||] [|LHr1qv83-zhnvglv4g8us|] (Job swapper) Checking for all swappable jobs of execution context with id 9043c21d-150c-4de1-bee5-7e992ebd922d that are idle since 2023-11-21T14:40:42.081852747Z[GMT]
2023-11-21 14:50:58.800 INFO  [com.knime.enterprise.cloud.services.execution.lifecycle.JobLifecycleHandler] [||] [|LHr1qv83-1y0cxxupl2xac|] (Job discarder) Checking for all discardable jobs of execution context with id 9043c21d-150c-4de1-bee5-7e992ebd922d that are idle since 2023-11-14T14:50:58.800637369Z[GMT]
2023-11-21 14:51:15.796 INFO  [com.knime.enterprise.cloud.services.execution.lifecycle.JobLifecycleHandler] [||] [|LHr1qv83-1hvpe9u58esth|] (Job canceler) Checking for long-running jobs of execution context with id 9043c21d-150c-4de1-bee5-7e992ebd922d that are executing since 2021-02-24T14:51:15.796683637Z[GMT]
2023-11-21 14:51:32.738 INFO  [com.knime.enterprise.cloud.services.execution.lifecycle.JobLifecycleHandler] [||] [||] (Job purger) Checking for purgeable jobs that have been discarded before 2023-11-21T14:50:32.738503784Z[GMT]
2023-11-21 14:51:32.959 INFO  [com.knime.enterprise.cloud.services.execution.lifecycle.ExecutorWatchdog] [||] [|WDr1qv83-1qaohqhxougqm|] (Thread-1 (ActiveMQ-client-global-threads)) Updated timestamp of executor '5beb76ab-80b6-467d-a7ed-30f2287cea23@executor-9043c21d-150c-4de1-bee5-7e992ebd922d-5beb76ab-80b6-467' to 2023-11-21T14:51:32.959456409
2023-11-21 14:51:42.086 INFO  [com.knime.enterprise.cloud.services.execution.lifecycle.JobLifecycleHandler] [||] [|LHr1qv83-1quap9ysaou6c|] (Job swapper) Checking for all swappable jobs of execution context with id 9043c21d-150c-4de1-bee5-7e992ebd922d that are idle since 2023-11-21T14:41:42.086483227Z[GMT]
2023-11-21 14:51:58.805 INFO  [com.knime.enterprise.cloud.services.execution.lifecycle.JobLifecycleHandler] [||] [|LHr1qv83-n2sr4vai7jma|] (Job discarder) Checking for all discardable jobs of execution context with id 9043c21d-150c-4de1-bee5-7e992ebd922d that are idle since 2023-11-14T14:51:58.805483757Z[GMT]
2023-11-21 14:52:15.801 INFO  [com.knime.enterprise.cloud.services.execution.lifecycle.JobLifecycleHandler] [||] [|LHr1qv83-o6ndx3hnf9ci|] (Job canceler) Checking for long-running jobs of execution context with id 9043c21d-150c-4de1-bee5-7e992ebd922d that are executing since 2021-02-24T14:52:15.801261387Z[GMT]
2023-11-21 14:52:32.740 INFO  [com.knime.enterprise.cloud.services.execution.lifecycle.JobLifecycleHandler] [||] [||] (Job purger) Checking for purgeable jobs that have been discarded before 2023-11-21T14:51:32.740802391Z[GMT]
2023-11-21 14:52:42.093 INFO  [com.knime.enterprise.cloud.services.execution.lifecycle.JobLifecycleHandler] [||] [|LHr1qv83-1ozbc6e0cczqs|] (Job swapper) Checking for all swappable jobs of execution context with id 9043c21d-150c-4de1-bee5-7e992ebd922d that are idle since 2023-11-21T14:42:42.093886504Z[GMT]
2023-11-21 14:52:58.810 INFO  [com.knime.enterprise.cloud.services.execution.lifecycle.JobLifecycleHandler] [||] [|LHr1qv83fpmnbj2fm2xr|] (Job discarder) Checking for all discardable jobs of execution context with id 9043c21d-150c-4de1-bee5-7e992ebd922d that are idle since 2023-11-14T14:52:58.810175349Z[GMT]
2023-11-21 14:53:12.965 INFO  [com.knime.enterprise.cloud.services.execution.lifecycle.ExecutorWatchdog] [||] [|WDr1qv83-15g111xg7f8dt|] (Thread-0 (ActiveMQ-client-global-threads)) Updated timestamp of executor '5beb76ab-80b6-467d-a7ed-30f2287cea23@executor-9043c21d-150c-4de1-bee5-7e992ebd922d-5beb76ab-80b6-467' to 2023-11-21T14:53:12.965360244
2023-11-21 14:53:15.805 INFO  [com.knime.enterprise.cloud.services.execution.lifecycle.JobLifecycleHandler] [||] [|LHr1qv83-jui1s9fof942|] (Job canceler) Checking for long-running jobs of execution context with id 9043c21d-150c-4de1-bee5-7e992ebd922d that are executing since 2021-02-24T14:53:15.805935903Z[GMT]
2023-11-21 14:53:32.743 INFO  [com.knime.enterprise.cloud.services.execution.lifecycle.JobLifecycleHandler] [||] [||] (Job purger) Checking for purgeable jobs that have been discarded before 2023-11-21T14:52:32.743126750Z[GMT]
2023-11-21 14:53:42.099 INFO  [com.knime.enterprise.cloud.services.execution.lifecycle.JobLifecycleHandler] [||] [|LHr1qv831uclznhp05060|] (Job swapper) Checking for all swappable jobs of execution context with id 9043c21d-150c-4de1-bee5-7e992ebd922d that are idle since 2023-11-21T14:43:42.098995526Z[GMT]
2023-11-21 14:53:58.814 INFO  [com.knime.enterprise.cloud.services.execution.lifecycle.JobLifecycleHandler] [||] [|LHr1qv8319096c1gyzvw|] (Job discarder) Checking for all discardable jobs of execution context with id 9043c21d-150c-4de1-bee5-7e992ebd922d that are idle since 2023-11-14T14:53:58.814909275Z[GMT]
2023-11-21 14:54:15.810 INFO  [com.knime.enterprise.cloud.services.execution.lifecycle.JobLifecycleHandler] [||] [|LHr1qv83ug7bu95vvsc8|] (Job canceler) Checking for long-running jobs of execution context with id 9043c21d-150c-4de1-bee5-7e992ebd922d that are executing since 2021-02-24T14:54:15.810738126Z[GMT]
2023-11-21 14:54:32.745 INFO  [com.knime.enterprise.cloud.services.execution.lifecycle.JobLifecycleHandler] [||] [||] (Job purger) Checking for purgeable jobs that have been discarded before 2023-11-21T14:53:32.745409329Z[GMT]
2023-11-21 14:54:42.103 INFO  [com.knime.enterprise.cloud.services.execution.lifecycle.JobLifecycleHandler] [||] [|LHr1qv83kmgovov22n2f|] (Job swapper) Checking for all swappable jobs of execution context with id 9043c21d-150c-4de1-bee5-7e992ebd922d that are idle since 2023-11-21T14:44:42.103736504Z[GMT]
2023-11-21 14:54:52.970 INFO  [com.knime.enterprise.cloud.services.execution.lifecycle.ExecutorWatchdog] [||] [|WDr1qv83-16kzcy9agdzjc|] (Thread-0 (ActiveMQ-client-global-threads)) Updated timestamp of executor '5beb76ab-80b6-467d-a7ed-30f2287cea23@executor-9043c21d-150c-4de1-bee5-7e992ebd922d-5beb76ab-80b6-467' to 2023-11-21T14:54:52.970859998
2023-11-21 14:54:58.819 INFO  [com.knime.enterprise.cloud.services.execution.lifecycle.JobLifecycleHandler] [||] [|LHr1qv83-11ckb382gpkqs|] (Job discarder) Checking for all discardable jobs of execution context with id 9043c21d-150c-4de1-bee5-7e992ebd922d that are idle since 2023-11-14T14:54:58.819582076Z[GMT]
2023-11-21 14:55:15.815 INFO  [com.knime.enterprise.cloud.services.execution.lifecycle.JobLifecycleHandler] [||] [|LHr1qv831wv9kponi2q2e|] (Job canceler) Checking for long-running jobs of execution context with id 9043c21d-150c-4de1-bee5-7e992ebd922d that are executing since 2021-02-24T14:55:15.815559543Z[GMT]
2023-11-21 14:55:32.748 INFO  [com.knime.enterprise.cloud.services.execution.lifecycle.JobLifecycleHandler] [||] [||] (Job purger) Checking for purgeable jobs that have been discarded before 2023-11-21T14:54:32.748009579Z[GMT]
2023-11-21 14:55:42.108 INFO  [com.knime.enterprise.cloud.services.execution.lifecycle.JobLifecycleHandler] [||] [|LHr1qv83-q06hbo3c9yt9|] (Job swapper) Checking for all swappable jobs of execution context with id 9043c21d-150c-4de1-bee5-7e992ebd922d that are idle since 2023-11-21T14:45:42.108321680Z[GMT]
2023-11-21 14:55:58.824 INFO  [com.knime.enterprise.cloud.services.execution.lifecycle.JobLifecycleHandler] [||] [|LHr1qv83c7fw07hy88t2|] (Job discarder) Checking for all discardable jobs of execution context with id 9043c21d-150c-4de1-bee5-7e992ebd922d that are idle since 2023-11-14T14:55:58.824306111Z[GMT]
2023-11-21 14:56:15.820 INFO  [com.knime.enterprise.cloud.services.execution.lifecycle.JobLifecycleHandler] [||] [|LHr1qv831j0eep2dv2q6j|] (Job canceler) Checking for long-running jobs of execution context with id 9043c21d-150c-4de1-bee5-7e992ebd922d that are executing since 2021-02-24T14:56:15.820344113Z[GMT]
2023-11-21 14:56:32.750 INFO  [com.knime.enterprise.cloud.services.execution.lifecycle.JobLifecycleHandler] [||] [||] (Job purger) Checking for purgeable jobs that have been discarded before 2023-11-21T14:55:32.750348838Z[GMT]
2023-11-21 14:56:32.976 INFO  [com.knime.enterprise.cloud.services.execution.lifecycle.ExecutorWatchdog] [||] [|WDr1qv838p3llxryrcv4|] (Thread-1 (ActiveMQ-client-global-threads)) Updated timestamp of executor '5beb76ab-80b6-467d-a7ed-30f2287cea23@executor-9043c21d-150c-4de1-bee5-7e992ebd922d-5beb76ab-80b6-467' to 2023-11-21T14:56:32.975998322
2023-11-21 14:56:42.113 INFO  [com.knime.enterprise.cloud.services.execution.lifecycle.JobLifecycleHandler] [||] [|LHr1qv83tiw6mu5iq401|] (Job swapper) Checking for all swappable jobs of execution context with id 9043c21d-150c-4de1-bee5-7e992ebd922d that are idle since 2023-11-21T14:46:42.113098975Z[GMT]
2023-11-21 14:56:58.828 INFO  [com.knime.enterprise.cloud.services.execution.lifecycle.JobLifecycleHandler] [||] [|LHr1qv83-74pqqtfjzpzj|] (Job discarder) Checking for all discardable jobs of execution context with id 9043c21d-150c-4de1-bee5-7e992ebd922d that are idle since 2023-11-14T14:56:58.828805817Z[GMT]
2023-11-21 14:57:15.825 INFO  [com.knime.enterprise.cloud.services.execution.lifecycle.JobLifecycleHandler] [||] [|LHr1qv83-fq7vcg2o0apq|] (Job canceler) Checking for long-running jobs of execution context with id 9043c21d-150c-4de1-bee5-7e992ebd922d that are executing since 2021-02-24T14:57:15.825389236Z[GMT]
2023-11-21 14:57:32.752 INFO  [com.knime.enterprise.cloud.services.execution.lifecycle.JobLifecycleHandler] [||] [||] (Job purger) Checking for purgeable jobs that have been discarded before 2023-11-21T14:56:32.752702271Z[GMT]
2023-11-21 14:57:42.117 INFO  [com.knime.enterprise.cloud.services.execution.lifecycle.JobLifecycleHandler] [||] [|LHr1qv83-148ezzzimorzd|] (Job swapper) Checking for all swappable jobs of execution context with id 9043c21d-150c-4de1-bee5-7e992ebd922d that are idle since 2023-11-21T14:47:42.117763516Z[GMT]
2023-11-21 14:57:58.833 INFO  [com.knime.enterprise.cloud.services.execution.lifecycle.JobLifecycleHandler] [||] [|LHr1qv831i4il985ppdu1|] (Job discarder) Checking for all discardable jobs of execution context with id 9043c21d-150c-4de1-bee5-7e992ebd922d that are idle since 2023-11-14T14:57:58.833389335Z[GMT]
2023-11-21 14:58:12.985 INFO  [com.knime.enterprise.cloud.services.execution.lifecycle.ExecutorWatchdog] [||] [|WDr1qv831wpnf7gew833k|] (Thread-0 (ActiveMQ-client-global-threads)) Updated timestamp of executor '5beb76ab-80b6-467d-a7ed-30f2287cea23@executor-9043c21d-150c-4de1-bee5-7e992ebd922d-5beb76ab-80b6-467' to 2023-11-21T14:58:12.985908048
2023-11-21 14:58:15.829 INFO  [com.knime.enterprise.cloud.services.execution.lifecycle.JobLifecycleHandler] [||] [|LHr1qv83-1mpaz2t8g3usw|] (Job canceler) Checking for long-running jobs of execution context with id 9043c21d-150c-4de1-bee5-7e992ebd922d that are executing since 2021-02-24T14:58:15.829760048Z[GMT]
2023-11-21 14:58:32.754 INFO  [com.knime.enterprise.cloud.services.execution.lifecycle.JobLifecycleHandler] [||] [||] (Job purger) Checking for purgeable jobs that have been discarded before 2023-11-21T14:57:32.754897280Z[GMT]
2023-11-21 14:58:42.122 INFO  [com.knime.enterprise.cloud.services.execution.lifecycle.JobLifecycleHandler] [||] [|LHr1qv83-1tv6w2aprpie8|] (Job swapper) Checking for all swappable jobs of execution context with id 9043c21d-150c-4de1-bee5-7e992ebd922d that are idle since 2023-11-21T14:48:42.122281667Z[GMT]
2023-11-21 14:58:58.838 INFO  [com.knime.enterprise.cloud.services.execution.lifecycle.JobLifecycleHandler] [||] [|LHr1qv831cece95r9veq|] (Job discarder) Checking for all discardable jobs of execution context with id 9043c21d-150c-4de1-bee5-7e992ebd922d that are idle since 2023-11-14T14:58:58.838384814Z[GMT]
2023-11-21 14:59:15.834 INFO  [com.knime.enterprise.cloud.services.execution.lifecycle.JobLifecycleHandler] [||] [|LHr1qv83-3oey06n9t9fs|] (Job canceler) Checking for long-running jobs of execution context with id 9043c21d-150c-4de1-bee5-7e992ebd922d that are executing since 2021-02-24T14:59:15.834872148Z[GMT]
2023-11-21 14:59:32.757 INFO  [com.knime.enterprise.cloud.services.execution.lifecycle.JobLifecycleHandler] [||] [||] (Job purger) Checking for purgeable jobs that have been discarded before 2023-11-21T14:58:32.757060835Z[GMT]
2023-11-21 14:59:42.126 INFO  [com.knime.enterprise.cloud.services.execution.lifecycle.JobLifecycleHandler] [||] [|LHr1qv83-1hg8qqdqdtbz3|] (Job swapper) Checking for all swappable jobs of execution context with id 9043c21d-150c-4de1-bee5-7e992ebd922d that are idle since 2023-11-21T14:49:42.126943280Z[GMT]
2023-11-21 14:59:52.989 INFO  [com.knime.enterprise.cloud.services.execution.lifecycle.ExecutorWatchdog] [||] [|WDr1qv83-pz7lyom46pa4|] (Thread-1 (ActiveMQ-client-global-threads)) Updated timestamp of executor '5beb76ab-80b6-467d-a7ed-30f2287cea23@executor-9043c21d-150c-4de1-bee5-7e992ebd922d-5beb76ab-80b6-467' to 2023-11-21T14:59:52.989227240
2023-11-21 14:59:58.843 INFO  [com.knime.enterprise.cloud.services.execution.lifecycle.JobLifecycleHandler] [||] [|LHr1qv83-pyn7h8gvsd5v|] (Job discarder) Checking for all discardable jobs of execution context with id 9043c21d-150c-4de1-bee5-7e992ebd922d that are idle since 2023-11-14T14:59:58.843197921Z[GMT]
2023-11-21 15:00:15.839 INFO  [com.knime.enterprise.cloud.services.execution.lifecycle.JobLifecycleHandler] [||] [|LHr1qv83-1cjy354fmio0k|] (Job canceler) Checking for long-running jobs of execution context with id 9043c21d-150c-4de1-bee5-7e992ebd922d that are executing since 2021-02-24T15:00:15.839517549Z[GMT]
2023-11-21 15:00:32.759 INFO  [com.knime.enterprise.cloud.services.execution.lifecycle.JobLifecycleHandler] [||] [||] (Job purger) Checking for purgeable jobs that have been discarded before 2023-11-21T14:59:32.759450610Z[GMT]
2023-11-21 15:00:42.131 INFO  [com.knime.enterprise.cloud.services.execution.lifecycle.JobLifecycleHandler] [||] [|LHr1qv8313uds0txkpi46|] (Job swapper) Checking for all swappable jobs of execution context with id 9043c21d-150c-4de1-bee5-7e992ebd922d that are idle since 2023-11-21T14:50:42.131841928Z[GMT]
2023-11-21 15:00:58.847 INFO  [com.knime.enterprise.cloud.services.execution.lifecycle.JobLifecycleHandler] [||] [|LHr1qv83-1k3edbq7z09ul|] (Job discarder) Checking for all discardable jobs of execution context with id 9043c21d-150c-4de1-bee5-7e992ebd922d that are idle since 2023-11-14T15:00:58.847742210Z[GMT]
2023-11-21 15:01:15.844 INFO  [com.knime.enterprise.cloud.services.execution.lifecycle.JobLifecycleHandler] [||] [|LHr1qv83-zq063klzz38v|] (Job canceler) Checking for long-running jobs of execution context with id 9043c21d-150c-4de1-bee5-7e992ebd922d that are executing since 2021-02-24T15:01:15.844168393Z[GMT]
2023-11-21 15:01:32.761 INFO  [com.knime.enterprise.cloud.services.execution.lifecycle.JobLifecycleHandler] [||] [||] (Job purger) Checking for purgeable jobs that have been discarded before 2023-11-21T15:00:32.761811208Z[GMT]
2023-11-21 15:01:32.994 INFO  [com.knime.enterprise.cloud.services.execution.lifecycle.ExecutorWatchdog] [||] [|WDr1qv83tzvnz0b4qhkk|] (Thread-1 (ActiveMQ-client-global-threads)) Updated timestamp of executor '5beb76ab-80b6-467d-a7ed-30f2287cea23@executor-9043c21d-150c-4de1-bee5-7e992ebd922d-5beb76ab-80b6-467' to 2023-11-21T15:01:32.994446677
2023-11-21 15:01:42.136 INFO  [com.knime.enterprise.cloud.services.execution.lifecycle.JobLifecycleHandler] [||] [|LHr1qv83-2gqe0aleehpn|] (Job swapper) Checking for all swappable jobs of execution context with id 9043c21d-150c-4de1-bee5-7e992ebd922d that are idle since 2023-11-21T14:51:42.136550050Z[GMT]
2023-11-21 15:01:58.852 INFO  [com.knime.enterprise.cloud.services.execution.lifecycle.JobLifecycleHandler] [||] [|LHr1qv83-d2m853t1r75x|] (Job discarder) Checking for all discardable jobs of execution context with id 9043c21d-150c-4de1-bee5-7e992ebd922d that are idle since 2023-11-14T15:01:58.852171160Z[GMT]
2023-11-21 15:02:15.848 INFO  [com.knime.enterprise.cloud.services.execution.lifecycle.JobLifecycleHandler] [||] [|LHr1qv83-1mq2ggxmbg1fl|] (Job canceler) Checking for long-running jobs of execution context with id 9043c21d-150c-4de1-bee5-7e992ebd922d that are executing since 2021-02-24T15:02:15.848358552Z[GMT]
2023-11-21 15:02:32.764 INFO  [com.knime.enterprise.cloud.services.execution.lifecycle.JobLifecycleHandler] [||] [||] (Job purger) Checking for purgeable jobs that have been discarded before 2023-11-21T15:01:32.764042553Z[GMT]
2023-11-21 15:02:42.141 INFO  [com.knime.enterprise.cloud.services.execution.lifecycle.JobLifecycleHandler] [||] [|LHr1qv83-mmzph0ap5csv|] (Job swapper) Checking for all swappable jobs of execution context with id 9043c21d-150c-4de1-bee5-7e992ebd922d that are idle since 2023-11-21T14:52:42.141203135Z[GMT]
2023-11-21 15:02:58.856 INFO  [com.knime.enterprise.cloud.services.execution.lifecycle.JobLifecycleHandler] [||] [|LHr1qv83-15fqokgytm8gr|] (Job discarder) Checking for all discardable jobs of execution context with id 9043c21d-150c-4de1-bee5-7e992ebd922d that are idle since 2023-11-14T15:02:58.856734358Z[GMT]
2023-11-21 15:03:13.000 INFO  [com.knime.enterprise.cloud.services.execution.lifecycle.ExecutorWatchdog] [||] [|WDr1qv83-1qvbnhzpiixo2|] (Thread-0 (ActiveMQ-client-global-threads)) Updated timestamp of executor '5beb76ab-80b6-467d-a7ed-30f2287cea23@executor-9043c21d-150c-4de1-bee5-7e992ebd922d-5beb76ab-80b6-467' to 2023-11-21T15:03:13.000668517
2023-11-21 15:03:15.853 INFO  [com.knime.enterprise.cloud.services.execution.lifecycle.JobLifecycleHandler] [||] [|LHr1qv83-20apg842e5ql|] (Job canceler) Checking for long-running jobs of execution context with id 9043c21d-150c-4de1-bee5-7e992ebd922d that are executing since 2021-02-24T15:03:15.853492990Z[GMT]
2023-11-21 15:03:32.766 INFO  [com.knime.enterprise.cloud.services.execution.lifecycle.JobLifecycleHandler] [||] [||] (Job purger) Checking for purgeable jobs that have been discarded before 2023-11-21T15:02:32.766200296Z[GMT]
2023-11-21 15:03:42.146 INFO  [com.knime.enterprise.cloud.services.execution.lifecycle.JobLifecycleHandler] [||] [|LHr1qv83uwevn9st8p3s|] (Job swapper) Checking for all swappable jobs of execution context with id 9043c21d-150c-4de1-bee5-7e992ebd922d that are idle since 2023-11-21T14:53:42.146009660Z[GMT]
2023-11-21 15:03:58.861 INFO  [com.knime.enterprise.cloud.services.execution.lifecycle.JobLifecycleHandler] [||] [|LHr1qv83hvve1i3r3k41|] (Job discarder) Checking for all discardable jobs of execution context with id 9043c21d-150c-4de1-bee5-7e992ebd922d that are idle since 2023-11-14T15:03:58.861537285Z[GMT]
2023-11-21 15:04:15.858 INFO  [com.knime.enterprise.cloud.services.execution.lifecycle.JobLifecycleHandler] [||] [|LHr1qv8310w9aot2sv3xl|] (Job canceler) Checking for long-running jobs of execution context with id 9043c21d-150c-4de1-bee5-7e992ebd922d that are executing since 2021-02-24T15:04:15.858441883Z[GMT]
2023-11-21 15:04:32.768 INFO  [com.knime.enterprise.cloud.services.execution.lifecycle.JobLifecycleHandler] [||] [||] (Job purger) Checking for purgeable jobs that have been discarded before 2023-11-21T15:03:32.768331396Z[GMT]
2023-11-21 15:04:42.150 INFO  [com.knime.enterprise.cloud.services.execution.lifecycle.JobLifecycleHandler] [||] [|LHr1qv83-1lydaw8e5kqk9|] (Job swapper) Checking for all swappable jobs of execution context with id 9043c21d-150c-4de1-bee5-7e992ebd922d that are idle since 2023-11-21T14:54:42.150487408Z[GMT]
2023-11-21 15:04:53.006 INFO  [com.knime.enterprise.cloud.services.execution.lifecycle.ExecutorWatchdog] [||] [|WDr1qv83-rs9dgbzyvl3b|] (Thread-1 (ActiveMQ-client-global-threads)) Updated timestamp of executor '5beb76ab-80b6-467d-a7ed-30f2287cea23@executor-9043c21d-150c-4de1-bee5-7e992ebd922d-5beb76ab-80b6-467' to 2023-11-21T15:04:53.006017406
2023-11-21 15:04:58.866 INFO  [com.knime.enterprise.cloud.services.execution.lifecycle.JobLifecycleHandler] [||] [|LHr1qv83-pvqu8tw714sl|] (Job discarder) Checking for all discardable jobs of execution context with id 9043c21d-150c-4de1-bee5-7e992ebd922d that are idle since 2023-11-14T15:04:58.866513050Z[GMT]
2023-11-21 15:05:15.863 INFO  [com.knime.enterprise.cloud.services.execution.lifecycle.JobLifecycleHandler] [||] [|LHr1qv83gaaw4ei2qwhi|] (Job canceler) Checking for long-running jobs of execution context with id 9043c21d-150c-4de1-bee5-7e992ebd922d that are executing since 2021-02-24T15:05:15.863089619Z[GMT]
2023-11-21 15:05:32.770 INFO  [com.knime.enterprise.cloud.services.execution.lifecycle.JobLifecycleHandler] [||] [||] (Job purger) Checking for purgeable jobs that have been discarded before 2023-11-21T15:04:32.770518867Z[GMT]
2023-11-21 15:05:42.154 INFO  [com.knime.enterprise.cloud.services.execution.lifecycle.JobLifecycleHandler] [||] [|LHr1qv83-bcqaicmzsym7|] (Job swapper) Checking for all swappable jobs of execution context with id 9043c21d-150c-4de1-bee5-7e992ebd922d that are idle since 2023-11-21T14:55:42.154901245Z[GMT]
2023-11-21 15:05:58.871 INFO  [com.knime.enterprise.cloud.services.execution.lifecycle.JobLifecycleHandler] [||] [|LHr1qv8311wn00mkqyyxn|] (Job discarder) Checking for all discardable jobs of execution context with id 9043c21d-150c-4de1-bee5-7e992ebd922d that are idle since 2023-11-14T15:05:58.871596736Z[GMT]
2023-11-21 15:06:15.867 INFO  [com.knime.enterprise.cloud.services.execution.lifecycle.JobLifecycleHandler] [||] [|LHr1qv831b5zox090vocq|] (Job canceler) Checking for long-running jobs of execution context with id 9043c21d-150c-4de1-bee5-7e992ebd922d that are executing since 2021-02-24T15:06:15.867326305Z[GMT]
2023-11-21 15:06:32.772 INFO  [com.knime.enterprise.cloud.services.execution.lifecycle.JobLifecycleHandler] [||] [||] (Job purger) Checking for purgeable jobs that have been discarded before 2023-11-21T15:05:32.772752737Z[GMT]
2023-11-21 15:06:33.011 INFO  [com.knime.enterprise.cloud.services.execution.lifecycle.ExecutorWatchdog] [||] [|WDr1qv83-twc9v9h0c5yp|] (Thread-1 (ActiveMQ-client-global-threads)) Updated timestamp of executor '5beb76ab-80b6-467d-a7ed-30f2287cea23@executor-9043c21d-150c-4de1-bee5-7e992ebd922d-5beb76ab-80b6-467' to 2023-11-21T15:06:33.011356955
2023-11-21 15:06:42.159 INFO  [com.knime.enterprise.cloud.services.execution.lifecycle.JobLifecycleHandler] [||] [|LHr1qv83-r8f8yvw3hcx1|] (Job swapper) Checking for all swappable jobs of execution context with id 9043c21d-150c-4de1-bee5-7e992ebd922d that are idle since 2023-11-21T14:56:42.159177072Z[GMT]
2023-11-21 15:06:58.876 INFO  [com.knime.enterprise.cloud.services.execution.lifecycle.JobLifecycleHandler] [||] [|LHr1qv83-fslrdrrze553|] (Job discarder) Checking for all discardable jobs of execution context with id 9043c21d-150c-4de1-bee5-7e992ebd922d that are idle since 2023-11-14T15:06:58.876048187Z[GMT]
2023-11-21 15:07:15.871 INFO  [com.knime.enterprise.cloud.services.execution.lifecycle.JobLifecycleHandler] [||] [|LHr1qv83-1wba57xol7p93|] (Job canceler) Checking for long-running jobs of execution context with id 9043c21d-150c-4de1-bee5-7e992ebd922d that are executing since 2021-02-24T15:07:15.871591780Z[GMT]
2023-11-21 15:07:32.774 INFO  [com.knime.enterprise.cloud.services.execution.lifecycle.JobLifecycleHandler] [||] [||] (Job purger) Checking for purgeable jobs that have been discarded before 2023-11-21T15:06:32.774801120Z[GMT]
2023-11-21 15:07:42.163 INFO  [com.knime.enterprise.cloud.services.execution.lifecycle.JobLifecycleHandler] [||] [|LHr1qv83-6pskiua3zvji|] (Job swapper) Checking for all swappable jobs of execution context with id 9043c21d-150c-4de1-bee5-7e992ebd922d that are idle since 2023-11-21T14:57:42.163752970Z[GMT]
2023-11-21 15:07:58.880 INFO  [com.knime.enterprise.cloud.services.execution.lifecycle.JobLifecycleHandler] [||] [|LHr1qv8322n1ifuo41d5|] (Job discarder) Checking for all discardable jobs of execution context with id 9043c21d-150c-4de1-bee5-7e992ebd922d that are idle since 2023-11-14T15:07:58.880669484Z[GMT]
2023-11-21 15:08:13.016 INFO  [com.knime.enterprise.cloud.services.execution.lifecycle.ExecutorWatchdog] [||] [|WDr1qv83-1vfnmcmldwpn2|] (Thread-0 (ActiveMQ-client-global-threads)) Updated timestamp of executor '5beb76ab-80b6-467d-a7ed-30f2287cea23@executor-9043c21d-150c-4de1-bee5-7e992ebd922d-5beb76ab-80b6-467' to 2023-11-21T15:08:13.016592362
2023-11-21 15:08:15.875 INFO  [com.knime.enterprise.cloud.services.execution.lifecycle.JobLifecycleHandler] [||] [|LHr1qv831l9hnk9qjuffv|] (Job canceler) Checking for long-running jobs of execution context with id 9043c21d-150c-4de1-bee5-7e992ebd922d that are executing since 2021-02-24T15:08:15.875767433Z[GMT]
2023-11-21 15:08:32.776 INFO  [com.knime.enterprise.cloud.services.execution.lifecycle.JobLifecycleHandler] [||] [||] (Job purger) Checking for purgeable jobs that have been discarded before 2023-11-21T15:07:32.776867679Z[GMT]
2023-11-21 15:08:42.168 INFO  [com.knime.enterprise.cloud.services.execution.lifecycle.JobLifecycleHandler] [||] [|LHr1qv83v4tvgtp0z1j5|] (Job swapper) Checking for all swappable jobs of execution context with id 9043c21d-150c-4de1-bee5-7e992ebd922d that are idle since 2023-11-21T14:58:42.168219576Z[GMT]
2023-11-21 15:08:58.885 INFO  [com.knime.enterprise.cloud.services.execution.lifecycle.JobLifecycleHandler] [||] [|LHr1qv83-kwuxrux9ek5o|] (Job discarder) Checking for all discardable jobs of execution context with id 9043c21d-150c-4de1-bee5-7e992ebd922d that are idle since 2023-11-14T15:08:58.885307549Z[GMT]
2023-11-21 15:09:15.879 INFO  [com.knime.enterprise.cloud.services.execution.lifecycle.JobLifecycleHandler] [||] [|LHr1qv831dk55c50qiefh|] (Job canceler) Checking for long-running jobs of execution context with id 9043c21d-150c-4de1-bee5-7e992ebd922d that are executing since 2021-02-24T15:09:15.879933095Z[GMT]
2023-11-21 15:09:32.778 INFO  [com.knime.enterprise.cloud.services.execution.lifecycle.JobLifecycleHandler] [||] [||] (Job purger) Checking for purgeable jobs that have been discarded before 2023-11-21T15:08:32.778888581Z[GMT]
2023-11-21 15:09:42.172 INFO  [com.knime.enterprise.cloud.services.execution.lifecycle.JobLifecycleHandler] [||] [|LHr1qv83j5mf9nauysh5|] (Job swapper) Checking for all swappable jobs of execution context with id 9043c21d-150c-4de1-bee5-7e992ebd922d that are idle since 2023-11-21T14:59:42.172667915Z[GMT]
2023-11-21 15:09:53.022 INFO  [com.knime.enterprise.cloud.services.execution.lifecycle.ExecutorWatchdog] [||] [|WDr1qv831duqqhdgt6dw0|] (Thread-1 (ActiveMQ-client-global-threads)) Updated timestamp of executor '5beb76ab-80b6-467d-a7ed-30f2287cea23@executor-9043c21d-150c-4de1-bee5-7e992ebd922d-5beb76ab-80b6-467' to 2023-11-21T15:09:53.022870880
2023-11-21 15:09:58.889 INFO  [com.knime.enterprise.cloud.services.execution.lifecycle.JobLifecycleHandler] [||] [|LHr1qv83-1b0063h8uec1x|] (Job discarder) Checking for all discardable jobs of execution context with id 9043c21d-150c-4de1-bee5-7e992ebd922d that are idle since 2023-11-14T15:09:58.889857510Z[GMT]
2023-11-21 15:10:15.884 INFO  [com.knime.enterprise.cloud.services.execution.lifecycle.JobLifecycleHandler] [||] [|LHr1qv83l87apzu0w0dh|] (Job canceler) Checking for long-running jobs of execution context with id 9043c21d-150c-4de1-bee5-7e992ebd922d that are executing since 2021-02-24T15:10:15.884107400Z[GMT]
2023-11-21 15:10:32.781 INFO  [com.knime.enterprise.cloud.services.execution.lifecycle.JobLifecycleHandler] [||] [||] (Job purger) Checking for purgeable jobs that have been discarded before 2023-11-21T15:09:32.781026010Z[GMT]
2023-11-21 15:10:42.177 INFO  [com.knime.enterprise.cloud.services.execution.lifecycle.JobLifecycleHandler] [||] [|LHr1qv831x2ow7g3te3g|] (Job swapper) Checking for all swappable jobs of execution context with id 9043c21d-150c-4de1-bee5-7e992ebd922d that are idle since 2023-11-21T15:00:42.177162180Z[GMT]
2023-11-21 15:10:58.894 INFO  [com.knime.enterprise.cloud.services.execution.lifecycle.JobLifecycleHandler] [||] [|LHr1qv83m23obhfs70ve|] (Job discarder) Checking for all discardable jobs of execution context with id 9043c21d-150c-4de1-bee5-7e992ebd922d that are idle since 2023-11-14T15:10:58.894391421Z[GMT]
2023-11-21 15:11:15.888 INFO  [com.knime.enterprise.cloud.services.execution.lifecycle.JobLifecycleHandler] [||] [|LHr1qv83jpkt6ro6y5x0|] (Job canceler) Checking for long-running jobs of execution context with id 9043c21d-150c-4de1-bee5-7e992ebd922d that are executing since 2021-02-24T15:11:15.888365614Z[GMT]
2023-11-21 15:11:32.783 INFO  [com.knime.enterprise.cloud.services.execution.lifecycle.JobLifecycleHandler] [||] [||] (Job purger) Checking for purgeable jobs that have been discarded before 2023-11-21T15:10:32.783229923Z[GMT]
2023-11-21 15:11:33.028 INFO  [com.knime.enterprise.cloud.services.execution.lifecycle.ExecutorWatchdog] [||] [|WDr1qv83-1t9zdxnlz2746|] (Thread-0 (ActiveMQ-client-global-threads)) Updated timestamp of executor '5beb76ab-80b6-467d-a7ed-30f2287cea23@executor-9043c21d-150c-4de1-bee5-7e992ebd922d-5beb76ab-80b6-467' to 2023-11-21T15:11:33.028520182
2023-11-21 15:11:42.181 INFO  [com.knime.enterprise.cloud.services.execution.lifecycle.JobLifecycleHandler] [||] [|LHr1qv83hopssoejte6g|] (Job swapper) Checking for all swappable jobs of execution context with id 9043c21d-150c-4de1-bee5-7e992ebd922d that are idle since 2023-11-21T15:01:42.181515338Z[GMT]
2023-11-21 15:11:58.898 INFO  [com.knime.enterprise.cloud.services.execution.lifecycle.JobLifecycleHandler] [||] [|LHr1qv831g0x0rkvcmfee|] (Job discarder) Checking for all discardable jobs of execution context with id 9043c21d-150c-4de1-bee5-7e992ebd922d that are idle since 2023-11-14T15:11:58.898868848Z[GMT]
2023-11-21 15:12:15.892 INFO  [com.knime.enterprise.cloud.services.execution.lifecycle.JobLifecycleHandler] [||] [|LHr1qv83-1hx1wv8fuctkg|] (Job canceler) Checking for long-running jobs of execution context with id 9043c21d-150c-4de1-bee5-7e992ebd922d that are executing since 2021-02-24T15:12:15.892685403Z[GMT]
2023-11-21 15:12:32.785 INFO  [com.knime.enterprise.cloud.services.execution.lifecycle.JobLifecycleHandler] [||] [||] (Job purger) Checking for purgeable jobs that have been discarded before 2023-11-21T15:11:32.785328630Z[GMT]
2023-11-21 15:12:42.185 INFO  [com.knime.enterprise.cloud.services.execution.lifecycle.JobLifecycleHandler] [||] [|LHr1qv83112t4y4ys5p80|] (Job swapper) Checking for all swappable jobs of execution context with id 9043c21d-150c-4de1-bee5-7e992ebd922d that are idle since 2023-11-21T15:02:42.185681019Z[GMT]
2023-11-21 15:12:58.903 INFO  [com.knime.enterprise.cloud.services.execution.lifecycle.JobLifecycleHandler] [||] [|LHr1qv83-epuxqdy2umo1|] (Job discarder) Checking for all discardable jobs of execution context with id 9043c21d-150c-4de1-bee5-7e992ebd922d that are idle since 2023-11-14T15:12:58.903055096Z[GMT]
2023-11-21 15:13:13.033 INFO  [com.knime.enterprise.cloud.services.execution.lifecycle.ExecutorWatchdog] [||] [|WDr1qv83czc4lozvih24|] (Thread-1 (ActiveMQ-client-global-threads)) Updated timestamp of executor '5beb76ab-80b6-467d-a7ed-30f2287cea23@executor-9043c21d-150c-4de1-bee5-7e992ebd922d-5beb76ab-80b6-467' to 2023-11-21T15:13:13.033830102
2023-11-21 15:13:15.897 INFO  [com.knime.enterprise.cloud.services.execution.lifecycle.JobLifecycleHandler] [||] [|LHr1qv83-1hxscv21sxm0o|] (Job canceler) Checking for long-running jobs of execution context with id 9043c21d-150c-4de1-bee5-7e992ebd922d that are executing since 2021-02-24T15:13:15.897034345Z[GMT]
2023-11-21 15:13:32.787 INFO  [com.knime.enterprise.cloud.services.execution.lifecycle.JobLifecycleHandler] [||] [||] (Job purger) Checking for purgeable jobs that have been discarded before 2023-11-21T15:12:32.787390063Z[GMT]
2023-11-21 15:13:42.190 INFO  [com.knime.enterprise.cloud.services.execution.lifecycle.JobLifecycleHandler] [||] [|LHr1qv83-18zz62fks65lt|] (Job swapper) Checking for all swappable jobs of execution context with id 9043c21d-150c-4de1-bee5-7e992ebd922d that are idle since 2023-11-21T15:03:42.190125671Z[GMT]
2023-11-21 15:13:58.908 INFO  [com.knime.enterprise.cloud.services.execution.lifecycle.JobLifecycleHandler] [||] [|LHr1qv83-roi0cndpzt9m|] (Job discarder) Checking for all discardable jobs of execution context with id 9043c21d-150c-4de1-bee5-7e992ebd922d that are idle since 2023-11-14T15:13:58.907989649Z[GMT]
2023-11-21 15:14:15.901 INFO  [com.knime.enterprise.cloud.services.execution.lifecycle.JobLifecycleHandler] [||] [|LHr1qv83-15arr4e2zcefm|] (Job canceler) Checking for long-running jobs of execution context with id 9043c21d-150c-4de1-bee5-7e992ebd922d that are executing since 2021-02-24T15:14:15.901210146Z[GMT]
2023-11-21 15:14:32.789 INFO  [com.knime.enterprise.cloud.services.execution.lifecycle.JobLifecycleHandler] [||] [||] (Job purger) Checking for purgeable jobs that have been discarded before 2023-11-21T15:13:32.789606799Z[GMT]
2023-11-21 15:14:42.194 INFO  [com.knime.enterprise.cloud.services.execution.lifecycle.JobLifecycleHandler] [||] [|LHr1qv8310pfy2orpohhu|] (Job swapper) Checking for all swappable jobs of execution context with id 9043c21d-150c-4de1-bee5-7e992ebd922d that are idle since 2023-11-21T15:04:42.194523772Z[GMT]
2023-11-21 15:14:53.040 INFO  [com.knime.enterprise.cloud.services.execution.lifecycle.ExecutorWatchdog] [||] [|WDr1qv831pz0dmzdzms2p|] (Thread-1 (ActiveMQ-client-global-threads)) Updated timestamp of executor '5beb76ab-80b6-467d-a7ed-30f2287cea23@executor-9043c21d-150c-4de1-bee5-7e992ebd922d-5beb76ab-80b6-467' to 2023-11-21T15:14:53.040154561
2023-11-21 15:14:58.912 INFO  [com.knime.enterprise.cloud.services.execution.lifecycle.JobLifecycleHandler] [||] [|LHr1qv836xx3qiczh6le|] (Job discarder) Checking for all discardable jobs of execution context with id 9043c21d-150c-4de1-bee5-7e992ebd922d that are idle since 2023-11-14T15:14:58.912071781Z[GMT]
2023-11-21 15:15:15.905 INFO  [com.knime.enterprise.cloud.services.execution.lifecycle.JobLifecycleHandler] [||] [|LHr1qv83gad5wctu6qrw|] (Job canceler) Checking for long-running jobs of execution context with id 9043c21d-150c-4de1-bee5-7e992ebd922d that are executing since 2021-02-24T15:15:15.905501663Z[GMT]
2023-11-21 15:15:32.791 INFO  [com.knime.enterprise.cloud.services.execution.lifecycle.JobLifecycleHandler] [||] [||] (Job purger) Checking for purgeable jobs that have been discarded before 2023-11-21T15:14:32.791659803Z[GMT]
2023-11-21 15:15:42.198 INFO  [com.knime.enterprise.cloud.services.execution.lifecycle.JobLifecycleHandler] [||] [|LHr1qv83q4sx0zh7cr5n|] (Job swapper) Checking for all swappable jobs of execution context with id 9043c21d-150c-4de1-bee5-7e992ebd922d that are idle since 2023-11-21T15:05:42.198688580Z[GMT]
2023-11-21 15:15:58.916 INFO  [com.knime.enterprise.cloud.services.execution.lifecycle.JobLifecycleHandler] [||] [|LHr1qv83-1nsynqdu7zq8b|] (Job discarder) Checking for all discardable jobs of execution context with id 9043c21d-150c-4de1-bee5-7e992ebd922d that are idle since 2023-11-14T15:15:58.916105762Z[GMT]
2023-11-21 15:16:15.909 INFO  [com.knime.enterprise.cloud.services.execution.lifecycle.JobLifecycleHandler] [||] [|LHr1qv83-1sbina52tiabm|] (Job canceler) Checking for long-running jobs of execution context with id 9043c21d-150c-4de1-bee5-7e992ebd922d that are executing since 2021-02-24T15:16:15.909687621Z[GMT]
2023-11-21 15:16:32.793 INFO  [com.knime.enterprise.cloud.services.execution.lifecycle.JobLifecycleHandler] [||] [||] (Job purger) Checking for purgeable jobs that have been discarded before 2023-11-21T15:15:32.793796556Z[GMT]
2023-11-21 15:16:33.045 INFO  [com.knime.enterprise.cloud.services.execution.lifecycle.ExecutorWatchdog] [||] [|WDr1qv83fd8xslvfbham|] (Thread-0 (ActiveMQ-client-global-threads)) Updated timestamp of executor '5beb76ab-80b6-467d-a7ed-30f2287cea23@executor-9043c21d-150c-4de1-bee5-7e992ebd922d-5beb76ab-80b6-467' to 2023-11-21T15:16:33.045712590
2023-11-21 15:16:42.203 INFO  [com.knime.enterprise.cloud.services.execution.lifecycle.JobLifecycleHandler] [||] [|LHr1qv83gicd7eclcfr2|] (Job swapper) Checking for all swappable jobs of execution context with id 9043c21d-150c-4de1-bee5-7e992ebd922d that are idle since 2023-11-21T15:06:42.203110327Z[GMT]
2023-11-21 15:16:58.920 INFO  [com.knime.enterprise.cloud.services.execution.lifecycle.JobLifecycleHandler] [||] [|LHr1qv83zpj72wcp2doh|] (Job discarder) Checking for all discardable jobs of execution context with id 9043c21d-150c-4de1-bee5-7e992ebd922d that are idle since 2023-11-14T15:16:58.920191771Z[GMT]
2023-11-21 15:17:15.913 INFO  [com.knime.enterprise.cloud.services.execution.lifecycle.JobLifecycleHandler] [||] [|LHr1qv8311ajnvnz9x0b9|] (Job canceler) Checking for long-running jobs of execution context with id 9043c21d-150c-4de1-bee5-7e992ebd922d that are executing since 2021-02-24T15:17:15.913698907Z[GMT]
2023-11-21 15:17:32.795 INFO  [com.knime.enterprise.cloud.services.execution.lifecycle.JobLifecycleHandler] [||] [||] (Job purger) Checking for purgeable jobs that have been discarded before 2023-11-21T15:16:32.795892798Z[GMT]
2023-11-21 15:17:42.207 INFO  [com.knime.enterprise.cloud.services.execution.lifecycle.JobLifecycleHandler] [||] [|LHr1qv83-42lipk388phn|] (Job swapper) Checking for all swappable jobs of execution context with id 9043c21d-150c-4de1-bee5-7e992ebd922d that are idle since 2023-11-21T15:07:42.207532032Z[GMT]
2023-11-21 15:17:58.924 INFO  [com.knime.enterprise.cloud.services.execution.lifecycle.JobLifecycleHandler] [||] [|LHr1qv831fo4wl0tebf72|] (Job discarder) Checking for all discardable jobs of execution context with id 9043c21d-150c-4de1-bee5-7e992ebd922d that are idle since 2023-11-14T15:17:58.924366887Z[GMT]
2023-11-21 15:18:13.051 INFO  [com.knime.enterprise.cloud.services.execution.lifecycle.ExecutorWatchdog] [||] [|WDr1qv8313unf3rjn5b4k|] (Thread-1 (ActiveMQ-client-global-threads)) Updated timestamp of executor '5beb76ab-80b6-467d-a7ed-30f2287cea23@executor-9043c21d-150c-4de1-bee5-7e992ebd922d-5beb76ab-80b6-467' to 2023-11-21T15:18:13.051327821
2023-11-21 15:18:15.917 INFO  [com.knime.enterprise.cloud.services.execution.lifecycle.JobLifecycleHandler] [||] [|LHr1qv83-nesrnrkfj44m|] (Job canceler) Checking for long-running jobs of execution context with id 9043c21d-150c-4de1-bee5-7e992ebd922d that are executing since 2021-02-24T15:18:15.917755717Z[GMT]
2023-11-21 15:18:32.797 INFO  [com.knime.enterprise.cloud.services.execution.lifecycle.JobLifecycleHandler] [||] [||] (Job purger) Checking for purgeable jobs that have been discarded before 2023-11-21T15:17:32.797893793Z[GMT]
2023-11-21 15:18:42.212 INFO  [com.knime.enterprise.cloud.services.execution.lifecycle.JobLifecycleHandler] [||] [|LHr1qv83jlmcf20u5p9q|] (Job swapper) Checking for all swappable jobs of execution context with id 9043c21d-150c-4de1-bee5-7e992ebd922d that are idle since 2023-11-21T15:08:42.212280507Z[GMT]
2023-11-21 15:18:58.928 INFO  [com.knime.enterprise.cloud.services.execution.lifecycle.JobLifecycleHandler] [||] [|LHr1qv833qbbp2azfjhe|] (Job discarder) Checking for all discardable jobs of execution context with id 9043c21d-150c-4de1-bee5-7e992ebd922d that are idle since 2023-11-14T15:18:58.928564281Z[GMT]
2023-11-21 15:19:15.921 INFO  [com.knime.enterprise.cloud.services.execution.lifecycle.JobLifecycleHandler] [||] [|LHr1qv83l7iqblrdigv0|] (Job canceler) Checking for long-running jobs of execution context with id 9043c21d-150c-4de1-bee5-7e992ebd922d that are executing since 2021-02-24T15:19:15.921714162Z[GMT]
2023-11-21 15:19:32.800 INFO  [com.knime.enterprise.cloud.services.execution.lifecycle.JobLifecycleHandler] [||] [||] (Job purger) Checking for purgeable jobs that have been discarded before 2023-11-21T15:18:32.799971876Z[GMT]
2023-11-21 15:19:42.216 INFO  [com.knime.enterprise.cloud.services.execution.lifecycle.JobLifecycleHandler] [||] [|LHr1qv83-1d8d3fhqogs6r|] (Job swapper) Checking for all swappable jobs of execution context with id 9043c21d-150c-4de1-bee5-7e992ebd922d that are idle since 2023-11-21T15:09:42.216501955Z[GMT]
2023-11-21 15:19:53.056 INFO  [com.knime.enterprise.cloud.services.execution.lifecycle.ExecutorWatchdog] [||] [|WDr1qv83-1rm19i3i3byi3|] (Thread-0 (ActiveMQ-client-global-threads)) Updated timestamp of executor '5beb76ab-80b6-467d-a7ed-30f2287cea23@executor-9043c21d-150c-4de1-bee5-7e992ebd922d-5beb76ab-80b6-467' to 2023-11-21T15:19:53.056943986
2023-11-21 15:19:58.932 INFO  [com.knime.enterprise.cloud.services.execution.lifecycle.JobLifecycleHandler] [||] [|LHr1qv83-v9kt3o8gchl4|] (Job discarder) Checking for all discardable jobs of execution context with id 9043c21d-150c-4de1-bee5-7e992ebd922d that are idle since 2023-11-14T15:19:58.932696939Z[GMT]
2023-11-21 15:20:15.926 INFO  [com.knime.enterprise.cloud.services.execution.lifecycle.JobLifecycleHandler] [||] [|LHr1qv83-1fvb5hud7vuif|] (Job canceler) Checking for long-running jobs of execution context with id 9043c21d-150c-4de1-bee5-7e992ebd922d that are executing since 2021-02-24T15:20:15.926239878Z[GMT]
2023-11-21 15:20:32.802 INFO  [com.knime.enterprise.cloud.services.execution.lifecycle.JobLifecycleHandler] [||] [||] (Job purger) Checking for purgeable jobs that have been discarded before 2023-11-21T15:19:32.801970189Z[GMT]
2023-11-21 15:20:42.220 INFO  [com.knime.enterprise.cloud.services.execution.lifecycle.JobLifecycleHandler] [||] [|LHr1qv83-1crn7wbpw8sz|] (Job swapper) Checking for all swappable jobs of execution context with id 9043c21d-150c-4de1-bee5-7e992ebd922d that are idle since 2023-11-21T15:10:42.220806957Z[GMT]
2023-11-21 15:20:58.936 INFO  [com.knime.enterprise.cloud.services.execution.lifecycle.JobLifecycleHandler] [||] [|LHr1qv831rc7y5ubmdbii|] (Job discarder) Checking for all discardable jobs of execution context with id 9043c21d-150c-4de1-bee5-7e992ebd922d that are idle since 2023-11-14T15:20:58.936961021Z[GMT]
2023-11-21 15:21:15.930 INFO  [com.knime.enterprise.cloud.services.execution.lifecycle.JobLifecycleHandler] [||] [|LHr1qv83-99a48aw4yhc5|] (Job canceler) Checking for long-running jobs of execution context with id 9043c21d-150c-4de1-bee5-7e992ebd922d that are executing since 2021-02-24T15:21:15.930461851Z[GMT]
2023-11-21 15:21:32.804 INFO  [com.knime.enterprise.cloud.services.execution.lifecycle.JobLifecycleHandler] [||] [||] (Job purger) Checking for purgeable jobs that have been discarded before 2023-11-21T15:20:32.803946420Z[GMT]
2023-11-21 15:21:33.061 INFO  [com.knime.enterprise.cloud.services.execution.lifecycle.ExecutorWatchdog] [||] [|WDr1qv831tjim5xtllsbo|] (Thread-1 (ActiveMQ-client-global-threads)) Updated timestamp of executor '5beb76ab-80b6-467d-a7ed-30f2287cea23@executor-9043c21d-150c-4de1-bee5-7e992ebd922d-5beb76ab-80b6-467' to 2023-11-21T15:21:33.061888323
2023-11-21 15:21:42.224 INFO  [com.knime.enterprise.cloud.services.execution.lifecycle.JobLifecycleHandler] [||] [|LHr1qv83qar11704qjg|] (Job swapper) Checking for all swappable jobs of execution context with id 9043c21d-150c-4de1-bee5-7e992ebd922d that are idle since 2023-11-21T15:11:42.224972800Z[GMT]
2023-11-21 15:21:58.940 INFO  [com.knime.enterprise.cloud.services.execution.lifecycle.JobLifecycleHandler] [||] [|LHr1qv83bb338j4lprd5|] (Job discarder) Checking for all discardable jobs of execution context with id 9043c21d-150c-4de1-bee5-7e992ebd922d that are idle since 2023-11-14T15:21:58.940958693Z[GMT]
2023-11-21 15:22:15.934 INFO  [com.knime.enterprise.cloud.services.execution.lifecycle.JobLifecycleHandler] [||] [|LHr1qv831pcglb9t18p1a|] (Job canceler) Checking for long-running jobs of execution context with id 9043c21d-150c-4de1-bee5-7e992ebd922d that are executing since 2021-02-24T15:22:15.934437196Z[GMT]
2023-11-21 15:22:32.805 INFO  [com.knime.enterprise.cloud.services.execution.lifecycle.JobLifecycleHandler] [||] [||] (Job purger) Checking for purgeable jobs that have been discarded before 2023-11-21T15:21:32.805904103Z[GMT]
2023-11-21 15:22:42.229 INFO  [com.knime.enterprise.cloud.services.execution.lifecycle.JobLifecycleHandler] [||] [|LHr1qv83upgbpv450coc|] (Job swapper) Checking for all swappable jobs of execution context with id 9043c21d-150c-4de1-bee5-7e992ebd922d that are idle since 2023-11-21T15:12:42.229051769Z[GMT]
2023-11-21 15:22:58.944 INFO  [com.knime.enterprise.cloud.services.execution.lifecycle.JobLifecycleHandler] [||] [|LHr1qv83-1y2k987rf8v8t|] (Job discarder) Checking for all discardable jobs of execution context with id 9043c21d-150c-4de1-bee5-7e992ebd922d that are idle since 2023-11-14T15:22:58.944890968Z[GMT]
2023-11-21 15:23:13.067 INFO  [com.knime.enterprise.cloud.services.execution.lifecycle.ExecutorWatchdog] [||] [|WDr1qv836g10fm7b4179|] (Thread-0 (ActiveMQ-client-global-threads)) Updated timestamp of executor '5beb76ab-80b6-467d-a7ed-30f2287cea23@executor-9043c21d-150c-4de1-bee5-7e992ebd922d-5beb76ab-80b6-467' to 2023-11-21T15:23:13.067773222
2023-11-21 15:23:15.938 INFO  [com.knime.enterprise.cloud.services.execution.lifecycle.JobLifecycleHandler] [||] [|LHr1qv8313u77xxgi4r9k|] (Job canceler) Checking for long-running jobs of execution context with id 9043c21d-150c-4de1-bee5-7e992ebd922d that are executing since 2021-02-24T15:23:15.938483236Z[GMT]
2023-11-21 15:23:32.808 INFO  [com.knime.enterprise.cloud.services.execution.lifecycle.JobLifecycleHandler] [||] [||] (Job purger) Checking for purgeable jobs that have been discarded before 2023-11-21T15:22:32.807973708Z[GMT]
2023-11-21 15:23:42.233 INFO  [com.knime.enterprise.cloud.services.execution.lifecycle.JobLifecycleHandler] [||] [|LHr1qv83-1uq8kgkx2kc64|] (Job swapper) Checking for all swappable jobs of execution context with id 9043c21d-150c-4de1-bee5-7e992ebd922d that are idle since 2023-11-21T15:13:42.232992890Z[GMT]
2023-11-21 15:23:58.949 INFO  [com.knime.enterprise.cloud.services.execution.lifecycle.JobLifecycleHandler] [||] [|LHr1qv83w4xnpal79ta7|] (Job discarder) Checking for all discardable jobs of execution context with id 9043c21d-150c-4de1-bee5-7e992ebd922d that are idle since 2023-11-14T15:23:58.949048968Z[GMT]
2023-11-21 15:24:15.942 INFO  [com.knime.enterprise.cloud.services.execution.lifecycle.JobLifecycleHandler] [||] [|LHr1qv83-1iavsy6or5pzp|] (Job canceler) Checking for long-running jobs of execution context with id 9043c21d-150c-4de1-bee5-7e992ebd922d that are executing since 2021-02-24T15:24:15.942562956Z[GMT]
2023-11-21 15:24:32.810 INFO  [com.knime.enterprise.cloud.services.execution.lifecycle.JobLifecycleHandler] [||] [||] (Job purger) Checking for purgeable jobs that have been discarded before 2023-11-21T15:23:32.809933950Z[GMT]
2023-11-21 15:24:42.237 INFO  [com.knime.enterprise.cloud.services.execution.lifecycle.JobLifecycleHandler] [||] [|LHr1qv83ea9z6ecz7ape|] (Job swapper) Checking for all swappable jobs of execution context with id 9043c21d-150c-4de1-bee5-7e992ebd922d that are idle since 2023-11-21T15:14:42.237075406Z[GMT]
2023-11-21 15:24:53.073 INFO  [com.knime.enterprise.cloud.services.execution.lifecycle.ExecutorWatchdog] [||] [|WDr1qv83mqd43so79y7r|] (Thread-1 (ActiveMQ-client-global-threads)) Updated timestamp of executor '5beb76ab-80b6-467d-a7ed-30f2287cea23@executor-9043c21d-150c-4de1-bee5-7e992ebd922d-5beb76ab-80b6-467' to 2023-11-21T15:24:53.073513119
2023-11-21 15:24:58.953 INFO  [com.knime.enterprise.cloud.services.execution.lifecycle.JobLifecycleHandler] [||] [|LHr1qv83133qjee96epmp|] (Job discarder) Checking for all discardable jobs of execution context with id 9043c21d-150c-4de1-bee5-7e992ebd922d that are idle since 2023-11-14T15:24:58.953162793Z[GMT]
2023-11-21 15:25:15.948 INFO  [com.knime.enterprise.cloud.services.execution.lifecycle.JobLifecycleHandler] [||] [|LHr1qv83gfqk98jtzum3|] (Job canceler) Checking for long-running jobs of execution context with id 9043c21d-150c-4de1-bee5-7e992ebd922d that are executing since 2021-02-24T15:25:15.948828589Z[GMT]
2023-11-21 15:25:32.811 INFO  [com.knime.enterprise.cloud.services.execution.lifecycle.JobLifecycleHandler] [||] [||] (Job purger) Checking for purgeable jobs that have been discarded before 2023-11-21T15:24:32.811918382Z[GMT]
2023-11-21 15:25:42.241 INFO  [com.knime.enterprise.cloud.services.execution.lifecycle.JobLifecycleHandler] [||] [|LHr1qv831eg8ywsvf5svp|] (Job swapper) Checking for all swappable jobs of execution context with id 9043c21d-150c-4de1-bee5-7e992ebd922d that are idle since 2023-11-21T15:15:42.241514019Z[GMT]
2023-11-21 15:25:58.957 INFO  [com.knime.enterprise.cloud.services.execution.lifecycle.JobLifecycleHandler] [||] [|LHr1qv834nndh35kotze|] (Job discarder) Checking for all discardable jobs of execution context with id 9043c21d-150c-4de1-bee5-7e992ebd922d that are idle since 2023-11-14T15:25:58.957125767Z[GMT]
2023-11-21 15:26:15.952 INFO  [com.knime.enterprise.cloud.services.execution.lifecycle.JobLifecycleHandler] [||] [|LHr1qv837rjmz1bd3g96|] (Job canceler) Checking for long-running jobs of execution context with id 9043c21d-150c-4de1-bee5-7e992ebd922d that are executing since 2021-02-24T15:26:15.952790706Z[GMT]
2023-11-21 15:26:32.814 INFO  [com.knime.enterprise.cloud.services.execution.lifecycle.JobLifecycleHandler] [||] [||] (Job purger) Checking for purgeable jobs that have been discarded before 2023-11-21T15:25:32.813994492Z[GMT]
2023-11-21 15:26:33.079 INFO  [com.knime.enterprise.cloud.services.execution.lifecycle.ExecutorWatchdog] [||] [|WDr1qv831sc6tww7kr0j1|] (Thread-0 (ActiveMQ-client-global-threads)) Updated timestamp of executor '5beb76ab-80b6-467d-a7ed-30f2287cea23@executor-9043c21d-150c-4de1-bee5-7e992ebd922d-5beb76ab-80b6-467' to 2023-11-21T15:26:33.079158051
2023-11-21 15:26:42.246 INFO  [com.knime.enterprise.cloud.services.execution.lifecycle.JobLifecycleHandler] [||] [|LHr1qv836xo98wwuoev|] (Job swapper) Checking for all swappable jobs of execution context with id 9043c21d-150c-4de1-bee5-7e992ebd922d that are idle since 2023-11-21T15:16:42.246256175Z[GMT]
2023-11-21 15:26:58.961 INFO  [com.knime.enterprise.cloud.services.execution.lifecycle.JobLifecycleHandler] [||] [|LHr1qv83-sh3t5cnv1tkb|] (Job discarder) Checking for all discardable jobs of execution context with id 9043c21d-150c-4de1-bee5-7e992ebd922d that are idle since 2023-11-14T15:26:58.961154377Z[GMT]
2023-11-21 15:27:15.956 INFO  [com.knime.enterprise.cloud.services.execution.lifecycle.JobLifecycleHandler] [||] [|LHr1qv831b1wkgu96kgma|] (Job canceler) Checking for long-running jobs of execution context with id 9043c21d-150c-4de1-bee5-7e992ebd922d that are executing since 2021-02-24T15:27:15.956791283Z[GMT]
2023-11-21 15:27:32.816 INFO  [com.knime.enterprise.cloud.services.execution.lifecycle.JobLifecycleHandler] [||] [||] (Job purger) Checking for purgeable jobs that have been discarded before 2023-11-21T15:26:32.816316215Z[GMT]
2023-11-21 15:27:42.250 INFO  [com.knime.enterprise.cloud.services.execution.lifecycle.JobLifecycleHandler] [||] [|LHr1qv831nkx3w092srgr|] (Job swapper) Checking for all swappable jobs of execution context with id 9043c21d-150c-4de1-bee5-7e992ebd922d that are idle since 2023-11-21T15:17:42.250355782Z[GMT]
2023-11-21 15:27:58.965 INFO  [com.knime.enterprise.cloud.services.execution.lifecycle.JobLifecycleHandler] [||] [|LHr1qv83i1snjxf5nfli|] (Job discarder) Checking for all discardable jobs of execution context with id 9043c21d-150c-4de1-bee5-7e992ebd922d that are idle since 2023-11-14T15:27:58.965114008Z[GMT]
2023-11-21 15:28:13.083 INFO  [com.knime.enterprise.cloud.services.execution.lifecycle.ExecutorWatchdog] [||] [|WDr1qv8315drm5poo4ipr|] (Thread-1 (ActiveMQ-client-global-threads)) Updated timestamp of executor '5beb76ab-80b6-467d-a7ed-30f2287cea23@executor-9043c21d-150c-4de1-bee5-7e992ebd922d-5beb76ab-80b6-467' to 2023-11-21T15:28:13.083495250
2023-11-21 15:28:15.960 INFO  [com.knime.enterprise.cloud.services.execution.lifecycle.JobLifecycleHandler] [||] [|LHr1qv83-pxt3t7qd0zz5|] (Job canceler) Checking for long-running jobs of execution context with id 9043c21d-150c-4de1-bee5-7e992ebd922d that are executing since 2021-02-24T15:28:15.960933127Z[GMT]
2023-11-21 15:28:32.818 INFO  [com.knime.enterprise.cloud.services.execution.lifecycle.JobLifecycleHandler] [||] [||] (Job purger) Checking for purgeable jobs that have been discarded before 2023-11-21T15:27:32.818486951Z[GMT]
2023-11-21 15:28:42.254 INFO  [com.knime.enterprise.cloud.services.execution.lifecycle.JobLifecycleHandler] [||] [|LHr1qv83-x1l1iooofip1|] (Job swapper) Checking for all swappable jobs of execution context with id 9043c21d-150c-4de1-bee5-7e992ebd922d that are idle since 2023-11-21T15:18:42.254678890Z[GMT]
2023-11-21 15:28:58.969 INFO  [com.knime.enterprise.cloud.services.execution.lifecycle.JobLifecycleHandler] [||] [|LHr1qv83-10b07kpbz6cy7|] (Job discarder) Checking for all discardable jobs of execution context with id 9043c21d-150c-4de1-bee5-7e992ebd922d that are idle since 2023-11-14T15:28:58.969293828Z[GMT]
2023-11-21 15:29:15.964 INFO  [com.knime.enterprise.cloud.services.execution.lifecycle.JobLifecycleHandler] [||] [|LHr1qv8340hjjeqhctyc|] (Job canceler) Checking for long-running jobs of execution context with id 9043c21d-150c-4de1-bee5-7e992ebd922d that are executing since 2021-02-24T15:29:15.964857264Z[GMT]
2023-11-21 15:29:32.820 INFO  [com.knime.enterprise.cloud.services.execution.lifecycle.JobLifecycleHandler] [||] [||] (Job purger) Checking for purgeable jobs that have been discarded before 2023-11-21T15:28:32.820466178Z[GMT]
2023-11-21 15:29:42.258 INFO  [com.knime.enterprise.cloud.services.execution.lifecycle.JobLifecycleHandler] [||] [|LHr1qv83-1lb2eytv6umsn|] (Job swapper) Checking for all swappable jobs of execution context with id 9043c21d-150c-4de1-bee5-7e992ebd922d that are idle since 2023-11-21T15:19:42.258592909Z[GMT]
2023-11-21 15:29:53.090 INFO  [com.knime.enterprise.cloud.services.execution.lifecycle.ExecutorWatchdog] [||] [|WDr1qv831bkhyr61c4fkl|] (Thread-0 (ActiveMQ-client-global-threads)) Updated timestamp of executor '5beb76ab-80b6-467d-a7ed-30f2287cea23@executor-9043c21d-150c-4de1-bee5-7e992ebd922d-5beb76ab-80b6-467' to 2023-11-21T15:29:53.090238079
2023-11-21 15:29:58.973 INFO  [com.knime.enterprise.cloud.services.execution.lifecycle.JobLifecycleHandler] [||] [|LHr1qv831m9n2fnj9bblr|] (Job discarder) Checking for all discardable jobs of execution context with id 9043c21d-150c-4de1-bee5-7e992ebd922d that are idle since 2023-11-14T15:29:58.973345451Z[GMT]
2023-11-21 15:30:15.968 INFO  [com.knime.enterprise.cloud.services.execution.lifecycle.JobLifecycleHandler] [||] [|LHr1qv83-el4st7jnkbja|] (Job canceler) Checking for long-running jobs of execution context with id 9043c21d-150c-4de1-bee5-7e992ebd922d that are executing since 2021-02-24T15:30:15.968675630Z[GMT]
2023-11-21 15:30:32.822 INFO  [com.knime.enterprise.cloud.services.execution.lifecycle.JobLifecycleHandler] [||] [||] (Job purger) Checking for purgeable jobs that have been discarded before 2023-11-21T15:29:32.822394723Z[GMT]
2023-11-21 15:30:42.262 INFO  [com.knime.enterprise.cloud.services.execution.lifecycle.JobLifecycleHandler] [||] [|LHr1qv83a862rbdwsoi5|] (Job swapper) Checking for all swappable jobs of execution context with id 9043c21d-150c-4de1-bee5-7e992ebd922d that are idle since 2023-11-21T15:20:42.262582543Z[GMT]
2023-11-21 15:30:58.977 INFO  [com.knime.enterprise.cloud.services.execution.lifecycle.JobLifecycleHandler] [||] [|LHr1qv831jnxn9iwrj9fc|] (Job discarder) Checking for all discardable jobs of execution context with id 9043c21d-150c-4de1-bee5-7e992ebd922d that are idle since 2023-11-14T15:30:58.977303614Z[GMT]
2023-11-21 15:31:15.972 INFO  [com.knime.enterprise.cloud.services.execution.lifecycle.JobLifecycleHandler] [||] [|LHr1qv8311h5led8utadt|] (Job canceler) Checking for long-running jobs of execution context with id 9043c21d-150c-4de1-bee5-7e992ebd922d that are executing since 2021-02-24T15:31:15.972834150Z[GMT]
2023-11-21 15:31:32.824 INFO  [com.knime.enterprise.cloud.services.execution.lifecycle.JobLifecycleHandler] [||] [||] (Job purger) Checking for purgeable jobs that have been discarded before 2023-11-21T15:30:32.824347572Z[GMT]
2023-11-21 15:31:33.094 INFO  [com.knime.enterprise.cloud.services.execution.lifecycle.ExecutorWatchdog] [||] [|WDr1qv83irx9odddrb4c|] (Thread-0 (ActiveMQ-client-global-threads)) Updated timestamp of executor '5beb76ab-80b6-467d-a7ed-30f2287cea23@executor-9043c21d-150c-4de1-bee5-7e992ebd922d-5beb76ab-80b6-467' to 2023-11-21T15:31:33.094940286
2023-11-21 15:31:42.266 INFO  [com.knime.enterprise.cloud.services.execution.lifecycle.JobLifecycleHandler] [||] [|LHr1qv83-j6bp1bsku9u9|] (Job swapper) Checking for all swappable jobs of execution context with id 9043c21d-150c-4de1-bee5-7e992ebd922d that are idle since 2023-11-21T15:21:42.266591609Z[GMT]
2023-11-21 15:31:58.981 INFO  [com.knime.enterprise.cloud.services.execution.lifecycle.JobLifecycleHandler] [||] [|LHr1qv83-3h0yfddmtxo3|] (Job discarder) Checking for all discardable jobs of execution context with id 9043c21d-150c-4de1-bee5-7e992ebd922d that are idle since 2023-11-14T15:31:58.981227501Z[GMT]
2023-11-21 15:32:15.977 INFO  [com.knime.enterprise.cloud.services.execution.lifecycle.JobLifecycleHandler] [||] [|LHr1qv831tebe57aoyx5s|] (Job canceler) Checking for long-running jobs of execution context with id 9043c21d-150c-4de1-bee5-7e992ebd922d that are executing since 2021-02-24T15:32:15.977008907Z[GMT]
2023-11-21 15:32:32.826 INFO  [com.knime.enterprise.cloud.services.execution.lifecycle.JobLifecycleHandler] [||] [||] (Job purger) Checking for purgeable jobs that have been discarded before 2023-11-21T15:31:32.826344323Z[GMT]
2023-11-21 15:32:42.270 INFO  [com.knime.enterprise.cloud.services.execution.lifecycle.JobLifecycleHandler] [||] [|LHr1qv83-fty5r0s5tnod|] (Job swapper) Checking for all swappable jobs of execution context with id 9043c21d-150c-4de1-bee5-7e992ebd922d that are idle since 2023-11-21T15:22:42.270788125Z[GMT]
2023-11-21 15:32:58.986 INFO  [com.knime.enterprise.cloud.services.execution.lifecycle.JobLifecycleHandler] [||] [|LHr1qv8312gxj8p5ivd6d|] (Job discarder) Checking for all discardable jobs of execution context with id 9043c21d-150c-4de1-bee5-7e992ebd922d that are idle since 2023-11-14T15:32:58.986900640Z[GMT]
2023-11-21 15:33:13.099 INFO  [com.knime.enterprise.cloud.services.execution.lifecycle.ExecutorWatchdog] [||] [|WDr1qv83-10qtmt5b5q5g4|] (Thread-1 (ActiveMQ-client-global-threads)) Updated timestamp of executor '5beb76ab-80b6-467d-a7ed-30f2287cea23@executor-9043c21d-150c-4de1-bee5-7e992ebd922d-5beb76ab-80b6-467' to 2023-11-21T15:33:13.099781273
2023-11-21 15:33:15.980 INFO  [com.knime.enterprise.cloud.services.execution.lifecycle.JobLifecycleHandler] [||] [|LHr1qv83ew0lpaz484gr|] (Job canceler) Checking for long-running jobs of execution context with id 9043c21d-150c-4de1-bee5-7e992ebd922d that are executing since 2021-02-24T15:33:15.980907070Z[GMT]
2023-11-21 15:33:32.828 INFO  [com.knime.enterprise.cloud.services.execution.lifecycle.JobLifecycleHandler] [||] [||] (Job purger) Checking for purgeable jobs that have been discarded before 2023-11-21T15:32:32.828339626Z[GMT]
2023-11-21 15:33:42.275 INFO  [com.knime.enterprise.cloud.services.execution.lifecycle.JobLifecycleHandler] [||] [|LHr1qv83h3sqv2lm2lbg|] (Job swapper) Checking for all swappable jobs of execution context with id 9043c21d-150c-4de1-bee5-7e992ebd922d that are idle since 2023-11-21T15:23:42.274996631Z[GMT]
2023-11-21 15:33:58.990 INFO  [com.knime.enterprise.cloud.services.execution.lifecycle.JobLifecycleHandler] [||] [|LHr1qv8311r6ewclq1iku|] (Job discarder) Checking for all discardable jobs of execution context with id 9043c21d-150c-4de1-bee5-7e992ebd922d that are idle since 2023-11-14T15:33:58.990876557Z[GMT]
2023-11-21 15:34:15.984 INFO  [com.knime.enterprise.cloud.services.execution.lifecycle.JobLifecycleHandler] [||] [|LHr1qv83akczw64xv0iz|] (Job canceler) Checking for long-running jobs of execution context with id 9043c21d-150c-4de1-bee5-7e992ebd922d that are executing since 2021-02-24T15:34:15.984889573Z[GMT]
2023-11-21 15:34:32.830 INFO  [com.knime.enterprise.cloud.services.execution.lifecycle.JobLifecycleHandler] [||] [||] (Job purger) Checking for purgeable jobs that have been discarded before 2023-11-21T15:33:32.830364431Z[GMT]
2023-11-21 15:34:42.279 INFO  [com.knime.enterprise.cloud.services.execution.lifecycle.JobLifecycleHandler] [||] [|LHr1qv83unjefq9onjw2|] (Job swapper) Checking for all swappable jobs of execution context with id 9043c21d-150c-4de1-bee5-7e992ebd922d that are idle since 2023-11-21T15:24:42.279213061Z[GMT]
2023-11-21 15:34:53.105 INFO  [com.knime.enterprise.cloud.services.execution.lifecycle.ExecutorWatchdog] [||] [|WDr1qv83-1ahp9cgfpjayq|] (Thread-0 (ActiveMQ-client-global-threads)) Updated timestamp of executor '5beb76ab-80b6-467d-a7ed-30f2287cea23@executor-9043c21d-150c-4de1-bee5-7e992ebd922d-5beb76ab-80b6-467' to 2023-11-21T15:34:53.105171173
2023-11-21 15:34:58.994 INFO  [com.knime.enterprise.cloud.services.execution.lifecycle.JobLifecycleHandler] [||] [|LHr1qv83-v1db9x3v6rj1|] (Job discarder) Checking for all discardable jobs of execution context with id 9043c21d-150c-4de1-bee5-7e992ebd922d that are idle since 2023-11-14T15:34:58.994938047Z[GMT]
2023-11-21 15:35:15.990 INFO  [com.knime.enterprise.cloud.services.execution.lifecycle.JobLifecycleHandler] [||] [|LHr1qv83isgqvksytpd1|] (Job canceler) Checking for long-running jobs of execution context with id 9043c21d-150c-4de1-bee5-7e992ebd922d that are executing since 2021-02-24T15:35:15.990572856Z[GMT]
2023-11-21 15:35:32.832 INFO  [com.knime.enterprise.cloud.services.execution.lifecycle.JobLifecycleHandler] [||] [||] (Job purger) Checking for purgeable jobs that have been discarded before 2023-11-21T15:34:32.832897200Z[GMT]
2023-11-21 15:35:42.283 INFO  [com.knime.enterprise.cloud.services.execution.lifecycle.JobLifecycleHandler] [||] [|LHr1qv83176sej10ol2aq|] (Job swapper) Checking for all swappable jobs of execution context with id 9043c21d-150c-4de1-bee5-7e992ebd922d that are idle since 2023-11-21T15:25:42.283312248Z[GMT]
2023-11-21 15:35:58.999 INFO  [com.knime.enterprise.cloud.services.execution.lifecycle.JobLifecycleHandler] [||] [|LHr1qv83n2j3owr3yh5|] (Job discarder) Checking for all discardable jobs of execution context with id 9043c21d-150c-4de1-bee5-7e992ebd922d that are idle since 2023-11-14T15:35:58.999285349Z[GMT]
2023-11-21 15:36:15.994 INFO  [com.knime.enterprise.cloud.services.execution.lifecycle.JobLifecycleHandler] [||] [|LHr1qv83-1r1kauriiyqmn|] (Job canceler) Checking for long-running jobs of execution context with id 9043c21d-150c-4de1-bee5-7e992ebd922d that are executing since 2021-02-24T15:36:15.994636171Z[GMT]
2023-11-21 15:36:32.835 INFO  [com.knime.enterprise.cloud.services.execution.lifecycle.JobLifecycleHandler] [||] [||] (Job purger) Checking for purgeable jobs that have been discarded before 2023-11-21T15:35:32.835016613Z[GMT]
2023-11-21 15:36:33.110 INFO  [com.knime.enterprise.cloud.services.execution.lifecycle.ExecutorWatchdog] [||] [|WDr1qv83-1quu30spxq0px|] (Thread-0 (ActiveMQ-client-global-threads)) Updated timestamp of executor '5beb76ab-80b6-467d-a7ed-30f2287cea23@executor-9043c21d-150c-4de1-bee5-7e992ebd922d-5beb76ab-80b6-467' to 2023-11-21T15:36:33.110279349
2023-11-21 15:36:42.287 INFO  [com.knime.enterprise.cloud.services.execution.lifecycle.JobLifecycleHandler] [||] [|LHr1qv83-lm53vyzhw2zg|] (Job swapper) Checking for all swappable jobs of execution context with id 9043c21d-150c-4de1-bee5-7e992ebd922d that are idle since 2023-11-21T15:26:42.287315786Z[GMT]
2023-11-21 15:36:59.003 INFO  [com.knime.enterprise.cloud.services.execution.lifecycle.JobLifecycleHandler] [||] [|LHr1qv8364m1ptwh50j1|] (Job discarder) Checking for all discardable jobs of execution context with id 9043c21d-150c-4de1-bee5-7e992ebd922d that are idle since 2023-11-14T15:36:59.003407919Z[GMT]
2023-11-21 15:37:15.998 INFO  [com.knime.enterprise.cloud.services.execution.lifecycle.JobLifecycleHandler] [||] [|LHr1qv83-cnfwi1wxxlnd|] (Job canceler) Checking for long-running jobs of execution context with id 9043c21d-150c-4de1-bee5-7e992ebd922d that are executing since 2021-02-24T15:37:15.998598686Z[GMT]
2023-11-21 15:37:32.837 INFO  [com.knime.enterprise.cloud.services.execution.lifecycle.JobLifecycleHandler] [||] [||] (Job purger) Checking for purgeable jobs that have been discarded before 2023-11-21T15:36:32.837067881Z[GMT]
2023-11-21 15:37:42.291 INFO  [com.knime.enterprise.cloud.services.execution.lifecycle.JobLifecycleHandler] [||] [|LHr1qv839be90le7z654|] (Job swapper) Checking for all swappable jobs of execution context with id 9043c21d-150c-4de1-bee5-7e992ebd922d that are idle since 2023-11-21T15:27:42.290984519Z[GMT]
2023-11-21 15:37:59.007 INFO  [com.knime.enterprise.cloud.services.execution.lifecycle.JobLifecycleHandler] [||] [|LHr1qv83-siym57557x0j|] (Job discarder) Checking for all discardable jobs of execution context with id 9043c21d-150c-4de1-bee5-7e992ebd922d that are idle since 2023-11-14T15:37:59.007160659Z[GMT]
2023-11-21 15:38:13.115 INFO  [com.knime.enterprise.cloud.services.execution.lifecycle.ExecutorWatchdog] [||] [|WDr1qv83-1o8rie5dkdpnl|] (Thread-1 (ActiveMQ-client-global-threads)) Updated timestamp of executor '5beb76ab-80b6-467d-a7ed-30f2287cea23@executor-9043c21d-150c-4de1-bee5-7e992ebd922d-5beb76ab-80b6-467' to 2023-11-21T15:38:13.115842239
2023-11-21 15:38:16.002 INFO  [com.knime.enterprise.cloud.services.execution.lifecycle.JobLifecycleHandler] [||] [|LHr1qv839iy0sm2io216|] (Job canceler) Checking for long-running jobs of execution context with id 9043c21d-150c-4de1-bee5-7e992ebd922d that are executing since 2021-02-24T15:38:16.002666587Z[GMT]
2023-11-21 15:38:32.838 INFO  [com.knime.enterprise.cloud.services.execution.lifecycle.JobLifecycleHandler] [||] [||] (Job purger) Checking for purgeable jobs that have been discarded before 2023-11-21T15:37:32.838839130Z[GMT]
2023-11-21 15:38:42.294 INFO  [com.knime.enterprise.cloud.services.execution.lifecycle.JobLifecycleHandler] [||] [|LHr1qv83-lz2hs2g1vhbz|] (Job swapper) Checking for all swappable jobs of execution context with id 9043c21d-150c-4de1-bee5-7e992ebd922d that are idle since 2023-11-21T15:28:42.294726661Z[GMT]
2023-11-21 15:38:59.010 INFO  [com.knime.enterprise.cloud.services.execution.lifecycle.JobLifecycleHandler] [||] [|LHr1qv831j3rkhk1wdomm|] (Job discarder) Checking for all discardable jobs of execution context with id 9043c21d-150c-4de1-bee5-7e992ebd922d that are idle since 2023-11-14T15:38:59.010898367Z[GMT]
2023-11-21 15:39:16.006 INFO  [com.knime.enterprise.cloud.services.execution.lifecycle.JobLifecycleHandler] [||] [|LHr1qv83oory4ulcbnzh|] (Job canceler) Checking for long-running jobs of execution context with id 9043c21d-150c-4de1-bee5-7e992ebd922d that are executing since 2021-02-24T15:39:16.006447022Z[GMT]
2023-11-21 15:39:32.840 INFO  [com.knime.enterprise.cloud.services.execution.lifecycle.JobLifecycleHandler] [||] [||] (Job purger) Checking for purgeable jobs that have been discarded before 2023-11-21T15:38:32.840699879Z[GMT]
2023-11-21 15:39:42.298 INFO  [com.knime.enterprise.cloud.services.execution.lifecycle.JobLifecycleHandler] [||] [|LHr1qv83-d758c8rbdibu|] (Job swapper) Checking for all swappable jobs of execution context with id 9043c21d-150c-4de1-bee5-7e992ebd922d that are idle since 2023-11-21T15:29:42.298393772Z[GMT]
2023-11-21 15:39:53.120 INFO  [com.knime.enterprise.cloud.services.execution.lifecycle.ExecutorWatchdog] [||] [|WDr1qv8316pxy0dq04osx|] (Thread-0 (ActiveMQ-client-global-threads)) Updated timestamp of executor '5beb76ab-80b6-467d-a7ed-30f2287cea23@executor-9043c21d-150c-4de1-bee5-7e992ebd922d-5beb76ab-80b6-467' to 2023-11-21T15:39:53.120283722
2023-11-21 15:39:59.014 INFO  [com.knime.enterprise.cloud.services.execution.lifecycle.JobLifecycleHandler] [||] [|LHr1qv837y6u0sokz4y6|] (Job discarder) Checking for all discardable jobs of execution context with id 9043c21d-150c-4de1-bee5-7e992ebd922d that are idle since 2023-11-14T15:39:59.014639970Z[GMT]
2023-11-21 15:40:16.010 INFO  [com.knime.enterprise.cloud.services.execution.lifecycle.JobLifecycleHandler] [||] [|LHr1qv83-1wh2xf003xlw2|] (Job canceler) Checking for long-running jobs of execution context with id 9043c21d-150c-4de1-bee5-7e992ebd922d that are executing since 2021-02-24T15:40:16.010218964Z[GMT]
2023-11-21 15:40:32.842 INFO  [com.knime.enterprise.cloud.services.execution.lifecycle.JobLifecycleHandler] [||] [||] (Job purger) Checking for purgeable jobs that have been discarded before 2023-11-21T15:39:32.842580451Z[GMT]
2023-11-21 15:40:42.302 INFO  [com.knime.enterprise.cloud.services.execution.lifecycle.JobLifecycleHandler] [||] [|LHr1qv831w1q46z0pg76i|] (Job swapper) Checking for all swappable jobs of execution context with id 9043c21d-150c-4de1-bee5-7e992ebd922d that are idle since 2023-11-21T15:30:42.302054533Z[GMT]
2023-11-21 15:40:59.019 INFO  [com.knime.enterprise.cloud.services.execution.lifecycle.JobLifecycleHandler] [||] [|LHr1qv83-1x7tyuylh488u|] (Job discarder) Checking for all discardable jobs of execution context with id 9043c21d-150c-4de1-bee5-7e992ebd922d that are idle since 2023-11-14T15:40:59.018982139Z[GMT]
2023-11-21 15:41:16.014 INFO  [com.knime.enterprise.cloud.services.execution.lifecycle.JobLifecycleHandler] [||] [|LHr1qv83-1o914hsohu9mp|] (Job canceler) Checking for long-running jobs of execution context with id 9043c21d-150c-4de1-bee5-7e992ebd922d that are executing since 2021-02-24T15:41:16.014298940Z[GMT]
2023-11-21 15:41:32.844 INFO  [com.knime.enterprise.cloud.services.execution.lifecycle.JobLifecycleHandler] [||] [||] (Job purger) Checking for purgeable jobs that have been discarded before 2023-11-21T15:40:32.844494473Z[GMT]
2023-11-21 15:41:33.125 INFO  [com.knime.enterprise.cloud.services.execution.lifecycle.ExecutorWatchdog] [||] [|WDr1qv831lngawrqywgpw|] (Thread-1 (ActiveMQ-client-global-threads)) Updated timestamp of executor '5beb76ab-80b6-467d-a7ed-30f2287cea23@executor-9043c21d-150c-4de1-bee5-7e992ebd922d-5beb76ab-80b6-467' to 2023-11-21T15:41:33.125165812
2023-11-21 15:41:42.305 INFO  [com.knime.enterprise.cloud.services.execution.lifecycle.JobLifecycleHandler] [||] [|LHr1qv83-fe4wy58ncqmy|] (Job swapper) Checking for all swappable jobs of execution context with id 9043c21d-150c-4de1-bee5-7e992ebd922d that are idle since 2023-11-21T15:31:42.305851500Z[GMT]
2023-11-21 15:41:59.022 INFO  [com.knime.enterprise.cloud.services.execution.lifecycle.JobLifecycleHandler] [||] [|LHr1qv83-1l4r6udu33cfy|] (Job discarder) Checking for all discardable jobs of execution context with id 9043c21d-150c-4de1-bee5-7e992ebd922d that are idle since 2023-11-14T15:41:59.022919548Z[GMT]
2023-11-21 15:42:16.018 INFO  [com.knime.enterprise.cloud.services.execution.lifecycle.JobLifecycleHandler] [||] [|LHr1qv831ei4k7dhf90tg|] (Job canceler) Checking for long-running jobs of execution context with id 9043c21d-150c-4de1-bee5-7e992ebd922d that are executing since 2021-02-24T15:42:16.018353305Z[GMT]
2023-11-21 15:42:32.846 INFO  [com.knime.enterprise.cloud.services.execution.lifecycle.JobLifecycleHandler] [||] [||] (Job purger) Checking for purgeable jobs that have been discarded before 2023-11-21T15:41:32.846316332Z[GMT]
2023-11-21 15:42:42.310 INFO  [com.knime.enterprise.cloud.services.execution.lifecycle.JobLifecycleHandler] [||] [|LHr1qv83bzgeealul0d|] (Job swapper) Checking for all swappable jobs of execution context with id 9043c21d-150c-4de1-bee5-7e992ebd922d that are idle since 2023-11-21T15:32:42.310377119Z[GMT]
2023-11-21 15:42:59.027 INFO  [com.knime.enterprise.cloud.services.execution.lifecycle.JobLifecycleHandler] [||] [|LHr1qv831gvswc0hded2y|] (Job discarder) Checking for all discardable jobs of execution context with id 9043c21d-150c-4de1-bee5-7e992ebd922d that are idle since 2023-11-14T15:42:59.027145700Z[GMT]
2023-11-21 15:43:13.130 INFO  [com.knime.enterprise.cloud.services.execution.lifecycle.ExecutorWatchdog] [||] [|WDr1qv83-17nttljavwmot|] (Thread-1 (ActiveMQ-client-global-threads)) Updated timestamp of executor '5beb76ab-80b6-467d-a7ed-30f2287cea23@executor-9043c21d-150c-4de1-bee5-7e992ebd922d-5beb76ab-80b6-467' to 2023-11-21T15:43:13.130413187
2023-11-21 15:43:16.022 INFO  [com.knime.enterprise.cloud.services.execution.lifecycle.JobLifecycleHandler] [||] [|LHr1qv8321ufiz67kmlm|] (Job canceler) Checking for long-running jobs of execution context with id 9043c21d-150c-4de1-bee5-7e992ebd922d that are executing since 2021-02-24T15:43:16.022002958Z[GMT]
2023-11-21 15:43:32.848 INFO  [com.knime.enterprise.cloud.services.execution.lifecycle.JobLifecycleHandler] [||] [||] (Job purger) Checking for purgeable jobs that have been discarded before 2023-11-21T15:42:32.848112277Z[GMT]
2023-11-21 15:43:42.314 INFO  [com.knime.enterprise.cloud.services.execution.lifecycle.JobLifecycleHandler] [||] [|LHr1qv83rdpvvmoboykr|] (Job swapper) Checking for all swappable jobs of execution context with id 9043c21d-150c-4de1-bee5-7e992ebd922d that are idle since 2023-11-21T15:33:42.314614428Z[GMT]
2023-11-21 15:43:59.030 INFO  [com.knime.enterprise.cloud.services.execution.lifecycle.JobLifecycleHandler] [||] [|LHr1qv83yrmm3x4ro2ub|] (Job discarder) Checking for all discardable jobs of execution context with id 9043c21d-150c-4de1-bee5-7e992ebd922d that are idle since 2023-11-14T15:43:59.030784741Z[GMT]
2023-11-21 15:44:16.025 INFO  [com.knime.enterprise.cloud.services.execution.lifecycle.JobLifecycleHandler] [||] [|LHr1qv83-1e43lnotd5dw4|] (Job canceler) Checking for long-running jobs of execution context with id 9043c21d-150c-4de1-bee5-7e992ebd922d that are executing since 2021-02-24T15:44:16.025725519Z[GMT]
2023-11-21 15:44:32.850 INFO  [com.knime.enterprise.cloud.services.execution.lifecycle.JobLifecycleHandler] [||] [||] (Job purger) Checking for purgeable jobs that have been discarded before 2023-11-21T15:43:32.850012173Z[GMT]
2023-11-21 15:44:42.318 INFO  [com.knime.enterprise.cloud.services.execution.lifecycle.JobLifecycleHandler] [||] [|LHr1qv83-55sy4dhqxzla|] (Job swapper) Checking for all swappable jobs of execution context with id 9043c21d-150c-4de1-bee5-7e992ebd922d that are idle since 2023-11-21T15:34:42.318679259Z[GMT]
2023-11-21 15:44:53.134 INFO  [com.knime.enterprise.cloud.services.execution.lifecycle.ExecutorWatchdog] [||] [|WDr1qv83abgbu3bpt3e9|] (Thread-0 (ActiveMQ-client-global-threads)) Updated timestamp of executor '5beb76ab-80b6-467d-a7ed-30f2287cea23@executor-9043c21d-150c-4de1-bee5-7e992ebd922d-5beb76ab-80b6-467' to 2023-11-21T15:44:53.134326208
2023-11-21 15:44:59.034 INFO  [com.knime.enterprise.cloud.services.execution.lifecycle.JobLifecycleHandler] [||] [|LHr1qv8312yyunzayefu1|] (Job discarder) Checking for all discardable jobs of execution context with id 9043c21d-150c-4de1-bee5-7e992ebd922d that are idle since 2023-11-14T15:44:59.034945494Z[GMT]
2023-11-21 15:45:16.029 INFO  [com.knime.enterprise.cloud.services.execution.lifecycle.JobLifecycleHandler] [||] [|LHr1qv831kzngct5y4szu|] (Job canceler) Checking for long-running jobs of execution context with id 9043c21d-150c-4de1-bee5-7e992ebd922d that are executing since 2021-02-24T15:45:16.029493283Z[GMT]
2023-11-21 15:45:32.851 INFO  [com.knime.enterprise.cloud.services.execution.lifecycle.JobLifecycleHandler] [||] [||] (Job purger) Checking for purgeable jobs that have been discarded before 2023-11-21T15:44:32.851807262Z[GMT]
2023-11-21 15:45:42.322 INFO  [com.knime.enterprise.cloud.services.execution.lifecycle.JobLifecycleHandler] [||] [|LHr1qv83-1k892qtq7ydde|] (Job swapper) Checking for all swappable jobs of execution context with id 9043c21d-150c-4de1-bee5-7e992ebd922d that are idle since 2023-11-21T15:35:42.322738724Z[GMT]
2023-11-21 15:45:59.038 INFO  [com.knime.enterprise.cloud.services.execution.lifecycle.JobLifecycleHandler] [||] [|LHr1qv83-1q23qbzbb7wsf|] (Job discarder) Checking for all discardable jobs of execution context with id 9043c21d-150c-4de1-bee5-7e992ebd922d that are idle since 2023-11-14T15:45:59.038803031Z[GMT]
2023-11-21 15:46:16.033 INFO  [com.knime.enterprise.cloud.services.execution.lifecycle.JobLifecycleHandler] [||] [|LHr1qv8351cs5gh891ju|] (Job canceler) Checking for long-running jobs of execution context with id 9043c21d-150c-4de1-bee5-7e992ebd922d that are executing since 2021-02-24T15:46:16.033425779Z[GMT]
2023-11-21 15:46:32.853 INFO  [com.knime.enterprise.cloud.services.execution.lifecycle.JobLifecycleHandler] [||] [||] (Job purger) Checking for purgeable jobs that have been discarded before 2023-11-21T15:45:32.853619479Z[GMT]
2023-11-21 15:46:33.139 INFO  [com.knime.enterprise.cloud.services.execution.lifecycle.ExecutorWatchdog] [||] [|WDr1qv831voplaj170g1e|] (Thread-1 (ActiveMQ-client-global-threads)) Updated timestamp of executor '5beb76ab-80b6-467d-a7ed-30f2287cea23@executor-9043c21d-150c-4de1-bee5-7e992ebd922d-5beb76ab-80b6-467' to 2023-11-21T15:46:33.139323146
2023-11-21 15:46:42.326 INFO  [com.knime.enterprise.cloud.services.execution.lifecycle.JobLifecycleHandler] [||] [|LHr1qv83-4448k6d9vesb|] (Job swapper) Checking for all swappable jobs of execution context with id 9043c21d-150c-4de1-bee5-7e992ebd922d that are idle since 2023-11-21T15:36:42.326900617Z[GMT]
2023-11-21 15:46:59.042 INFO  [com.knime.enterprise.cloud.services.execution.lifecycle.JobLifecycleHandler] [||] [|LHr1qv831hpdqdrzn5ysr|] (Job discarder) Checking for all discardable jobs of execution context with id 9043c21d-150c-4de1-bee5-7e992ebd922d that are idle since 2023-11-14T15:46:59.042551684Z[GMT]
2023-11-21 15:47:16.037 INFO  [com.knime.enterprise.cloud.services.execution.lifecycle.JobLifecycleHandler] [||] [|LHr1qv83-awpp1w4wg7nz|] (Job canceler) Checking for long-running jobs of execution context with id 9043c21d-150c-4de1-bee5-7e992ebd922d that are executing since 2021-02-24T15:47:16.037267917Z[GMT]
2023-11-21 15:47:32.855 INFO  [com.knime.enterprise.cloud.services.execution.lifecycle.JobLifecycleHandler] [||] [||] (Job purger) Checking for purgeable jobs that have been discarded before 2023-11-21T15:46:32.855538634Z[GMT]
2023-11-21 15:47:42.330 INFO  [com.knime.enterprise.cloud.services.execution.lifecycle.JobLifecycleHandler] [||] [|LHr1qv83-uv3n8bhwx8cj|] (Job swapper) Checking for all swappable jobs of execution context with id 9043c21d-150c-4de1-bee5-7e992ebd922d that are idle since 2023-11-21T15:37:42.330938100Z[GMT]
2023-11-21 15:47:59.046 INFO  [com.knime.enterprise.cloud.services.execution.lifecycle.JobLifecycleHandler] [||] [|LHr1qv83-1lk4w3zqsp4gj|] (Job discarder) Checking for all discardable jobs of execution context with id 9043c21d-150c-4de1-bee5-7e992ebd922d that are idle since 2023-11-14T15:47:59.046054028Z[GMT]
2023-11-21 15:48:13.144 INFO  [com.knime.enterprise.cloud.services.execution.lifecycle.ExecutorWatchdog] [||] [|WDr1qv83-gv7r15eakb7c|] (Thread-1 (ActiveMQ-client-global-threads)) Updated timestamp of executor '5beb76ab-80b6-467d-a7ed-30f2287cea23@executor-9043c21d-150c-4de1-bee5-7e992ebd922d-5beb76ab-80b6-467' to 2023-11-21T15:48:13.144287655
2023-11-21 15:48:16.042 INFO  [com.knime.enterprise.cloud.services.execution.lifecycle.JobLifecycleHandler] [||] [|LHr1qv8316c7sa5v8tlv5|] (Job canceler) Checking for long-running jobs of execution context with id 9043c21d-150c-4de1-bee5-7e992ebd922d that are executing since 2021-02-24T15:48:16.042752693Z[GMT]
2023-11-21 15:48:32.857 INFO  [com.knime.enterprise.cloud.services.execution.lifecycle.JobLifecycleHandler] [||] [||] (Job purger) Checking for purgeable jobs that have been discarded before 2023-11-21T15:47:32.857335594Z[GMT]
2023-11-21 15:48:42.334 INFO  [com.knime.enterprise.cloud.services.execution.lifecycle.JobLifecycleHandler] [||] [|LHr1qv831os3pbc9407ex|] (Job swapper) Checking for all swappable jobs of execution context with id 9043c21d-150c-4de1-bee5-7e992ebd922d that are idle since 2023-11-21T15:38:42.334547679Z[GMT]
2023-11-21 15:48:59.049 INFO  [com.knime.enterprise.cloud.services.execution.lifecycle.JobLifecycleHandler] [||] [|LHr1qv83-qhe70sbwsq5c|] (Job discarder) Checking for all discardable jobs of execution context with id 9043c21d-150c-4de1-bee5-7e992ebd922d that are idle since 2023-11-14T15:48:59.049672959Z[GMT]
2023-11-21 15:49:16.046 INFO  [com.knime.enterprise.cloud.services.execution.lifecycle.JobLifecycleHandler] [||] [|LHr1qv83wbjgdf5c7ibl|] (Job canceler) Checking for long-running jobs of execution context with id 9043c21d-150c-4de1-bee5-7e992ebd922d that are executing since 2021-02-24T15:49:16.046603158Z[GMT]
2023-11-21 15:49:32.859 INFO  [com.knime.enterprise.cloud.services.execution.lifecycle.JobLifecycleHandler] [||] [||] (Job purger) Checking for purgeable jobs that have been discarded before 2023-11-21T15:48:32.859192534Z[GMT]
2023-11-21 15:49:42.338 INFO  [com.knime.enterprise.cloud.services.execution.lifecycle.JobLifecycleHandler] [||] [|LHr1qv83-193wwruzapdoq|] (Job swapper) Checking for all swappable jobs of execution context with id 9043c21d-150c-4de1-bee5-7e992ebd922d that are idle since 2023-11-21T15:39:42.338688881Z[GMT]
2023-11-21 15:49:53.151 INFO  [com.knime.enterprise.cloud.services.execution.lifecycle.ExecutorWatchdog] [||] [|WDr1qv83-1fcy6aa12ih6h|] (Thread-0 (ActiveMQ-client-global-threads)) Updated timestamp of executor '5beb76ab-80b6-467d-a7ed-30f2287cea23@executor-9043c21d-150c-4de1-bee5-7e992ebd922d-5beb76ab-80b6-467' to 2023-11-21T15:49:53.151045692
2023-11-21 15:49:59.053 INFO  [com.knime.enterprise.cloud.services.execution.lifecycle.JobLifecycleHandler] [||] [|LHr1qv83-11pdhxpnhnsft|] (Job discarder) Checking for all discardable jobs of execution context with id 9043c21d-150c-4de1-bee5-7e992ebd922d that are idle since 2023-11-14T15:49:59.053417811Z[GMT]
2023-11-21 15:50:16.050 INFO  [com.knime.enterprise.cloud.services.execution.lifecycle.JobLifecycleHandler] [||] [|LHr1qv83-9o5x66azv49v|] (Job canceler) Checking for long-running jobs of execution context with id 9043c21d-150c-4de1-bee5-7e992ebd922d that are executing since 2021-02-24T15:50:16.050171735Z[GMT]
2023-11-21 15:50:32.860 INFO  [com.knime.enterprise.cloud.services.execution.lifecycle.JobLifecycleHandler] [||] [||] (Job purger) Checking for purgeable jobs that have been discarded before 2023-11-21T15:49:32.860921359Z[GMT]
2023-11-21 15:50:42.342 INFO  [com.knime.enterprise.cloud.services.execution.lifecycle.JobLifecycleHandler] [||] [|LHr1qv831qt916ipvz1hq|] (Job swapper) Checking for all swappable jobs of execution context with id 9043c21d-150c-4de1-bee5-7e992ebd922d that are idle since 2023-11-21T15:40:42.342572032Z[GMT]
2023-11-21 15:50:59.057 INFO  [com.knime.enterprise.cloud.services.execution.lifecycle.JobLifecycleHandler] [||] [|LHr1qv83z8v6bz4555kx|] (Job discarder) Checking for all discardable jobs of execution context with id 9043c21d-150c-4de1-bee5-7e992ebd922d that are idle since 2023-11-14T15:50:59.057164799Z[GMT]
2023-11-21 15:51:16.053 INFO  [com.knime.enterprise.cloud.services.execution.lifecycle.JobLifecycleHandler] [||] [|LHr1qv83-1wycktg5r6vy9|] (Job canceler) Checking for long-running jobs of execution context with id 9043c21d-150c-4de1-bee5-7e992ebd922d that are executing since 2021-02-24T15:51:16.053667746Z[GMT]
2023-11-21 15:51:32.862 INFO  [com.knime.enterprise.cloud.services.execution.lifecycle.JobLifecycleHandler] [||] [||] (Job purger) Checking for purgeable jobs that have been discarded before 2023-11-21T15:50:32.862642428Z[GMT]
2023-11-21 15:51:33.156 INFO  [com.knime.enterprise.cloud.services.execution.lifecycle.ExecutorWatchdog] [||] [|WDr1qv83-cd10pokyv173|] (Thread-1 (ActiveMQ-client-global-threads)) Updated timestamp of executor '5beb76ab-80b6-467d-a7ed-30f2287cea23@executor-9043c21d-150c-4de1-bee5-7e992ebd922d-5beb76ab-80b6-467' to 2023-11-21T15:51:33.156058130
2023-11-21 15:51:42.346 INFO  [com.knime.enterprise.cloud.services.execution.lifecycle.JobLifecycleHandler] [||] [|LHr1qv831oigu7iz01lrf|] (Job swapper) Checking for all swappable jobs of execution context with id 9043c21d-150c-4de1-bee5-7e992ebd922d that are idle since 2023-11-21T15:41:42.346309049Z[GMT]
2023-11-21 15:51:59.060 INFO  [com.knime.enterprise.cloud.services.execution.lifecycle.JobLifecycleHandler] [||] [|LHr1qv83io7zrk5d4jmr|] (Job discarder) Checking for all discardable jobs of execution context with id 9043c21d-150c-4de1-bee5-7e992ebd922d that are idle since 2023-11-14T15:51:59.060937570Z[GMT]
2023-11-21 15:52:16.057 INFO  [com.knime.enterprise.cloud.services.execution.lifecycle.JobLifecycleHandler] [||] [|LHr1qv83-1ofk8wvdt7aij|] (Job canceler) Checking for long-running jobs of execution context with id 9043c21d-150c-4de1-bee5-7e992ebd922d that are executing since 2021-02-24T15:52:16.057191055Z[GMT]
2023-11-21 15:52:32.864 INFO  [com.knime.enterprise.cloud.services.execution.lifecycle.JobLifecycleHandler] [||] [||] (Job purger) Checking for purgeable jobs that have been discarded before 2023-11-21T15:51:32.864435418Z[GMT]
2023-11-21 15:52:42.350 INFO  [com.knime.enterprise.cloud.services.execution.lifecycle.JobLifecycleHandler] [||] [|LHr1qv831h9nk229fbiun|] (Job swapper) Checking for all swappable jobs of execution context with id 9043c21d-150c-4de1-bee5-7e992ebd922d that are idle since 2023-11-21T15:42:42.350172150Z[GMT]
2023-11-21 15:52:59.064 INFO  [com.knime.enterprise.cloud.services.execution.lifecycle.JobLifecycleHandler] [||] [|LHr1qv831envdpa1i8wh|] (Job discarder) Checking for all discardable jobs of execution context with id 9043c21d-150c-4de1-bee5-7e992ebd922d that are idle since 2023-11-14T15:52:59.064655917Z[GMT]
2023-11-21 15:53:13.160 INFO  [com.knime.enterprise.cloud.services.execution.lifecycle.ExecutorWatchdog] [||] [|WDr1qv83w2z8nm1foe44|] (Thread-0 (ActiveMQ-client-global-threads)) Updated timestamp of executor '5beb76ab-80b6-467d-a7ed-30f2287cea23@executor-9043c21d-150c-4de1-bee5-7e992ebd922d-5beb76ab-80b6-467' to 2023-11-21T15:53:13.160697349
2023-11-21 15:53:16.060 INFO  [com.knime.enterprise.cloud.services.execution.lifecycle.JobLifecycleHandler] [||] [|LHr1qv83r654lksffhko|] (Job canceler) Checking for long-running jobs of execution context with id 9043c21d-150c-4de1-bee5-7e992ebd922d that are executing since 2021-02-24T15:53:16.060729531Z[GMT]
2023-11-21 15:53:32.866 INFO  [com.knime.enterprise.cloud.services.execution.lifecycle.JobLifecycleHandler] [||] [||] (Job purger) Checking for purgeable jobs that have been discarded before 2023-11-21T15:52:32.866170488Z[GMT]
2023-11-21 15:53:42.353 INFO  [com.knime.enterprise.cloud.services.execution.lifecycle.JobLifecycleHandler] [||] [|LHr1qv83-xa49zmxwdmyo|] (Job swapper) Checking for all swappable jobs of execution context with id 9043c21d-150c-4de1-bee5-7e992ebd922d that are idle since 2023-11-21T15:43:42.353859306Z[GMT]
2023-11-21 15:53:59.068 INFO  [com.knime.enterprise.cloud.services.execution.lifecycle.JobLifecycleHandler] [||] [|LHr1qv831n4zvglxyz1ye|] (Job discarder) Checking for all discardable jobs of execution context with id 9043c21d-150c-4de1-bee5-7e992ebd922d that are idle since 2023-11-14T15:53:59.068309285Z[GMT]
2023-11-21 15:54:16.064 INFO  [com.knime.enterprise.cloud.services.execution.lifecycle.JobLifecycleHandler] [||] [|LHr1qv831dyqruw028dyj|] (Job canceler) Checking for long-running jobs of execution context with id 9043c21d-150c-4de1-bee5-7e992ebd922d that are executing since 2021-02-24T15:54:16.064237754Z[GMT]
2023-11-21 15:54:32.867 INFO  [com.knime.enterprise.cloud.services.execution.lifecycle.JobLifecycleHandler] [||] [||] (Job purger) Checking for purgeable jobs that have been discarded before 2023-11-21T15:53:32.867906434Z[GMT]
2023-11-21 15:54:42.357 INFO  [com.knime.enterprise.cloud.services.execution.lifecycle.JobLifecycleHandler] [||] [|LHr1qv83-1ni8i8g22t4g8|] (Job swapper) Checking for all swappable jobs of execution context with id 9043c21d-150c-4de1-bee5-7e992ebd922d that are idle since 2023-11-21T15:44:42.357758961Z[GMT]
2023-11-21 15:54:53.165 INFO  [com.knime.enterprise.cloud.services.execution.lifecycle.ExecutorWatchdog] [||] [|WDr1qv8311hzj2msuf736|] (Thread-1 (ActiveMQ-client-global-threads)) Updated timestamp of executor '5beb76ab-80b6-467d-a7ed-30f2287cea23@executor-9043c21d-150c-4de1-bee5-7e992ebd922d-5beb76ab-80b6-467' to 2023-11-21T15:54:53.165238195
2023-11-21 15:54:59.072 INFO  [com.knime.enterprise.cloud.services.execution.lifecycle.JobLifecycleHandler] [||] [|LHr1qv831w9e7xm5huk7n|] (Job discarder) Checking for all discardable jobs of execution context with id 9043c21d-150c-4de1-bee5-7e992ebd922d that are idle since 2023-11-14T15:54:59.072190815Z[GMT]
2023-11-21 15:55:16.068 INFO  [com.knime.enterprise.cloud.services.execution.lifecycle.JobLifecycleHandler] [||] [|LHr1qv8313ds5cw2kfok4|] (Job canceler) Checking for long-running jobs of execution context with id 9043c21d-150c-4de1-bee5-7e992ebd922d that are executing since 2021-02-24T15:55:16.068168229Z[GMT]
2023-11-21 15:55:32.869 INFO  [com.knime.enterprise.cloud.services.execution.lifecycle.JobLifecycleHandler] [||] [||] (Job purger) Checking for purgeable jobs that have been discarded before 2023-11-21T15:54:32.869642728Z[GMT]
2023-11-21 15:55:42.361 INFO  [com.knime.enterprise.cloud.services.execution.lifecycle.JobLifecycleHandler] [||] [|LHr1qv83-1qc1fx02i31ws|] (Job swapper) Checking for all swappable jobs of execution context with id 9043c21d-150c-4de1-bee5-7e992ebd922d that are idle since 2023-11-21T15:45:42.361582684Z[GMT]
2023-11-21 15:55:59.077 INFO  [com.knime.enterprise.cloud.services.execution.lifecycle.JobLifecycleHandler] [||] [|LHr1qv831wewy4sog4h27|] (Job discarder) Checking for all discardable jobs of execution context with id 9043c21d-150c-4de1-bee5-7e992ebd922d that are idle since 2023-11-14T15:55:59.077818503Z[GMT]
2023-11-21 15:56:16.071 INFO  [com.knime.enterprise.cloud.services.execution.lifecycle.JobLifecycleHandler] [||] [|LHr1qv83-uds14guwelc8|] (Job canceler) Checking for long-running jobs of execution context with id 9043c21d-150c-4de1-bee5-7e992ebd922d that are executing since 2021-02-24T15:56:16.071777048Z[GMT]
2023-11-21 15:56:32.871 INFO  [com.knime.enterprise.cloud.services.execution.lifecycle.JobLifecycleHandler] [||] [||] (Job purger) Checking for purgeable jobs that have been discarded before 2023-11-21T15:55:32.871535109Z[GMT]
2023-11-21 15:56:33.170 INFO  [com.knime.enterprise.cloud.services.execution.lifecycle.ExecutorWatchdog] [||] [|WDr1qv83-4t9yteyr2s5p|] (Thread-0 (ActiveMQ-client-global-threads)) Updated timestamp of executor '5beb76ab-80b6-467d-a7ed-30f2287cea23@executor-9043c21d-150c-4de1-bee5-7e992ebd922d-5beb76ab-80b6-467' to 2023-11-21T15:56:33.170234899
2023-11-21 15:56:42.366 INFO  [com.knime.enterprise.cloud.services.execution.lifecycle.JobLifecycleHandler] [||] [|LHr1qv83-e0jg6jbtdvg0|] (Job swapper) Checking for all swappable jobs of execution context with id 9043c21d-150c-4de1-bee5-7e992ebd922d that are idle since 2023-11-21T15:46:42.366153049Z[GMT]
2023-11-21 15:56:59.081 INFO  [com.knime.enterprise.cloud.services.execution.lifecycle.JobLifecycleHandler] [||] [|LHr1qv83lupi97qkijej|] (Job discarder) Checking for all discardable jobs of execution context with id 9043c21d-150c-4de1-bee5-7e992ebd922d that are idle since 2023-11-14T15:56:59.081889216Z[GMT]
2023-11-21 15:57:16.076 INFO  [com.knime.enterprise.cloud.services.execution.lifecycle.JobLifecycleHandler] [||] [|LHr1qv83du4ve605fwb0|] (Job canceler) Checking for long-running jobs of execution context with id 9043c21d-150c-4de1-bee5-7e992ebd922d that are executing since 2021-02-24T15:57:16.076138674Z[GMT]
2023-11-21 15:57:32.873 INFO  [com.knime.enterprise.cloud.services.execution.lifecycle.JobLifecycleHandler] [||] [||] (Job purger) Checking for purgeable jobs that have been discarded before 2023-11-21T15:56:32.873210736Z[GMT]
2023-11-21 15:57:42.369 INFO  [com.knime.enterprise.cloud.services.execution.lifecycle.JobLifecycleHandler] [||] [|LHr1qv8316u23o7egk8el|] (Job swapper) Checking for all swappable jobs of execution context with id 9043c21d-150c-4de1-bee5-7e992ebd922d that are idle since 2023-11-21T15:47:42.369732610Z[GMT]
2023-11-21 15:57:59.085 INFO  [com.knime.enterprise.cloud.services.execution.lifecycle.JobLifecycleHandler] [||] [|LHr1qv83laybq92dh98k|] (Job discarder) Checking for all discardable jobs of execution context with id 9043c21d-150c-4de1-bee5-7e992ebd922d that are idle since 2023-11-14T15:57:59.085522902Z[GMT]
2023-11-21 15:58:13.175 INFO  [com.knime.enterprise.cloud.services.execution.lifecycle.ExecutorWatchdog] [||] [|WDr1qv83-1g9tvir2ye44d|] (Thread-1 (ActiveMQ-client-global-threads)) Updated timestamp of executor '5beb76ab-80b6-467d-a7ed-30f2287cea23@executor-9043c21d-150c-4de1-bee5-7e992ebd922d-5beb76ab-80b6-467' to 2023-11-21T15:58:13.175334712
2023-11-21 15:58:16.080 INFO  [com.knime.enterprise.cloud.services.execution.lifecycle.JobLifecycleHandler] [||] [|LHr1qv83-s8czztrhvdjx|] (Job canceler) Checking for long-running jobs of execution context with id 9043c21d-150c-4de1-bee5-7e992ebd922d that are executing since 2021-02-24T15:58:16.080505373Z[GMT]
2023-11-21 15:58:32.875 INFO  [com.knime.enterprise.cloud.services.execution.lifecycle.JobLifecycleHandler] [||] [||] (Job purger) Checking for purgeable jobs that have been discarded before 2023-11-21T15:57:32.874982726Z[GMT]
2023-11-21 15:58:42.373 INFO  [com.knime.enterprise.cloud.services.execution.lifecycle.JobLifecycleHandler] [||] [|LHr1qv831imgnn0tkc2d6|] (Job swapper) Checking for all swappable jobs of execution context with id 9043c21d-150c-4de1-bee5-7e992ebd922d that are idle since 2023-11-21T15:48:42.373412223Z[GMT]
2023-11-21 15:58:59.089 INFO  [com.knime.enterprise.cloud.services.execution.lifecycle.JobLifecycleHandler] [||] [|LHr1qv83-r9ekpjcwmzfg|] (Job discarder) Checking for all discardable jobs of execution context with id 9043c21d-150c-4de1-bee5-7e992ebd922d that are idle since 2023-11-14T15:58:59.089082125Z[GMT]
2023-11-21 15:59:16.084 INFO  [com.knime.enterprise.cloud.services.execution.lifecycle.JobLifecycleHandler] [||] [|LHr1qv83-9otgghdeqf9s|] (Job canceler) Checking for long-running jobs of execution context with id 9043c21d-150c-4de1-bee5-7e992ebd922d that are executing since 2021-02-24T15:59:16.084796295Z[GMT]
2023-11-21 15:59:32.876 INFO  [com.knime.enterprise.cloud.services.execution.lifecycle.JobLifecycleHandler] [||] [||] (Job purger) Checking for purgeable jobs that have been discarded before 2023-11-21T15:58:32.876857106Z[GMT]
2023-11-21 15:59:42.376 INFO  [com.knime.enterprise.cloud.services.execution.lifecycle.JobLifecycleHandler] [||] [|LHr1qv83-1kep4x5e6niyo|] (Job swapper) Checking for all swappable jobs of execution context with id 9043c21d-150c-4de1-bee5-7e992ebd922d that are idle since 2023-11-21T15:49:42.376946573Z[GMT]
2023-11-21 15:59:53.180 INFO  [com.knime.enterprise.cloud.services.execution.lifecycle.ExecutorWatchdog] [||] [|WDr1qv831dep1oor44hcu|] (Thread-0 (ActiveMQ-client-global-threads)) Updated timestamp of executor '5beb76ab-80b6-467d-a7ed-30f2287cea23@executor-9043c21d-150c-4de1-bee5-7e992ebd922d-5beb76ab-80b6-467' to 2023-11-21T15:59:53.180300091
2023-11-21 15:59:59.093 INFO  [com.knime.enterprise.cloud.services.execution.lifecycle.JobLifecycleHandler] [||] [|LHr1qv83-rsw13duw6e3v|] (Job discarder) Checking for all discardable jobs of execution context with id 9043c21d-150c-4de1-bee5-7e992ebd922d that are idle since 2023-11-14T15:59:59.093117045Z[GMT]
2023-11-21 16:00:16.088 INFO  [com.knime.enterprise.cloud.services.execution.lifecycle.JobLifecycleHandler] [||] [|LHr1qv83yey38sozr91z|] (Job canceler) Checking for long-running jobs of execution context with id 9043c21d-150c-4de1-bee5-7e992ebd922d that are executing since 2021-02-24T16:00:16.088960549Z[GMT]
2023-11-21 16:00:32.878 INFO  [com.knime.enterprise.cloud.services.execution.lifecycle.JobLifecycleHandler] [||] [||] (Job purger) Checking for purgeable jobs that have been discarded before 2023-11-21T15:59:32.878667167Z[GMT]
2023-11-21 16:00:42.380 INFO  [com.knime.enterprise.cloud.services.execution.lifecycle.JobLifecycleHandler] [||] [|LHr1qv83ged0w09bqwtq|] (Job swapper) Checking for all swappable jobs of execution context with id 9043c21d-150c-4de1-bee5-7e992ebd922d that are idle since 2023-11-21T15:50:42.380326490Z[GMT]
2023-11-21 16:00:59.097 INFO  [com.knime.enterprise.cloud.services.execution.lifecycle.JobLifecycleHandler] [||] [|LHr1qv83os5xcr3ufp6d|] (Job discarder) Checking for all discardable jobs of execution context with id 9043c21d-150c-4de1-bee5-7e992ebd922d that are idle since 2023-11-14T16:00:59.097089733Z[GMT]
2023-11-21 16:01:16.092 INFO  [com.knime.enterprise.cloud.services.execution.lifecycle.JobLifecycleHandler] [||] [|LHr1qv83fex0hovn4t5k|] (Job canceler) Checking for long-running jobs of execution context with id 9043c21d-150c-4de1-bee5-7e992ebd922d that are executing since 2021-02-24T16:01:16.092889023Z[GMT]
2023-11-21 16:01:32.880 INFO  [com.knime.enterprise.cloud.services.execution.lifecycle.JobLifecycleHandler] [||] [||] (Job purger) Checking for purgeable jobs that have been discarded before 2023-11-21T16:00:32.880476725Z[GMT]
2023-11-21 16:01:33.185 INFO  [com.knime.enterprise.cloud.services.execution.lifecycle.ExecutorWatchdog] [||] [|WDr1qv831utw7yny27l3u|] (Thread-1 (ActiveMQ-client-global-threads)) Updated timestamp of executor '5beb76ab-80b6-467d-a7ed-30f2287cea23@executor-9043c21d-150c-4de1-bee5-7e992ebd922d-5beb76ab-80b6-467' to 2023-11-21T16:01:33.185548467
2023-11-21 16:01:42.383 INFO  [com.knime.enterprise.cloud.services.execution.lifecycle.JobLifecycleHandler] [||] [|LHr1qv83-1vq74muronztf|] (Job swapper) Checking for all swappable jobs of execution context with id 9043c21d-150c-4de1-bee5-7e992ebd922d that are idle since 2023-11-21T15:51:42.383834852Z[GMT]
2023-11-21 16:01:59.100 INFO  [com.knime.enterprise.cloud.services.execution.lifecycle.JobLifecycleHandler] [||] [|LHr1qv831i3zo9rh4blcr|] (Job discarder) Checking for all discardable jobs of execution context with id 9043c21d-150c-4de1-bee5-7e992ebd922d that are idle since 2023-11-14T16:01:59.100775477Z[GMT]
2023-11-21 16:02:16.096 INFO  [com.knime.enterprise.cloud.services.execution.lifecycle.JobLifecycleHandler] [||] [|LHr1qv831tsrt0qvvxfgt|] (Job canceler) Checking for long-running jobs of execution context with id 9043c21d-150c-4de1-bee5-7e992ebd922d that are executing since 2021-02-24T16:02:16.096742593Z[GMT]
2023-11-21 16:02:32.882 INFO  [com.knime.enterprise.cloud.services.execution.lifecycle.JobLifecycleHandler] [||] [||] (Job purger) Checking for purgeable jobs that have been discarded before 2023-11-21T16:01:32.882127959Z[GMT]
2023-11-21 16:02:42.387 INFO  [com.knime.enterprise.cloud.services.execution.lifecycle.JobLifecycleHandler] [||] [|LHr1qv83trsxf74938vj|] (Job swapper) Checking for all swappable jobs of execution context with id 9043c21d-150c-4de1-bee5-7e992ebd922d that are idle since 2023-11-21T15:52:42.387277584Z[GMT]
2023-11-21 16:02:59.104 INFO  [com.knime.enterprise.cloud.services.execution.lifecycle.JobLifecycleHandler] [||] [|LHr1qv831pk7r0m21srz3|] (Job discarder) Checking for all discardable jobs of execution context with id 9043c21d-150c-4de1-bee5-7e992ebd922d that are idle since 2023-11-14T16:02:59.104286999Z[GMT]
2023-11-21 16:03:13.189 INFO  [com.knime.enterprise.cloud.services.execution.lifecycle.ExecutorWatchdog] [||] [|WDr1qv831npvd1re62m27|] (Thread-0 (ActiveMQ-client-global-threads)) Updated timestamp of executor '5beb76ab-80b6-467d-a7ed-30f2287cea23@executor-9043c21d-150c-4de1-bee5-7e992ebd922d-5beb76ab-80b6-467' to 2023-11-21T16:03:13.189435507
2023-11-21 16:03:16.100 INFO  [com.knime.enterprise.cloud.services.execution.lifecycle.JobLifecycleHandler] [||] [|LHr1qv83rx794hftokwn|] (Job canceler) Checking for long-running jobs of execution context with id 9043c21d-150c-4de1-bee5-7e992ebd922d that are executing since 2021-02-24T16:03:16.100611227Z[GMT]
2023-11-21 16:03:32.883 INFO  [com.knime.enterprise.cloud.services.execution.lifecycle.JobLifecycleHandler] [||] [||] (Job purger) Checking for purgeable jobs that have been discarded before 2023-11-21T16:02:32.883845850Z[GMT]
2023-11-21 16:03:42.390 INFO  [com.knime.enterprise.cloud.services.execution.lifecycle.JobLifecycleHandler] [||] [|LHr1qv83-164tfw7del3r9|] (Job swapper) Checking for all swappable jobs of execution context with id 9043c21d-150c-4de1-bee5-7e992ebd922d that are idle since 2023-11-21T15:53:42.390588960Z[GMT]
2023-11-21 16:03:59.107 INFO  [com.knime.enterprise.cloud.services.execution.lifecycle.JobLifecycleHandler] [||] [|LHr1qv831vn1lg5w975vo|] (Job discarder) Checking for all discardable jobs of execution context with id 9043c21d-150c-4de1-bee5-7e992ebd922d that are idle since 2023-11-14T16:03:59.107669205Z[GMT]
2023-11-21 16:04:16.104 INFO  [com.knime.enterprise.cloud.services.execution.lifecycle.JobLifecycleHandler] [||] [|LHr1qv83-1992zlga9qstv|] (Job canceler) Checking for long-running jobs of execution context with id 9043c21d-150c-4de1-bee5-7e992ebd922d that are executing since 2021-02-24T16:04:16.104885541Z[GMT]
2023-11-21 16:04:32.885 INFO  [com.knime.enterprise.cloud.services.execution.lifecycle.JobLifecycleHandler] [||] [||] (Job purger) Checking for purgeable jobs that have been discarded before 2023-11-21T16:03:32.885495732Z[GMT]
2023-11-21 16:04:42.394 INFO  [com.knime.enterprise.cloud.services.execution.lifecycle.JobLifecycleHandler] [||] [|LHr1qv831e39k1goxbtsj|] (Job swapper) Checking for all swappable jobs of execution context with id 9043c21d-150c-4de1-bee5-7e992ebd922d that are idle since 2023-11-21T15:54:42.394013178Z[GMT]
2023-11-21 16:04:53.198 INFO  [com.knime.enterprise.cloud.services.execution.lifecycle.ExecutorWatchdog] [||] [|WDr1qv83-1d49uv7tew5sf|] (Thread-1 (ActiveMQ-client-global-threads)) Updated timestamp of executor '5beb76ab-80b6-467d-a7ed-30f2287cea23@executor-9043c21d-150c-4de1-bee5-7e992ebd922d-5beb76ab-80b6-467' to 2023-11-21T16:04:53.198761374
2023-11-21 16:04:59.111 INFO  [com.knime.enterprise.cloud.services.execution.lifecycle.JobLifecycleHandler] [||] [|LHr1qv831nn9ndobhfdli|] (Job discarder) Checking for all discardable jobs of execution context with id 9043c21d-150c-4de1-bee5-7e992ebd922d that are idle since 2023-11-14T16:04:59.111334005Z[GMT]
2023-11-21 16:05:16.109 INFO  [com.knime.enterprise.cloud.services.execution.lifecycle.JobLifecycleHandler] [||] [|LHr1qv831sjx0psmk1k7w|] (Job canceler) Checking for long-running jobs of execution context with id 9043c21d-150c-4de1-bee5-7e992ebd922d that are executing since 2021-02-24T16:05:16.109270892Z[GMT]
2023-11-21 16:05:32.887 INFO  [com.knime.enterprise.cloud.services.execution.lifecycle.JobLifecycleHandler] [||] [||] (Job purger) Checking for purgeable jobs that have been discarded before 2023-11-21T16:04:32.887271454Z[GMT]
2023-11-21 16:05:42.397 INFO  [com.knime.enterprise.cloud.services.execution.lifecycle.JobLifecycleHandler] [||] [|LHr1qv831nqgubqbfnef0|] (Job swapper) Checking for all swappable jobs of execution context with id 9043c21d-150c-4de1-bee5-7e992ebd922d that are idle since 2023-11-21T15:55:42.397725453Z[GMT]
2023-11-21 16:05:59.114 INFO  [com.knime.enterprise.cloud.services.execution.lifecycle.JobLifecycleHandler] [||] [|LHr1qv83-1hqmskt6ev4oz|] (Job discarder) Checking for all discardable jobs of execution context with id 9043c21d-150c-4de1-bee5-7e992ebd922d that are idle since 2023-11-14T16:05:59.114783275Z[GMT]
2023-11-21 16:06:16.113 INFO  [com.knime.enterprise.cloud.services.execution.lifecycle.JobLifecycleHandler] [||] [|LHr1qv831tqu8z4kfnfom|] (Job canceler) Checking for long-running jobs of execution context with id 9043c21d-150c-4de1-bee5-7e992ebd922d that are executing since 2021-02-24T16:06:16.113358542Z[GMT]
2023-11-21 16:06:32.889 INFO  [com.knime.enterprise.cloud.services.execution.lifecycle.JobLifecycleHandler] [||] [||] (Job purger) Checking for purgeable jobs that have been discarded before 2023-11-21T16:05:32.889356616Z[GMT]
2023-11-21 16:06:33.203 INFO  [com.knime.enterprise.cloud.services.execution.lifecycle.ExecutorWatchdog] [||] [|WDr1qv83f8oxii12is0d|] (Thread-0 (ActiveMQ-client-global-threads)) Updated timestamp of executor '5beb76ab-80b6-467d-a7ed-30f2287cea23@executor-9043c21d-150c-4de1-bee5-7e992ebd922d-5beb76ab-80b6-467' to 2023-11-21T16:06:33.203276246
2023-11-21 16:06:42.401 INFO  [com.knime.enterprise.cloud.services.execution.lifecycle.JobLifecycleHandler] [||] [|LHr1qv83idfblg291hjg|] (Job swapper) Checking for all swappable jobs of execution context with id 9043c21d-150c-4de1-bee5-7e992ebd922d that are idle since 2023-11-21T15:56:42.401561129Z[GMT]
2023-11-21 16:06:59.118 INFO  [com.knime.enterprise.cloud.services.execution.lifecycle.JobLifecycleHandler] [||] [|LHr1qv831l3pio4tpt96r|] (Job discarder) Checking for all discardable jobs of execution context with id 9043c21d-150c-4de1-bee5-7e992ebd922d that are idle since 2023-11-14T16:06:59.118181824Z[GMT]
2023-11-21 16:07:16.117 INFO  [com.knime.enterprise.cloud.services.execution.lifecycle.JobLifecycleHandler] [||] [|LHr1qv83-ntnobt4cm7wd|] (Job canceler) Checking for long-running jobs of execution context with id 9043c21d-150c-4de1-bee5-7e992ebd922d that are executing since 2021-02-24T16:07:16.117231781Z[GMT]
2023-11-21 16:07:32.891 INFO  [com.knime.enterprise.cloud.services.execution.lifecycle.JobLifecycleHandler] [||] [||] (Job purger) Checking for purgeable jobs that have been discarded before 2023-11-21T16:06:32.891038635Z[GMT]
2023-11-21 16:07:42.405 INFO  [com.knime.enterprise.cloud.services.execution.lifecycle.JobLifecycleHandler] [||] [|LHr1qv83l1g7q013dvtd|] (Job swapper) Checking for all swappable jobs of execution context with id 9043c21d-150c-4de1-bee5-7e992ebd922d that are idle since 2023-11-21T15:57:42.405311647Z[GMT]
2023-11-21 16:07:59.121 INFO  [com.knime.enterprise.cloud.services.execution.lifecycle.JobLifecycleHandler] [||] [|LHr1qv83-4ysh25nd9qkm|] (Job discarder) Checking for all discardable jobs of execution context with id 9043c21d-150c-4de1-bee5-7e992ebd922d that are idle since 2023-11-14T16:07:59.121569530Z[GMT]
2023-11-21 16:08:13.210 INFO  [com.knime.enterprise.cloud.services.execution.lifecycle.ExecutorWatchdog] [||] [|WDr1qv831x321b8y1lfu4|] (Thread-0 (ActiveMQ-client-global-threads)) Updated timestamp of executor '5beb76ab-80b6-467d-a7ed-30f2287cea23@executor-9043c21d-150c-4de1-bee5-7e992ebd922d-5beb76ab-80b6-467' to 2023-11-21T16:08:13.210259790
2023-11-21 16:08:16.121 INFO  [com.knime.enterprise.cloud.services.execution.lifecycle.JobLifecycleHandler] [||] [|LHr1qv83hguer72m205i|] (Job canceler) Checking for long-running jobs of execution context with id 9043c21d-150c-4de1-bee5-7e992ebd922d that are executing since 2021-02-24T16:08:16.121240188Z[GMT]
2023-11-21 16:08:32.892 INFO  [com.knime.enterprise.cloud.services.execution.lifecycle.JobLifecycleHandler] [||] [||] (Job purger) Checking for purgeable jobs that have been discarded before 2023-11-21T16:07:32.892849909Z[GMT]
2023-11-21 16:08:42.408 INFO  [com.knime.enterprise.cloud.services.execution.lifecycle.JobLifecycleHandler] [||] [|LHr1qv83-9krvatols71o|] (Job swapper) Checking for all swappable jobs of execution context with id 9043c21d-150c-4de1-bee5-7e992ebd922d that are idle since 2023-11-21T15:58:42.408631023Z[GMT]
2023-11-21 16:08:59.125 INFO  [com.knime.enterprise.cloud.services.execution.lifecycle.JobLifecycleHandler] [||] [|LHr1qv831v1r36kny0plu|] (Job discarder) Checking for all discardable jobs of execution context with id 9043c21d-150c-4de1-bee5-7e992ebd922d that are idle since 2023-11-14T16:08:59.125228361Z[GMT]
2023-11-21 16:09:16.125 INFO  [com.knime.enterprise.cloud.services.execution.lifecycle.JobLifecycleHandler] [||] [|LHr1qv83-1b7v0bqk5h8ki|] (Job canceler) Checking for long-running jobs of execution context with id 9043c21d-150c-4de1-bee5-7e992ebd922d that are executing since 2021-02-24T16:09:16.125403397Z[GMT]
2023-11-21 16:09:32.894 INFO  [com.knime.enterprise.cloud.services.execution.lifecycle.JobLifecycleHandler] [||] [||] (Job purger) Checking for purgeable jobs that have been discarded before 2023-11-21T16:08:32.894625752Z[GMT]
2023-11-21 16:09:42.412 INFO  [com.knime.enterprise.cloud.services.execution.lifecycle.JobLifecycleHandler] [||] [|LHr1qv83g0usj6okuspu|] (Job swapper) Checking for all swappable jobs of execution context with id 9043c21d-150c-4de1-bee5-7e992ebd922d that are idle since 2023-11-21T15:59:42.412123460Z[GMT]
2023-11-21 16:09:53.216 INFO  [com.knime.enterprise.cloud.services.execution.lifecycle.ExecutorWatchdog] [||] [|WDr1qv83-1rs0y2u9z37g5|] (Thread-1 (ActiveMQ-client-global-threads)) Updated timestamp of executor '5beb76ab-80b6-467d-a7ed-30f2287cea23@executor-9043c21d-150c-4de1-bee5-7e992ebd922d-5beb76ab-80b6-467' to 2023-11-21T16:09:53.216221920
2023-11-21 16:09:59.128 INFO  [com.knime.enterprise.cloud.services.execution.lifecycle.JobLifecycleHandler] [||] [|LHr1qv831oixl5s465v2e|] (Job discarder) Checking for all discardable jobs of execution context with id 9043c21d-150c-4de1-bee5-7e992ebd922d that are idle since 2023-11-14T16:09:59.128783717Z[GMT]
2023-11-21 16:10:16.129 INFO  [com.knime.enterprise.cloud.services.execution.lifecycle.JobLifecycleHandler] [||] [|LHr1qv83xbva552u8o93|] (Job canceler) Checking for long-running jobs of execution context with id 9043c21d-150c-4de1-bee5-7e992ebd922d that are executing since 2021-02-24T16:10:16.129703439Z[GMT]
2023-11-21 16:10:32.896 INFO  [com.knime.enterprise.cloud.services.execution.lifecycle.JobLifecycleHandler] [||] [||] (Job purger) Checking for purgeable jobs that have been discarded before 2023-11-21T16:09:32.896375051Z[GMT]
2023-11-21 16:10:42.415 INFO  [com.knime.enterprise.cloud.services.execution.lifecycle.JobLifecycleHandler] [||] [|LHr1qv83-1r49wpg9m73k7|] (Job swapper) Checking for all swappable jobs of execution context with id 9043c21d-150c-4de1-bee5-7e992ebd922d that are idle since 2023-11-21T16:00:42.415625185Z[GMT]
2023-11-21 16:10:59.132 INFO  [com.knime.enterprise.cloud.services.execution.lifecycle.JobLifecycleHandler] [||] [|LHr1qv83-yiwk3nld8q49|] (Job discarder) Checking for all discardable jobs of execution context with id 9043c21d-150c-4de1-bee5-7e992ebd922d that are idle since 2023-11-14T16:10:59.132255099Z[GMT]
2023-11-21 16:11:16.136 INFO  [com.knime.enterprise.cloud.services.execution.lifecycle.JobLifecycleHandler] [||] [|LHr1qv831plsbrim35s8k|] (Job canceler) Checking for long-running jobs of execution context with id 9043c21d-150c-4de1-bee5-7e992ebd922d that are executing since 2021-02-24T16:11:16.136141058Z[GMT]
2023-11-21 16:11:32.898 INFO  [com.knime.enterprise.cloud.services.execution.lifecycle.JobLifecycleHandler] [||] [||] (Job purger) Checking for purgeable jobs that have been discarded before 2023-11-21T16:10:32.898094856Z[GMT]
2023-11-21 16:11:33.221 INFO  [com.knime.enterprise.cloud.services.execution.lifecycle.ExecutorWatchdog] [||] [|WDr1qv83-1t9lslpxwqon|] (Thread-0 (ActiveMQ-client-global-threads)) Updated timestamp of executor '5beb76ab-80b6-467d-a7ed-30f2287cea23@executor-9043c21d-150c-4de1-bee5-7e992ebd922d-5beb76ab-80b6-467' to 2023-11-21T16:11:33.221915293
2023-11-21 16:11:42.419 INFO  [com.knime.enterprise.cloud.services.execution.lifecycle.JobLifecycleHandler] [||] [|LHr1qv836he8t4m7pts7|] (Job swapper) Checking for all swappable jobs of execution context with id 9043c21d-150c-4de1-bee5-7e992ebd922d that are idle since 2023-11-21T16:01:42.419083177Z[GMT]
2023-11-21 16:11:59.135 INFO  [com.knime.enterprise.cloud.services.execution.lifecycle.JobLifecycleHandler] [||] [|LHr1qv83-11twkbnbqoko3|] (Job discarder) Checking for all discardable jobs of execution context with id 9043c21d-150c-4de1-bee5-7e992ebd922d that are idle since 2023-11-14T16:11:59.135736808Z[GMT]
2023-11-21 16:12:16.140 INFO  [com.knime.enterprise.cloud.services.execution.lifecycle.JobLifecycleHandler] [||] [|LHr1qv83-l2i9tnb4zfw1|] (Job canceler) Checking for long-running jobs of execution context with id 9043c21d-150c-4de1-bee5-7e992ebd922d that are executing since 2021-02-24T16:12:16.140157615Z[GMT]
2023-11-21 16:12:32.899 INFO  [com.knime.enterprise.cloud.services.execution.lifecycle.JobLifecycleHandler] [||] [||] (Job purger) Checking for purgeable jobs that have been discarded before 2023-11-21T16:11:32.899784809Z[GMT]
2023-11-21 16:12:42.422 INFO  [com.knime.enterprise.cloud.services.execution.lifecycle.JobLifecycleHandler] [||] [|LHr1qv83-1sbi5v1l16cnb|] (Job swapper) Checking for all swappable jobs of execution context with id 9043c21d-150c-4de1-bee5-7e992ebd922d that are idle since 2023-11-21T16:02:42.422656118Z[GMT]
2023-11-21 16:12:59.139 INFO  [com.knime.enterprise.cloud.services.execution.lifecycle.JobLifecycleHandler] [||] [|LHr1qv83lj3k8oku8xov|] (Job discarder) Checking for all discardable jobs of execution context with id 9043c21d-150c-4de1-bee5-7e992ebd922d that are idle since 2023-11-14T16:12:59.139194612Z[GMT]
2023-11-21 16:13:13.227 INFO  [com.knime.enterprise.cloud.services.execution.lifecycle.ExecutorWatchdog] [||] [|WDr1qv83-s6u7sm33hd1n|] (Thread-1 (ActiveMQ-client-global-threads)) Updated timestamp of executor '5beb76ab-80b6-467d-a7ed-30f2287cea23@executor-9043c21d-150c-4de1-bee5-7e992ebd922d-5beb76ab-80b6-467' to 2023-11-21T16:13:13.227376604
2023-11-21 16:13:16.144 INFO  [com.knime.enterprise.cloud.services.execution.lifecycle.JobLifecycleHandler] [||] [|LHr1qv83s596igzr5wro|] (Job canceler) Checking for long-running jobs of execution context with id 9043c21d-150c-4de1-bee5-7e992ebd922d that are executing since 2021-02-24T16:13:16.144469756Z[GMT]
2023-11-21 16:13:32.901 INFO  [com.knime.enterprise.cloud.services.execution.lifecycle.JobLifecycleHandler] [||] [||] (Job purger) Checking for purgeable jobs that have been discarded before 2023-11-21T16:12:32.901616126Z[GMT]
2023-11-21 16:13:42.426 INFO  [com.knime.enterprise.cloud.services.execution.lifecycle.JobLifecycleHandler] [||] [|LHr1qv831v2bnh3crvlsz|] (Job swapper) Checking for all swappable jobs of execution context with id 9043c21d-150c-4de1-bee5-7e992ebd922d that are idle since 2023-11-21T16:03:42.426384828Z[GMT]
2023-11-21 16:13:59.142 INFO  [com.knime.enterprise.cloud.services.execution.lifecycle.JobLifecycleHandler] [||] [|LHr1qv834y3xsi42xf3t|] (Job discarder) Checking for all discardable jobs of execution context with id 9043c21d-150c-4de1-bee5-7e992ebd922d that are idle since 2023-11-14T16:13:59.142461275Z[GMT]
2023-11-21 16:14:16.148 INFO  [com.knime.enterprise.cloud.services.execution.lifecycle.JobLifecycleHandler] [||] [|LHr1qv838il645egn9om|] (Job canceler) Checking for long-running jobs of execution context with id 9043c21d-150c-4de1-bee5-7e992ebd922d that are executing since 2021-02-24T16:14:16.148351134Z[GMT]
