VM settings:
    Max. Heap Size (Estimated): 1.16G
    Using VM: OpenJDK 64-Bit Server VM

Property settings:
    file.encoding = UTF-8
    file.separator = /
    java.class.path = quarkus-run.jar
    java.class.version = 61.0
    java.home = /opt/java/openjdk
    java.io.tmpdir = /tmp
    java.library.path = /opt/java/openjdk/lib/server
        /opt/java/openjdk/lib
        /opt/java/openjdk/../lib
        /usr/java/packages/lib
        /usr/lib64
        /lib64
        /lib
        /usr/lib
    java.runtime.name = OpenJDK Runtime Environment
    java.runtime.version = 17.0.9+9
    java.specification.name = Java Platform API Specification
    java.specification.vendor = Oracle Corporation
    java.specification.version = 17
    java.util.logging.manager = org.jboss.logmanager.LogManager
    java.vendor = Eclipse Adoptium
    java.vendor.url = https://adoptium.net/
    java.vendor.url.bug = https://github.com/adoptium/adoptium-support/issues
    java.vendor.version = Temurin-17.0.9+9
    java.version = 17.0.9
    java.version.date = 2023-10-17
    java.vm.compressedOopsMode = 32-bit
    java.vm.info = mixed mode, sharing
    java.vm.name = OpenJDK 64-Bit Server VM
    java.vm.specification.name = Java Virtual Machine Specification
    java.vm.specification.vendor = Oracle Corporation
    java.vm.specification.version = 17
    java.vm.vendor = Eclipse Adoptium
    java.vm.version = 17.0.9+9
    jdk.debug = release
    line.separator = \n 
    native.encoding = UTF-8
    os.arch = amd64
    os.name = Linux
    os.version = 6.2.0-1015-aws
    path.separator = :
    quarkus.http.host = ***HIDDEN***
    sun.arch.data.model = 64
    sun.boot.library.path = /opt/java/openjdk/lib
    sun.cpu.endian = little
    sun.io.unicode.encoding = UnicodeLittle
    sun.java.command = quarkus-run.jar
    sun.java.launcher = SUN_STANDARD
    sun.jnu.encoding = UTF-8
    sun.management.compiler = HotSpot 64-Bit Tiered Compilers
    user.country = US
    user.dir = /deployments
    user.home = ?
    user.language = en
    user.name = ?

Locale settings:
    default locale = English (United States)
    default display locale = English (United States)
    default format locale = English (United States)
    tzdata version = 2023c
    available locales = , af, af_NA, af_ZA, af_ZA_#Latn, agq, agq_CM, agq_CM_#Latn, 
        ak, ak_GH, ak_GH_#Latn, am, am_ET, am_ET_#Ethi, ar, ar_001, 
        ar_AE, ar_BH, ar_DJ, ar_DZ, ar_EG, ar_EG_#Arab, ar_EH, ar_ER, 
        ar_IL, ar_IQ, ar_JO, ar_KM, ar_KW, ar_LB, ar_LY, ar_MA, 
        ar_MR, ar_OM, ar_PS, ar_QA, ar_SA, ar_SD, ar_SO, ar_SS, 
        ar_SY, ar_TD, ar_TN, ar_YE, as, as_IN, as_IN_#Beng, asa, 
        asa_TZ, asa_TZ_#Latn, ast, ast_ES, ast_ES_#Latn, az, az_AZ, az_AZ_#Cyrl, 
        az_AZ_#Latn, az__#Cyrl, az__#Latn, bas, bas_CM, bas_CM_#Latn, be, be_BY, 
        be_BY_#Cyrl, bem, bem_ZM, bem_ZM_#Latn, bez, bez_TZ, bez_TZ_#Latn, bg, 
        bg_BG, bg_BG_#Cyrl, bm, bm_ML, bm_ML_#Latn, bn, bn_BD, bn_BD_#Beng, 
        bn_IN, bo, bo_CN, bo_CN_#Tibt, bo_IN, br, br_FR, br_FR_#Latn, 
        brx, brx_IN, brx_IN_#Deva, bs, bs_BA, bs_BA_#Cyrl, bs_BA_#Latn, bs__#Cyrl, 
        bs__#Latn, ca, ca_AD, ca_ES, ca_ES_#Latn, ca_ES_VALENCIA, ca_FR, ca_IT, 
        ccp, ccp_BD, ccp_BD_#Cakm, ccp_IN, ce, ce_RU, ce_RU_#Cyrl, ceb, 
        ceb_PH, ceb_PH_#Latn, cgg, cgg_UG, cgg_UG_#Latn, chr, chr_US, chr_US_#Cher, 
        ckb, ckb_IQ, ckb_IQ_#Arab, ckb_IR, cs, cs_CZ, cs_CZ_#Latn, cy, 
        cy_GB, cy_GB_#Latn, da, da_DK, da_DK_#Latn, da_GL, dav, dav_KE, 
        dav_KE_#Latn, de, de_AT, de_BE, de_CH, de_DE, de_DE_#Latn, de_IT, 
        de_LI, de_LU, dje, dje_NE, dje_NE_#Latn, doi, doi_IN, doi_IN_#Deva, 
        dsb, dsb_DE, dsb_DE_#Latn, dua, dua_CM, dua_CM_#Latn, dyo, dyo_SN, 
        dyo_SN_#Latn, dz, dz_BT, dz_BT_#Tibt, ebu, ebu_KE, ebu_KE_#Latn, ee, 
        ee_GH, ee_GH_#Latn, ee_TG, el, el_CY, el_GR, el_GR_#Grek, en, 
        en_001, en_150, en_AE, en_AG, en_AI, en_AS, en_AT, en_AU, 
        en_BB, en_BE, en_BI, en_BM, en_BS, en_BW, en_BZ, en_CA, 
        en_CC, en_CH, en_CK, en_CM, en_CX, en_CY, en_DE, en_DG, 
        en_DK, en_DM, en_ER, en_FI, en_FJ, en_FK, en_FM, en_GB, 
        en_GD, en_GG, en_GH, en_GI, en_GM, en_GU, en_GY, en_HK, 
        en_IE, en_IL, en_IM, en_IN, en_IO, en_JE, en_JM, en_KE, 
        en_KI, en_KN, en_KY, en_LC, en_LR, en_LS, en_MG, en_MH, 
        en_MO, en_MP, en_MS, en_MT, en_MU, en_MW, en_MY, en_NA, 
        en_NF, en_NG, en_NL, en_NR, en_NU, en_NZ, en_PG, en_PH, 
        en_PK, en_PN, en_PR, en_PW, en_RW, en_SB, en_SC, en_SD, 
        en_SE, en_SG, en_SH, en_SI, en_SL, en_SS, en_SX, en_SZ, 
        en_TC, en_TK, en_TO, en_TT, en_TV, en_TZ, en_UG, en_UM, 
        en_US, en_US_#Latn, en_US_POSIX, en_VC, en_VG, en_VI, en_VU, en_WS, 
        en_ZA, en_ZM, en_ZW, eo, eo_001, eo_001_#Latn, es, es_419, 
        es_AR, es_BO, es_BR, es_BZ, es_CL, es_CO, es_CR, es_CU, 
        es_DO, es_EA, es_EC, es_ES, es_ES_#Latn, es_GQ, es_GT, es_HN, 
        es_IC, es_MX, es_NI, es_PA, es_PE, es_PH, es_PR, es_PY, 
        es_SV, es_US, es_UY, es_VE, et, et_EE, et_EE_#Latn, eu, 
        eu_ES, eu_ES_#Latn, ewo, ewo_CM, ewo_CM_#Latn, fa, fa_AF, fa_IR, 
        fa_IR_#Arab, ff, ff_BF_#Adlm, ff_BF_#Latn, ff_CM_#Adlm, ff_CM_#Latn, ff_GH_#Adlm, ff_GH_#Latn, 
        ff_GM_#Adlm, ff_GM_#Latn, ff_GN, ff_GN_#Adlm, ff_GN_#Latn, ff_GW_#Adlm, ff_GW_#Latn, ff_LR_#Adlm, 
        ff_LR_#Latn, ff_MR_#Adlm, ff_MR_#Latn, ff_NE_#Adlm, ff_NE_#Latn, ff_NG_#Adlm, ff_NG_#Latn, ff_SL_#Adlm, 
        ff_SL_#Latn, ff_SN, ff_SN_#Adlm, ff_SN_#Latn, ff__#Adlm, ff__#Latn, fi, fi_FI, 
        fi_FI_#Latn, fil, fil_PH, fil_PH_#Latn, fo, fo_DK, fo_FO, fo_FO_#Latn, 
        fr, fr_BE, fr_BF, fr_BI, fr_BJ, fr_BL, fr_CA, fr_CD, 
        fr_CF, fr_CG, fr_CH, fr_CI, fr_CM, fr_DJ, fr_DZ, fr_FR, 
        fr_FR_#Latn, fr_GA, fr_GF, fr_GN, fr_GP, fr_GQ, fr_HT, fr_KM, 
        fr_LU, fr_MA, fr_MC, fr_MF, fr_MG, fr_ML, fr_MQ, fr_MR, 
        fr_MU, fr_NC, fr_NE, fr_PF, fr_PM, fr_RE, fr_RW, fr_SC, 
        fr_SN, fr_SY, fr_TD, fr_TG, fr_TN, fr_VU, fr_WF, fr_YT, 
        fur, fur_IT, fur_IT_#Latn, fy, fy_NL, fy_NL_#Latn, ga, ga_GB, 
        ga_IE, ga_IE_#Latn, gd, gd_GB, gd_GB_#Latn, gl, gl_ES, gl_ES_#Latn, 
        gsw, gsw_CH, gsw_CH_#Latn, gsw_FR, gsw_LI, gu, gu_IN, gu_IN_#Gujr, 
        guz, guz_KE, guz_KE_#Latn, gv, gv_IM, gv_IM_#Latn, ha, ha_GH, 
        ha_NE, ha_NG, ha_NG_#Latn, haw, haw_US, haw_US_#Latn, he, he_IL, 
        he_IL_#Hebr, hi, hi_IN, hi_IN_#Deva, hr, hr_BA, hr_HR, hr_HR_#Latn, 
        hsb, hsb_DE, hsb_DE_#Latn, hu, hu_HU, hu_HU_#Latn, hy, hy_AM, 
        hy_AM_#Armn, ia, ia_001, ia_001_#Latn, id, id_ID, id_ID_#Latn, ig, 
        ig_NG, ig_NG_#Latn, ii, ii_CN, ii_CN_#Yiii, is, is_IS, is_IS_#Latn, 
        it, it_CH, it_IT, it_IT_#Latn, it_SM, it_VA, ja, ja_JP, 
        ja_JP_#Jpan, ja_JP_JP_#u-ca-japanese, jgo, jgo_CM, jgo_CM_#Latn, jmc, jmc_TZ, jmc_TZ_#Latn, 
        jv, jv_ID, jv_ID_#Latn, ka, ka_GE, ka_GE_#Geor, kab, kab_DZ, 
        kab_DZ_#Latn, kam, kam_KE, kam_KE_#Latn, kde, kde_TZ, kde_TZ_#Latn, kea, 
        kea_CV, kea_CV_#Latn, khq, khq_ML, khq_ML_#Latn, ki, ki_KE, ki_KE_#Latn, 
        kk, kk_KZ, kk_KZ_#Cyrl, kkj, kkj_CM, kkj_CM_#Latn, kl, kl_GL, 
        kl_GL_#Latn, kln, kln_KE, kln_KE_#Latn, km, km_KH, km_KH_#Khmr, kn, 
        kn_IN, kn_IN_#Knda, ko, ko_KP, ko_KR, ko_KR_#Kore, kok, kok_IN, 
        kok_IN_#Deva, ks, ks_IN, ks_IN_#Arab, ks__#Arab, ksb, ksb_TZ, ksb_TZ_#Latn, 
        ksf, ksf_CM, ksf_CM_#Latn, ksh, ksh_DE, ksh_DE_#Latn, ku, ku_TR, 
        ku_TR_#Latn, kw, kw_GB, kw_GB_#Latn, ky, ky_KG, ky_KG_#Cyrl, lag, 
        lag_TZ, lag_TZ_#Latn, lb, lb_LU, lb_LU_#Latn, lg, lg_UG, lg_UG_#Latn, 
        lkt, lkt_US, lkt_US_#Latn, ln, ln_AO, ln_CD, ln_CD_#Latn, ln_CF, 
        ln_CG, lo, lo_LA, lo_LA_#Laoo, lrc, lrc_IQ, lrc_IR, lrc_IR_#Arab, 
        lt, lt_LT, lt_LT_#Latn, lu, lu_CD, lu_CD_#Latn, luo, luo_KE, 
        luo_KE_#Latn, luy, luy_KE, luy_KE_#Latn, lv, lv_LV, lv_LV_#Latn, mai, 
        mai_IN, mai_IN_#Deva, mas, mas_KE, mas_KE_#Latn, mas_TZ, mer, mer_KE, 
        mer_KE_#Latn, mfe, mfe_MU, mfe_MU_#Latn, mg, mg_MG, mg_MG_#Latn, mgh, 
        mgh_MZ, mgh_MZ_#Latn, mgo, mgo_CM, mgo_CM_#Latn, mi, mi_NZ, mi_NZ_#Latn, 
        mk, mk_MK, mk_MK_#Cyrl, ml, ml_IN, ml_IN_#Mlym, mn, mn_MN, 
        mn_MN_#Cyrl, mni, mni_IN, mni_IN_#Beng, mni__#Beng, mr, mr_IN, mr_IN_#Deva, 
        ms, ms_BN, ms_ID, ms_MY, ms_MY_#Latn, ms_SG, mt, mt_MT, 
        mt_MT_#Latn, mua, mua_CM, mua_CM_#Latn, my, my_MM, my_MM_#Mymr, mzn, 
        mzn_IR, mzn_IR_#Arab, naq, naq_NA, naq_NA_#Latn, nb, nb_NO, nb_NO_#Latn, 
        nb_SJ, nd, nd_ZW, nd_ZW_#Latn, nds, nds_DE, nds_DE_#Latn, nds_NL, 
        ne, ne_IN, ne_NP, ne_NP_#Deva, nl, nl_AW, nl_BE, nl_BQ, 
        nl_CW, nl_NL, nl_NL_#Latn, nl_SR, nl_SX, nmg, nmg_CM, nmg_CM_#Latn, 
        nn, nn_NO, nn_NO_#Latn, nnh, nnh_CM, nnh_CM_#Latn, no, no_NO, 
        no_NO_#Latn, no_NO_NY, nus, nus_SS, nus_SS_#Latn, nyn, nyn_UG, nyn_UG_#Latn, 
        om, om_ET, om_ET_#Latn, om_KE, or, or_IN, or_IN_#Orya, os, 
        os_GE, os_GE_#Cyrl, os_RU, pa, pa_IN, pa_IN_#Guru, pa_PK, pa_PK_#Arab, 
        pa__#Arab, pa__#Guru, pcm, pcm_NG, pcm_NG_#Latn, pl, pl_PL, pl_PL_#Latn, 
        ps, ps_AF, ps_AF_#Arab, ps_PK, pt, pt_AO, pt_BR, pt_BR_#Latn, 
        pt_CH, pt_CV, pt_GQ, pt_GW, pt_LU, pt_MO, pt_MZ, pt_PT, 
        pt_ST, pt_TL, qu, qu_BO, qu_EC, qu_PE, qu_PE_#Latn, rm, 
        rm_CH, rm_CH_#Latn, rn, rn_BI, rn_BI_#Latn, ro, ro_MD, ro_RO, 
        ro_RO_#Latn, rof, rof_TZ, rof_TZ_#Latn, ru, ru_BY, ru_KG, ru_KZ, 
        ru_MD, ru_RU, ru_RU_#Cyrl, ru_UA, rw, rw_RW, rw_RW_#Latn, rwk, 
        rwk_TZ, rwk_TZ_#Latn, sa, sa_IN, sa_IN_#Deva, sah, sah_RU, sah_RU_#Cyrl, 
        saq, saq_KE, saq_KE_#Latn, sat, sat_IN, sat_IN_#Olck, sat__#Olck, sbp, 
        sbp_TZ, sbp_TZ_#Latn, sd, sd_IN, sd_IN_#Deva, sd_PK, sd_PK_#Arab, sd__#Arab, 
        sd__#Deva, se, se_FI, se_NO, se_NO_#Latn, se_SE, seh, seh_MZ, 
        seh_MZ_#Latn, ses, ses_ML, ses_ML_#Latn, sg, sg_CF, sg_CF_#Latn, shi, 
        shi_MA, shi_MA_#Latn, shi_MA_#Tfng, shi__#Latn, shi__#Tfng, si, si_LK, si_LK_#Sinh, 
        sk, sk_SK, sk_SK_#Latn, sl, sl_SI, sl_SI_#Latn, smn, smn_FI, 
        smn_FI_#Latn, sn, sn_ZW, sn_ZW_#Latn, so, so_DJ, so_ET, so_KE, 
        so_SO, so_SO_#Latn, sq, sq_AL, sq_AL_#Latn, sq_MK, sq_XK, sr, 
        sr_BA, sr_BA_#Cyrl, sr_BA_#Latn, sr_CS, sr_ME, sr_ME_#Cyrl, sr_ME_#Latn, sr_RS, 
        sr_RS_#Cyrl, sr_RS_#Latn, sr_XK_#Cyrl, sr_XK_#Latn, sr__#Cyrl, sr__#Latn, su, su_ID, 
        su_ID_#Latn, su__#Latn, sv, sv_AX, sv_FI, sv_SE, sv_SE_#Latn, sw, 
        sw_CD, sw_KE, sw_TZ, sw_TZ_#Latn, sw_UG, ta, ta_IN, ta_IN_#Taml, 
        ta_LK, ta_MY, ta_SG, te, te_IN, te_IN_#Telu, teo, teo_KE, 
        teo_UG, teo_UG_#Latn, tg, tg_TJ, tg_TJ_#Cyrl, th, th_TH, th_TH_#Thai, 
        th_TH_TH_#u-nu-thai, ti, ti_ER, ti_ET, ti_ET_#Ethi, tk, tk_TM, tk_TM_#Latn, 
        to, to_TO, to_TO_#Latn, tr, tr_CY, tr_TR, tr_TR_#Latn, tt, 
        tt_RU, tt_RU_#Cyrl, twq, twq_NE, twq_NE_#Latn, tzm, tzm_MA, tzm_MA_#Latn, 
        ug, ug_CN, ug_CN_#Arab, uk, uk_UA, uk_UA_#Cyrl, ur, ur_IN, 
        ur_PK, ur_PK_#Arab, uz, uz_AF, uz_AF_#Arab, uz_UZ, uz_UZ_#Cyrl, uz_UZ_#Latn, 
        uz__#Arab, uz__#Cyrl, uz__#Latn, vai, vai_LR, vai_LR_#Latn, vai_LR_#Vaii, vai__#Latn, 
        vai__#Vaii, vi, vi_VN, vi_VN_#Latn, vun, vun_TZ, vun_TZ_#Latn, wae, 
        wae_CH, wae_CH_#Latn, wo, wo_SN, wo_SN_#Latn, xh, xh_ZA, xh_ZA_#Latn, 
        xog, xog_UG, xog_UG_#Latn, yav, yav_CM, yav_CM_#Latn, yi, yi_001, 
        yi_001_#Hebr, yo, yo_BJ, yo_NG, yo_NG_#Latn, yue, yue_CN, yue_CN_#Hans, 
        yue_HK, yue_HK_#Hant, yue__#Hans, yue__#Hant, zgh, zgh_MA, zgh_MA_#Tfng, zh, 
        zh_CN, zh_CN_#Hans, zh_HK, zh_HK_#Hans, zh_HK_#Hant, zh_MO, zh_MO_#Hans, zh_MO_#Hant, 
        zh_SG, zh_SG_#Hans, zh_TW, zh_TW_#Hant, zh__#Hans, zh__#Hant, zu, zu_ZA, 
        zu_ZA_#Latn
Operating System Metrics:
    Provider: cgroupv2
    Effective CPU Count: 1
    CPU Period: 100000us
    CPU Quota: 100000us
    CPU Shares: 1024us
    List of Processors: N/A
    List of Effective Processors, 16 total: 
    0 1 2 3 4 5 6 7 8 9 10 11 12 13 14 15 
    List of Memory Nodes: N/A
    List of Available Memory Nodes, 1 total: 
    0 
    Memory Limit: 2.00G
    Memory Soft Limit: 0.00K
    Memory & Swap Limit: 2.00G
    Maximum Processes Limit: 37525

{"timestamp":"2023-11-21T14:30:10.763Z","sequence":315,"loggerClassName":"org.jboss.logging.Logger","loggerName":"com.knime.enterprise.cloud.service.catalog.accounts.cache.AccountsCacheStartup","level":"INFO","message":"Start accounts caching","threadName":"Thread-3","threadId":23,"mdc":{},"ndc":"","hostName":"catalog-service-59ff94bfc4-45jr2","processName":"quarkus-run.jar","processId":1}
{"timestamp":"2023-11-21T14:30:10.78Z","sequence":316,"loggerClassName":"org.jboss.logging.Logger","loggerName":"com.knime.enterprise.cloud.service.catalog.accounts.consumer.AbstractEventConsumer","level":"INFO","message":"Start EventConsumer for topic: account-events.teams","threadName":"main","threadId":1,"mdc":{},"ndc":"","hostName":"catalog-service-59ff94bfc4-45jr2","processName":"quarkus-run.jar","processId":1}
{"timestamp":"2023-11-21T14:30:10.78Z","sequence":317,"loggerClassName":"org.jboss.logging.Logger","loggerName":"com.knime.enterprise.cloud.service.catalog.accounts.consumer.AbstractEventConsumer","level":"INFO","message":"Attempting (1 of 10) to connect to Artemis at: tcp://activemq-artemis.knime.svc.cluster.local:61616?reconnectAttempts=-1","threadName":"main","threadId":1,"mdc":{},"ndc":"","hostName":"catalog-service-59ff94bfc4-45jr2","processName":"quarkus-run.jar","processId":1}
{"timestamp":"2023-11-21T14:30:16.276Z","sequence":318,"loggerClassName":"org.jboss.logging.Logger","loggerName":"io.quarkus.oidc.client.runtime.OidcClientImpl","level":"WARN","message":"OIDC Server is not available:","threadName":"vert.x-eventloop-thread-1","threadId":24,"mdc":{},"ndc":"","hostName":"catalog-service-59ff94bfc4-45jr2","processName":"quarkus-run.jar","processId":1,"exception":{"refId":1,"exceptionType":"java.net.UnknownHostException","message":"auth.hub.kbh-troubleshooting.com: Try again","frames":[{"class":"java.net.Inet6AddressImpl","method":"lookupAllHostAddr"},{"class":"java.net.InetAddress$PlatformNameService","method":"lookupAllHostAddr"},{"class":"java.net.InetAddress","method":"getAddressesFromNameService"},{"class":"java.net.InetAddress$NameServiceAddresses","method":"get"},{"class":"java.net.InetAddress","method":"getAllByName0"},{"class":"java.net.InetAddress","method":"getAllByName"},{"class":"java.net.InetAddress","method":"getAllByName"},{"class":"java.net.InetAddress","method":"getByName"},{"class":"io.netty.util.internal.SocketUtils$8","method":"run","line":156},{"class":"io.netty.util.internal.SocketUtils$8","method":"run","line":153},{"class":"java.security.AccessController","method":"doPrivileged"},{"class":"io.netty.util.internal.SocketUtils","method":"addressByName","line":153},{"class":"io.netty.resolver.DefaultNameResolver","method":"doResolve","line":41},{"class":"io.netty.resolver.SimpleNameResolver","method":"resolve","line":61},{"class":"io.netty.resolver.SimpleNameResolver","method":"resolve","line":53},{"class":"io.netty.resolver.InetSocketAddressResolver","method":"doResolve","line":55},{"class":"io.netty.resolver.InetSocketAddressResolver","method":"doResolve","line":31},{"class":"io.netty.resolver.AbstractAddressResolver","method":"resolve","line":106},{"class":"io.netty.bootstrap.Bootstrap","method":"doResolveAndConnect0","line":206},{"class":"io.netty.bootstrap.Bootstrap","method":"doResolveAndConnect","line":162},{"class":"io.netty.bootstrap.Bootstrap","method":"connect","line":139},{"class":"io.vertx.core.net.impl.ChannelProvider","method":"handleConnect","line":152},{"class":"io.vertx.core.net.impl.ChannelProvider","method":"connect","line":103},{"class":"io.vertx.core.net.impl.ChannelProvider","method":"connect","line":89},{"class":"io.vertx.core.net.impl.NetClientImpl","method":"connectInternal2","line":304},{"class":"io.vertx.core.net.impl.NetClientImpl","method":"lambda$connectInternal2$7","line":324},{"class":"io.netty.util.concurrent.AbstractEventExecutor","method":"runTask","line":174},{"class":"io.netty.util.concurrent.AbstractEventExecutor","method":"safeExecute","line":167},{"class":"io.netty.util.concurrent.SingleThreadEventExecutor","method":"runAllTasks","line":470},{"class":"io.netty.channel.nio.NioEventLoop","method":"run","line":569},{"class":"io.netty.util.concurrent.SingleThreadEventExecutor$4","method":"run","line":997},{"class":"io.netty.util.internal.ThreadExecutorMap$2","method":"run","line":74},{"class":"io.netty.util.concurrent.FastThreadLocalRunnable","method":"run","line":30},{"class":"java.lang.Thread","method":"run"}]}}
{"timestamp":"2023-11-21T14:30:16.278Z","sequence":319,"loggerClassName":"org.jboss.logging.Logger","loggerName":"com.knime.enterprise.cloud.service.catalog.client.oidc.CatalogServiceOidcClient","level":"WARN","message":"Error fetching catalog service account access token.","threadName":"Thread-3","threadId":23,"mdc":{},"ndc":"","hostName":"catalog-service-59ff94bfc4-45jr2","processName":"quarkus-run.jar","processId":1,"exception":{"refId":1,"exceptionType":"io.quarkus.oidc.client.OidcClientException","message":"OIDC Server is not available","frames":[{"class":"io.quarkus.oidc.client.runtime.OidcClientImpl","method":"lambda$postRequest$1","line":170},{"class":"io.smallrye.context.impl.wrappers.SlowContextualFunction","method":"apply","line":21},{"class":"io.smallrye.mutiny.operators.uni.UniOnFailureTransform$UniOnFailureTransformProcessor","method":"onFailure","line":54},{"class":"io.smallrye.mutiny.operators.uni.UniRetryAtMost$UniRetryAtMostProcessor","method":"testPredicate","line":86},{"class":"io.smallrye.mutiny.operators.uni.UniRetryAtMost$UniRetryAtMostProcessor","method":"onFailure","line":63},{"class":"io.smallrye.mutiny.vertx.AsyncResultUni","method":"lambda$subscribe$1","line":37},{"class":"io.smallrye.mutiny.vertx.DelegatingHandler","method":"handle","line":25},{"class":"io.vertx.ext.web.client.impl.HttpContext","method":"handleFailure","line":393},{"class":"io.vertx.ext.web.client.impl.HttpContext","method":"execute","line":387},{"class":"io.vertx.ext.web.client.impl.HttpContext","method":"next","line":362},{"class":"io.vertx.ext.web.client.impl.HttpContext","method":"fire","line":329},{"class":"io.vertx.ext.web.client.impl.HttpContext","method":"fail","line":310},{"class":"io.vertx.ext.web.client.impl.HttpContext","method":"lambda$handleCreateRequest$6","line":493},{"class":"io.vertx.core.impl.future.FutureImpl$3","method":"onFailure","line":153},{"class":"io.vertx.core.impl.future.FutureBase","method":"emitFailure","line":75},{"class":"io.vertx.core.impl.future.FutureImpl","method":"tryFail","line":230},{"class":"io.vertx.core.impl.future.PromiseImpl","method":"tryFail","line":23},{"class":"io.vertx.core.http.impl.HttpClientImpl","method":"lambda$doRequest$6","line":689},{"class":"io.vertx.core.net.impl.pool.Endpoint","method":"lambda$getConnection$0","line":52},{"class":"io.vertx.core.http.impl.SharedClientHttpStreamEndpoint$Request","method":"handle","line":162},{"class":"io.vertx.core.http.impl.SharedClientHttpStreamEndpoint$Request","method":"handle","line":123},{"class":"io.vertx.core.impl.EventLoopContext","method":"emit","line":55},{"class":"io.vertx.core.impl.ContextBase","method":"emit","line":239},{"class":"io.vertx.core.net.impl.pool.SimpleConnectionPool$ConnectFailed$1","method":"run","line":384},{"class":"io.vertx.core.net.impl.pool.CombinerExecutor","method":"submit","line":56},{"class":"io.vertx.core.net.impl.pool.SimpleConnectionPool","method":"execute","line":245},{"class":"io.vertx.core.net.impl.pool.SimpleConnectionPool","method":"lambda$connect$2","line":259},{"class":"io.vertx.core.http.impl.SharedClientHttpStreamEndpoint","method":"lambda$connect$2","line":104},{"class":"io.vertx.core.impl.future.FutureImpl$3","method":"onFailure","line":153},{"class":"io.vertx.core.impl.future.FutureBase","method":"emitFailure","line":75},{"class":"io.vertx.core.impl.future.FutureImpl","method":"tryFail","line":230},{"class":"io.vertx.core.impl.future.Composition$1","method":"onFailure","line":66},{"class":"io.vertx.core.impl.future.FutureBase","method":"emitFailure","line":75},{"class":"io.vertx.core.impl.future.FailedFuture","method":"addListener","line":98},{"class":"io.vertx.core.impl.future.Composition","method":"onFailure","line":55},{"class":"io.vertx.core.impl.future.FutureBase","method":"emitFailure","line":75},{"class":"io.vertx.core.impl.future.FutureImpl","method":"tryFail","line":230},{"class":"io.vertx.core.impl.future.PromiseImpl","method":"tryFail","line":23},{"class":"io.vertx.core.impl.EventLoopContext","method":"emit","line":55},{"class":"io.vertx.core.impl.ContextBase","method":"emit","line":239},{"class":"io.vertx.core.net.impl.NetClientImpl","method":"failed","line":347},{"class":"io.vertx.core.net.impl.NetClientImpl","method":"lambda$connectInternal2$6","line":319},{"class":"io.netty.util.concurrent.DefaultPromise","method":"notifyListener0","line":590},{"class":"io.netty.util.concurrent.DefaultPromise","method":"notifyListenersNow","line":557},{"class":"io.netty.util.concurrent.DefaultPromise","method":"notifyListeners","line":492},{"class":"io.netty.util.concurrent.DefaultPromise","method":"addListener","line":185},{"class":"io.netty.util.concurrent.DefaultPromise","method":"addListener","line":35},{"class":"io.vertx.core.net.impl.NetClientImpl","method":"connectInternal2","line":305},{"class":"io.vertx.core.net.impl.NetClientImpl","method":"lambda$connectInternal2$7","line":324},{"class":"io.netty.util.concurrent.AbstractEventExecutor","method":"runTask","line":174},{"class":"io.netty.util.concurrent.AbstractEventExecutor","method":"safeExecute","line":167},{"class":"io.netty.util.concurrent.SingleThreadEventExecutor","method":"runAllTasks","line":470},{"class":"io.netty.channel.nio.NioEventLoop","method":"run","line":569},{"class":"io.netty.util.concurrent.SingleThreadEventExecutor$4","method":"run","line":997},{"class":"io.netty.util.internal.ThreadExecutorMap$2","method":"run","line":74},{"class":"io.netty.util.concurrent.FastThreadLocalRunnable","method":"run","line":30},{"class":"java.lang.Thread","method":"run"}]}}
{"timestamp":"2023-11-21T14:30:16.302Z","sequence":320,"loggerClassName":"org.slf4j.impl.Slf4jLogger","loggerName":"org.apache.activemq.artemis.core.client","level":"ERROR","message":"AMQ214016: Failed to create netty connection","threadName":"main","threadId":1,"mdc":{},"ndc":"","hostName":"catalog-service-59ff94bfc4-45jr2","processName":"quarkus-run.jar","processId":1,"exception":{"refId":1,"exceptionType":"java.net.UnknownHostException","message":"activemq-artemis.knime.svc.cluster.local","frames":[{"class":"java.net.InetAddress$CachedAddresses","method":"get"},{"class":"java.net.InetAddress","method":"getAllByName0"},{"class":"java.net.InetAddress","method":"getAllByName"},{"class":"java.net.InetAddress","method":"getAllByName"},{"class":"java.net.InetAddress","method":"getByName"},{"class":"io.netty.util.internal.SocketUtils$8","method":"run","line":156},{"class":"io.netty.util.internal.SocketUtils$8","method":"run","line":153},{"class":"java.security.AccessController","method":"doPrivileged"},{"class":"io.netty.util.internal.SocketUtils","method":"addressByName","line":153},{"class":"io.netty.resolver.DefaultNameResolver","method":"doResolve","line":41},{"class":"io.netty.resolver.SimpleNameResolver","method":"resolve","line":61},{"class":"io.netty.resolver.SimpleNameResolver","method":"resolve","line":53},{"class":"io.netty.resolver.InetSocketAddressResolver","method":"doResolve","line":55},{"class":"io.netty.resolver.InetSocketAddressResolver","method":"doResolve","line":31},{"class":"io.netty.resolver.AbstractAddressResolver","method":"resolve","line":106},{"class":"io.netty.bootstrap.Bootstrap","method":"doResolveAndConnect0","line":206},{"class":"io.netty.bootstrap.Bootstrap","method":"access$000","line":46},{"class":"io.netty.bootstrap.Bootstrap$1","method":"operationComplete","line":180},{"class":"io.netty.bootstrap.Bootstrap$1","method":"operationComplete","line":166},{"class":"io.netty.util.concurrent.DefaultPromise","method":"notifyListener0","line":590},{"class":"io.netty.util.concurrent.DefaultPromise","method":"notifyListenersNow","line":557},{"class":"io.netty.util.concurrent.DefaultPromise","method":"notifyListeners","line":492},{"class":"io.netty.util.concurrent.DefaultPromise","method":"setValue0","line":636},{"class":"io.netty.util.concurrent.DefaultPromise","method":"setSuccess0","line":625},{"class":"io.netty.util.concurrent.DefaultPromise","method":"trySuccess","line":105},{"class":"io.netty.channel.DefaultChannelPromise","method":"trySuccess","line":84},{"class":"io.netty.channel.AbstractChannel$AbstractUnsafe","method":"safeSetSuccess","line":990},{"class":"io.netty.channel.AbstractChannel$AbstractUnsafe","method":"register0","line":516},{"class":"io.netty.channel.AbstractChannel$AbstractUnsafe","method":"access$200","line":429},{"class":"io.netty.channel.AbstractChannel$AbstractUnsafe$1","method":"run","line":486},{"class":"io.netty.util.concurrent.AbstractEventExecutor","method":"runTask","line":174},{"class":"io.netty.util.concurrent.AbstractEventExecutor","method":"safeExecute","line":167},{"class":"io.netty.util.concurrent.SingleThreadEventExecutor","method":"runAllTasks","line":470},{"class":"io.netty.channel.epoll.EpollEventLoop","method":"run","line":406},{"class":"io.netty.util.concurrent.SingleThreadEventExecutor$4","method":"run","line":997},{"class":"io.netty.util.internal.ThreadExecutorMap$2","method":"run","line":74},{"class":"org.apache.activemq.artemis.utils.ActiveMQThreadFactory$1","method":"run","line":118}]}}
{"timestamp":"2023-11-21T14:30:16.322Z","sequence":321,"loggerClassName":"org.jboss.logging.Logger","loggerName":"com.knime.enterprise.cloud.service.catalog.accounts.consumer.AbstractEventConsumer","level":"WARN","message":"Could not connect to Artemis: Failed to create session factory. Trying again in 500 ms","threadName":"main","threadId":1,"mdc":{},"ndc":"","hostName":"catalog-service-59ff94bfc4-45jr2","processName":"quarkus-run.jar","processId":1}
{"timestamp":"2023-11-21T14:30:16.823Z","sequence":322,"loggerClassName":"org.jboss.logging.Logger","loggerName":"com.knime.enterprise.cloud.service.catalog.accounts.consumer.AbstractEventConsumer","level":"INFO","message":"Attempting (2 of 10) to connect to Artemis at: tcp://activemq-artemis.knime.svc.cluster.local:61616?reconnectAttempts=-1","threadName":"main","threadId":1,"mdc":{},"ndc":"","hostName":"catalog-service-59ff94bfc4-45jr2","processName":"quarkus-run.jar","processId":1}
{"timestamp":"2023-11-21T14:30:16.826Z","sequence":323,"loggerClassName":"org.slf4j.impl.Slf4jLogger","loggerName":"org.apache.activemq.artemis.core.client","level":"ERROR","message":"AMQ214016: Failed to create netty connection","threadName":"main","threadId":1,"mdc":{},"ndc":"","hostName":"catalog-service-59ff94bfc4-45jr2","processName":"quarkus-run.jar","processId":1,"exception":{"refId":1,"exceptionType":"java.net.UnknownHostException","message":"activemq-artemis.knime.svc.cluster.local","frames":[{"class":"java.net.InetAddress$CachedAddresses","method":"get"},{"class":"java.net.InetAddress","method":"getAllByName0"},{"class":"java.net.InetAddress","method":"getAllByName"},{"class":"java.net.InetAddress","method":"getAllByName"},{"class":"java.net.InetAddress","method":"getByName"},{"class":"io.netty.util.internal.SocketUtils$8","method":"run","line":156},{"class":"io.netty.util.internal.SocketUtils$8","method":"run","line":153},{"class":"java.security.AccessController","method":"doPrivileged"},{"class":"io.netty.util.internal.SocketUtils","method":"addressByName","line":153},{"class":"io.netty.resolver.DefaultNameResolver","method":"doResolve","line":41},{"class":"io.netty.resolver.SimpleNameResolver","method":"resolve","line":61},{"class":"io.netty.resolver.SimpleNameResolver","method":"resolve","line":53},{"class":"io.netty.resolver.InetSocketAddressResolver","method":"doResolve","line":55},{"class":"io.netty.resolver.InetSocketAddressResolver","method":"doResolve","line":31},{"class":"io.netty.resolver.AbstractAddressResolver","method":"resolve","line":106},{"class":"io.netty.bootstrap.Bootstrap","method":"doResolveAndConnect0","line":206},{"class":"io.netty.bootstrap.Bootstrap","method":"access$000","line":46},{"class":"io.netty.bootstrap.Bootstrap$1","method":"operationComplete","line":180},{"class":"io.netty.bootstrap.Bootstrap$1","method":"operationComplete","line":166},{"class":"io.netty.util.concurrent.DefaultPromise","method":"notifyListener0","line":590},{"class":"io.netty.util.concurrent.DefaultPromise","method":"notifyListenersNow","line":557},{"class":"io.netty.util.concurrent.DefaultPromise","method":"notifyListeners","line":492},{"class":"io.netty.util.concurrent.DefaultPromise","method":"setValue0","line":636},{"class":"io.netty.util.concurrent.DefaultPromise","method":"setSuccess0","line":625},{"class":"io.netty.util.concurrent.DefaultPromise","method":"trySuccess","line":105},{"class":"io.netty.channel.DefaultChannelPromise","method":"trySuccess","line":84},{"class":"io.netty.channel.AbstractChannel$AbstractUnsafe","method":"safeSetSuccess","line":990},{"class":"io.netty.channel.AbstractChannel$AbstractUnsafe","method":"register0","line":516},{"class":"io.netty.channel.AbstractChannel$AbstractUnsafe","method":"access$200","line":429},{"class":"io.netty.channel.AbstractChannel$AbstractUnsafe$1","method":"run","line":486},{"class":"io.netty.util.concurrent.AbstractEventExecutor","method":"runTask","line":174},{"class":"io.netty.util.concurrent.AbstractEventExecutor","method":"safeExecute","line":167},{"class":"io.netty.util.concurrent.SingleThreadEventExecutor","method":"runAllTasks","line":470},{"class":"io.netty.channel.epoll.EpollEventLoop","method":"run","line":406},{"class":"io.netty.util.concurrent.SingleThreadEventExecutor$4","method":"run","line":997},{"class":"io.netty.util.internal.ThreadExecutorMap$2","method":"run","line":74},{"class":"org.apache.activemq.artemis.utils.ActiveMQThreadFactory$1","method":"run","line":118}]}}
{"timestamp":"2023-11-21T14:30:16.827Z","sequence":324,"loggerClassName":"org.jboss.logging.Logger","loggerName":"com.knime.enterprise.cloud.service.catalog.accounts.consumer.AbstractEventConsumer","level":"WARN","message":"Could not connect to Artemis: Failed to create session factory. Trying again in 500 ms","threadName":"main","threadId":1,"mdc":{},"ndc":"","hostName":"catalog-service-59ff94bfc4-45jr2","processName":"quarkus-run.jar","processId":1}
{"timestamp":"2023-11-21T14:30:17.327Z","sequence":325,"loggerClassName":"org.jboss.logging.Logger","loggerName":"com.knime.enterprise.cloud.service.catalog.accounts.consumer.AbstractEventConsumer","level":"INFO","message":"Attempting (3 of 10) to connect to Artemis at: tcp://activemq-artemis.knime.svc.cluster.local:61616?reconnectAttempts=-1","threadName":"main","threadId":1,"mdc":{},"ndc":"","hostName":"catalog-service-59ff94bfc4-45jr2","processName":"quarkus-run.jar","processId":1}
{"timestamp":"2023-11-21T14:30:17.33Z","sequence":326,"loggerClassName":"org.slf4j.impl.Slf4jLogger","loggerName":"org.apache.activemq.artemis.core.client","level":"ERROR","message":"AMQ214016: Failed to create netty connection","threadName":"main","threadId":1,"mdc":{},"ndc":"","hostName":"catalog-service-59ff94bfc4-45jr2","processName":"quarkus-run.jar","processId":1,"exception":{"refId":1,"exceptionType":"java.net.UnknownHostException","message":"activemq-artemis.knime.svc.cluster.local","frames":[{"class":"java.net.InetAddress$CachedAddresses","method":"get"},{"class":"java.net.InetAddress","method":"getAllByName0"},{"class":"java.net.InetAddress","method":"getAllByName"},{"class":"java.net.InetAddress","method":"getAllByName"},{"class":"java.net.InetAddress","method":"getByName"},{"class":"io.netty.util.internal.SocketUtils$8","method":"run","line":156},{"class":"io.netty.util.internal.SocketUtils$8","method":"run","line":153},{"class":"java.security.AccessController","method":"doPrivileged"},{"class":"io.netty.util.internal.SocketUtils","method":"addressByName","line":153},{"class":"io.netty.resolver.DefaultNameResolver","method":"doResolve","line":41},{"class":"io.netty.resolver.SimpleNameResolver","method":"resolve","line":61},{"class":"io.netty.resolver.SimpleNameResolver","method":"resolve","line":53},{"class":"io.netty.resolver.InetSocketAddressResolver","method":"doResolve","line":55},{"class":"io.netty.resolver.InetSocketAddressResolver","method":"doResolve","line":31},{"class":"io.netty.resolver.AbstractAddressResolver","method":"resolve","line":106},{"class":"io.netty.bootstrap.Bootstrap","method":"doResolveAndConnect0","line":206},{"class":"io.netty.bootstrap.Bootstrap","method":"access$000","line":46},{"class":"io.netty.bootstrap.Bootstrap$1","method":"operationComplete","line":180},{"class":"io.netty.bootstrap.Bootstrap$1","method":"operationComplete","line":166},{"class":"io.netty.util.concurrent.DefaultPromise","method":"notifyListener0","line":590},{"class":"io.netty.util.concurrent.DefaultPromise","method":"notifyListenersNow","line":557},{"class":"io.netty.util.concurrent.DefaultPromise","method":"notifyListeners","line":492},{"class":"io.netty.util.concurrent.DefaultPromise","method":"setValue0","line":636},{"class":"io.netty.util.concurrent.DefaultPromise","method":"setSuccess0","line":625},{"class":"io.netty.util.concurrent.DefaultPromise","method":"trySuccess","line":105},{"class":"io.netty.channel.DefaultChannelPromise","method":"trySuccess","line":84},{"class":"io.netty.channel.AbstractChannel$AbstractUnsafe","method":"safeSetSuccess","line":990},{"class":"io.netty.channel.AbstractChannel$AbstractUnsafe","method":"register0","line":516},{"class":"io.netty.channel.AbstractChannel$AbstractUnsafe","method":"access$200","line":429},{"class":"io.netty.channel.AbstractChannel$AbstractUnsafe$1","method":"run","line":486},{"class":"io.netty.util.concurrent.AbstractEventExecutor","method":"runTask","line":174},{"class":"io.netty.util.concurrent.AbstractEventExecutor","method":"safeExecute","line":167},{"class":"io.netty.util.concurrent.SingleThreadEventExecutor","method":"runAllTasks","line":470},{"class":"io.netty.channel.epoll.EpollEventLoop","method":"run","line":403},{"class":"io.netty.util.concurrent.SingleThreadEventExecutor$4","method":"run","line":997},{"class":"io.netty.util.internal.ThreadExecutorMap$2","method":"run","line":74},{"class":"org.apache.activemq.artemis.utils.ActiveMQThreadFactory$1","method":"run","line":118}]}}
{"timestamp":"2023-11-21T14:30:17.331Z","sequence":327,"loggerClassName":"org.jboss.logging.Logger","loggerName":"com.knime.enterprise.cloud.service.catalog.accounts.consumer.AbstractEventConsumer","level":"WARN","message":"Could not connect to Artemis: Failed to create session factory. Trying again in 500 ms","threadName":"main","threadId":1,"mdc":{},"ndc":"","hostName":"catalog-service-59ff94bfc4-45jr2","processName":"quarkus-run.jar","processId":1}
{"timestamp":"2023-11-21T14:30:17.831Z","sequence":328,"loggerClassName":"org.jboss.logging.Logger","loggerName":"com.knime.enterprise.cloud.service.catalog.accounts.consumer.AbstractEventConsumer","level":"INFO","message":"Attempting (4 of 10) to connect to Artemis at: tcp://activemq-artemis.knime.svc.cluster.local:61616?reconnectAttempts=-1","threadName":"main","threadId":1,"mdc":{},"ndc":"","hostName":"catalog-service-59ff94bfc4-45jr2","processName":"quarkus-run.jar","processId":1}
{"timestamp":"2023-11-21T14:30:17.835Z","sequence":329,"loggerClassName":"org.slf4j.impl.Slf4jLogger","loggerName":"org.apache.activemq.artemis.core.client","level":"ERROR","message":"AMQ214016: Failed to create netty connection","threadName":"main","threadId":1,"mdc":{},"ndc":"","hostName":"catalog-service-59ff94bfc4-45jr2","processName":"quarkus-run.jar","processId":1,"exception":{"refId":1,"exceptionType":"java.net.UnknownHostException","message":"activemq-artemis.knime.svc.cluster.local","frames":[{"class":"java.net.InetAddress$CachedAddresses","method":"get"},{"class":"java.net.InetAddress","method":"getAllByName0"},{"class":"java.net.InetAddress","method":"getAllByName"},{"class":"java.net.InetAddress","method":"getAllByName"},{"class":"java.net.InetAddress","method":"getByName"},{"class":"io.netty.util.internal.SocketUtils$8","method":"run","line":156},{"class":"io.netty.util.internal.SocketUtils$8","method":"run","line":153},{"class":"java.security.AccessController","method":"doPrivileged"},{"class":"io.netty.util.internal.SocketUtils","method":"addressByName","line":153},{"class":"io.netty.resolver.DefaultNameResolver","method":"doResolve","line":41},{"class":"io.netty.resolver.SimpleNameResolver","method":"resolve","line":61},{"class":"io.netty.resolver.SimpleNameResolver","method":"resolve","line":53},{"class":"io.netty.resolver.InetSocketAddressResolver","method":"doResolve","line":55},{"class":"io.netty.resolver.InetSocketAddressResolver","method":"doResolve","line":31},{"class":"io.netty.resolver.AbstractAddressResolver","method":"resolve","line":106},{"class":"io.netty.bootstrap.Bootstrap","method":"doResolveAndConnect0","line":206},{"class":"io.netty.bootstrap.Bootstrap","method":"access$000","line":46},{"class":"io.netty.bootstrap.Bootstrap$1","method":"operationComplete","line":180},{"class":"io.netty.bootstrap.Bootstrap$1","method":"operationComplete","line":166},{"class":"io.netty.util.concurrent.DefaultPromise","method":"notifyListener0","line":590},{"class":"io.netty.util.concurrent.DefaultPromise","method":"notifyListenersNow","line":557},{"class":"io.netty.util.concurrent.DefaultPromise","method":"notifyListeners","line":492},{"class":"io.netty.util.concurrent.DefaultPromise","method":"setValue0","line":636},{"class":"io.netty.util.concurrent.DefaultPromise","method":"setSuccess0","line":625},{"class":"io.netty.util.concurrent.DefaultPromise","method":"trySuccess","line":105},{"class":"io.netty.channel.DefaultChannelPromise","method":"trySuccess","line":84},{"class":"io.netty.channel.AbstractChannel$AbstractUnsafe","method":"safeSetSuccess","line":990},{"class":"io.netty.channel.AbstractChannel$AbstractUnsafe","method":"register0","line":516},{"class":"io.netty.channel.AbstractChannel$AbstractUnsafe","method":"access$200","line":429},{"class":"io.netty.channel.AbstractChannel$AbstractUnsafe$1","method":"run","line":486},{"class":"io.netty.util.concurrent.AbstractEventExecutor","method":"runTask","line":174},{"class":"io.netty.util.concurrent.AbstractEventExecutor","method":"safeExecute","line":167},{"class":"io.netty.util.concurrent.SingleThreadEventExecutor","method":"runAllTasks","line":470},{"class":"io.netty.channel.epoll.EpollEventLoop","method":"run","line":403},{"class":"io.netty.util.concurrent.SingleThreadEventExecutor$4","method":"run","line":997},{"class":"io.netty.util.internal.ThreadExecutorMap$2","method":"run","line":74},{"class":"org.apache.activemq.artemis.utils.ActiveMQThreadFactory$1","method":"run","line":118}]}}
{"timestamp":"2023-11-21T14:30:17.836Z","sequence":330,"loggerClassName":"org.jboss.logging.Logger","loggerName":"com.knime.enterprise.cloud.service.catalog.accounts.consumer.AbstractEventConsumer","level":"WARN","message":"Could not connect to Artemis: Failed to create session factory. Trying again in 500 ms","threadName":"main","threadId":1,"mdc":{},"ndc":"","hostName":"catalog-service-59ff94bfc4-45jr2","processName":"quarkus-run.jar","processId":1}
{"timestamp":"2023-11-21T14:30:18.336Z","sequence":331,"loggerClassName":"org.jboss.logging.Logger","loggerName":"com.knime.enterprise.cloud.service.catalog.accounts.consumer.AbstractEventConsumer","level":"INFO","message":"Attempting (5 of 10) to connect to Artemis at: tcp://activemq-artemis.knime.svc.cluster.local:61616?reconnectAttempts=-1","threadName":"main","threadId":1,"mdc":{},"ndc":"","hostName":"catalog-service-59ff94bfc4-45jr2","processName":"quarkus-run.jar","processId":1}
{"timestamp":"2023-11-21T14:30:18.338Z","sequence":332,"loggerClassName":"org.slf4j.impl.Slf4jLogger","loggerName":"org.apache.activemq.artemis.core.client","level":"ERROR","message":"AMQ214016: Failed to create netty connection","threadName":"main","threadId":1,"mdc":{},"ndc":"","hostName":"catalog-service-59ff94bfc4-45jr2","processName":"quarkus-run.jar","processId":1,"exception":{"refId":1,"exceptionType":"java.net.UnknownHostException","message":"activemq-artemis.knime.svc.cluster.local","frames":[{"class":"java.net.InetAddress$CachedAddresses","method":"get"},{"class":"java.net.InetAddress","method":"getAllByName0"},{"class":"java.net.InetAddress","method":"getAllByName"},{"class":"java.net.InetAddress","method":"getAllByName"},{"class":"java.net.InetAddress","method":"getByName"},{"class":"io.netty.util.internal.SocketUtils$8","method":"run","line":156},{"class":"io.netty.util.internal.SocketUtils$8","method":"run","line":153},{"class":"java.security.AccessController","method":"doPrivileged"},{"class":"io.netty.util.internal.SocketUtils","method":"addressByName","line":153},{"class":"io.netty.resolver.DefaultNameResolver","method":"doResolve","line":41},{"class":"io.netty.resolver.SimpleNameResolver","method":"resolve","line":61},{"class":"io.netty.resolver.SimpleNameResolver","method":"resolve","line":53},{"class":"io.netty.resolver.InetSocketAddressResolver","method":"doResolve","line":55},{"class":"io.netty.resolver.InetSocketAddressResolver","method":"doResolve","line":31},{"class":"io.netty.resolver.AbstractAddressResolver","method":"resolve","line":106},{"class":"io.netty.bootstrap.Bootstrap","method":"doResolveAndConnect0","line":206},{"class":"io.netty.bootstrap.Bootstrap","method":"access$000","line":46},{"class":"io.netty.bootstrap.Bootstrap$1","method":"operationComplete","line":180},{"class":"io.netty.bootstrap.Bootstrap$1","method":"operationComplete","line":166},{"class":"io.netty.util.concurrent.DefaultPromise","method":"notifyListener0","line":590},{"class":"io.netty.util.concurrent.DefaultPromise","method":"notifyListenersNow","line":557},{"class":"io.netty.util.concurrent.DefaultPromise","method":"notifyListeners","line":492},{"class":"io.netty.util.concurrent.DefaultPromise","method":"setValue0","line":636},{"class":"io.netty.util.concurrent.DefaultPromise","method":"setSuccess0","line":625},{"class":"io.netty.util.concurrent.DefaultPromise","method":"trySuccess","line":105},{"class":"io.netty.channel.DefaultChannelPromise","method":"trySuccess","line":84},{"class":"io.netty.channel.AbstractChannel$AbstractUnsafe","method":"safeSetSuccess","line":990},{"class":"io.netty.channel.AbstractChannel$AbstractUnsafe","method":"register0","line":516},{"class":"io.netty.channel.AbstractChannel$AbstractUnsafe","method":"access$200","line":429},{"class":"io.netty.channel.AbstractChannel$AbstractUnsafe$1","method":"run","line":486},{"class":"io.netty.util.concurrent.AbstractEventExecutor","method":"runTask","line":174},{"class":"io.netty.util.concurrent.AbstractEventExecutor","method":"safeExecute","line":167},{"class":"io.netty.util.concurrent.SingleThreadEventExecutor","method":"runAllTasks","line":470},{"class":"io.netty.channel.epoll.EpollEventLoop","method":"run","line":403},{"class":"io.netty.util.concurrent.SingleThreadEventExecutor$4","method":"run","line":997},{"class":"io.netty.util.internal.ThreadExecutorMap$2","method":"run","line":74},{"class":"org.apache.activemq.artemis.utils.ActiveMQThreadFactory$1","method":"run","line":118}]}}
{"timestamp":"2023-11-21T14:30:18.339Z","sequence":333,"loggerClassName":"org.jboss.logging.Logger","loggerName":"com.knime.enterprise.cloud.service.catalog.accounts.consumer.AbstractEventConsumer","level":"WARN","message":"Could not connect to Artemis: Failed to create session factory. Trying again in 500 ms","threadName":"main","threadId":1,"mdc":{},"ndc":"","hostName":"catalog-service-59ff94bfc4-45jr2","processName":"quarkus-run.jar","processId":1}
{"timestamp":"2023-11-21T14:30:18.831Z","sequence":334,"loggerClassName":"org.jboss.logging.Logger","loggerName":"com.knime.enterprise.cloud.service.catalog.accounts.cache.AccountsCacheStartup","level":"ERROR","message":"Error retrieving team accounts and adding them to cache: RESTEASY004655: Unable to invoke request: org.apache.http.conn.HttpHostConnectException: Connect to api.hub.kbh-troubleshooting.com:80 [api.hub.kbh-troubleshooting.com/***HIDDEN***] failed: Connection refused","threadName":"Thread-3","threadId":23,"mdc":{},"ndc":"","hostName":"catalog-service-59ff94bfc4-45jr2","processName":"quarkus-run.jar","processId":1}
{"timestamp":"2023-11-21T14:30:18.833Z","sequence":335,"loggerClassName":"org.jboss.logging.Logger","loggerName":"io.quarkus.oidc.client.runtime.OidcClientImpl","level":"WARN","message":"OIDC Server is not available:","threadName":"vert.x-eventloop-thread-1","threadId":24,"mdc":{},"ndc":"","hostName":"catalog-service-59ff94bfc4-45jr2","processName":"quarkus-run.jar","processId":1,"exception":{"refId":1,"exceptionType":"java.net.UnknownHostException","message":"auth.hub.kbh-troubleshooting.com","frames":[{"class":"java.net.InetAddress$CachedAddresses","method":"get"},{"class":"java.net.InetAddress","method":"getAllByName0"},{"class":"java.net.InetAddress","method":"getAllByName"},{"class":"java.net.InetAddress","method":"getAllByName"},{"class":"java.net.InetAddress","method":"getByName"},{"class":"io.netty.util.internal.SocketUtils$8","method":"run","line":156},{"class":"io.netty.util.internal.SocketUtils$8","method":"run","line":153},{"class":"java.security.AccessController","method":"doPrivileged"},{"class":"io.netty.util.internal.SocketUtils","method":"addressByName","line":153},{"class":"io.netty.resolver.DefaultNameResolver","method":"doResolve","line":41},{"class":"io.netty.resolver.SimpleNameResolver","method":"resolve","line":61},{"class":"io.netty.resolver.SimpleNameResolver","method":"resolve","line":53},{"class":"io.netty.resolver.InetSocketAddressResolver","method":"doResolve","line":55},{"class":"io.netty.resolver.InetSocketAddressResolver","method":"doResolve","line":31},{"class":"io.netty.resolver.AbstractAddressResolver","method":"resolve","line":106},{"class":"io.netty.bootstrap.Bootstrap","method":"doResolveAndConnect0","line":206},{"class":"io.netty.bootstrap.Bootstrap","method":"doResolveAndConnect","line":162},{"class":"io.netty.bootstrap.Bootstrap","method":"connect","line":139},{"class":"io.vertx.core.net.impl.ChannelProvider","method":"handleConnect","line":152},{"class":"io.vertx.core.net.impl.ChannelProvider","method":"connect","line":103},{"class":"io.vertx.core.net.impl.ChannelProvider","method":"connect","line":89},{"class":"io.vertx.core.net.impl.NetClientImpl","method":"connectInternal2","line":304},{"class":"io.vertx.core.net.impl.NetClientImpl","method":"lambda$connectInternal2$7","line":324},{"class":"io.netty.util.concurrent.AbstractEventExecutor","method":"runTask","line":174},{"class":"io.netty.util.concurrent.AbstractEventExecutor","method":"safeExecute","line":167},{"class":"io.netty.util.concurrent.SingleThreadEventExecutor","method":"runAllTasks","line":470},{"class":"io.netty.channel.nio.NioEventLoop","method":"run","line":569},{"class":"io.netty.util.concurrent.SingleThreadEventExecutor$4","method":"run","line":997},{"class":"io.netty.util.internal.ThreadExecutorMap$2","method":"run","line":74},{"class":"io.netty.util.concurrent.FastThreadLocalRunnable","method":"run","line":30},{"class":"java.lang.Thread","method":"run"}]}}
{"timestamp":"2023-11-21T14:30:18.834Z","sequence":336,"loggerClassName":"org.jboss.logging.Logger","loggerName":"com.knime.enterprise.cloud.service.catalog.client.oidc.CatalogServiceOidcClient","level":"WARN","message":"Error fetching catalog service account access token.","threadName":"Thread-3","threadId":23,"mdc":{},"ndc":"","hostName":"catalog-service-59ff94bfc4-45jr2","processName":"quarkus-run.jar","processId":1,"exception":{"refId":1,"exceptionType":"io.quarkus.oidc.client.OidcClientException","message":"OIDC Server is not available","frames":[{"class":"io.quarkus.oidc.client.runtime.OidcClientImpl","method":"lambda$postRequest$1","line":170},{"class":"io.smallrye.context.impl.wrappers.SlowContextualFunction","method":"apply","line":21},{"class":"io.smallrye.mutiny.operators.uni.UniOnFailureTransform$UniOnFailureTransformProcessor","method":"onFailure","line":54},{"class":"io.smallrye.mutiny.operators.uni.UniRetryAtMost$UniRetryAtMostProcessor","method":"testPredicate","line":86},{"class":"io.smallrye.mutiny.operators.uni.UniRetryAtMost$UniRetryAtMostProcessor","method":"onFailure","line":63},{"class":"io.smallrye.mutiny.vertx.AsyncResultUni","method":"lambda$subscribe$1","line":37},{"class":"io.smallrye.mutiny.vertx.DelegatingHandler","method":"handle","line":25},{"class":"io.vertx.ext.web.client.impl.HttpContext","method":"handleFailure","line":393},{"class":"io.vertx.ext.web.client.impl.HttpContext","method":"execute","line":387},{"class":"io.vertx.ext.web.client.impl.HttpContext","method":"next","line":362},{"class":"io.vertx.ext.web.client.impl.HttpContext","method":"fire","line":329},{"class":"io.vertx.ext.web.client.impl.HttpContext","method":"fail","line":310},{"class":"io.vertx.ext.web.client.impl.HttpContext","method":"lambda$handleCreateRequest$6","line":493},{"class":"io.vertx.core.impl.future.FutureImpl$3","method":"onFailure","line":153},{"class":"io.vertx.core.impl.future.FutureBase","method":"emitFailure","line":75},{"class":"io.vertx.core.impl.future.FutureImpl","method":"tryFail","line":230},{"class":"io.vertx.core.impl.future.PromiseImpl","method":"tryFail","line":23},{"class":"io.vertx.core.http.impl.HttpClientImpl","method":"lambda$doRequest$6","line":689},{"class":"io.vertx.core.net.impl.pool.Endpoint","method":"lambda$getConnection$0","line":52},{"class":"io.vertx.core.http.impl.SharedClientHttpStreamEndpoint$Request","method":"handle","line":162},{"class":"io.vertx.core.http.impl.SharedClientHttpStreamEndpoint$Request","method":"handle","line":123},{"class":"io.vertx.core.impl.EventLoopContext","method":"emit","line":55},{"class":"io.vertx.core.impl.ContextBase","method":"emit","line":239},{"class":"io.vertx.core.net.impl.pool.SimpleConnectionPool$ConnectFailed$1","method":"run","line":384},{"class":"io.vertx.core.net.impl.pool.CombinerExecutor","method":"submit","line":56},{"class":"io.vertx.core.net.impl.pool.SimpleConnectionPool","method":"execute","line":245},{"class":"io.vertx.core.net.impl.pool.SimpleConnectionPool","method":"lambda$connect$2","line":259},{"class":"io.vertx.core.http.impl.SharedClientHttpStreamEndpoint","method":"lambda$connect$2","line":104},{"class":"io.vertx.core.impl.future.FutureImpl$3","method":"onFailure","line":153},{"class":"io.vertx.core.impl.future.FutureBase","method":"emitFailure","line":75},{"class":"io.vertx.core.impl.future.FutureImpl","method":"tryFail","line":230},{"class":"io.vertx.core.impl.future.Composition$1","method":"onFailure","line":66},{"class":"io.vertx.core.impl.future.FutureBase","method":"emitFailure","line":75},{"class":"io.vertx.core.impl.future.FailedFuture","method":"addListener","line":98},{"class":"io.vertx.core.impl.future.Composition","method":"onFailure","line":55},{"class":"io.vertx.core.impl.future.FutureBase","method":"emitFailure","line":75},{"class":"io.vertx.core.impl.future.FutureImpl","method":"tryFail","line":230},{"class":"io.vertx.core.impl.future.PromiseImpl","method":"tryFail","line":23},{"class":"io.vertx.core.impl.EventLoopContext","method":"emit","line":55},{"class":"io.vertx.core.impl.ContextBase","method":"emit","line":239},{"class":"io.vertx.core.net.impl.NetClientImpl","method":"failed","line":347},{"class":"io.vertx.core.net.impl.NetClientImpl","method":"lambda$connectInternal2$6","line":319},{"class":"io.netty.util.concurrent.DefaultPromise","method":"notifyListener0","line":590},{"class":"io.netty.util.concurrent.DefaultPromise","method":"notifyListenersNow","line":557},{"class":"io.netty.util.concurrent.DefaultPromise","method":"notifyListeners","line":492},{"class":"io.netty.util.concurrent.DefaultPromise","method":"addListener","line":185},{"class":"io.netty.util.concurrent.DefaultPromise","method":"addListener","line":35},{"class":"io.vertx.core.net.impl.NetClientImpl","method":"connectInternal2","line":305},{"class":"io.vertx.core.net.impl.NetClientImpl","method":"lambda$connectInternal2$7","line":324},{"class":"io.netty.util.concurrent.AbstractEventExecutor","method":"runTask","line":174},{"class":"io.netty.util.concurrent.AbstractEventExecutor","method":"safeExecute","line":167},{"class":"io.netty.util.concurrent.SingleThreadEventExecutor","method":"runAllTasks","line":470},{"class":"io.netty.channel.nio.NioEventLoop","method":"run","line":569},{"class":"io.netty.util.concurrent.SingleThreadEventExecutor$4","method":"run","line":997},{"class":"io.netty.util.internal.ThreadExecutorMap$2","method":"run","line":74},{"class":"io.netty.util.concurrent.FastThreadLocalRunnable","method":"run","line":30},{"class":"java.lang.Thread","method":"run"}]}}
{"timestamp":"2023-11-21T14:30:18.835Z","sequence":337,"loggerClassName":"org.jboss.logging.Logger","loggerName":"com.knime.enterprise.cloud.service.catalog.accounts.cache.AccountsCacheStartup","level":"ERROR","message":"Error retrieving user accounts and adding them to cache: RESTEASY004655: Unable to invoke request: org.apache.http.conn.HttpHostConnectException: Connect to api.hub.kbh-troubleshooting.com:80 [api.hub.kbh-troubleshooting.com/***HIDDEN***] failed: Connection refused","threadName":"Thread-3","threadId":23,"mdc":{},"ndc":"","hostName":"catalog-service-59ff94bfc4-45jr2","processName":"quarkus-run.jar","processId":1}
{"timestamp":"2023-11-21T14:30:18.835Z","sequence":338,"loggerClassName":"org.jboss.logging.Logger","loggerName":"com.knime.enterprise.cloud.service.catalog.accounts.cache.AccountsCacheStartup","level":"INFO","message":"End accounts caching","threadName":"Thread-3","threadId":23,"mdc":{},"ndc":"","hostName":"catalog-service-59ff94bfc4-45jr2","processName":"quarkus-run.jar","processId":1}
{"timestamp":"2023-11-21T14:30:18.839Z","sequence":339,"loggerClassName":"org.jboss.logging.Logger","loggerName":"com.knime.enterprise.cloud.service.catalog.accounts.consumer.AbstractEventConsumer","level":"INFO","message":"Attempting (6 of 10) to connect to Artemis at: tcp://activemq-artemis.knime.svc.cluster.local:61616?reconnectAttempts=-1","threadName":"main","threadId":1,"mdc":{},"ndc":"","hostName":"catalog-service-59ff94bfc4-45jr2","processName":"quarkus-run.jar","processId":1}
{"timestamp":"2023-11-21T14:30:18.841Z","sequence":340,"loggerClassName":"org.slf4j.impl.Slf4jLogger","loggerName":"org.apache.activemq.artemis.core.client","level":"ERROR","message":"AMQ214016: Failed to create netty connection","threadName":"main","threadId":1,"mdc":{},"ndc":"","hostName":"catalog-service-59ff94bfc4-45jr2","processName":"quarkus-run.jar","processId":1,"exception":{"refId":1,"exceptionType":"java.net.UnknownHostException","message":"activemq-artemis.knime.svc.cluster.local","frames":[{"class":"java.net.InetAddress$CachedAddresses","method":"get"},{"class":"java.net.InetAddress","method":"getAllByName0"},{"class":"java.net.InetAddress","method":"getAllByName"},{"class":"java.net.InetAddress","method":"getAllByName"},{"class":"java.net.InetAddress","method":"getByName"},{"class":"io.netty.util.internal.SocketUtils$8","method":"run","line":156},{"class":"io.netty.util.internal.SocketUtils$8","method":"run","line":153},{"class":"java.security.AccessController","method":"doPrivileged"},{"class":"io.netty.util.internal.SocketUtils","method":"addressByName","line":153},{"class":"io.netty.resolver.DefaultNameResolver","method":"doResolve","line":41},{"class":"io.netty.resolver.SimpleNameResolver","method":"resolve","line":61},{"class":"io.netty.resolver.SimpleNameResolver","method":"resolve","line":53},{"class":"io.netty.resolver.InetSocketAddressResolver","method":"doResolve","line":55},{"class":"io.netty.resolver.InetSocketAddressResolver","method":"doResolve","line":31},{"class":"io.netty.resolver.AbstractAddressResolver","method":"resolve","line":106},{"class":"io.netty.bootstrap.Bootstrap","method":"doResolveAndConnect0","line":206},{"class":"io.netty.bootstrap.Bootstrap","method":"access$000","line":46},{"class":"io.netty.bootstrap.Bootstrap$1","method":"operationComplete","line":180},{"class":"io.netty.bootstrap.Bootstrap$1","method":"operationComplete","line":166},{"class":"io.netty.util.concurrent.DefaultPromise","method":"notifyListener0","line":590},{"class":"io.netty.util.concurrent.DefaultPromise","method":"notifyListenersNow","line":557},{"class":"io.netty.util.concurrent.DefaultPromise","method":"notifyListeners","line":492},{"class":"io.netty.util.concurrent.DefaultPromise","method":"setValue0","line":636},{"class":"io.netty.util.concurrent.DefaultPromise","method":"setSuccess0","line":625},{"class":"io.netty.util.concurrent.DefaultPromise","method":"trySuccess","line":105},{"class":"io.netty.channel.DefaultChannelPromise","method":"trySuccess","line":84},{"class":"io.netty.channel.AbstractChannel$AbstractUnsafe","method":"safeSetSuccess","line":990},{"class":"io.netty.channel.AbstractChannel$AbstractUnsafe","method":"register0","line":516},{"class":"io.netty.channel.AbstractChannel$AbstractUnsafe","method":"access$200","line":429},{"class":"io.netty.channel.AbstractChannel$AbstractUnsafe$1","method":"run","line":486},{"class":"io.netty.util.concurrent.AbstractEventExecutor","method":"runTask","line":174},{"class":"io.netty.util.concurrent.AbstractEventExecutor","method":"safeExecute","line":167},{"class":"io.netty.util.concurrent.SingleThreadEventExecutor","method":"runAllTasks","line":470},{"class":"io.netty.channel.epoll.EpollEventLoop","method":"run","line":403},{"class":"io.netty.util.concurrent.SingleThreadEventExecutor$4","method":"run","line":997},{"class":"io.netty.util.internal.ThreadExecutorMap$2","method":"run","line":74},{"class":"org.apache.activemq.artemis.utils.ActiveMQThreadFactory$1","method":"run","line":118}]}}
{"timestamp":"2023-11-21T14:30:18.842Z","sequence":341,"loggerClassName":"org.jboss.logging.Logger","loggerName":"com.knime.enterprise.cloud.service.catalog.accounts.consumer.AbstractEventConsumer","level":"WARN","message":"Could not connect to Artemis: Failed to create session factory. Trying again in 500 ms","threadName":"main","threadId":1,"mdc":{},"ndc":"","hostName":"catalog-service-59ff94bfc4-45jr2","processName":"quarkus-run.jar","processId":1}
{"timestamp":"2023-11-21T14:30:19.342Z","sequence":342,"loggerClassName":"org.jboss.logging.Logger","loggerName":"com.knime.enterprise.cloud.service.catalog.accounts.consumer.AbstractEventConsumer","level":"INFO","message":"Attempting (7 of 10) to connect to Artemis at: tcp://activemq-artemis.knime.svc.cluster.local:61616?reconnectAttempts=-1","threadName":"main","threadId":1,"mdc":{},"ndc":"","hostName":"catalog-service-59ff94bfc4-45jr2","processName":"quarkus-run.jar","processId":1}
{"timestamp":"2023-11-21T14:30:19.345Z","sequence":343,"loggerClassName":"org.slf4j.impl.Slf4jLogger","loggerName":"org.apache.activemq.artemis.core.client","level":"ERROR","message":"AMQ214016: Failed to create netty connection","threadName":"main","threadId":1,"mdc":{},"ndc":"","hostName":"catalog-service-59ff94bfc4-45jr2","processName":"quarkus-run.jar","processId":1,"exception":{"refId":1,"exceptionType":"java.net.UnknownHostException","message":"activemq-artemis.knime.svc.cluster.local","frames":[{"class":"java.net.InetAddress$CachedAddresses","method":"get"},{"class":"java.net.InetAddress","method":"getAllByName0"},{"class":"java.net.InetAddress","method":"getAllByName"},{"class":"java.net.InetAddress","method":"getAllByName"},{"class":"java.net.InetAddress","method":"getByName"},{"class":"io.netty.util.internal.SocketUtils$8","method":"run","line":156},{"class":"io.netty.util.internal.SocketUtils$8","method":"run","line":153},{"class":"java.security.AccessController","method":"doPrivileged"},{"class":"io.netty.util.internal.SocketUtils","method":"addressByName","line":153},{"class":"io.netty.resolver.DefaultNameResolver","method":"doResolve","line":41},{"class":"io.netty.resolver.SimpleNameResolver","method":"resolve","line":61},{"class":"io.netty.resolver.SimpleNameResolver","method":"resolve","line":53},{"class":"io.netty.resolver.InetSocketAddressResolver","method":"doResolve","line":55},{"class":"io.netty.resolver.InetSocketAddressResolver","method":"doResolve","line":31},{"class":"io.netty.resolver.AbstractAddressResolver","method":"resolve","line":106},{"class":"io.netty.bootstrap.Bootstrap","method":"doResolveAndConnect0","line":206},{"class":"io.netty.bootstrap.Bootstrap","method":"access$000","line":46},{"class":"io.netty.bootstrap.Bootstrap$1","method":"operationComplete","line":180},{"class":"io.netty.bootstrap.Bootstrap$1","method":"operationComplete","line":166},{"class":"io.netty.util.concurrent.DefaultPromise","method":"notifyListener0","line":590},{"class":"io.netty.util.concurrent.DefaultPromise","method":"notifyListenersNow","line":557},{"class":"io.netty.util.concurrent.DefaultPromise","method":"notifyListeners","line":492},{"class":"io.netty.util.concurrent.DefaultPromise","method":"setValue0","line":636},{"class":"io.netty.util.concurrent.DefaultPromise","method":"setSuccess0","line":625},{"class":"io.netty.util.concurrent.DefaultPromise","method":"trySuccess","line":105},{"class":"io.netty.channel.DefaultChannelPromise","method":"trySuccess","line":84},{"class":"io.netty.channel.AbstractChannel$AbstractUnsafe","method":"safeSetSuccess","line":990},{"class":"io.netty.channel.AbstractChannel$AbstractUnsafe","method":"register0","line":516},{"class":"io.netty.channel.AbstractChannel$AbstractUnsafe","method":"access$200","line":429},{"class":"io.netty.channel.AbstractChannel$AbstractUnsafe$1","method":"run","line":486},{"class":"io.netty.util.concurrent.AbstractEventExecutor","method":"runTask","line":174},{"class":"io.netty.util.concurrent.AbstractEventExecutor","method":"safeExecute","line":167},{"class":"io.netty.util.concurrent.SingleThreadEventExecutor","method":"runAllTasks","line":470},{"class":"io.netty.channel.epoll.EpollEventLoop","method":"run","line":403},{"class":"io.netty.util.concurrent.SingleThreadEventExecutor$4","method":"run","line":997},{"class":"io.netty.util.internal.ThreadExecutorMap$2","method":"run","line":74},{"class":"org.apache.activemq.artemis.utils.ActiveMQThreadFactory$1","method":"run","line":118}]}}
{"timestamp":"2023-11-21T14:30:19.345Z","sequence":344,"loggerClassName":"org.jboss.logging.Logger","loggerName":"com.knime.enterprise.cloud.service.catalog.accounts.consumer.AbstractEventConsumer","level":"WARN","message":"Could not connect to Artemis: Failed to create session factory. Trying again in 500 ms","threadName":"main","threadId":1,"mdc":{},"ndc":"","hostName":"catalog-service-59ff94bfc4-45jr2","processName":"quarkus-run.jar","processId":1}
{"timestamp":"2023-11-21T14:30:19.846Z","sequence":345,"loggerClassName":"org.jboss.logging.Logger","loggerName":"com.knime.enterprise.cloud.service.catalog.accounts.consumer.AbstractEventConsumer","level":"INFO","message":"Attempting (8 of 10) to connect to Artemis at: tcp://activemq-artemis.knime.svc.cluster.local:61616?reconnectAttempts=-1","threadName":"main","threadId":1,"mdc":{},"ndc":"","hostName":"catalog-service-59ff94bfc4-45jr2","processName":"quarkus-run.jar","processId":1}
{"timestamp":"2023-11-21T14:30:19.849Z","sequence":346,"loggerClassName":"org.slf4j.impl.Slf4jLogger","loggerName":"org.apache.activemq.artemis.core.client","level":"ERROR","message":"AMQ214016: Failed to create netty connection","threadName":"main","threadId":1,"mdc":{},"ndc":"","hostName":"catalog-service-59ff94bfc4-45jr2","processName":"quarkus-run.jar","processId":1,"exception":{"refId":1,"exceptionType":"java.net.UnknownHostException","message":"activemq-artemis.knime.svc.cluster.local","frames":[{"class":"java.net.InetAddress$CachedAddresses","method":"get"},{"class":"java.net.InetAddress","method":"getAllByName0"},{"class":"java.net.InetAddress","method":"getAllByName"},{"class":"java.net.InetAddress","method":"getAllByName"},{"class":"java.net.InetAddress","method":"getByName"},{"class":"io.netty.util.internal.SocketUtils$8","method":"run","line":156},{"class":"io.netty.util.internal.SocketUtils$8","method":"run","line":153},{"class":"java.security.AccessController","method":"doPrivileged"},{"class":"io.netty.util.internal.SocketUtils","method":"addressByName","line":153},{"class":"io.netty.resolver.DefaultNameResolver","method":"doResolve","line":41},{"class":"io.netty.resolver.SimpleNameResolver","method":"resolve","line":61},{"class":"io.netty.resolver.SimpleNameResolver","method":"resolve","line":53},{"class":"io.netty.resolver.InetSocketAddressResolver","method":"doResolve","line":55},{"class":"io.netty.resolver.InetSocketAddressResolver","method":"doResolve","line":31},{"class":"io.netty.resolver.AbstractAddressResolver","method":"resolve","line":106},{"class":"io.netty.bootstrap.Bootstrap","method":"doResolveAndConnect0","line":206},{"class":"io.netty.bootstrap.Bootstrap","method":"access$000","line":46},{"class":"io.netty.bootstrap.Bootstrap$1","method":"operationComplete","line":180},{"class":"io.netty.bootstrap.Bootstrap$1","method":"operationComplete","line":166},{"class":"io.netty.util.concurrent.DefaultPromise","method":"notifyListener0","line":590},{"class":"io.netty.util.concurrent.DefaultPromise","method":"notifyListenersNow","line":557},{"class":"io.netty.util.concurrent.DefaultPromise","method":"notifyListeners","line":492},{"class":"io.netty.util.concurrent.DefaultPromise","method":"setValue0","line":636},{"class":"io.netty.util.concurrent.DefaultPromise","method":"setSuccess0","line":625},{"class":"io.netty.util.concurrent.DefaultPromise","method":"trySuccess","line":105},{"class":"io.netty.channel.DefaultChannelPromise","method":"trySuccess","line":84},{"class":"io.netty.channel.AbstractChannel$AbstractUnsafe","method":"safeSetSuccess","line":990},{"class":"io.netty.channel.AbstractChannel$AbstractUnsafe","method":"register0","line":516},{"class":"io.netty.channel.AbstractChannel$AbstractUnsafe","method":"access$200","line":429},{"class":"io.netty.channel.AbstractChannel$AbstractUnsafe$1","method":"run","line":486},{"class":"io.netty.util.concurrent.AbstractEventExecutor","method":"runTask","line":174},{"class":"io.netty.util.concurrent.AbstractEventExecutor","method":"safeExecute","line":167},{"class":"io.netty.util.concurrent.SingleThreadEventExecutor","method":"runAllTasks","line":470},{"class":"io.netty.channel.epoll.EpollEventLoop","method":"run","line":403},{"class":"io.netty.util.concurrent.SingleThreadEventExecutor$4","method":"run","line":997},{"class":"io.netty.util.internal.ThreadExecutorMap$2","method":"run","line":74},{"class":"org.apache.activemq.artemis.utils.ActiveMQThreadFactory$1","method":"run","line":118}]}}
{"timestamp":"2023-11-21T14:30:19.85Z","sequence":347,"loggerClassName":"org.jboss.logging.Logger","loggerName":"com.knime.enterprise.cloud.service.catalog.accounts.consumer.AbstractEventConsumer","level":"WARN","message":"Could not connect to Artemis: Failed to create session factory. Trying again in 500 ms","threadName":"main","threadId":1,"mdc":{},"ndc":"","hostName":"catalog-service-59ff94bfc4-45jr2","processName":"quarkus-run.jar","processId":1}
{"timestamp":"2023-11-21T14:30:20.35Z","sequence":348,"loggerClassName":"org.jboss.logging.Logger","loggerName":"com.knime.enterprise.cloud.service.catalog.accounts.consumer.AbstractEventConsumer","level":"INFO","message":"Attempting (9 of 10) to connect to Artemis at: tcp://activemq-artemis.knime.svc.cluster.local:61616?reconnectAttempts=-1","threadName":"main","threadId":1,"mdc":{},"ndc":"","hostName":"catalog-service-59ff94bfc4-45jr2","processName":"quarkus-run.jar","processId":1}
{"timestamp":"2023-11-21T14:30:20.354Z","sequence":349,"loggerClassName":"org.slf4j.impl.Slf4jLogger","loggerName":"org.apache.activemq.artemis.core.client","level":"ERROR","message":"AMQ214016: Failed to create netty connection","threadName":"main","threadId":1,"mdc":{},"ndc":"","hostName":"catalog-service-59ff94bfc4-45jr2","processName":"quarkus-run.jar","processId":1,"exception":{"refId":1,"exceptionType":"java.net.UnknownHostException","message":"activemq-artemis.knime.svc.cluster.local","frames":[{"class":"java.net.InetAddress$CachedAddresses","method":"get"},{"class":"java.net.InetAddress","method":"getAllByName0"},{"class":"java.net.InetAddress","method":"getAllByName"},{"class":"java.net.InetAddress","method":"getAllByName"},{"class":"java.net.InetAddress","method":"getByName"},{"class":"io.netty.util.internal.SocketUtils$8","method":"run","line":156},{"class":"io.netty.util.internal.SocketUtils$8","method":"run","line":153},{"class":"java.security.AccessController","method":"doPrivileged"},{"class":"io.netty.util.internal.SocketUtils","method":"addressByName","line":153},{"class":"io.netty.resolver.DefaultNameResolver","method":"doResolve","line":41},{"class":"io.netty.resolver.SimpleNameResolver","method":"resolve","line":61},{"class":"io.netty.resolver.SimpleNameResolver","method":"resolve","line":53},{"class":"io.netty.resolver.InetSocketAddressResolver","method":"doResolve","line":55},{"class":"io.netty.resolver.InetSocketAddressResolver","method":"doResolve","line":31},{"class":"io.netty.resolver.AbstractAddressResolver","method":"resolve","line":106},{"class":"io.netty.bootstrap.Bootstrap","method":"doResolveAndConnect0","line":206},{"class":"io.netty.bootstrap.Bootstrap","method":"access$000","line":46},{"class":"io.netty.bootstrap.Bootstrap$1","method":"operationComplete","line":180},{"class":"io.netty.bootstrap.Bootstrap$1","method":"operationComplete","line":166},{"class":"io.netty.util.concurrent.DefaultPromise","method":"notifyListener0","line":590},{"class":"io.netty.util.concurrent.DefaultPromise","method":"notifyListenersNow","line":557},{"class":"io.netty.util.concurrent.DefaultPromise","method":"notifyListeners","line":492},{"class":"io.netty.util.concurrent.DefaultPromise","method":"setValue0","line":636},{"class":"io.netty.util.concurrent.DefaultPromise","method":"setSuccess0","line":625},{"class":"io.netty.util.concurrent.DefaultPromise","method":"trySuccess","line":105},{"class":"io.netty.channel.DefaultChannelPromise","method":"trySuccess","line":84},{"class":"io.netty.channel.AbstractChannel$AbstractUnsafe","method":"safeSetSuccess","line":990},{"class":"io.netty.channel.AbstractChannel$AbstractUnsafe","method":"register0","line":516},{"class":"io.netty.channel.AbstractChannel$AbstractUnsafe","method":"access$200","line":429},{"class":"io.netty.channel.AbstractChannel$AbstractUnsafe$1","method":"run","line":486},{"class":"io.netty.util.concurrent.AbstractEventExecutor","method":"runTask","line":174},{"class":"io.netty.util.concurrent.AbstractEventExecutor","method":"safeExecute","line":167},{"class":"io.netty.util.concurrent.SingleThreadEventExecutor","method":"runAllTasks","line":470},{"class":"io.netty.channel.epoll.EpollEventLoop","method":"run","line":403},{"class":"io.netty.util.concurrent.SingleThreadEventExecutor$4","method":"run","line":997},{"class":"io.netty.util.internal.ThreadExecutorMap$2","method":"run","line":74},{"class":"org.apache.activemq.artemis.utils.ActiveMQThreadFactory$1","method":"run","line":118}]}}
{"timestamp":"2023-11-21T14:30:20.355Z","sequence":350,"loggerClassName":"org.jboss.logging.Logger","loggerName":"com.knime.enterprise.cloud.service.catalog.accounts.consumer.AbstractEventConsumer","level":"WARN","message":"Could not connect to Artemis: Failed to create session factory. Trying again in 500 ms","threadName":"main","threadId":1,"mdc":{},"ndc":"","hostName":"catalog-service-59ff94bfc4-45jr2","processName":"quarkus-run.jar","processId":1}
{"timestamp":"2023-11-21T14:30:20.855Z","sequence":351,"loggerClassName":"org.jboss.logging.Logger","loggerName":"com.knime.enterprise.cloud.service.catalog.accounts.consumer.AbstractEventConsumer","level":"INFO","message":"Attempting (10 of 10) to connect to Artemis at: tcp://activemq-artemis.knime.svc.cluster.local:61616?reconnectAttempts=-1","threadName":"main","threadId":1,"mdc":{},"ndc":"","hostName":"catalog-service-59ff94bfc4-45jr2","processName":"quarkus-run.jar","processId":1}
{"timestamp":"2023-11-21T14:30:20.858Z","sequence":352,"loggerClassName":"org.slf4j.impl.Slf4jLogger","loggerName":"org.apache.activemq.artemis.core.client","level":"ERROR","message":"AMQ214016: Failed to create netty connection","threadName":"main","threadId":1,"mdc":{},"ndc":"","hostName":"catalog-service-59ff94bfc4-45jr2","processName":"quarkus-run.jar","processId":1,"exception":{"refId":1,"exceptionType":"java.net.UnknownHostException","message":"activemq-artemis.knime.svc.cluster.local","frames":[{"class":"java.net.InetAddress$CachedAddresses","method":"get"},{"class":"java.net.InetAddress","method":"getAllByName0"},{"class":"java.net.InetAddress","method":"getAllByName"},{"class":"java.net.InetAddress","method":"getAllByName"},{"class":"java.net.InetAddress","method":"getByName"},{"class":"io.netty.util.internal.SocketUtils$8","method":"run","line":156},{"class":"io.netty.util.internal.SocketUtils$8","method":"run","line":153},{"class":"java.security.AccessController","method":"doPrivileged"},{"class":"io.netty.util.internal.SocketUtils","method":"addressByName","line":153},{"class":"io.netty.resolver.DefaultNameResolver","method":"doResolve","line":41},{"class":"io.netty.resolver.SimpleNameResolver","method":"resolve","line":61},{"class":"io.netty.resolver.SimpleNameResolver","method":"resolve","line":53},{"class":"io.netty.resolver.InetSocketAddressResolver","method":"doResolve","line":55},{"class":"io.netty.resolver.InetSocketAddressResolver","method":"doResolve","line":31},{"class":"io.netty.resolver.AbstractAddressResolver","method":"resolve","line":106},{"class":"io.netty.bootstrap.Bootstrap","method":"doResolveAndConnect0","line":206},{"class":"io.netty.bootstrap.Bootstrap","method":"access$000","line":46},{"class":"io.netty.bootstrap.Bootstrap$1","method":"operationComplete","line":180},{"class":"io.netty.bootstrap.Bootstrap$1","method":"operationComplete","line":166},{"class":"io.netty.util.concurrent.DefaultPromise","method":"notifyListener0","line":590},{"class":"io.netty.util.concurrent.DefaultPromise","method":"notifyListenersNow","line":557},{"class":"io.netty.util.concurrent.DefaultPromise","method":"notifyListeners","line":492},{"class":"io.netty.util.concurrent.DefaultPromise","method":"setValue0","line":636},{"class":"io.netty.util.concurrent.DefaultPromise","method":"setSuccess0","line":625},{"class":"io.netty.util.concurrent.DefaultPromise","method":"trySuccess","line":105},{"class":"io.netty.channel.DefaultChannelPromise","method":"trySuccess","line":84},{"class":"io.netty.channel.AbstractChannel$AbstractUnsafe","method":"safeSetSuccess","line":990},{"class":"io.netty.channel.AbstractChannel$AbstractUnsafe","method":"register0","line":516},{"class":"io.netty.channel.AbstractChannel$AbstractUnsafe","method":"access$200","line":429},{"class":"io.netty.channel.AbstractChannel$AbstractUnsafe$1","method":"run","line":486},{"class":"io.netty.util.concurrent.AbstractEventExecutor","method":"runTask","line":174},{"class":"io.netty.util.concurrent.AbstractEventExecutor","method":"safeExecute","line":167},{"class":"io.netty.util.concurrent.SingleThreadEventExecutor","method":"runAllTasks","line":470},{"class":"io.netty.channel.epoll.EpollEventLoop","method":"run","line":403},{"class":"io.netty.util.concurrent.SingleThreadEventExecutor$4","method":"run","line":997},{"class":"io.netty.util.internal.ThreadExecutorMap$2","method":"run","line":74},{"class":"org.apache.activemq.artemis.utils.ActiveMQThreadFactory$1","method":"run","line":118}]}}
{"timestamp":"2023-11-21T14:30:20.859Z","sequence":353,"loggerClassName":"org.jboss.logging.Logger","loggerName":"com.knime.enterprise.cloud.service.catalog.accounts.consumer.AbstractEventConsumer","level":"WARN","message":"Could not connect to Artemis: Failed to create session factory. Trying again in 500 ms","threadName":"main","threadId":1,"mdc":{},"ndc":"","hostName":"catalog-service-59ff94bfc4-45jr2","processName":"quarkus-run.jar","processId":1}
{"timestamp":"2023-11-21T14:30:21.359Z","sequence":354,"loggerClassName":"org.jboss.logging.Logger","loggerName":"com.knime.enterprise.cloud.service.catalog.accounts.consumer.AbstractEventConsumer","level":"ERROR","message":"Error while initializing Jms consumer: Failed to create session factory","threadName":"main","threadId":1,"mdc":{},"ndc":"","hostName":"catalog-service-59ff94bfc4-45jr2","processName":"quarkus-run.jar","processId":1,"exception":{"refId":1,"exceptionType":"jakarta.jms.JMSRuntimeException","message":"Failed to create session factory","frames":[{"class":"org.apache.activemq.artemis.jms.client.JmsExceptionUtils","method":"convertToRuntimeException","line":88},{"class":"org.apache.activemq.artemis.jms.client.ActiveMQConnectionFactory","method":"createContext","line":318},{"class":"com.knime.enterprise.cloud.service.catalog.accounts.consumer.AbstractEventConsumer","method":"initializeJmsContext","line":134},{"class":"com.knime.enterprise.cloud.service.catalog.accounts.consumer.AbstractEventConsumer","method":"onStart","line":74},{"class":"com.knime.enterprise.cloud.service.catalog.accounts.consumer.AbstractEventConsumer_Observer_onStart_18397ba3da581e22ca8dc57e0f15de28b4ce80c6","method":"notify"},{"class":"io.quarkus.arc.impl.EventImpl$Notifier","method":"notifyObservers","line":346},{"class":"io.quarkus.arc.impl.EventImpl$Notifier","method":"notify","line":328},{"class":"io.quarkus.arc.impl.EventImpl","method":"fire","line":82},{"class":"io.quarkus.arc.runtime.ArcRecorder","method":"fireLifecycleEvent","line":155},{"class":"io.quarkus.arc.runtime.ArcRecorder","method":"handleLifecycleEvents","line":106},{"class":"io.quarkus.deployment.steps.LifecycleEventsBuildStep$startupEvent1144526294","method":"deploy_0"},{"class":"io.quarkus.deployment.steps.LifecycleEventsBuildStep$startupEvent1144526294","method":"deploy"},{"class":"io.quarkus.runner.ApplicationImpl","method":"doStart"},{"class":"io.quarkus.runtime.Application","method":"start","line":101},{"class":"io.quarkus.runtime.ApplicationLifecycleManager","method":"run","line":111},{"class":"io.quarkus.runtime.Quarkus","method":"run","line":71},{"class":"io.quarkus.runtime.Quarkus","method":"run","line":44},{"class":"io.quarkus.runtime.Quarkus","method":"run","line":124},{"class":"io.quarkus.runner.GeneratedMain","method":"main"},{"class":"jdk.internal.reflect.NativeMethodAccessorImpl","method":"invoke0"},{"class":"jdk.internal.reflect.NativeMethodAccessorImpl","method":"invoke"},{"class":"jdk.internal.reflect.DelegatingMethodAccessorImpl","method":"invoke"},{"class":"java.lang.reflect.Method","method":"invoke"},{"class":"io.quarkus.bootstrap.runner.QuarkusEntryPoint","method":"doRun","line":61},{"class":"io.quarkus.bootstrap.runner.QuarkusEntryPoint","method":"main","line":32}],"causedBy":{"exception":{"refId":2,"exceptionType":"jakarta.jms.JMSException","message":"Failed to create session factory","frames":[{"class":"org.apache.activemq.artemis.jms.client.ActiveMQConnectionFactory","method":"createConnectionInternal","line":897},{"class":"org.apache.activemq.artemis.jms.client.ActiveMQConnectionFactory","method":"createContext","line":313},{"class":"com.knime.enterprise.cloud.service.catalog.accounts.consumer.AbstractEventConsumer","method":"initializeJmsContext","line":134},{"class":"com.knime.enterprise.cloud.service.catalog.accounts.consumer.AbstractEventConsumer","method":"onStart","line":74},{"class":"com.knime.enterprise.cloud.service.catalog.accounts.consumer.AbstractEventConsumer_Observer_onStart_18397ba3da581e22ca8dc57e0f15de28b4ce80c6","method":"notify"},{"class":"io.quarkus.arc.impl.EventImpl$Notifier","method":"notifyObservers","line":346},{"class":"io.quarkus.arc.impl.EventImpl$Notifier","method":"notify","line":328},{"class":"io.quarkus.arc.impl.EventImpl","method":"fire","line":82},{"class":"io.quarkus.arc.runtime.ArcRecorder","method":"fireLifecycleEvent","line":155},{"class":"io.quarkus.arc.runtime.ArcRecorder","method":"handleLifecycleEvents","line":106},{"class":"io.quarkus.deployment.steps.LifecycleEventsBuildStep$startupEvent1144526294","method":"deploy_0"},{"class":"io.quarkus.deployment.steps.LifecycleEventsBuildStep$startupEvent1144526294","method":"deploy"},{"class":"io.quarkus.runner.ApplicationImpl","method":"doStart"},{"class":"io.quarkus.runtime.Application","method":"start","line":101},{"class":"io.quarkus.runtime.ApplicationLifecycleManager","method":"run","line":111},{"class":"io.quarkus.runtime.Quarkus","method":"run","line":71},{"class":"io.quarkus.runtime.Quarkus","method":"run","line":44},{"class":"io.quarkus.runtime.Quarkus","method":"run","line":124},{"class":"io.quarkus.runner.GeneratedMain","method":"main"},{"class":"jdk.internal.reflect.NativeMethodAccessorImpl","method":"invoke0"},{"class":"jdk.internal.reflect.NativeMethodAccessorImpl","method":"invoke"},{"class":"jdk.internal.reflect.DelegatingMethodAccessorImpl","method":"invoke"},{"class":"java.lang.reflect.Method","method":"invoke"},{"class":"io.quarkus.bootstrap.runner.QuarkusEntryPoint","method":"doRun","line":61},{"class":"io.quarkus.bootstrap.runner.QuarkusEntryPoint","method":"main","line":32}],"causedBy":{"exception":{"refId":3,"exceptionType":"org.apache.activemq.artemis.api.core.ActiveMQNotConnectedException","message":"AMQ219007: Cannot connect to server(s). Tried with all available servers.","frames":[{"class":"org.apache.activemq.artemis.core.client.impl.ServerLocatorImpl","method":"createSessionFactory","line":726},{"class":"org.apache.activemq.artemis.jms.client.ActiveMQConnectionFactory","method":"createConnectionInternal","line":895},{"class":"org.apache.activemq.artemis.jms.client.ActiveMQConnectionFactory","method":"createContext","line":313},{"class":"com.knime.enterprise.cloud.service.catalog.accounts.consumer.AbstractEventConsumer","method":"initializeJmsContext","line":134},{"class":"com.knime.enterprise.cloud.service.catalog.accounts.consumer.AbstractEventConsumer","method":"onStart","line":74},{"class":"com.knime.enterprise.cloud.service.catalog.accounts.consumer.AbstractEventConsumer_Observer_onStart_18397ba3da581e22ca8dc57e0f15de28b4ce80c6","method":"notify"},{"class":"io.quarkus.arc.impl.EventImpl$Notifier","method":"notifyObservers","line":346},{"class":"io.quarkus.arc.impl.EventImpl$Notifier","method":"notify","line":328},{"class":"io.quarkus.arc.impl.EventImpl","method":"fire","line":82},{"class":"io.quarkus.arc.runtime.ArcRecorder","method":"fireLifecycleEvent","line":155},{"class":"io.quarkus.arc.runtime.ArcRecorder","method":"handleLifecycleEvents","line":106},{"class":"io.quarkus.deployment.steps.LifecycleEventsBuildStep$startupEvent1144526294","method":"deploy_0"},{"class":"io.quarkus.deployment.steps.LifecycleEventsBuildStep$startupEvent1144526294","method":"deploy"},{"class":"io.quarkus.runner.ApplicationImpl","method":"doStart"},{"class":"io.quarkus.runtime.Application","method":"start","line":101},{"class":"io.quarkus.runtime.ApplicationLifecycleManager","method":"run","line":111},{"class":"io.quarkus.runtime.Quarkus","method":"run","line":71},{"class":"io.quarkus.runtime.Quarkus","method":"run","line":44},{"class":"io.quarkus.runtime.Quarkus","method":"run","line":124},{"class":"io.quarkus.runner.GeneratedMain","method":"main"},{"class":"jdk.internal.reflect.NativeMethodAccessorImpl","method":"invoke0"},{"class":"jdk.internal.reflect.NativeMethodAccessorImpl","method":"invoke"},{"class":"jdk.internal.reflect.DelegatingMethodAccessorImpl","method":"invoke"},{"class":"java.lang.reflect.Method","method":"invoke"},{"class":"io.quarkus.bootstrap.runner.QuarkusEntryPoint","method":"doRun","line":61},{"class":"io.quarkus.bootstrap.runner.QuarkusEntryPoint","method":"main","line":32}]}}}}}}
{"timestamp":"2023-11-21T14:30:21.36Z","sequence":355,"loggerClassName":"org.jboss.logging.Logger","loggerName":"com.knime.enterprise.cloud.service.catalog.accounts.consumer.AbstractEventConsumer","level":"INFO","message":"Start EventConsumer for topic: account-events.users","threadName":"main","threadId":1,"mdc":{},"ndc":"","hostName":"catalog-service-59ff94bfc4-45jr2","processName":"quarkus-run.jar","processId":1}
{"timestamp":"2023-11-21T14:30:21.36Z","sequence":356,"loggerClassName":"org.jboss.logging.Logger","loggerName":"com.knime.enterprise.cloud.service.catalog.accounts.consumer.AbstractEventConsumer","level":"INFO","message":"Attempting (1 of 10) to connect to Artemis at: tcp://activemq-artemis.knime.svc.cluster.local:61616?reconnectAttempts=-1","threadName":"main","threadId":1,"mdc":{},"ndc":"","hostName":"catalog-service-59ff94bfc4-45jr2","processName":"quarkus-run.jar","processId":1}
{"timestamp":"2023-11-21T14:30:21.363Z","sequence":357,"loggerClassName":"org.slf4j.impl.Slf4jLogger","loggerName":"org.apache.activemq.artemis.core.client","level":"ERROR","message":"AMQ214016: Failed to create netty connection","threadName":"main","threadId":1,"mdc":{},"ndc":"","hostName":"catalog-service-59ff94bfc4-45jr2","processName":"quarkus-run.jar","processId":1,"exception":{"refId":1,"exceptionType":"java.net.UnknownHostException","message":"activemq-artemis.knime.svc.cluster.local","frames":[{"class":"java.net.InetAddress$CachedAddresses","method":"get"},{"class":"java.net.InetAddress","method":"getAllByName0"},{"class":"java.net.InetAddress","method":"getAllByName"},{"class":"java.net.InetAddress","method":"getAllByName"},{"class":"java.net.InetAddress","method":"getByName"},{"class":"io.netty.util.internal.SocketUtils$8","method":"run","line":156},{"class":"io.netty.util.internal.SocketUtils$8","method":"run","line":153},{"class":"java.security.AccessController","method":"doPrivileged"},{"class":"io.netty.util.internal.SocketUtils","method":"addressByName","line":153},{"class":"io.netty.resolver.DefaultNameResolver","method":"doResolve","line":41},{"class":"io.netty.resolver.SimpleNameResolver","method":"resolve","line":61},{"class":"io.netty.resolver.SimpleNameResolver","method":"resolve","line":53},{"class":"io.netty.resolver.InetSocketAddressResolver","method":"doResolve","line":55},{"class":"io.netty.resolver.InetSocketAddressResolver","method":"doResolve","line":31},{"class":"io.netty.resolver.AbstractAddressResolver","method":"resolve","line":106},{"class":"io.netty.bootstrap.Bootstrap","method":"doResolveAndConnect0","line":206},{"class":"io.netty.bootstrap.Bootstrap","method":"access$000","line":46},{"class":"io.netty.bootstrap.Bootstrap$1","method":"operationComplete","line":180},{"class":"io.netty.bootstrap.Bootstrap$1","method":"operationComplete","line":166},{"class":"io.netty.util.concurrent.DefaultPromise","method":"notifyListener0","line":590},{"class":"io.netty.util.concurrent.DefaultPromise","method":"notifyListenersNow","line":557},{"class":"io.netty.util.concurrent.DefaultPromise","method":"notifyListeners","line":492},{"class":"io.netty.util.concurrent.DefaultPromise","method":"setValue0","line":636},{"class":"io.netty.util.concurrent.DefaultPromise","method":"setSuccess0","line":625},{"class":"io.netty.util.concurrent.DefaultPromise","method":"trySuccess","line":105},{"class":"io.netty.channel.DefaultChannelPromise","method":"trySuccess","line":84},{"class":"io.netty.channel.AbstractChannel$AbstractUnsafe","method":"safeSetSuccess","line":990},{"class":"io.netty.channel.AbstractChannel$AbstractUnsafe","method":"register0","line":516},{"class":"io.netty.channel.AbstractChannel$AbstractUnsafe","method":"access$200","line":429},{"class":"io.netty.channel.AbstractChannel$AbstractUnsafe$1","method":"run","line":486},{"class":"io.netty.util.concurrent.AbstractEventExecutor","method":"runTask","line":174},{"class":"io.netty.util.concurrent.AbstractEventExecutor","method":"safeExecute","line":167},{"class":"io.netty.util.concurrent.SingleThreadEventExecutor","method":"runAllTasks","line":470},{"class":"io.netty.channel.epoll.EpollEventLoop","method":"run","line":403},{"class":"io.netty.util.concurrent.SingleThreadEventExecutor$4","method":"run","line":997},{"class":"io.netty.util.internal.ThreadExecutorMap$2","method":"run","line":74},{"class":"org.apache.activemq.artemis.utils.ActiveMQThreadFactory$1","method":"run","line":118}]}}
{"timestamp":"2023-11-21T14:30:21.364Z","sequence":358,"loggerClassName":"org.jboss.logging.Logger","loggerName":"com.knime.enterprise.cloud.service.catalog.accounts.consumer.AbstractEventConsumer","level":"WARN","message":"Could not connect to Artemis: Failed to create session factory. Trying again in 500 ms","threadName":"main","threadId":1,"mdc":{},"ndc":"","hostName":"catalog-service-59ff94bfc4-45jr2","processName":"quarkus-run.jar","processId":1}
{"timestamp":"2023-11-21T14:30:21.864Z","sequence":359,"loggerClassName":"org.jboss.logging.Logger","loggerName":"com.knime.enterprise.cloud.service.catalog.accounts.consumer.AbstractEventConsumer","level":"INFO","message":"Attempting (2 of 10) to connect to Artemis at: tcp://activemq-artemis.knime.svc.cluster.local:61616?reconnectAttempts=-1","threadName":"main","threadId":1,"mdc":{},"ndc":"","hostName":"catalog-service-59ff94bfc4-45jr2","processName":"quarkus-run.jar","processId":1}
{"timestamp":"2023-11-21T14:30:21.866Z","sequence":360,"loggerClassName":"org.slf4j.impl.Slf4jLogger","loggerName":"org.apache.activemq.artemis.core.client","level":"ERROR","message":"AMQ214016: Failed to create netty connection","threadName":"main","threadId":1,"mdc":{},"ndc":"","hostName":"catalog-service-59ff94bfc4-45jr2","processName":"quarkus-run.jar","processId":1,"exception":{"refId":1,"exceptionType":"java.net.UnknownHostException","message":"activemq-artemis.knime.svc.cluster.local","frames":[{"class":"java.net.InetAddress$CachedAddresses","method":"get"},{"class":"java.net.InetAddress","method":"getAllByName0"},{"class":"java.net.InetAddress","method":"getAllByName"},{"class":"java.net.InetAddress","method":"getAllByName"},{"class":"java.net.InetAddress","method":"getByName"},{"class":"io.netty.util.internal.SocketUtils$8","method":"run","line":156},{"class":"io.netty.util.internal.SocketUtils$8","method":"run","line":153},{"class":"java.security.AccessController","method":"doPrivileged"},{"class":"io.netty.util.internal.SocketUtils","method":"addressByName","line":153},{"class":"io.netty.resolver.DefaultNameResolver","method":"doResolve","line":41},{"class":"io.netty.resolver.SimpleNameResolver","method":"resolve","line":61},{"class":"io.netty.resolver.SimpleNameResolver","method":"resolve","line":53},{"class":"io.netty.resolver.InetSocketAddressResolver","method":"doResolve","line":55},{"class":"io.netty.resolver.InetSocketAddressResolver","method":"doResolve","line":31},{"class":"io.netty.resolver.AbstractAddressResolver","method":"resolve","line":106},{"class":"io.netty.bootstrap.Bootstrap","method":"doResolveAndConnect0","line":206},{"class":"io.netty.bootstrap.Bootstrap","method":"access$000","line":46},{"class":"io.netty.bootstrap.Bootstrap$1","method":"operationComplete","line":180},{"class":"io.netty.bootstrap.Bootstrap$1","method":"operationComplete","line":166},{"class":"io.netty.util.concurrent.DefaultPromise","method":"notifyListener0","line":590},{"class":"io.netty.util.concurrent.DefaultPromise","method":"notifyListenersNow","line":557},{"class":"io.netty.util.concurrent.DefaultPromise","method":"notifyListeners","line":492},{"class":"io.netty.util.concurrent.DefaultPromise","method":"setValue0","line":636},{"class":"io.netty.util.concurrent.DefaultPromise","method":"setSuccess0","line":625},{"class":"io.netty.util.concurrent.DefaultPromise","method":"trySuccess","line":105},{"class":"io.netty.channel.DefaultChannelPromise","method":"trySuccess","line":84},{"class":"io.netty.channel.AbstractChannel$AbstractUnsafe","method":"safeSetSuccess","line":990},{"class":"io.netty.channel.AbstractChannel$AbstractUnsafe","method":"register0","line":516},{"class":"io.netty.channel.AbstractChannel$AbstractUnsafe","method":"access$200","line":429},{"class":"io.netty.channel.AbstractChannel$AbstractUnsafe$1","method":"run","line":486},{"class":"io.netty.util.concurrent.AbstractEventExecutor","method":"runTask","line":174},{"class":"io.netty.util.concurrent.AbstractEventExecutor","method":"safeExecute","line":167},{"class":"io.netty.util.concurrent.SingleThreadEventExecutor","method":"runAllTasks","line":470},{"class":"io.netty.channel.epoll.EpollEventLoop","method":"run","line":403},{"class":"io.netty.util.concurrent.SingleThreadEventExecutor$4","method":"run","line":997},{"class":"io.netty.util.internal.ThreadExecutorMap$2","method":"run","line":74},{"class":"org.apache.activemq.artemis.utils.ActiveMQThreadFactory$1","method":"run","line":118}]}}
{"timestamp":"2023-11-21T14:30:21.867Z","sequence":361,"loggerClassName":"org.jboss.logging.Logger","loggerName":"com.knime.enterprise.cloud.service.catalog.accounts.consumer.AbstractEventConsumer","level":"WARN","message":"Could not connect to Artemis: Failed to create session factory. Trying again in 500 ms","threadName":"main","threadId":1,"mdc":{},"ndc":"","hostName":"catalog-service-59ff94bfc4-45jr2","processName":"quarkus-run.jar","processId":1}
{"timestamp":"2023-11-21T14:30:22.367Z","sequence":362,"loggerClassName":"org.jboss.logging.Logger","loggerName":"com.knime.enterprise.cloud.service.catalog.accounts.consumer.AbstractEventConsumer","level":"INFO","message":"Attempting (3 of 10) to connect to Artemis at: tcp://activemq-artemis.knime.svc.cluster.local:61616?reconnectAttempts=-1","threadName":"main","threadId":1,"mdc":{},"ndc":"","hostName":"catalog-service-59ff94bfc4-45jr2","processName":"quarkus-run.jar","processId":1}
{"timestamp":"2023-11-21T14:30:22.37Z","sequence":363,"loggerClassName":"org.slf4j.impl.Slf4jLogger","loggerName":"org.apache.activemq.artemis.core.client","level":"ERROR","message":"AMQ214016: Failed to create netty connection","threadName":"main","threadId":1,"mdc":{},"ndc":"","hostName":"catalog-service-59ff94bfc4-45jr2","processName":"quarkus-run.jar","processId":1,"exception":{"refId":1,"exceptionType":"java.net.UnknownHostException","message":"activemq-artemis.knime.svc.cluster.local","frames":[{"class":"java.net.InetAddress$CachedAddresses","method":"get"},{"class":"java.net.InetAddress","method":"getAllByName0"},{"class":"java.net.InetAddress","method":"getAllByName"},{"class":"java.net.InetAddress","method":"getAllByName"},{"class":"java.net.InetAddress","method":"getByName"},{"class":"io.netty.util.internal.SocketUtils$8","method":"run","line":156},{"class":"io.netty.util.internal.SocketUtils$8","method":"run","line":153},{"class":"java.security.AccessController","method":"doPrivileged"},{"class":"io.netty.util.internal.SocketUtils","method":"addressByName","line":153},{"class":"io.netty.resolver.DefaultNameResolver","method":"doResolve","line":41},{"class":"io.netty.resolver.SimpleNameResolver","method":"resolve","line":61},{"class":"io.netty.resolver.SimpleNameResolver","method":"resolve","line":53},{"class":"io.netty.resolver.InetSocketAddressResolver","method":"doResolve","line":55},{"class":"io.netty.resolver.InetSocketAddressResolver","method":"doResolve","line":31},{"class":"io.netty.resolver.AbstractAddressResolver","method":"resolve","line":106},{"class":"io.netty.bootstrap.Bootstrap","method":"doResolveAndConnect0","line":206},{"class":"io.netty.bootstrap.Bootstrap","method":"access$000","line":46},{"class":"io.netty.bootstrap.Bootstrap$1","method":"operationComplete","line":180},{"class":"io.netty.bootstrap.Bootstrap$1","method":"operationComplete","line":166},{"class":"io.netty.util.concurrent.DefaultPromise","method":"notifyListener0","line":590},{"class":"io.netty.util.concurrent.DefaultPromise","method":"notifyListenersNow","line":557},{"class":"io.netty.util.concurrent.DefaultPromise","method":"notifyListeners","line":492},{"class":"io.netty.util.concurrent.DefaultPromise","method":"setValue0","line":636},{"class":"io.netty.util.concurrent.DefaultPromise","method":"setSuccess0","line":625},{"class":"io.netty.util.concurrent.DefaultPromise","method":"trySuccess","line":105},{"class":"io.netty.channel.DefaultChannelPromise","method":"trySuccess","line":84},{"class":"io.netty.channel.AbstractChannel$AbstractUnsafe","method":"safeSetSuccess","line":990},{"class":"io.netty.channel.AbstractChannel$AbstractUnsafe","method":"register0","line":516},{"class":"io.netty.channel.AbstractChannel$AbstractUnsafe","method":"access$200","line":429},{"class":"io.netty.channel.AbstractChannel$AbstractUnsafe$1","method":"run","line":486},{"class":"io.netty.util.concurrent.AbstractEventExecutor","method":"runTask","line":174},{"class":"io.netty.util.concurrent.AbstractEventExecutor","method":"safeExecute","line":167},{"class":"io.netty.util.concurrent.SingleThreadEventExecutor","method":"runAllTasks","line":470},{"class":"io.netty.channel.epoll.EpollEventLoop","method":"run","line":403},{"class":"io.netty.util.concurrent.SingleThreadEventExecutor$4","method":"run","line":997},{"class":"io.netty.util.internal.ThreadExecutorMap$2","method":"run","line":74},{"class":"org.apache.activemq.artemis.utils.ActiveMQThreadFactory$1","method":"run","line":118}]}}
{"timestamp":"2023-11-21T14:30:22.37Z","sequence":364,"loggerClassName":"org.jboss.logging.Logger","loggerName":"com.knime.enterprise.cloud.service.catalog.accounts.consumer.AbstractEventConsumer","level":"WARN","message":"Could not connect to Artemis: Failed to create session factory. Trying again in 500 ms","threadName":"main","threadId":1,"mdc":{},"ndc":"","hostName":"catalog-service-59ff94bfc4-45jr2","processName":"quarkus-run.jar","processId":1}
{"timestamp":"2023-11-21T14:30:22.871Z","sequence":365,"loggerClassName":"org.jboss.logging.Logger","loggerName":"com.knime.enterprise.cloud.service.catalog.accounts.consumer.AbstractEventConsumer","level":"INFO","message":"Attempting (4 of 10) to connect to Artemis at: tcp://activemq-artemis.knime.svc.cluster.local:61616?reconnectAttempts=-1","threadName":"main","threadId":1,"mdc":{},"ndc":"","hostName":"catalog-service-59ff94bfc4-45jr2","processName":"quarkus-run.jar","processId":1}
{"timestamp":"2023-11-21T14:30:22.873Z","sequence":366,"loggerClassName":"org.slf4j.impl.Slf4jLogger","loggerName":"org.apache.activemq.artemis.core.client","level":"ERROR","message":"AMQ214016: Failed to create netty connection","threadName":"main","threadId":1,"mdc":{},"ndc":"","hostName":"catalog-service-59ff94bfc4-45jr2","processName":"quarkus-run.jar","processId":1,"exception":{"refId":1,"exceptionType":"java.net.UnknownHostException","message":"activemq-artemis.knime.svc.cluster.local","frames":[{"class":"java.net.InetAddress$CachedAddresses","method":"get"},{"class":"java.net.InetAddress","method":"getAllByName0"},{"class":"java.net.InetAddress","method":"getAllByName"},{"class":"java.net.InetAddress","method":"getAllByName"},{"class":"java.net.InetAddress","method":"getByName"},{"class":"io.netty.util.internal.SocketUtils$8","method":"run","line":156},{"class":"io.netty.util.internal.SocketUtils$8","method":"run","line":153},{"class":"java.security.AccessController","method":"doPrivileged"},{"class":"io.netty.util.internal.SocketUtils","method":"addressByName","line":153},{"class":"io.netty.resolver.DefaultNameResolver","method":"doResolve","line":41},{"class":"io.netty.resolver.SimpleNameResolver","method":"resolve","line":61},{"class":"io.netty.resolver.SimpleNameResolver","method":"resolve","line":53},{"class":"io.netty.resolver.InetSocketAddressResolver","method":"doResolve","line":55},{"class":"io.netty.resolver.InetSocketAddressResolver","method":"doResolve","line":31},{"class":"io.netty.resolver.AbstractAddressResolver","method":"resolve","line":106},{"class":"io.netty.bootstrap.Bootstrap","method":"doResolveAndConnect0","line":206},{"class":"io.netty.bootstrap.Bootstrap","method":"access$000","line":46},{"class":"io.netty.bootstrap.Bootstrap$1","method":"operationComplete","line":180},{"class":"io.netty.bootstrap.Bootstrap$1","method":"operationComplete","line":166},{"class":"io.netty.util.concurrent.DefaultPromise","method":"notifyListener0","line":590},{"class":"io.netty.util.concurrent.DefaultPromise","method":"notifyListenersNow","line":557},{"class":"io.netty.util.concurrent.DefaultPromise","method":"notifyListeners","line":492},{"class":"io.netty.util.concurrent.DefaultPromise","method":"setValue0","line":636},{"class":"io.netty.util.concurrent.DefaultPromise","method":"setSuccess0","line":625},{"class":"io.netty.util.concurrent.DefaultPromise","method":"trySuccess","line":105},{"class":"io.netty.channel.DefaultChannelPromise","method":"trySuccess","line":84},{"class":"io.netty.channel.AbstractChannel$AbstractUnsafe","method":"safeSetSuccess","line":990},{"class":"io.netty.channel.AbstractChannel$AbstractUnsafe","method":"register0","line":516},{"class":"io.netty.channel.AbstractChannel$AbstractUnsafe","method":"access$200","line":429},{"class":"io.netty.channel.AbstractChannel$AbstractUnsafe$1","method":"run","line":486},{"class":"io.netty.util.concurrent.AbstractEventExecutor","method":"runTask","line":174},{"class":"io.netty.util.concurrent.AbstractEventExecutor","method":"safeExecute","line":167},{"class":"io.netty.util.concurrent.SingleThreadEventExecutor","method":"runAllTasks","line":470},{"class":"io.netty.channel.epoll.EpollEventLoop","method":"run","line":403},{"class":"io.netty.util.concurrent.SingleThreadEventExecutor$4","method":"run","line":997},{"class":"io.netty.util.internal.ThreadExecutorMap$2","method":"run","line":74},{"class":"org.apache.activemq.artemis.utils.ActiveMQThreadFactory$1","method":"run","line":118}]}}
{"timestamp":"2023-11-21T14:30:22.873Z","sequence":367,"loggerClassName":"org.jboss.logging.Logger","loggerName":"com.knime.enterprise.cloud.service.catalog.accounts.consumer.AbstractEventConsumer","level":"WARN","message":"Could not connect to Artemis: Failed to create session factory. Trying again in 500 ms","threadName":"main","threadId":1,"mdc":{},"ndc":"","hostName":"catalog-service-59ff94bfc4-45jr2","processName":"quarkus-run.jar","processId":1}
{"timestamp":"2023-11-21T14:30:23.374Z","sequence":368,"loggerClassName":"org.jboss.logging.Logger","loggerName":"com.knime.enterprise.cloud.service.catalog.accounts.consumer.AbstractEventConsumer","level":"INFO","message":"Attempting (5 of 10) to connect to Artemis at: tcp://activemq-artemis.knime.svc.cluster.local:61616?reconnectAttempts=-1","threadName":"main","threadId":1,"mdc":{},"ndc":"","hostName":"catalog-service-59ff94bfc4-45jr2","processName":"quarkus-run.jar","processId":1}
{"timestamp":"2023-11-21T14:30:23.376Z","sequence":369,"loggerClassName":"org.slf4j.impl.Slf4jLogger","loggerName":"org.apache.activemq.artemis.core.client","level":"ERROR","message":"AMQ214016: Failed to create netty connection","threadName":"main","threadId":1,"mdc":{},"ndc":"","hostName":"catalog-service-59ff94bfc4-45jr2","processName":"quarkus-run.jar","processId":1,"exception":{"refId":1,"exceptionType":"java.net.UnknownHostException","message":"activemq-artemis.knime.svc.cluster.local","frames":[{"class":"java.net.InetAddress$CachedAddresses","method":"get"},{"class":"java.net.InetAddress","method":"getAllByName0"},{"class":"java.net.InetAddress","method":"getAllByName"},{"class":"java.net.InetAddress","method":"getAllByName"},{"class":"java.net.InetAddress","method":"getByName"},{"class":"io.netty.util.internal.SocketUtils$8","method":"run","line":156},{"class":"io.netty.util.internal.SocketUtils$8","method":"run","line":153},{"class":"java.security.AccessController","method":"doPrivileged"},{"class":"io.netty.util.internal.SocketUtils","method":"addressByName","line":153},{"class":"io.netty.resolver.DefaultNameResolver","method":"doResolve","line":41},{"class":"io.netty.resolver.SimpleNameResolver","method":"resolve","line":61},{"class":"io.netty.resolver.SimpleNameResolver","method":"resolve","line":53},{"class":"io.netty.resolver.InetSocketAddressResolver","method":"doResolve","line":55},{"class":"io.netty.resolver.InetSocketAddressResolver","method":"doResolve","line":31},{"class":"io.netty.resolver.AbstractAddressResolver","method":"resolve","line":106},{"class":"io.netty.bootstrap.Bootstrap","method":"doResolveAndConnect0","line":206},{"class":"io.netty.bootstrap.Bootstrap","method":"access$000","line":46},{"class":"io.netty.bootstrap.Bootstrap$1","method":"operationComplete","line":180},{"class":"io.netty.bootstrap.Bootstrap$1","method":"operationComplete","line":166},{"class":"io.netty.util.concurrent.DefaultPromise","method":"notifyListener0","line":590},{"class":"io.netty.util.concurrent.DefaultPromise","method":"notifyListenersNow","line":557},{"class":"io.netty.util.concurrent.DefaultPromise","method":"notifyListeners","line":492},{"class":"io.netty.util.concurrent.DefaultPromise","method":"setValue0","line":636},{"class":"io.netty.util.concurrent.DefaultPromise","method":"setSuccess0","line":625},{"class":"io.netty.util.concurrent.DefaultPromise","method":"trySuccess","line":105},{"class":"io.netty.channel.DefaultChannelPromise","method":"trySuccess","line":84},{"class":"io.netty.channel.AbstractChannel$AbstractUnsafe","method":"safeSetSuccess","line":990},{"class":"io.netty.channel.AbstractChannel$AbstractUnsafe","method":"register0","line":516},{"class":"io.netty.channel.AbstractChannel$AbstractUnsafe","method":"access$200","line":429},{"class":"io.netty.channel.AbstractChannel$AbstractUnsafe$1","method":"run","line":486},{"class":"io.netty.util.concurrent.AbstractEventExecutor","method":"runTask","line":174},{"class":"io.netty.util.concurrent.AbstractEventExecutor","method":"safeExecute","line":167},{"class":"io.netty.util.concurrent.SingleThreadEventExecutor","method":"runAllTasks","line":470},{"class":"io.netty.channel.epoll.EpollEventLoop","method":"run","line":403},{"class":"io.netty.util.concurrent.SingleThreadEventExecutor$4","method":"run","line":997},{"class":"io.netty.util.internal.ThreadExecutorMap$2","method":"run","line":74},{"class":"org.apache.activemq.artemis.utils.ActiveMQThreadFactory$1","method":"run","line":118}]}}
{"timestamp":"2023-11-21T14:30:23.377Z","sequence":370,"loggerClassName":"org.jboss.logging.Logger","loggerName":"com.knime.enterprise.cloud.service.catalog.accounts.consumer.AbstractEventConsumer","level":"WARN","message":"Could not connect to Artemis: Failed to create session factory. Trying again in 500 ms","threadName":"main","threadId":1,"mdc":{},"ndc":"","hostName":"catalog-service-59ff94bfc4-45jr2","processName":"quarkus-run.jar","processId":1}
{"timestamp":"2023-11-21T14:30:23.877Z","sequence":371,"loggerClassName":"org.jboss.logging.Logger","loggerName":"com.knime.enterprise.cloud.service.catalog.accounts.consumer.AbstractEventConsumer","level":"INFO","message":"Attempting (6 of 10) to connect to Artemis at: tcp://activemq-artemis.knime.svc.cluster.local:61616?reconnectAttempts=-1","threadName":"main","threadId":1,"mdc":{},"ndc":"","hostName":"catalog-service-59ff94bfc4-45jr2","processName":"quarkus-run.jar","processId":1}
{"timestamp":"2023-11-21T14:30:23.887Z","sequence":372,"loggerClassName":"org.slf4j.impl.Slf4jLogger","loggerName":"org.apache.activemq.artemis.core.client","level":"ERROR","message":"AMQ214016: Failed to create netty connection","threadName":"main","threadId":1,"mdc":{},"ndc":"","hostName":"catalog-service-59ff94bfc4-45jr2","processName":"quarkus-run.jar","processId":1,"exception":{"refId":1,"exceptionType":"java.net.UnknownHostException","message":"activemq-artemis.knime.svc.cluster.local","frames":[{"class":"java.net.InetAddress$CachedAddresses","method":"get"},{"class":"java.net.InetAddress","method":"getAllByName0"},{"class":"java.net.InetAddress","method":"getAllByName"},{"class":"java.net.InetAddress","method":"getAllByName"},{"class":"java.net.InetAddress","method":"getByName"},{"class":"io.netty.util.internal.SocketUtils$8","method":"run","line":156},{"class":"io.netty.util.internal.SocketUtils$8","method":"run","line":153},{"class":"java.security.AccessController","method":"doPrivileged"},{"class":"io.netty.util.internal.SocketUtils","method":"addressByName","line":153},{"class":"io.netty.resolver.DefaultNameResolver","method":"doResolve","line":41},{"class":"io.netty.resolver.SimpleNameResolver","method":"resolve","line":61},{"class":"io.netty.resolver.SimpleNameResolver","method":"resolve","line":53},{"class":"io.netty.resolver.InetSocketAddressResolver","method":"doResolve","line":55},{"class":"io.netty.resolver.InetSocketAddressResolver","method":"doResolve","line":31},{"class":"io.netty.resolver.AbstractAddressResolver","method":"resolve","line":106},{"class":"io.netty.bootstrap.Bootstrap","method":"doResolveAndConnect0","line":206},{"class":"io.netty.bootstrap.Bootstrap","method":"access$000","line":46},{"class":"io.netty.bootstrap.Bootstrap$1","method":"operationComplete","line":180},{"class":"io.netty.bootstrap.Bootstrap$1","method":"operationComplete","line":166},{"class":"io.netty.util.concurrent.DefaultPromise","method":"notifyListener0","line":590},{"class":"io.netty.util.concurrent.DefaultPromise","method":"notifyListenersNow","line":557},{"class":"io.netty.util.concurrent.DefaultPromise","method":"notifyListeners","line":492},{"class":"io.netty.util.concurrent.DefaultPromise","method":"setValue0","line":636},{"class":"io.netty.util.concurrent.DefaultPromise","method":"setSuccess0","line":625},{"class":"io.netty.util.concurrent.DefaultPromise","method":"trySuccess","line":105},{"class":"io.netty.channel.DefaultChannelPromise","method":"trySuccess","line":84},{"class":"io.netty.channel.AbstractChannel$AbstractUnsafe","method":"safeSetSuccess","line":990},{"class":"io.netty.channel.AbstractChannel$AbstractUnsafe","method":"register0","line":516},{"class":"io.netty.channel.AbstractChannel$AbstractUnsafe","method":"access$200","line":429},{"class":"io.netty.channel.AbstractChannel$AbstractUnsafe$1","method":"run","line":486},{"class":"io.netty.util.concurrent.AbstractEventExecutor","method":"runTask","line":174},{"class":"io.netty.util.concurrent.AbstractEventExecutor","method":"safeExecute","line":167},{"class":"io.netty.util.concurrent.SingleThreadEventExecutor","method":"runAllTasks","line":470},{"class":"io.netty.channel.epoll.EpollEventLoop","method":"run","line":403},{"class":"io.netty.util.concurrent.SingleThreadEventExecutor$4","method":"run","line":997},{"class":"io.netty.util.internal.ThreadExecutorMap$2","method":"run","line":74},{"class":"org.apache.activemq.artemis.utils.ActiveMQThreadFactory$1","method":"run","line":118}]}}
{"timestamp":"2023-11-21T14:30:23.887Z","sequence":373,"loggerClassName":"org.jboss.logging.Logger","loggerName":"com.knime.enterprise.cloud.service.catalog.accounts.consumer.AbstractEventConsumer","level":"WARN","message":"Could not connect to Artemis: Failed to create session factory. Trying again in 500 ms","threadName":"main","threadId":1,"mdc":{},"ndc":"","hostName":"catalog-service-59ff94bfc4-45jr2","processName":"quarkus-run.jar","processId":1}
{"timestamp":"2023-11-21T14:30:24.388Z","sequence":374,"loggerClassName":"org.jboss.logging.Logger","loggerName":"com.knime.enterprise.cloud.service.catalog.accounts.consumer.AbstractEventConsumer","level":"INFO","message":"Attempting (7 of 10) to connect to Artemis at: tcp://activemq-artemis.knime.svc.cluster.local:61616?reconnectAttempts=-1","threadName":"main","threadId":1,"mdc":{},"ndc":"","hostName":"catalog-service-59ff94bfc4-45jr2","processName":"quarkus-run.jar","processId":1}
{"timestamp":"2023-11-21T14:30:24.39Z","sequence":375,"loggerClassName":"org.slf4j.impl.Slf4jLogger","loggerName":"org.apache.activemq.artemis.core.client","level":"ERROR","message":"AMQ214016: Failed to create netty connection","threadName":"main","threadId":1,"mdc":{},"ndc":"","hostName":"catalog-service-59ff94bfc4-45jr2","processName":"quarkus-run.jar","processId":1,"exception":{"refId":1,"exceptionType":"java.net.UnknownHostException","message":"activemq-artemis.knime.svc.cluster.local","frames":[{"class":"java.net.InetAddress$CachedAddresses","method":"get"},{"class":"java.net.InetAddress","method":"getAllByName0"},{"class":"java.net.InetAddress","method":"getAllByName"},{"class":"java.net.InetAddress","method":"getAllByName"},{"class":"java.net.InetAddress","method":"getByName"},{"class":"io.netty.util.internal.SocketUtils$8","method":"run","line":156},{"class":"io.netty.util.internal.SocketUtils$8","method":"run","line":153},{"class":"java.security.AccessController","method":"doPrivileged"},{"class":"io.netty.util.internal.SocketUtils","method":"addressByName","line":153},{"class":"io.netty.resolver.DefaultNameResolver","method":"doResolve","line":41},{"class":"io.netty.resolver.SimpleNameResolver","method":"resolve","line":61},{"class":"io.netty.resolver.SimpleNameResolver","method":"resolve","line":53},{"class":"io.netty.resolver.InetSocketAddressResolver","method":"doResolve","line":55},{"class":"io.netty.resolver.InetSocketAddressResolver","method":"doResolve","line":31},{"class":"io.netty.resolver.AbstractAddressResolver","method":"resolve","line":106},{"class":"io.netty.bootstrap.Bootstrap","method":"doResolveAndConnect0","line":206},{"class":"io.netty.bootstrap.Bootstrap","method":"access$000","line":46},{"class":"io.netty.bootstrap.Bootstrap$1","method":"operationComplete","line":180},{"class":"io.netty.bootstrap.Bootstrap$1","method":"operationComplete","line":166},{"class":"io.netty.util.concurrent.DefaultPromise","method":"notifyListener0","line":590},{"class":"io.netty.util.concurrent.DefaultPromise","method":"notifyListenersNow","line":557},{"class":"io.netty.util.concurrent.DefaultPromise","method":"notifyListeners","line":492},{"class":"io.netty.util.concurrent.DefaultPromise","method":"setValue0","line":636},{"class":"io.netty.util.concurrent.DefaultPromise","method":"setSuccess0","line":625},{"class":"io.netty.util.concurrent.DefaultPromise","method":"trySuccess","line":105},{"class":"io.netty.channel.DefaultChannelPromise","method":"trySuccess","line":84},{"class":"io.netty.channel.AbstractChannel$AbstractUnsafe","method":"safeSetSuccess","line":990},{"class":"io.netty.channel.AbstractChannel$AbstractUnsafe","method":"register0","line":516},{"class":"io.netty.channel.AbstractChannel$AbstractUnsafe","method":"access$200","line":429},{"class":"io.netty.channel.AbstractChannel$AbstractUnsafe$1","method":"run","line":486},{"class":"io.netty.util.concurrent.AbstractEventExecutor","method":"runTask","line":174},{"class":"io.netty.util.concurrent.AbstractEventExecutor","method":"safeExecute","line":167},{"class":"io.netty.util.concurrent.SingleThreadEventExecutor","method":"runAllTasks","line":470},{"class":"io.netty.channel.epoll.EpollEventLoop","method":"run","line":403},{"class":"io.netty.util.concurrent.SingleThreadEventExecutor$4","method":"run","line":997},{"class":"io.netty.util.internal.ThreadExecutorMap$2","method":"run","line":74},{"class":"org.apache.activemq.artemis.utils.ActiveMQThreadFactory$1","method":"run","line":118}]}}
{"timestamp":"2023-11-21T14:30:24.391Z","sequence":376,"loggerClassName":"org.jboss.logging.Logger","loggerName":"com.knime.enterprise.cloud.service.catalog.accounts.consumer.AbstractEventConsumer","level":"WARN","message":"Could not connect to Artemis: Failed to create session factory. Trying again in 500 ms","threadName":"main","threadId":1,"mdc":{},"ndc":"","hostName":"catalog-service-59ff94bfc4-45jr2","processName":"quarkus-run.jar","processId":1}
{"timestamp":"2023-11-21T14:30:24.891Z","sequence":377,"loggerClassName":"org.jboss.logging.Logger","loggerName":"com.knime.enterprise.cloud.service.catalog.accounts.consumer.AbstractEventConsumer","level":"INFO","message":"Attempting (8 of 10) to connect to Artemis at: tcp://activemq-artemis.knime.svc.cluster.local:61616?reconnectAttempts=-1","threadName":"main","threadId":1,"mdc":{},"ndc":"","hostName":"catalog-service-59ff94bfc4-45jr2","processName":"quarkus-run.jar","processId":1}
{"timestamp":"2023-11-21T14:30:24.893Z","sequence":378,"loggerClassName":"org.slf4j.impl.Slf4jLogger","loggerName":"org.apache.activemq.artemis.core.client","level":"ERROR","message":"AMQ214016: Failed to create netty connection","threadName":"main","threadId":1,"mdc":{},"ndc":"","hostName":"catalog-service-59ff94bfc4-45jr2","processName":"quarkus-run.jar","processId":1,"exception":{"refId":1,"exceptionType":"java.net.UnknownHostException","message":"activemq-artemis.knime.svc.cluster.local","frames":[{"class":"java.net.InetAddress$CachedAddresses","method":"get"},{"class":"java.net.InetAddress","method":"getAllByName0"},{"class":"java.net.InetAddress","method":"getAllByName"},{"class":"java.net.InetAddress","method":"getAllByName"},{"class":"java.net.InetAddress","method":"getByName"},{"class":"io.netty.util.internal.SocketUtils$8","method":"run","line":156},{"class":"io.netty.util.internal.SocketUtils$8","method":"run","line":153},{"class":"java.security.AccessController","method":"doPrivileged"},{"class":"io.netty.util.internal.SocketUtils","method":"addressByName","line":153},{"class":"io.netty.resolver.DefaultNameResolver","method":"doResolve","line":41},{"class":"io.netty.resolver.SimpleNameResolver","method":"resolve","line":61},{"class":"io.netty.resolver.SimpleNameResolver","method":"resolve","line":53},{"class":"io.netty.resolver.InetSocketAddressResolver","method":"doResolve","line":55},{"class":"io.netty.resolver.InetSocketAddressResolver","method":"doResolve","line":31},{"class":"io.netty.resolver.AbstractAddressResolver","method":"resolve","line":106},{"class":"io.netty.bootstrap.Bootstrap","method":"doResolveAndConnect0","line":206},{"class":"io.netty.bootstrap.Bootstrap","method":"access$000","line":46},{"class":"io.netty.bootstrap.Bootstrap$1","method":"operationComplete","line":180},{"class":"io.netty.bootstrap.Bootstrap$1","method":"operationComplete","line":166},{"class":"io.netty.util.concurrent.DefaultPromise","method":"notifyListener0","line":590},{"class":"io.netty.util.concurrent.DefaultPromise","method":"notifyListenersNow","line":557},{"class":"io.netty.util.concurrent.DefaultPromise","method":"notifyListeners","line":492},{"class":"io.netty.util.concurrent.DefaultPromise","method":"setValue0","line":636},{"class":"io.netty.util.concurrent.DefaultPromise","method":"setSuccess0","line":625},{"class":"io.netty.util.concurrent.DefaultPromise","method":"trySuccess","line":105},{"class":"io.netty.channel.DefaultChannelPromise","method":"trySuccess","line":84},{"class":"io.netty.channel.AbstractChannel$AbstractUnsafe","method":"safeSetSuccess","line":990},{"class":"io.netty.channel.AbstractChannel$AbstractUnsafe","method":"register0","line":516},{"class":"io.netty.channel.AbstractChannel$AbstractUnsafe","method":"access$200","line":429},{"class":"io.netty.channel.AbstractChannel$AbstractUnsafe$1","method":"run","line":486},{"class":"io.netty.util.concurrent.AbstractEventExecutor","method":"runTask","line":174},{"class":"io.netty.util.concurrent.AbstractEventExecutor","method":"safeExecute","line":167},{"class":"io.netty.util.concurrent.SingleThreadEventExecutor","method":"runAllTasks","line":470},{"class":"io.netty.channel.epoll.EpollEventLoop","method":"run","line":403},{"class":"io.netty.util.concurrent.SingleThreadEventExecutor$4","method":"run","line":997},{"class":"io.netty.util.internal.ThreadExecutorMap$2","method":"run","line":74},{"class":"org.apache.activemq.artemis.utils.ActiveMQThreadFactory$1","method":"run","line":118}]}}
{"timestamp":"2023-11-21T14:30:24.894Z","sequence":379,"loggerClassName":"org.jboss.logging.Logger","loggerName":"com.knime.enterprise.cloud.service.catalog.accounts.consumer.AbstractEventConsumer","level":"WARN","message":"Could not connect to Artemis: Failed to create session factory. Trying again in 500 ms","threadName":"main","threadId":1,"mdc":{},"ndc":"","hostName":"catalog-service-59ff94bfc4-45jr2","processName":"quarkus-run.jar","processId":1}
{"timestamp":"2023-11-21T14:30:25.394Z","sequence":380,"loggerClassName":"org.jboss.logging.Logger","loggerName":"com.knime.enterprise.cloud.service.catalog.accounts.consumer.AbstractEventConsumer","level":"INFO","message":"Attempting (9 of 10) to connect to Artemis at: tcp://activemq-artemis.knime.svc.cluster.local:61616?reconnectAttempts=-1","threadName":"main","threadId":1,"mdc":{},"ndc":"","hostName":"catalog-service-59ff94bfc4-45jr2","processName":"quarkus-run.jar","processId":1}
{"timestamp":"2023-11-21T14:30:25.397Z","sequence":381,"loggerClassName":"org.slf4j.impl.Slf4jLogger","loggerName":"org.apache.activemq.artemis.core.client","level":"ERROR","message":"AMQ214016: Failed to create netty connection","threadName":"main","threadId":1,"mdc":{},"ndc":"","hostName":"catalog-service-59ff94bfc4-45jr2","processName":"quarkus-run.jar","processId":1,"exception":{"refId":1,"exceptionType":"java.net.UnknownHostException","message":"activemq-artemis.knime.svc.cluster.local","frames":[{"class":"java.net.InetAddress$CachedAddresses","method":"get"},{"class":"java.net.InetAddress","method":"getAllByName0"},{"class":"java.net.InetAddress","method":"getAllByName"},{"class":"java.net.InetAddress","method":"getAllByName"},{"class":"java.net.InetAddress","method":"getByName"},{"class":"io.netty.util.internal.SocketUtils$8","method":"run","line":156},{"class":"io.netty.util.internal.SocketUtils$8","method":"run","line":153},{"class":"java.security.AccessController","method":"doPrivileged"},{"class":"io.netty.util.internal.SocketUtils","method":"addressByName","line":153},{"class":"io.netty.resolver.DefaultNameResolver","method":"doResolve","line":41},{"class":"io.netty.resolver.SimpleNameResolver","method":"resolve","line":61},{"class":"io.netty.resolver.SimpleNameResolver","method":"resolve","line":53},{"class":"io.netty.resolver.InetSocketAddressResolver","method":"doResolve","line":55},{"class":"io.netty.resolver.InetSocketAddressResolver","method":"doResolve","line":31},{"class":"io.netty.resolver.AbstractAddressResolver","method":"resolve","line":106},{"class":"io.netty.bootstrap.Bootstrap","method":"doResolveAndConnect0","line":206},{"class":"io.netty.bootstrap.Bootstrap","method":"access$000","line":46},{"class":"io.netty.bootstrap.Bootstrap$1","method":"operationComplete","line":180},{"class":"io.netty.bootstrap.Bootstrap$1","method":"operationComplete","line":166},{"class":"io.netty.util.concurrent.DefaultPromise","method":"notifyListener0","line":590},{"class":"io.netty.util.concurrent.DefaultPromise","method":"notifyListenersNow","line":557},{"class":"io.netty.util.concurrent.DefaultPromise","method":"notifyListeners","line":492},{"class":"io.netty.util.concurrent.DefaultPromise","method":"setValue0","line":636},{"class":"io.netty.util.concurrent.DefaultPromise","method":"setSuccess0","line":625},{"class":"io.netty.util.concurrent.DefaultPromise","method":"trySuccess","line":105},{"class":"io.netty.channel.DefaultChannelPromise","method":"trySuccess","line":84},{"class":"io.netty.channel.AbstractChannel$AbstractUnsafe","method":"safeSetSuccess","line":990},{"class":"io.netty.channel.AbstractChannel$AbstractUnsafe","method":"register0","line":516},{"class":"io.netty.channel.AbstractChannel$AbstractUnsafe","method":"access$200","line":429},{"class":"io.netty.channel.AbstractChannel$AbstractUnsafe$1","method":"run","line":486},{"class":"io.netty.util.concurrent.AbstractEventExecutor","method":"runTask","line":174},{"class":"io.netty.util.concurrent.AbstractEventExecutor","method":"safeExecute","line":167},{"class":"io.netty.util.concurrent.SingleThreadEventExecutor","method":"runAllTasks","line":470},{"class":"io.netty.channel.epoll.EpollEventLoop","method":"run","line":403},{"class":"io.netty.util.concurrent.SingleThreadEventExecutor$4","method":"run","line":997},{"class":"io.netty.util.internal.ThreadExecutorMap$2","method":"run","line":74},{"class":"org.apache.activemq.artemis.utils.ActiveMQThreadFactory$1","method":"run","line":118}]}}
{"timestamp":"2023-11-21T14:30:25.397Z","sequence":382,"loggerClassName":"org.jboss.logging.Logger","loggerName":"com.knime.enterprise.cloud.service.catalog.accounts.consumer.AbstractEventConsumer","level":"WARN","message":"Could not connect to Artemis: Failed to create session factory. Trying again in 500 ms","threadName":"main","threadId":1,"mdc":{},"ndc":"","hostName":"catalog-service-59ff94bfc4-45jr2","processName":"quarkus-run.jar","processId":1}
{"timestamp":"2023-11-21T14:30:25.898Z","sequence":383,"loggerClassName":"org.jboss.logging.Logger","loggerName":"com.knime.enterprise.cloud.service.catalog.accounts.consumer.AbstractEventConsumer","level":"INFO","message":"Attempting (10 of 10) to connect to Artemis at: tcp://activemq-artemis.knime.svc.cluster.local:61616?reconnectAttempts=-1","threadName":"main","threadId":1,"mdc":{},"ndc":"","hostName":"catalog-service-59ff94bfc4-45jr2","processName":"quarkus-run.jar","processId":1}
{"timestamp":"2023-11-21T14:30:25.904Z","sequence":384,"loggerClassName":"org.slf4j.impl.Slf4jLogger","loggerName":"org.apache.activemq.artemis.core.client","level":"ERROR","message":"AMQ214016: Failed to create netty connection","threadName":"main","threadId":1,"mdc":{},"ndc":"","hostName":"catalog-service-59ff94bfc4-45jr2","processName":"quarkus-run.jar","processId":1,"exception":{"refId":1,"exceptionType":"java.net.UnknownHostException","message":"activemq-artemis.knime.svc.cluster.local","frames":[{"class":"java.net.InetAddress$CachedAddresses","method":"get"},{"class":"java.net.InetAddress","method":"getAllByName0"},{"class":"java.net.InetAddress","method":"getAllByName"},{"class":"java.net.InetAddress","method":"getAllByName"},{"class":"java.net.InetAddress","method":"getByName"},{"class":"io.netty.util.internal.SocketUtils$8","method":"run","line":156},{"class":"io.netty.util.internal.SocketUtils$8","method":"run","line":153},{"class":"java.security.AccessController","method":"doPrivileged"},{"class":"io.netty.util.internal.SocketUtils","method":"addressByName","line":153},{"class":"io.netty.resolver.DefaultNameResolver","method":"doResolve","line":41},{"class":"io.netty.resolver.SimpleNameResolver","method":"resolve","line":61},{"class":"io.netty.resolver.SimpleNameResolver","method":"resolve","line":53},{"class":"io.netty.resolver.InetSocketAddressResolver","method":"doResolve","line":55},{"class":"io.netty.resolver.InetSocketAddressResolver","method":"doResolve","line":31},{"class":"io.netty.resolver.AbstractAddressResolver","method":"resolve","line":106},{"class":"io.netty.bootstrap.Bootstrap","method":"doResolveAndConnect0","line":206},{"class":"io.netty.bootstrap.Bootstrap","method":"access$000","line":46},{"class":"io.netty.bootstrap.Bootstrap$1","method":"operationComplete","line":180},{"class":"io.netty.bootstrap.Bootstrap$1","method":"operationComplete","line":166},{"class":"io.netty.util.concurrent.DefaultPromise","method":"notifyListener0","line":590},{"class":"io.netty.util.concurrent.DefaultPromise","method":"notifyListenersNow","line":557},{"class":"io.netty.util.concurrent.DefaultPromise","method":"notifyListeners","line":492},{"class":"io.netty.util.concurrent.DefaultPromise","method":"setValue0","line":636},{"class":"io.netty.util.concurrent.DefaultPromise","method":"setSuccess0","line":625},{"class":"io.netty.util.concurrent.DefaultPromise","method":"trySuccess","line":105},{"class":"io.netty.channel.DefaultChannelPromise","method":"trySuccess","line":84},{"class":"io.netty.channel.AbstractChannel$AbstractUnsafe","method":"safeSetSuccess","line":990},{"class":"io.netty.channel.AbstractChannel$AbstractUnsafe","method":"register0","line":516},{"class":"io.netty.channel.AbstractChannel$AbstractUnsafe","method":"access$200","line":429},{"class":"io.netty.channel.AbstractChannel$AbstractUnsafe$1","method":"run","line":486},{"class":"io.netty.util.concurrent.AbstractEventExecutor","method":"runTask","line":174},{"class":"io.netty.util.concurrent.AbstractEventExecutor","method":"safeExecute","line":167},{"class":"io.netty.util.concurrent.SingleThreadEventExecutor","method":"runAllTasks","line":470},{"class":"io.netty.channel.epoll.EpollEventLoop","method":"run","line":403},{"class":"io.netty.util.concurrent.SingleThreadEventExecutor$4","method":"run","line":997},{"class":"io.netty.util.internal.ThreadExecutorMap$2","method":"run","line":74},{"class":"org.apache.activemq.artemis.utils.ActiveMQThreadFactory$1","method":"run","line":118}]}}
{"timestamp":"2023-11-21T14:30:25.905Z","sequence":385,"loggerClassName":"org.jboss.logging.Logger","loggerName":"com.knime.enterprise.cloud.service.catalog.accounts.consumer.AbstractEventConsumer","level":"WARN","message":"Could not connect to Artemis: Failed to create session factory. Trying again in 500 ms","threadName":"main","threadId":1,"mdc":{},"ndc":"","hostName":"catalog-service-59ff94bfc4-45jr2","processName":"quarkus-run.jar","processId":1}
{"timestamp":"2023-11-21T14:30:26.405Z","sequence":386,"loggerClassName":"org.jboss.logging.Logger","loggerName":"com.knime.enterprise.cloud.service.catalog.accounts.consumer.AbstractEventConsumer","level":"ERROR","message":"Error while initializing Jms consumer: Failed to create session factory","threadName":"main","threadId":1,"mdc":{},"ndc":"","hostName":"catalog-service-59ff94bfc4-45jr2","processName":"quarkus-run.jar","processId":1,"exception":{"refId":1,"exceptionType":"jakarta.jms.JMSRuntimeException","message":"Failed to create session factory","frames":[{"class":"org.apache.activemq.artemis.jms.client.JmsExceptionUtils","method":"convertToRuntimeException","line":88},{"class":"org.apache.activemq.artemis.jms.client.ActiveMQConnectionFactory","method":"createContext","line":318},{"class":"com.knime.enterprise.cloud.service.catalog.accounts.consumer.AbstractEventConsumer","method":"initializeJmsContext","line":134},{"class":"com.knime.enterprise.cloud.service.catalog.accounts.consumer.AbstractEventConsumer","method":"onStart","line":74},{"class":"com.knime.enterprise.cloud.service.catalog.accounts.consumer.AbstractEventConsumer_Observer_onStart_5393d3695158c33e598d98f9c6604026b21e6856","method":"notify"},{"class":"io.quarkus.arc.impl.EventImpl$Notifier","method":"notifyObservers","line":346},{"class":"io.quarkus.arc.impl.EventImpl$Notifier","method":"notify","line":328},{"class":"io.quarkus.arc.impl.EventImpl","method":"fire","line":82},{"class":"io.quarkus.arc.runtime.ArcRecorder","method":"fireLifecycleEvent","line":155},{"class":"io.quarkus.arc.runtime.ArcRecorder","method":"handleLifecycleEvents","line":106},{"class":"io.quarkus.deployment.steps.LifecycleEventsBuildStep$startupEvent1144526294","method":"deploy_0"},{"class":"io.quarkus.deployment.steps.LifecycleEventsBuildStep$startupEvent1144526294","method":"deploy"},{"class":"io.quarkus.runner.ApplicationImpl","method":"doStart"},{"class":"io.quarkus.runtime.Application","method":"start","line":101},{"class":"io.quarkus.runtime.ApplicationLifecycleManager","method":"run","line":111},{"class":"io.quarkus.runtime.Quarkus","method":"run","line":71},{"class":"io.quarkus.runtime.Quarkus","method":"run","line":44},{"class":"io.quarkus.runtime.Quarkus","method":"run","line":124},{"class":"io.quarkus.runner.GeneratedMain","method":"main"},{"class":"jdk.internal.reflect.NativeMethodAccessorImpl","method":"invoke0"},{"class":"jdk.internal.reflect.NativeMethodAccessorImpl","method":"invoke"},{"class":"jdk.internal.reflect.DelegatingMethodAccessorImpl","method":"invoke"},{"class":"java.lang.reflect.Method","method":"invoke"},{"class":"io.quarkus.bootstrap.runner.QuarkusEntryPoint","method":"doRun","line":61},{"class":"io.quarkus.bootstrap.runner.QuarkusEntryPoint","method":"main","line":32}],"causedBy":{"exception":{"refId":2,"exceptionType":"jakarta.jms.JMSException","message":"Failed to create session factory","frames":[{"class":"org.apache.activemq.artemis.jms.client.ActiveMQConnectionFactory","method":"createConnectionInternal","line":897},{"class":"org.apache.activemq.artemis.jms.client.ActiveMQConnectionFactory","method":"createContext","line":313},{"class":"com.knime.enterprise.cloud.service.catalog.accounts.consumer.AbstractEventConsumer","method":"initializeJmsContext","line":134},{"class":"com.knime.enterprise.cloud.service.catalog.accounts.consumer.AbstractEventConsumer","method":"onStart","line":74},{"class":"com.knime.enterprise.cloud.service.catalog.accounts.consumer.AbstractEventConsumer_Observer_onStart_5393d3695158c33e598d98f9c6604026b21e6856","method":"notify"},{"class":"io.quarkus.arc.impl.EventImpl$Notifier","method":"notifyObservers","line":346},{"class":"io.quarkus.arc.impl.EventImpl$Notifier","method":"notify","line":328},{"class":"io.quarkus.arc.impl.EventImpl","method":"fire","line":82},{"class":"io.quarkus.arc.runtime.ArcRecorder","method":"fireLifecycleEvent","line":155},{"class":"io.quarkus.arc.runtime.ArcRecorder","method":"handleLifecycleEvents","line":106},{"class":"io.quarkus.deployment.steps.LifecycleEventsBuildStep$startupEvent1144526294","method":"deploy_0"},{"class":"io.quarkus.deployment.steps.LifecycleEventsBuildStep$startupEvent1144526294","method":"deploy"},{"class":"io.quarkus.runner.ApplicationImpl","method":"doStart"},{"class":"io.quarkus.runtime.Application","method":"start","line":101},{"class":"io.quarkus.runtime.ApplicationLifecycleManager","method":"run","line":111},{"class":"io.quarkus.runtime.Quarkus","method":"run","line":71},{"class":"io.quarkus.runtime.Quarkus","method":"run","line":44},{"class":"io.quarkus.runtime.Quarkus","method":"run","line":124},{"class":"io.quarkus.runner.GeneratedMain","method":"main"},{"class":"jdk.internal.reflect.NativeMethodAccessorImpl","method":"invoke0"},{"class":"jdk.internal.reflect.NativeMethodAccessorImpl","method":"invoke"},{"class":"jdk.internal.reflect.DelegatingMethodAccessorImpl","method":"invoke"},{"class":"java.lang.reflect.Method","method":"invoke"},{"class":"io.quarkus.bootstrap.runner.QuarkusEntryPoint","method":"doRun","line":61},{"class":"io.quarkus.bootstrap.runner.QuarkusEntryPoint","method":"main","line":32}],"causedBy":{"exception":{"refId":3,"exceptionType":"org.apache.activemq.artemis.api.core.ActiveMQNotConnectedException","message":"AMQ219007: Cannot connect to server(s). Tried with all available servers.","frames":[{"class":"org.apache.activemq.artemis.core.client.impl.ServerLocatorImpl","method":"createSessionFactory","line":726},{"class":"org.apache.activemq.artemis.jms.client.ActiveMQConnectionFactory","method":"createConnectionInternal","line":895},{"class":"org.apache.activemq.artemis.jms.client.ActiveMQConnectionFactory","method":"createContext","line":313},{"class":"com.knime.enterprise.cloud.service.catalog.accounts.consumer.AbstractEventConsumer","method":"initializeJmsContext","line":134},{"class":"com.knime.enterprise.cloud.service.catalog.accounts.consumer.AbstractEventConsumer","method":"onStart","line":74},{"class":"com.knime.enterprise.cloud.service.catalog.accounts.consumer.AbstractEventConsumer_Observer_onStart_5393d3695158c33e598d98f9c6604026b21e6856","method":"notify"},{"class":"io.quarkus.arc.impl.EventImpl$Notifier","method":"notifyObservers","line":346},{"class":"io.quarkus.arc.impl.EventImpl$Notifier","method":"notify","line":328},{"class":"io.quarkus.arc.impl.EventImpl","method":"fire","line":82},{"class":"io.quarkus.arc.runtime.ArcRecorder","method":"fireLifecycleEvent","line":155},{"class":"io.quarkus.arc.runtime.ArcRecorder","method":"handleLifecycleEvents","line":106},{"class":"io.quarkus.deployment.steps.LifecycleEventsBuildStep$startupEvent1144526294","method":"deploy_0"},{"class":"io.quarkus.deployment.steps.LifecycleEventsBuildStep$startupEvent1144526294","method":"deploy"},{"class":"io.quarkus.runner.ApplicationImpl","method":"doStart"},{"class":"io.quarkus.runtime.Application","method":"start","line":101},{"class":"io.quarkus.runtime.ApplicationLifecycleManager","method":"run","line":111},{"class":"io.quarkus.runtime.Quarkus","method":"run","line":71},{"class":"io.quarkus.runtime.Quarkus","method":"run","line":44},{"class":"io.quarkus.runtime.Quarkus","method":"run","line":124},{"class":"io.quarkus.runner.GeneratedMain","method":"main"},{"class":"jdk.internal.reflect.NativeMethodAccessorImpl","method":"invoke0"},{"class":"jdk.internal.reflect.NativeMethodAccessorImpl","method":"invoke"},{"class":"jdk.internal.reflect.DelegatingMethodAccessorImpl","method":"invoke"},{"class":"java.lang.reflect.Method","method":"invoke"},{"class":"io.quarkus.bootstrap.runner.QuarkusEntryPoint","method":"doRun","line":61},{"class":"io.quarkus.bootstrap.runner.QuarkusEntryPoint","method":"main","line":32}]}}}}}}
{"timestamp":"2023-11-21T14:30:26.407Z","sequence":387,"loggerClassName":"org.jboss.logging.Logger","loggerName":"com.knime.enterprise.cloud.service.catalog.app.license.LicenseHandler","level":"INFO","message":"License file /var/licenses/hub-license.xml modified. Applying change.","threadName":"main","threadId":1,"mdc":{},"ndc":"","hostName":"catalog-service-59ff94bfc4-45jr2","processName":"quarkus-run.jar","processId":1}
{"timestamp":"2023-11-21T14:30:26.407Z","sequence":388,"loggerClassName":"org.jboss.logging.Logger","loggerName":"com.knime.enterprise.cloud.service.catalog.app.license.LicenseHandler","level":"INFO","message":"Reading licenses from /var/licenses/hub-license.xml","threadName":"main","threadId":1,"mdc":{},"ndc":"","hostName":"catalog-service-59ff94bfc4-45jr2","processName":"quarkus-run.jar","processId":1}
{"timestamp":"2023-11-21T14:30:26.558Z","sequence":389,"loggerClassName":"org.jboss.logging.Logger","loggerName":"com.knime.enterprise.cloud.service.catalog.app.license.LicenseHandler","level":"INFO","message":"Found license for KNIME Business Hub Enterprise (valid until 2023-12-20)","threadName":"main","threadId":1,"mdc":{},"ndc":"","hostName":"catalog-service-59ff94bfc4-45jr2","processName":"quarkus-run.jar","processId":1}
{"timestamp":"2023-11-21T14:30:26.56Z","sequence":390,"loggerClassName":"org.jboss.logging.Logger","loggerName":"com.knime.enterprise.cloud.service.catalog.app.license.LicenseHandler","level":"INFO","message":"Processing license(s)...\nFound 1 license(s):\n- KNIME Business Hub Enterprise\nFeatures: \n- (enabled) Anonymous browsing \n- (disabled) Spaces in user accounts \n- (enabled) Hub Collection management \nEnabling/disabling license dependent features according to processed HUB license(s).","threadName":"main","threadId":1,"mdc":{},"ndc":"","hostName":"catalog-service-59ff94bfc4-45jr2","processName":"quarkus-run.jar","processId":1}
ERROR StatusLogger Log4j2 could not find a logging implementation. Please add log4j-core to the classpath. Using SimpleLogger to log to the console...
{"timestamp":"2023-11-21T14:30:26.78Z","sequence":391,"loggerClassName":"org.jboss.logging.Logger","loggerName":"com.knime.enterprise.cloud.service.catalog.app.BackingServiceConnectionProducer","level":"ERROR","message":"Error while setting up database: Unable to obtain connection from database (jdbc:postgresql://knime-postgres-cluster.knime.svc.cluster.local:5432/knime?user=knime&password=********&readOnly=false) for user 'null': Connection to knime-postgres-cluster.knime.svc.cluster.local:5432 refused. Check that the hostname and port are correct and that the postmaster is accepting TCP/IP connections.\n---------------------------------------------------------------------------------------------------------------------------------------------------------------------------------------------------------------------------------------------------------------------------------------------------------------------------------------------------------------------\nSQL State  : 08001\nError Code : 0\nMessage    : Connection to knime-postgres-cluster.knime.svc.cluster.local:5432 refused. Check that the hostname and port are correct and that the postmaster is accepting TCP/IP connections.\n","threadName":"main","threadId":1,"mdc":{},"ndc":"","hostName":"catalog-service-59ff94bfc4-45jr2","processName":"quarkus-run.jar","processId":1,"exception":{"refId":1,"exceptionType":"org.flywaydb.core.internal.exception.FlywaySqlException","message":"Unable to obtain connection from database (jdbc:postgresql://knime-postgres-cluster.knime.svc.cluster.local:5432/knime?user=knime&password=********&readOnly=false) for user 'null': Connection to knime-postgres-cluster.knime.svc.cluster.local:5432 refused. Check that the hostname and port are correct and that the postmaster is accepting TCP/IP connections.\n---------------------------------------------------------------------------------------------------------------------------------------------------------------------------------------------------------------------------------------------------------------------------------------------------------------------------------------------------------------------\nSQL State  : 08001\nError Code : 0\nMessage    : Connection to knime-postgres-cluster.knime.svc.cluster.local:5432 refused. Check that the hostname and port are correct and that the postmaster is accepting TCP/IP connections.\n","frames":[{"class":"org.flywaydb.core.internal.jdbc.JdbcUtils","method":"openConnection","line":60},{"class":"org.flywaydb.core.internal.jdbc.JdbcConnectionFactory","method":"<init>","line":74},{"class":"org.flywaydb.core.FlywayExecutor","method":"execute","line":140},{"class":"org.flywaydb.core.Flyway","method":"migrate","line":140},{"class":"com.knime.enterprise.cloud.service.catalog.app.BackingServiceConnectionProducer","method":"setupDatabase","line":277},{"class":"com.knime.enterprise.cloud.service.catalog.app.BackingServiceConnectionProducer","method":"createClients","line":112},{"class":"com.knime.enterprise.cloud.service.catalog.app.BackingServiceConnectionProducer_Bean","method":"doCreate"},{"class":"com.knime.enterprise.cloud.service.catalog.app.BackingServiceConnectionProducer_Bean","method":"create"},{"class":"com.knime.enterprise.cloud.service.catalog.app.BackingServiceConnectionProducer_Bean","method":"create"},{"class":"io.quarkus.arc.impl.AbstractSharedContext","method":"createInstanceHandle","line":113},{"class":"io.quarkus.arc.impl.AbstractSharedContext$1","method":"get","line":37},{"class":"io.quarkus.arc.impl.AbstractSharedContext$1","method":"get","line":34},{"class":"io.quarkus.arc.impl.LazyValue","method":"get","line":26},{"class":"io.quarkus.arc.impl.ComputingCache","method":"computeIfAbsent","line":69},{"class":"io.quarkus.arc.impl.AbstractSharedContext","method":"get","line":34},{"class":"io.quarkus.arc.impl.ClientProxies","method":"getApplicationScopedDelegate","line":21},{"class":"com.knime.enterprise.cloud.service.catalog.app.BackingServiceConnectionProducer_ClientProxy","method":"arc$delegate"},{"class":"com.knime.enterprise.cloud.service.catalog.app.BackingServiceConnectionProducer_ClientProxy","method":"arc_contextualInstance"},{"class":"com.knime.enterprise.cloud.service.catalog.app.BackingServiceConnectionProducer_Observer_Synthetic_500213d5abff31268a6e40ce83d19b1a46e53c7b","method":"notify"},{"class":"io.quarkus.arc.impl.EventImpl$Notifier","method":"notifyObservers","line":346},{"class":"io.quarkus.arc.impl.EventImpl$Notifier","method":"notify","line":328},{"class":"io.quarkus.arc.impl.EventImpl","method":"fire","line":82},{"class":"io.quarkus.arc.runtime.ArcRecorder","method":"fireLifecycleEvent","line":155},{"class":"io.quarkus.arc.runtime.ArcRecorder","method":"handleLifecycleEvents","line":106},{"class":"io.quarkus.deployment.steps.LifecycleEventsBuildStep$startupEvent1144526294","method":"deploy_0"},{"class":"io.quarkus.deployment.steps.LifecycleEventsBuildStep$startupEvent1144526294","method":"deploy"},{"class":"io.quarkus.runner.ApplicationImpl","method":"doStart"},{"class":"io.quarkus.runtime.Application","method":"start","line":101},{"class":"io.quarkus.runtime.ApplicationLifecycleManager","method":"run","line":111},{"class":"io.quarkus.runtime.Quarkus","method":"run","line":71},{"class":"io.quarkus.runtime.Quarkus","method":"run","line":44},{"class":"io.quarkus.runtime.Quarkus","method":"run","line":124},{"class":"io.quarkus.runner.GeneratedMain","method":"main"},{"class":"jdk.internal.reflect.NativeMethodAccessorImpl","method":"invoke0"},{"class":"jdk.internal.reflect.NativeMethodAccessorImpl","method":"invoke"},{"class":"jdk.internal.reflect.DelegatingMethodAccessorImpl","method":"invoke"},{"class":"java.lang.reflect.Method","method":"invoke"},{"class":"io.quarkus.bootstrap.runner.QuarkusEntryPoint","method":"doRun","line":61},{"class":"io.quarkus.bootstrap.runner.QuarkusEntryPoint","method":"main","line":32}],"causedBy":{"exception":{"refId":2,"exceptionType":"org.postgresql.util.PSQLException","message":"Connection to knime-postgres-cluster.knime.svc.cluster.local:5432 refused. Check that the hostname and port are correct and that the postmaster is accepting TCP/IP connections.","frames":[{"class":"org.postgresql.core.v3.ConnectionFactoryImpl","method":"openConnectionImpl","line":342},{"class":"org.postgresql.core.ConnectionFactory","method":"openConnection","line":54},{"class":"org.postgresql.jdbc.PgConnection","method":"<init>","line":263},{"class":"org.postgresql.Driver","method":"makeConnection","line":443},{"class":"org.postgresql.Driver","method":"connect","line":297},{"class":"org.flywaydb.core.internal.jdbc.DriverDataSource","method":"getConnectionFromDriver","line":258},{"class":"org.flywaydb.core.internal.jdbc.DriverDataSource","method":"getConnection","line":223},{"class":"org.flywaydb.core.internal.jdbc.JdbcUtils","method":"openConnection","line":48},{"class":"org.flywaydb.core.internal.jdbc.JdbcConnectionFactory","method":"<init>","line":74},{"class":"org.flywaydb.core.FlywayExecutor","method":"execute","line":140},{"class":"org.flywaydb.core.Flyway","method":"migrate","line":140},{"class":"com.knime.enterprise.cloud.service.catalog.app.BackingServiceConnectionProducer","method":"setupDatabase","line":277},{"class":"com.knime.enterprise.cloud.service.catalog.app.BackingServiceConnectionProducer","method":"createClients","line":112},{"class":"com.knime.enterprise.cloud.service.catalog.app.BackingServiceConnectionProducer_Bean","method":"doCreate"},{"class":"com.knime.enterprise.cloud.service.catalog.app.BackingServiceConnectionProducer_Bean","method":"create"},{"class":"com.knime.enterprise.cloud.service.catalog.app.BackingServiceConnectionProducer_Bean","method":"create"},{"class":"io.quarkus.arc.impl.AbstractSharedContext","method":"createInstanceHandle","line":113},{"class":"io.quarkus.arc.impl.AbstractSharedContext$1","method":"get","line":37},{"class":"io.quarkus.arc.impl.AbstractSharedContext$1","method":"get","line":34},{"class":"io.quarkus.arc.impl.LazyValue","method":"get","line":26},{"class":"io.quarkus.arc.impl.ComputingCache","method":"computeIfAbsent","line":69},{"class":"io.quarkus.arc.impl.AbstractSharedContext","method":"get","line":34},{"class":"io.quarkus.arc.impl.ClientProxies","method":"getApplicationScopedDelegate","line":21},{"class":"com.knime.enterprise.cloud.service.catalog.app.BackingServiceConnectionProducer_ClientProxy","method":"arc$delegate"},{"class":"com.knime.enterprise.cloud.service.catalog.app.BackingServiceConnectionProducer_ClientProxy","method":"arc_contextualInstance"},{"class":"com.knime.enterprise.cloud.service.catalog.app.BackingServiceConnectionProducer_Observer_Synthetic_500213d5abff31268a6e40ce83d19b1a46e53c7b","method":"notify"},{"class":"io.quarkus.arc.impl.EventImpl$Notifier","method":"notifyObservers","line":346},{"class":"io.quarkus.arc.impl.EventImpl$Notifier","method":"notify","line":328},{"class":"io.quarkus.arc.impl.EventImpl","method":"fire","line":82},{"class":"io.quarkus.arc.runtime.ArcRecorder","method":"fireLifecycleEvent","line":155},{"class":"io.quarkus.arc.runtime.ArcRecorder","method":"handleLifecycleEvents","line":106},{"class":"io.quarkus.deployment.steps.LifecycleEventsBuildStep$startupEvent1144526294","method":"deploy_0"},{"class":"io.quarkus.deployment.steps.LifecycleEventsBuildStep$startupEvent1144526294","method":"deploy"},{"class":"io.quarkus.runner.ApplicationImpl","method":"doStart"},{"class":"io.quarkus.runtime.Application","method":"start","line":101},{"class":"io.quarkus.runtime.ApplicationLifecycleManager","method":"run","line":111},{"class":"io.quarkus.runtime.Quarkus","method":"run","line":71},{"class":"io.quarkus.runtime.Quarkus","method":"run","line":44},{"class":"io.quarkus.runtime.Quarkus","method":"run","line":124},{"class":"io.quarkus.runner.GeneratedMain","method":"main"},{"class":"jdk.internal.reflect.NativeMethodAccessorImpl","method":"invoke0"},{"class":"jdk.internal.reflect.NativeMethodAccessorImpl","method":"invoke"},{"class":"jdk.internal.reflect.DelegatingMethodAccessorImpl","method":"invoke"},{"class":"java.lang.reflect.Method","method":"invoke"},{"class":"io.quarkus.bootstrap.runner.QuarkusEntryPoint","method":"doRun","line":61},{"class":"io.quarkus.bootstrap.runner.QuarkusEntryPoint","method":"main","line":32}],"causedBy":{"exception":{"refId":3,"exceptionType":"java.net.ConnectException","message":"Connection refused","frames":[{"class":"sun.nio.ch.Net","method":"pollConnect"},{"class":"sun.nio.ch.Net","method":"pollConnectNow"},{"class":"sun.nio.ch.NioSocketImpl","method":"timedFinishConnect"},{"class":"sun.nio.ch.NioSocketImpl","method":"connect"},{"class":"java.net.SocksSocketImpl","method":"connect"},{"class":"java.net.Socket","method":"connect"},{"class":"org.postgresql.core.PGStream","method":"createSocket","line":243},{"class":"org.postgresql.core.PGStream","method":"<init>","line":98},{"class":"org.postgresql.core.v3.ConnectionFactoryImpl","method":"tryConnect","line":132},{"class":"org.postgresql.core.v3.ConnectionFactoryImpl","method":"openConnectionImpl","line":258},{"class":"org.postgresql.core.ConnectionFactory","method":"openConnection","line":54},{"class":"org.postgresql.jdbc.PgConnection","method":"<init>","line":263},{"class":"org.postgresql.Driver","method":"makeConnection","line":443},{"class":"org.postgresql.Driver","method":"connect","line":297},{"class":"org.flywaydb.core.internal.jdbc.DriverDataSource","method":"getConnectionFromDriver","line":258},{"class":"org.flywaydb.core.internal.jdbc.DriverDataSource","method":"getConnection","line":223},{"class":"org.flywaydb.core.internal.jdbc.JdbcUtils","method":"openConnection","line":48},{"class":"org.flywaydb.core.internal.jdbc.JdbcConnectionFactory","method":"<init>","line":74},{"class":"org.flywaydb.core.FlywayExecutor","method":"execute","line":140},{"class":"org.flywaydb.core.Flyway","method":"migrate","line":140},{"class":"com.knime.enterprise.cloud.service.catalog.app.BackingServiceConnectionProducer","method":"setupDatabase","line":277},{"class":"com.knime.enterprise.cloud.service.catalog.app.BackingServiceConnectionProducer","method":"createClients","line":112},{"class":"com.knime.enterprise.cloud.service.catalog.app.BackingServiceConnectionProducer_Bean","method":"doCreate"},{"class":"com.knime.enterprise.cloud.service.catalog.app.BackingServiceConnectionProducer_Bean","method":"create"},{"class":"com.knime.enterprise.cloud.service.catalog.app.BackingServiceConnectionProducer_Bean","method":"create"},{"class":"io.quarkus.arc.impl.AbstractSharedContext","method":"createInstanceHandle","line":113},{"class":"io.quarkus.arc.impl.AbstractSharedContext$1","method":"get","line":37},{"class":"io.quarkus.arc.impl.AbstractSharedContext$1","method":"get","line":34},{"class":"io.quarkus.arc.impl.LazyValue","method":"get","line":26},{"class":"io.quarkus.arc.impl.ComputingCache","method":"computeIfAbsent","line":69},{"class":"io.quarkus.arc.impl.AbstractSharedContext","method":"get","line":34},{"class":"io.quarkus.arc.impl.ClientProxies","method":"getApplicationScopedDelegate","line":21},{"class":"com.knime.enterprise.cloud.service.catalog.app.BackingServiceConnectionProducer_ClientProxy","method":"arc$delegate"},{"class":"com.knime.enterprise.cloud.service.catalog.app.BackingServiceConnectionProducer_ClientProxy","method":"arc_contextualInstance"},{"class":"com.knime.enterprise.cloud.service.catalog.app.BackingServiceConnectionProducer_Observer_Synthetic_500213d5abff31268a6e40ce83d19b1a46e53c7b","method":"notify"},{"class":"io.quarkus.arc.impl.EventImpl$Notifier","method":"notifyObservers","line":346},{"class":"io.quarkus.arc.impl.EventImpl$Notifier","method":"notify","line":328},{"class":"io.quarkus.arc.impl.EventImpl","method":"fire","line":82},{"class":"io.quarkus.arc.runtime.ArcRecorder","method":"fireLifecycleEvent","line":155},{"class":"io.quarkus.arc.runtime.ArcRecorder","method":"handleLifecycleEvents","line":106},{"class":"io.quarkus.deployment.steps.LifecycleEventsBuildStep$startupEvent1144526294","method":"deploy_0"},{"class":"io.quarkus.deployment.steps.LifecycleEventsBuildStep$startupEvent1144526294","method":"deploy"},{"class":"io.quarkus.runner.ApplicationImpl","method":"doStart"},{"class":"io.quarkus.runtime.Application","method":"start","line":101},{"class":"io.quarkus.runtime.ApplicationLifecycleManager","method":"run","line":111},{"class":"io.quarkus.runtime.Quarkus","method":"run","line":71},{"class":"io.quarkus.runtime.Quarkus","method":"run","line":44},{"class":"io.quarkus.runtime.Quarkus","method":"run","line":124},{"class":"io.quarkus.runner.GeneratedMain","method":"main"},{"class":"jdk.internal.reflect.NativeMethodAccessorImpl","method":"invoke0"},{"class":"jdk.internal.reflect.NativeMethodAccessorImpl","method":"invoke"},{"class":"jdk.internal.reflect.DelegatingMethodAccessorImpl","method":"invoke"},{"class":"java.lang.reflect.Method","method":"invoke"},{"class":"io.quarkus.bootstrap.runner.QuarkusEntryPoint","method":"doRun","line":61},{"class":"io.quarkus.bootstrap.runner.QuarkusEntryPoint","method":"main","line":32}]}}}}}}
{"timestamp":"2023-11-21T14:30:26.783Z","sequence":392,"loggerClassName":"org.jboss.logging.Logger","loggerName":"com.knime.enterprise.cloud.service.catalog.db.EntityManagerUtil","level":"INFO","message":"Attempting to connect to datasource at: 'jdbc:postgresql://knime-postgres-cluster.knime.svc.cluster.local:5432/knime'","threadName":"main","threadId":1,"mdc":{},"ndc":"","hostName":"catalog-service-59ff94bfc4-45jr2","processName":"quarkus-run.jar","processId":1}
{"timestamp":"2023-11-21T14:30:26.964Z","sequence":393,"loggerClassName":"org.hibernate.internal.EntityManagerMessageLogger_$logger","loggerName":"org.hibernate.jpa.internal.util.LogHelper","level":"INFO","message":"HHH000204: Processing PersistenceUnitInfo [name: CatalogService]","threadName":"main","threadId":1,"mdc":{},"ndc":"","hostName":"catalog-service-59ff94bfc4-45jr2","processName":"quarkus-run.jar","processId":1}
{"timestamp":"2023-11-21T14:30:26.992Z","sequence":394,"loggerClassName":"org.hibernate.internal.CoreMessageLogger_$logger","loggerName":"org.hibernate.Version","level":"INFO","message":"HHH000412: Hibernate ORM core version 6.0.6.Final","threadName":"main","threadId":1,"mdc":{},"ndc":"","hostName":"catalog-service-59ff94bfc4-45jr2","processName":"quarkus-run.jar","processId":1}
{"timestamp":"2023-11-21T14:30:27.873Z","sequence":395,"loggerClassName":"org.hibernate.internal.CoreMessageLogger_$logger","loggerName":"org.hibernate.engine.jdbc.connections.internal.ConnectionProviderInitiator","level":"INFO","message":"HHH000130: Instantiating explicit connection provider: org.hibernate.hikaricp.internal.HikariCPConnectionProvider","threadName":"main","threadId":1,"mdc":{},"ndc":"","hostName":"catalog-service-59ff94bfc4-45jr2","processName":"quarkus-run.jar","processId":1}
{"timestamp":"2023-11-21T14:30:27.877Z","sequence":396,"loggerClassName":"org.slf4j.impl.Slf4jLogger","loggerName":"com.zaxxer.hikari.HikariDataSource","level":"INFO","message":"HikariPool-1 - Starting...","threadName":"main","threadId":1,"mdc":{},"ndc":"","hostName":"catalog-service-59ff94bfc4-45jr2","processName":"quarkus-run.jar","processId":1}
{"timestamp":"2023-11-21T14:30:28.884Z","sequence":397,"loggerClassName":"org.slf4j.impl.Slf4jLogger","loggerName":"com.zaxxer.hikari.pool.HikariPool","level":"ERROR","message":"HikariPool-1 - Exception during pool initialization.","threadName":"main","threadId":1,"mdc":{},"ndc":"","hostName":"catalog-service-59ff94bfc4-45jr2","processName":"quarkus-run.jar","processId":1,"exception":{"refId":1,"exceptionType":"org.postgresql.util.PSQLException","message":"Connection to knime-postgres-cluster.knime.svc.cluster.local:5432 refused. Check that the hostname and port are correct and that the postmaster is accepting TCP/IP connections.","frames":[{"class":"org.postgresql.core.v3.ConnectionFactoryImpl","method":"openConnectionImpl","line":342},{"class":"org.postgresql.core.ConnectionFactory","method":"openConnection","line":54},{"class":"org.postgresql.jdbc.PgConnection","method":"<init>","line":263},{"class":"org.postgresql.Driver","method":"makeConnection","line":443},{"class":"org.postgresql.Driver","method":"connect","line":297},{"class":"com.zaxxer.hikari.util.DriverDataSource","method":"getConnection","line":119},{"class":"com.zaxxer.hikari.pool.PoolBase","method":"newConnection","line":369},{"class":"com.zaxxer.hikari.pool.PoolBase","method":"newPoolEntry","line":198},{"class":"com.zaxxer.hikari.pool.HikariPool","method":"createPoolEntry","line":467},{"class":"com.zaxxer.hikari.pool.HikariPool","method":"checkFailFast","line":541},{"class":"com.zaxxer.hikari.pool.HikariPool","method":"<init>","line":115},{"class":"com.zaxxer.hikari.HikariDataSource","method":"<init>","line":81},{"class":"org.hibernate.hikaricp.internal.HikariCPConnectionProvider","method":"configure","line":59},{"class":"org.hibernate.boot.registry.internal.StandardServiceRegistryImpl","method":"configureService","line":107},{"class":"org.hibernate.service.internal.AbstractServiceRegistryImpl","method":"initializeService","line":246},{"class":"org.hibernate.service.internal.AbstractServiceRegistryImpl","method":"getService","line":214},{"class":"org.hibernate.engine.jdbc.env.internal.JdbcEnvironmentInitiator","method":"buildJdbcConnectionAccess","line":146},{"class":"org.hibernate.engine.jdbc.env.internal.JdbcEnvironmentInitiator","method":"initiateService","line":66},{"class":"org.hibernate.engine.jdbc.env.internal.JdbcEnvironmentInitiator","method":"initiateService","line":35},{"class":"org.hibernate.boot.registry.internal.StandardServiceRegistryImpl","method":"initiateService","line":101},{"class":"org.hibernate.service.internal.AbstractServiceRegistryImpl","method":"createService","line":263},{"class":"org.hibernate.service.internal.AbstractServiceRegistryImpl","method":"initializeService","line":237},{"class":"org.hibernate.service.internal.AbstractServiceRegistryImpl","method":"getService","line":214},{"class":"org.hibernate.id.factory.internal.DefaultIdentifierGeneratorFactory","method":"injectServices","line":175},{"class":"org.hibernate.service.internal.AbstractServiceRegistryImpl","method":"injectDependencies","line":286},{"class":"org.hibernate.service.internal.AbstractServiceRegistryImpl","method":"initializeService","line":243},{"class":"org.hibernate.service.internal.AbstractServiceRegistryImpl","method":"getService","line":214},{"class":"org.hibernate.boot.internal.InFlightMetadataCollectorImpl","method":"<init>","line":173},{"class":"org.hibernate.boot.model.process.spi.MetadataBuildingProcess","method":"complete","line":127},{"class":"org.hibernate.jpa.boot.internal.EntityManagerFactoryBuilderImpl","method":"metadata","line":1460},{"class":"org.hibernate.jpa.boot.internal.EntityManagerFactoryBuilderImpl","method":"build","line":1494},{"class":"org.hibernate.jpa.HibernatePersistenceProvider","method":"createEntityManagerFactory","line":56},{"class":"javax.persistence.Persistence","method":"createEntityManagerFactory","line":79},{"class":"com.knime.enterprise.cloud.service.catalog.db.EntityManagerUtil","method":"createEntityManagerFactory","line":85},{"class":"com.knime.enterprise.cloud.service.catalog.db.EntityManagerUtil","method":"createEntityManagerFactory","line":100},{"class":"com.knime.enterprise.cloud.service.catalog.app.BackingServiceConnectionProducer","method":"createClients","line":116},{"class":"com.knime.enterprise.cloud.service.catalog.app.BackingServiceConnectionProducer_Bean","method":"doCreate"},{"class":"com.knime.enterprise.cloud.service.catalog.app.BackingServiceConnectionProducer_Bean","method":"create"},{"class":"com.knime.enterprise.cloud.service.catalog.app.BackingServiceConnectionProducer_Bean","method":"create"},{"class":"io.quarkus.arc.impl.AbstractSharedContext","method":"createInstanceHandle","line":113},{"class":"io.quarkus.arc.impl.AbstractSharedContext$1","method":"get","line":37},{"class":"io.quarkus.arc.impl.AbstractSharedContext$1","method":"get","line":34},{"class":"io.quarkus.arc.impl.LazyValue","method":"get","line":26},{"class":"io.quarkus.arc.impl.ComputingCache","method":"computeIfAbsent","line":69},{"class":"io.quarkus.arc.impl.AbstractSharedContext","method":"get","line":34},{"class":"io.quarkus.arc.impl.ClientProxies","method":"getApplicationScopedDelegate","line":21},{"class":"com.knime.enterprise.cloud.service.catalog.app.BackingServiceConnectionProducer_ClientProxy","method":"arc$delegate"},{"class":"com.knime.enterprise.cloud.service.catalog.app.BackingServiceConnectionProducer_ClientProxy","method":"arc_contextualInstance"},{"class":"com.knime.enterprise.cloud.service.catalog.app.BackingServiceConnectionProducer_Observer_Synthetic_500213d5abff31268a6e40ce83d19b1a46e53c7b","method":"notify"},{"class":"io.quarkus.arc.impl.EventImpl$Notifier","method":"notifyObservers","line":346},{"class":"io.quarkus.arc.impl.EventImpl$Notifier","method":"notify","line":328},{"class":"io.quarkus.arc.impl.EventImpl","method":"fire","line":82},{"class":"io.quarkus.arc.runtime.ArcRecorder","method":"fireLifecycleEvent","line":155},{"class":"io.quarkus.arc.runtime.ArcRecorder","method":"handleLifecycleEvents","line":106},{"class":"io.quarkus.deployment.steps.LifecycleEventsBuildStep$startupEvent1144526294","method":"deploy_0"},{"class":"io.quarkus.deployment.steps.LifecycleEventsBuildStep$startupEvent1144526294","method":"deploy"},{"class":"io.quarkus.runner.ApplicationImpl","method":"doStart"},{"class":"io.quarkus.runtime.Application","method":"start","line":101},{"class":"io.quarkus.runtime.ApplicationLifecycleManager","method":"run","line":111},{"class":"io.quarkus.runtime.Quarkus","method":"run","line":71},{"class":"io.quarkus.runtime.Quarkus","method":"run","line":44},{"class":"io.quarkus.runtime.Quarkus","method":"run","line":124},{"class":"io.quarkus.runner.GeneratedMain","method":"main"},{"class":"jdk.internal.reflect.NativeMethodAccessorImpl","method":"invoke0"},{"class":"jdk.internal.reflect.NativeMethodAccessorImpl","method":"invoke"},{"class":"jdk.internal.reflect.DelegatingMethodAccessorImpl","method":"invoke"},{"class":"java.lang.reflect.Method","method":"invoke"},{"class":"io.quarkus.bootstrap.runner.QuarkusEntryPoint","method":"doRun","line":61},{"class":"io.quarkus.bootstrap.runner.QuarkusEntryPoint","method":"main","line":32}],"causedBy":{"exception":{"refId":2,"exceptionType":"java.net.ConnectException","message":"Connection refused","frames":[{"class":"sun.nio.ch.Net","method":"pollConnect"},{"class":"sun.nio.ch.Net","method":"pollConnectNow"},{"class":"sun.nio.ch.NioSocketImpl","method":"timedFinishConnect"},{"class":"sun.nio.ch.NioSocketImpl","method":"connect"},{"class":"java.net.SocksSocketImpl","method":"connect"},{"class":"java.net.Socket","method":"connect"},{"class":"org.postgresql.core.PGStream","method":"createSocket","line":243},{"class":"org.postgresql.core.PGStream","method":"<init>","line":98},{"class":"org.postgresql.core.v3.ConnectionFactoryImpl","method":"tryConnect","line":132},{"class":"org.postgresql.core.v3.ConnectionFactoryImpl","method":"openConnectionImpl","line":258},{"class":"org.postgresql.core.ConnectionFactory","method":"openConnection","line":54},{"class":"org.postgresql.jdbc.PgConnection","method":"<init>","line":263},{"class":"org.postgresql.Driver","method":"makeConnection","line":443},{"class":"org.postgresql.Driver","method":"connect","line":297},{"class":"com.zaxxer.hikari.util.DriverDataSource","method":"getConnection","line":119},{"class":"com.zaxxer.hikari.pool.PoolBase","method":"newConnection","line":369},{"class":"com.zaxxer.hikari.pool.PoolBase","method":"newPoolEntry","line":198},{"class":"com.zaxxer.hikari.pool.HikariPool","method":"createPoolEntry","line":467},{"class":"com.zaxxer.hikari.pool.HikariPool","method":"checkFailFast","line":541},{"class":"com.zaxxer.hikari.pool.HikariPool","method":"<init>","line":115},{"class":"com.zaxxer.hikari.HikariDataSource","method":"<init>","line":81},{"class":"org.hibernate.hikaricp.internal.HikariCPConnectionProvider","method":"configure","line":59},{"class":"org.hibernate.boot.registry.internal.StandardServiceRegistryImpl","method":"configureService","line":107},{"class":"org.hibernate.service.internal.AbstractServiceRegistryImpl","method":"initializeService","line":246},{"class":"org.hibernate.service.internal.AbstractServiceRegistryImpl","method":"getService","line":214},{"class":"org.hibernate.engine.jdbc.env.internal.JdbcEnvironmentInitiator","method":"buildJdbcConnectionAccess","line":146},{"class":"org.hibernate.engine.jdbc.env.internal.JdbcEnvironmentInitiator","method":"initiateService","line":66},{"class":"org.hibernate.engine.jdbc.env.internal.JdbcEnvironmentInitiator","method":"initiateService","line":35},{"class":"org.hibernate.boot.registry.internal.StandardServiceRegistryImpl","method":"initiateService","line":101},{"class":"org.hibernate.service.internal.AbstractServiceRegistryImpl","method":"createService","line":263},{"class":"org.hibernate.service.internal.AbstractServiceRegistryImpl","method":"initializeService","line":237},{"class":"org.hibernate.service.internal.AbstractServiceRegistryImpl","method":"getService","line":214},{"class":"org.hibernate.id.factory.internal.DefaultIdentifierGeneratorFactory","method":"injectServices","line":175},{"class":"org.hibernate.service.internal.AbstractServiceRegistryImpl","method":"injectDependencies","line":286},{"class":"org.hibernate.service.internal.AbstractServiceRegistryImpl","method":"initializeService","line":243},{"class":"org.hibernate.service.internal.AbstractServiceRegistryImpl","method":"getService","line":214},{"class":"org.hibernate.boot.internal.InFlightMetadataCollectorImpl","method":"<init>","line":173},{"class":"org.hibernate.boot.model.process.spi.MetadataBuildingProcess","method":"complete","line":127},{"class":"org.hibernate.jpa.boot.internal.EntityManagerFactoryBuilderImpl","method":"metadata","line":1460},{"class":"org.hibernate.jpa.boot.internal.EntityManagerFactoryBuilderImpl","method":"build","line":1494},{"class":"org.hibernate.jpa.HibernatePersistenceProvider","method":"createEntityManagerFactory","line":56},{"class":"javax.persistence.Persistence","method":"createEntityManagerFactory","line":79},{"class":"com.knime.enterprise.cloud.service.catalog.db.EntityManagerUtil","method":"createEntityManagerFactory","line":85},{"class":"com.knime.enterprise.cloud.service.catalog.db.EntityManagerUtil","method":"createEntityManagerFactory","line":100},{"class":"com.knime.enterprise.cloud.service.catalog.app.BackingServiceConnectionProducer","method":"createClients","line":116},{"class":"com.knime.enterprise.cloud.service.catalog.app.BackingServiceConnectionProducer_Bean","method":"doCreate"},{"class":"com.knime.enterprise.cloud.service.catalog.app.BackingServiceConnectionProducer_Bean","method":"create"},{"class":"com.knime.enterprise.cloud.service.catalog.app.BackingServiceConnectionProducer_Bean","method":"create"},{"class":"io.quarkus.arc.impl.AbstractSharedContext","method":"createInstanceHandle","line":113},{"class":"io.quarkus.arc.impl.AbstractSharedContext$1","method":"get","line":37},{"class":"io.quarkus.arc.impl.AbstractSharedContext$1","method":"get","line":34},{"class":"io.quarkus.arc.impl.LazyValue","method":"get","line":26},{"class":"io.quarkus.arc.impl.ComputingCache","method":"computeIfAbsent","line":69},{"class":"io.quarkus.arc.impl.AbstractSharedContext","method":"get","line":34},{"class":"io.quarkus.arc.impl.ClientProxies","method":"getApplicationScopedDelegate","line":21},{"class":"com.knime.enterprise.cloud.service.catalog.app.BackingServiceConnectionProducer_ClientProxy","method":"arc$delegate"},{"class":"com.knime.enterprise.cloud.service.catalog.app.BackingServiceConnectionProducer_ClientProxy","method":"arc_contextualInstance"},{"class":"com.knime.enterprise.cloud.service.catalog.app.BackingServiceConnectionProducer_Observer_Synthetic_500213d5abff31268a6e40ce83d19b1a46e53c7b","method":"notify"},{"class":"io.quarkus.arc.impl.EventImpl$Notifier","method":"notifyObservers","line":346},{"class":"io.quarkus.arc.impl.EventImpl$Notifier","method":"notify","line":328},{"class":"io.quarkus.arc.impl.EventImpl","method":"fire","line":82},{"class":"io.quarkus.arc.runtime.ArcRecorder","method":"fireLifecycleEvent","line":155},{"class":"io.quarkus.arc.runtime.ArcRecorder","method":"handleLifecycleEvents","line":106},{"class":"io.quarkus.deployment.steps.LifecycleEventsBuildStep$startupEvent1144526294","method":"deploy_0"},{"class":"io.quarkus.deployment.steps.LifecycleEventsBuildStep$startupEvent1144526294","method":"deploy"},{"class":"io.quarkus.runner.ApplicationImpl","method":"doStart"},{"class":"io.quarkus.runtime.Application","method":"start","line":101},{"class":"io.quarkus.runtime.ApplicationLifecycleManager","method":"run","line":111},{"class":"io.quarkus.runtime.Quarkus","method":"run","line":71},{"class":"io.quarkus.runtime.Quarkus","method":"run","line":44},{"class":"io.quarkus.runtime.Quarkus","method":"run","line":124},{"class":"io.quarkus.runner.GeneratedMain","method":"main"},{"class":"jdk.internal.reflect.NativeMethodAccessorImpl","method":"invoke0"},{"class":"jdk.internal.reflect.NativeMethodAccessorImpl","method":"invoke"},{"class":"jdk.internal.reflect.DelegatingMethodAccessorImpl","method":"invoke"},{"class":"java.lang.reflect.Method","method":"invoke"},{"class":"io.quarkus.bootstrap.runner.QuarkusEntryPoint","method":"doRun","line":61},{"class":"io.quarkus.bootstrap.runner.QuarkusEntryPoint","method":"main","line":32}]}}}}
{"timestamp":"2023-11-21T14:30:28.885Z","sequence":398,"loggerClassName":"org.hibernate.internal.CoreMessageLogger_$logger","loggerName":"org.hibernate.service.internal.AbstractServiceRegistryImpl","level":"INFO","message":"HHH000369: Error stopping service [class org.hibernate.hikaricp.internal.HikariCPConnectionProvider]","threadName":"main","threadId":1,"mdc":{},"ndc":"","hostName":"catalog-service-59ff94bfc4-45jr2","processName":"quarkus-run.jar","processId":1,"exception":{"refId":1,"exceptionType":"java.lang.NullPointerException","message":"Cannot invoke \"com.zaxxer.hikari.HikariDataSource.close()\" because \"this.hds\" is null","frames":[{"class":"org.hibernate.hikaricp.internal.HikariCPConnectionProvider","method":"stop","line":122},{"class":"org.hibernate.service.internal.AbstractServiceRegistryImpl","method":"stopService","line":390},{"class":"org.hibernate.jpa.boot.internal.EntityManagerFactoryBuilderImpl","method":"cleanup","line":1449},{"class":"org.hibernate.jpa.boot.internal.EntityManagerFactoryBuilderImpl","method":"build","line":1508},{"class":"org.hibernate.jpa.HibernatePersistenceProvider","method":"createEntityManagerFactory","line":56},{"class":"javax.persistence.Persistence","method":"createEntityManagerFactory","line":79},{"class":"com.knime.enterprise.cloud.service.catalog.db.EntityManagerUtil","method":"createEntityManagerFactory","line":85},{"class":"com.knime.enterprise.cloud.service.catalog.db.EntityManagerUtil","method":"createEntityManagerFactory","line":100},{"class":"com.knime.enterprise.cloud.service.catalog.app.BackingServiceConnectionProducer","method":"createClients","line":116},{"class":"com.knime.enterprise.cloud.service.catalog.app.BackingServiceConnectionProducer_Bean","method":"doCreate"},{"class":"com.knime.enterprise.cloud.service.catalog.app.BackingServiceConnectionProducer_Bean","method":"create"},{"class":"com.knime.enterprise.cloud.service.catalog.app.BackingServiceConnectionProducer_Bean","method":"create"},{"class":"io.quarkus.arc.impl.AbstractSharedContext","method":"createInstanceHandle","line":113},{"class":"io.quarkus.arc.impl.AbstractSharedContext$1","method":"get","line":37},{"class":"io.quarkus.arc.impl.AbstractSharedContext$1","method":"get","line":34},{"class":"io.quarkus.arc.impl.LazyValue","method":"get","line":26},{"class":"io.quarkus.arc.impl.ComputingCache","method":"computeIfAbsent","line":69},{"class":"io.quarkus.arc.impl.AbstractSharedContext","method":"get","line":34},{"class":"io.quarkus.arc.impl.ClientProxies","method":"getApplicationScopedDelegate","line":21},{"class":"com.knime.enterprise.cloud.service.catalog.app.BackingServiceConnectionProducer_ClientProxy","method":"arc$delegate"},{"class":"com.knime.enterprise.cloud.service.catalog.app.BackingServiceConnectionProducer_ClientProxy","method":"arc_contextualInstance"},{"class":"com.knime.enterprise.cloud.service.catalog.app.BackingServiceConnectionProducer_Observer_Synthetic_500213d5abff31268a6e40ce83d19b1a46e53c7b","method":"notify"},{"class":"io.quarkus.arc.impl.EventImpl$Notifier","method":"notifyObservers","line":346},{"class":"io.quarkus.arc.impl.EventImpl$Notifier","method":"notify","line":328},{"class":"io.quarkus.arc.impl.EventImpl","method":"fire","line":82},{"class":"io.quarkus.arc.runtime.ArcRecorder","method":"fireLifecycleEvent","line":155},{"class":"io.quarkus.arc.runtime.ArcRecorder","method":"handleLifecycleEvents","line":106},{"class":"io.quarkus.deployment.steps.LifecycleEventsBuildStep$startupEvent1144526294","method":"deploy_0"},{"class":"io.quarkus.deployment.steps.LifecycleEventsBuildStep$startupEvent1144526294","method":"deploy"},{"class":"io.quarkus.runner.ApplicationImpl","method":"doStart"},{"class":"io.quarkus.runtime.Application","method":"start","line":101},{"class":"io.quarkus.runtime.ApplicationLifecycleManager","method":"run","line":111},{"class":"io.quarkus.runtime.Quarkus","method":"run","line":71},{"class":"io.quarkus.runtime.Quarkus","method":"run","line":44},{"class":"io.quarkus.runtime.Quarkus","method":"run","line":124},{"class":"io.quarkus.runner.GeneratedMain","method":"main"},{"class":"jdk.internal.reflect.NativeMethodAccessorImpl","method":"invoke0"},{"class":"jdk.internal.reflect.NativeMethodAccessorImpl","method":"invoke"},{"class":"jdk.internal.reflect.DelegatingMethodAccessorImpl","method":"invoke"},{"class":"java.lang.reflect.Method","method":"invoke"},{"class":"io.quarkus.bootstrap.runner.QuarkusEntryPoint","method":"doRun","line":61},{"class":"io.quarkus.bootstrap.runner.QuarkusEntryPoint","method":"main","line":32}]}}
{"timestamp":"2023-11-21T14:30:28.886Z","sequence":399,"loggerClassName":"org.jboss.logging.Logger","loggerName":"com.knime.enterprise.cloud.service.catalog.db.EntityManagerUtil","level":"ERROR","message":"Error while creating JPA client: Unable to create requested service [org.hibernate.engine.jdbc.env.spi.JdbcEnvironment]","threadName":"main","threadId":1,"mdc":{},"ndc":"","hostName":"catalog-service-59ff94bfc4-45jr2","processName":"quarkus-run.jar","processId":1,"exception":{"refId":1,"exceptionType":"org.hibernate.service.spi.ServiceException","message":"Unable to create requested service [org.hibernate.engine.jdbc.env.spi.JdbcEnvironment]","frames":[{"class":"org.hibernate.service.internal.AbstractServiceRegistryImpl","method":"createService","line":275},{"class":"org.hibernate.service.internal.AbstractServiceRegistryImpl","method":"initializeService","line":237},{"class":"org.hibernate.service.internal.AbstractServiceRegistryImpl","method":"getService","line":214},{"class":"org.hibernate.id.factory.internal.DefaultIdentifierGeneratorFactory","method":"injectServices","line":175},{"class":"org.hibernate.service.internal.AbstractServiceRegistryImpl","method":"injectDependencies","line":286},{"class":"org.hibernate.service.internal.AbstractServiceRegistryImpl","method":"initializeService","line":243},{"class":"org.hibernate.service.internal.AbstractServiceRegistryImpl","method":"getService","line":214},{"class":"org.hibernate.boot.internal.InFlightMetadataCollectorImpl","method":"<init>","line":173},{"class":"org.hibernate.boot.model.process.spi.MetadataBuildingProcess","method":"complete","line":127},{"class":"org.hibernate.jpa.boot.internal.EntityManagerFactoryBuilderImpl","method":"metadata","line":1460},{"class":"org.hibernate.jpa.boot.internal.EntityManagerFactoryBuilderImpl","method":"build","line":1494},{"class":"org.hibernate.jpa.HibernatePersistenceProvider","method":"createEntityManagerFactory","line":56},{"class":"javax.persistence.Persistence","method":"createEntityManagerFactory","line":79},{"class":"com.knime.enterprise.cloud.service.catalog.db.EntityManagerUtil","method":"createEntityManagerFactory","line":85},{"class":"com.knime.enterprise.cloud.service.catalog.db.EntityManagerUtil","method":"createEntityManagerFactory","line":100},{"class":"com.knime.enterprise.cloud.service.catalog.app.BackingServiceConnectionProducer","method":"createClients","line":116},{"class":"com.knime.enterprise.cloud.service.catalog.app.BackingServiceConnectionProducer_Bean","method":"doCreate"},{"class":"com.knime.enterprise.cloud.service.catalog.app.BackingServiceConnectionProducer_Bean","method":"create"},{"class":"com.knime.enterprise.cloud.service.catalog.app.BackingServiceConnectionProducer_Bean","method":"create"},{"class":"io.quarkus.arc.impl.AbstractSharedContext","method":"createInstanceHandle","line":113},{"class":"io.quarkus.arc.impl.AbstractSharedContext$1","method":"get","line":37},{"class":"io.quarkus.arc.impl.AbstractSharedContext$1","method":"get","line":34},{"class":"io.quarkus.arc.impl.LazyValue","method":"get","line":26},{"class":"io.quarkus.arc.impl.ComputingCache","method":"computeIfAbsent","line":69},{"class":"io.quarkus.arc.impl.AbstractSharedContext","method":"get","line":34},{"class":"io.quarkus.arc.impl.ClientProxies","method":"getApplicationScopedDelegate","line":21},{"class":"com.knime.enterprise.cloud.service.catalog.app.BackingServiceConnectionProducer_ClientProxy","method":"arc$delegate"},{"class":"com.knime.enterprise.cloud.service.catalog.app.BackingServiceConnectionProducer_ClientProxy","method":"arc_contextualInstance"},{"class":"com.knime.enterprise.cloud.service.catalog.app.BackingServiceConnectionProducer_Observer_Synthetic_500213d5abff31268a6e40ce83d19b1a46e53c7b","method":"notify"},{"class":"io.quarkus.arc.impl.EventImpl$Notifier","method":"notifyObservers","line":346},{"class":"io.quarkus.arc.impl.EventImpl$Notifier","method":"notify","line":328},{"class":"io.quarkus.arc.impl.EventImpl","method":"fire","line":82},{"class":"io.quarkus.arc.runtime.ArcRecorder","method":"fireLifecycleEvent","line":155},{"class":"io.quarkus.arc.runtime.ArcRecorder","method":"handleLifecycleEvents","line":106},{"class":"io.quarkus.deployment.steps.LifecycleEventsBuildStep$startupEvent1144526294","method":"deploy_0"},{"class":"io.quarkus.deployment.steps.LifecycleEventsBuildStep$startupEvent1144526294","method":"deploy"},{"class":"io.quarkus.runner.ApplicationImpl","method":"doStart"},{"class":"io.quarkus.runtime.Application","method":"start","line":101},{"class":"io.quarkus.runtime.ApplicationLifecycleManager","method":"run","line":111},{"class":"io.quarkus.runtime.Quarkus","method":"run","line":71},{"class":"io.quarkus.runtime.Quarkus","method":"run","line":44},{"class":"io.quarkus.runtime.Quarkus","method":"run","line":124},{"class":"io.quarkus.runner.GeneratedMain","method":"main"},{"class":"jdk.internal.reflect.NativeMethodAccessorImpl","method":"invoke0"},{"class":"jdk.internal.reflect.NativeMethodAccessorImpl","method":"invoke"},{"class":"jdk.internal.reflect.DelegatingMethodAccessorImpl","method":"invoke"},{"class":"java.lang.reflect.Method","method":"invoke"},{"class":"io.quarkus.bootstrap.runner.QuarkusEntryPoint","method":"doRun","line":61},{"class":"io.quarkus.bootstrap.runner.QuarkusEntryPoint","method":"main","line":32}],"causedBy":{"exception":{"refId":2,"exceptionType":"org.hibernate.HibernateException","message":"com.zaxxer.hikari.pool.HikariPool$PoolInitializationException: Failed to initialize pool: Connection to knime-postgres-cluster.knime.svc.cluster.local:5432 refused. Check that the hostname and port are correct and that the postmaster is accepting TCP/IP connections.","frames":[{"class":"org.hibernate.hikaricp.internal.HikariCPConnectionProvider","method":"configure","line":63},{"class":"org.hibernate.boot.registry.internal.StandardServiceRegistryImpl","method":"configureService","line":107},{"class":"org.hibernate.service.internal.AbstractServiceRegistryImpl","method":"initializeService","line":246},{"class":"org.hibernate.service.internal.AbstractServiceRegistryImpl","method":"getService","line":214},{"class":"org.hibernate.engine.jdbc.env.internal.JdbcEnvironmentInitiator","method":"buildJdbcConnectionAccess","line":146},{"class":"org.hibernate.engine.jdbc.env.internal.JdbcEnvironmentInitiator","method":"initiateService","line":66},{"class":"org.hibernate.engine.jdbc.env.internal.JdbcEnvironmentInitiator","method":"initiateService","line":35},{"class":"org.hibernate.boot.registry.internal.StandardServiceRegistryImpl","method":"initiateService","line":101},{"class":"org.hibernate.service.internal.AbstractServiceRegistryImpl","method":"createService","line":263},{"class":"org.hibernate.service.internal.AbstractServiceRegistryImpl","method":"initializeService","line":237},{"class":"org.hibernate.service.internal.AbstractServiceRegistryImpl","method":"getService","line":214},{"class":"org.hibernate.id.factory.internal.DefaultIdentifierGeneratorFactory","method":"injectServices","line":175},{"class":"org.hibernate.service.internal.AbstractServiceRegistryImpl","method":"injectDependencies","line":286},{"class":"org.hibernate.service.internal.AbstractServiceRegistryImpl","method":"initializeService","line":243},{"class":"org.hibernate.service.internal.AbstractServiceRegistryImpl","method":"getService","line":214},{"class":"org.hibernate.boot.internal.InFlightMetadataCollectorImpl","method":"<init>","line":173},{"class":"org.hibernate.boot.model.process.spi.MetadataBuildingProcess","method":"complete","line":127},{"class":"org.hibernate.jpa.boot.internal.EntityManagerFactoryBuilderImpl","method":"metadata","line":1460},{"class":"org.hibernate.jpa.boot.internal.EntityManagerFactoryBuilderImpl","method":"build","line":1494},{"class":"org.hibernate.jpa.HibernatePersistenceProvider","method":"createEntityManagerFactory","line":56},{"class":"javax.persistence.Persistence","method":"createEntityManagerFactory","line":79},{"class":"com.knime.enterprise.cloud.service.catalog.db.EntityManagerUtil","method":"createEntityManagerFactory","line":85},{"class":"com.knime.enterprise.cloud.service.catalog.db.EntityManagerUtil","method":"createEntityManagerFactory","line":100},{"class":"com.knime.enterprise.cloud.service.catalog.app.BackingServiceConnectionProducer","method":"createClients","line":116},{"class":"com.knime.enterprise.cloud.service.catalog.app.BackingServiceConnectionProducer_Bean","method":"doCreate"},{"class":"com.knime.enterprise.cloud.service.catalog.app.BackingServiceConnectionProducer_Bean","method":"create"},{"class":"com.knime.enterprise.cloud.service.catalog.app.BackingServiceConnectionProducer_Bean","method":"create"},{"class":"io.quarkus.arc.impl.AbstractSharedContext","method":"createInstanceHandle","line":113},{"class":"io.quarkus.arc.impl.AbstractSharedContext$1","method":"get","line":37},{"class":"io.quarkus.arc.impl.AbstractSharedContext$1","method":"get","line":34},{"class":"io.quarkus.arc.impl.LazyValue","method":"get","line":26},{"class":"io.quarkus.arc.impl.ComputingCache","method":"computeIfAbsent","line":69},{"class":"io.quarkus.arc.impl.AbstractSharedContext","method":"get","line":34},{"class":"io.quarkus.arc.impl.ClientProxies","method":"getApplicationScopedDelegate","line":21},{"class":"com.knime.enterprise.cloud.service.catalog.app.BackingServiceConnectionProducer_ClientProxy","method":"arc$delegate"},{"class":"com.knime.enterprise.cloud.service.catalog.app.BackingServiceConnectionProducer_ClientProxy","method":"arc_contextualInstance"},{"class":"com.knime.enterprise.cloud.service.catalog.app.BackingServiceConnectionProducer_Observer_Synthetic_500213d5abff31268a6e40ce83d19b1a46e53c7b","method":"notify"},{"class":"io.quarkus.arc.impl.EventImpl$Notifier","method":"notifyObservers","line":346},{"class":"io.quarkus.arc.impl.EventImpl$Notifier","method":"notify","line":328},{"class":"io.quarkus.arc.impl.EventImpl","method":"fire","line":82},{"class":"io.quarkus.arc.runtime.ArcRecorder","method":"fireLifecycleEvent","line":155},{"class":"io.quarkus.arc.runtime.ArcRecorder","method":"handleLifecycleEvents","line":106},{"class":"io.quarkus.deployment.steps.LifecycleEventsBuildStep$startupEvent1144526294","method":"deploy_0"},{"class":"io.quarkus.deployment.steps.LifecycleEventsBuildStep$startupEvent1144526294","method":"deploy"},{"class":"io.quarkus.runner.ApplicationImpl","method":"doStart"},{"class":"io.quarkus.runtime.Application","method":"start","line":101},{"class":"io.quarkus.runtime.ApplicationLifecycleManager","method":"run","line":111},{"class":"io.quarkus.runtime.Quarkus","method":"run","line":71},{"class":"io.quarkus.runtime.Quarkus","method":"run","line":44},{"class":"io.quarkus.runtime.Quarkus","method":"run","line":124},{"class":"io.quarkus.runner.GeneratedMain","method":"main"},{"class":"jdk.internal.reflect.NativeMethodAccessorImpl","method":"invoke0"},{"class":"jdk.internal.reflect.NativeMethodAccessorImpl","method":"invoke"},{"class":"jdk.internal.reflect.DelegatingMethodAccessorImpl","method":"invoke"},{"class":"java.lang.reflect.Method","method":"invoke"},{"class":"io.quarkus.bootstrap.runner.QuarkusEntryPoint","method":"doRun","line":61},{"class":"io.quarkus.bootstrap.runner.QuarkusEntryPoint","method":"main","line":32}],"causedBy":{"exception":{"refId":3,"exceptionType":"com.zaxxer.hikari.pool.HikariPool$PoolInitializationException","message":"Failed to initialize pool: Connection to knime-postgres-cluster.knime.svc.cluster.local:5432 refused. Check that the hostname and port are correct and that the postmaster is accepting TCP/IP connections.","frames":[{"class":"com.zaxxer.hikari.pool.HikariPool","method":"throwPoolInitializationException","line":576},{"class":"com.zaxxer.hikari.pool.HikariPool","method":"checkFailFast","line":562},{"class":"com.zaxxer.hikari.pool.HikariPool","method":"<init>","line":115},{"class":"com.zaxxer.hikari.HikariDataSource","method":"<init>","line":81},{"class":"org.hibernate.hikaricp.internal.HikariCPConnectionProvider","method":"configure","line":59},{"class":"org.hibernate.boot.registry.internal.StandardServiceRegistryImpl","method":"configureService","line":107},{"class":"org.hibernate.service.internal.AbstractServiceRegistryImpl","method":"initializeService","line":246},{"class":"org.hibernate.service.internal.AbstractServiceRegistryImpl","method":"getService","line":214},{"class":"org.hibernate.engine.jdbc.env.internal.JdbcEnvironmentInitiator","method":"buildJdbcConnectionAccess","line":146},{"class":"org.hibernate.engine.jdbc.env.internal.JdbcEnvironmentInitiator","method":"initiateService","line":66},{"class":"org.hibernate.engine.jdbc.env.internal.JdbcEnvironmentInitiator","method":"initiateService","line":35},{"class":"org.hibernate.boot.registry.internal.StandardServiceRegistryImpl","method":"initiateService","line":101},{"class":"org.hibernate.service.internal.AbstractServiceRegistryImpl","method":"createService","line":263},{"class":"org.hibernate.service.internal.AbstractServiceRegistryImpl","method":"initializeService","line":237},{"class":"org.hibernate.service.internal.AbstractServiceRegistryImpl","method":"getService","line":214},{"class":"org.hibernate.id.factory.internal.DefaultIdentifierGeneratorFactory","method":"injectServices","line":175},{"class":"org.hibernate.service.internal.AbstractServiceRegistryImpl","method":"injectDependencies","line":286},{"class":"org.hibernate.service.internal.AbstractServiceRegistryImpl","method":"initializeService","line":243},{"class":"org.hibernate.service.internal.AbstractServiceRegistryImpl","method":"getService","line":214},{"class":"org.hibernate.boot.internal.InFlightMetadataCollectorImpl","method":"<init>","line":173},{"class":"org.hibernate.boot.model.process.spi.MetadataBuildingProcess","method":"complete","line":127},{"class":"org.hibernate.jpa.boot.internal.EntityManagerFactoryBuilderImpl","method":"metadata","line":1460},{"class":"org.hibernate.jpa.boot.internal.EntityManagerFactoryBuilderImpl","method":"build","line":1494},{"class":"org.hibernate.jpa.HibernatePersistenceProvider","method":"createEntityManagerFactory","line":56},{"class":"javax.persistence.Persistence","method":"createEntityManagerFactory","line":79},{"class":"com.knime.enterprise.cloud.service.catalog.db.EntityManagerUtil","method":"createEntityManagerFactory","line":85},{"class":"com.knime.enterprise.cloud.service.catalog.db.EntityManagerUtil","method":"createEntityManagerFactory","line":100},{"class":"com.knime.enterprise.cloud.service.catalog.app.BackingServiceConnectionProducer","method":"createClients","line":116},{"class":"com.knime.enterprise.cloud.service.catalog.app.BackingServiceConnectionProducer_Bean","method":"doCreate"},{"class":"com.knime.enterprise.cloud.service.catalog.app.BackingServiceConnectionProducer_Bean","method":"create"},{"class":"com.knime.enterprise.cloud.service.catalog.app.BackingServiceConnectionProducer_Bean","method":"create"},{"class":"io.quarkus.arc.impl.AbstractSharedContext","method":"createInstanceHandle","line":113},{"class":"io.quarkus.arc.impl.AbstractSharedContext$1","method":"get","line":37},{"class":"io.quarkus.arc.impl.AbstractSharedContext$1","method":"get","line":34},{"class":"io.quarkus.arc.impl.LazyValue","method":"get","line":26},{"class":"io.quarkus.arc.impl.ComputingCache","method":"computeIfAbsent","line":69},{"class":"io.quarkus.arc.impl.AbstractSharedContext","method":"get","line":34},{"class":"io.quarkus.arc.impl.ClientProxies","method":"getApplicationScopedDelegate","line":21},{"class":"com.knime.enterprise.cloud.service.catalog.app.BackingServiceConnectionProducer_ClientProxy","method":"arc$delegate"},{"class":"com.knime.enterprise.cloud.service.catalog.app.BackingServiceConnectionProducer_ClientProxy","method":"arc_contextualInstance"},{"class":"com.knime.enterprise.cloud.service.catalog.app.BackingServiceConnectionProducer_Observer_Synthetic_500213d5abff31268a6e40ce83d19b1a46e53c7b","method":"notify"},{"class":"io.quarkus.arc.impl.EventImpl$Notifier","method":"notifyObservers","line":346},{"class":"io.quarkus.arc.impl.EventImpl$Notifier","method":"notify","line":328},{"class":"io.quarkus.arc.impl.EventImpl","method":"fire","line":82},{"class":"io.quarkus.arc.runtime.ArcRecorder","method":"fireLifecycleEvent","line":155},{"class":"io.quarkus.arc.runtime.ArcRecorder","method":"handleLifecycleEvents","line":106},{"class":"io.quarkus.deployment.steps.LifecycleEventsBuildStep$startupEvent1144526294","method":"deploy_0"},{"class":"io.quarkus.deployment.steps.LifecycleEventsBuildStep$startupEvent1144526294","method":"deploy"},{"class":"io.quarkus.runner.ApplicationImpl","method":"doStart"},{"class":"io.quarkus.runtime.Application","method":"start","line":101},{"class":"io.quarkus.runtime.ApplicationLifecycleManager","method":"run","line":111},{"class":"io.quarkus.runtime.Quarkus","method":"run","line":71},{"class":"io.quarkus.runtime.Quarkus","method":"run","line":44},{"class":"io.quarkus.runtime.Quarkus","method":"run","line":124},{"class":"io.quarkus.runner.GeneratedMain","method":"main"},{"class":"jdk.internal.reflect.NativeMethodAccessorImpl","method":"invoke0"},{"class":"jdk.internal.reflect.NativeMethodAccessorImpl","method":"invoke"},{"class":"jdk.internal.reflect.DelegatingMethodAccessorImpl","method":"invoke"},{"class":"java.lang.reflect.Method","method":"invoke"},{"class":"io.quarkus.bootstrap.runner.QuarkusEntryPoint","method":"doRun","line":61},{"class":"io.quarkus.bootstrap.runner.QuarkusEntryPoint","method":"main","line":32}],"causedBy":{"exception":{"refId":4,"exceptionType":"org.postgresql.util.PSQLException","message":"Connection to knime-postgres-cluster.knime.svc.cluster.local:5432 refused. Check that the hostname and port are correct and that the postmaster is accepting TCP/IP connections.","frames":[{"class":"org.postgresql.core.v3.ConnectionFactoryImpl","method":"openConnectionImpl","line":342},{"class":"org.postgresql.core.ConnectionFactory","method":"openConnection","line":54},{"class":"org.postgresql.jdbc.PgConnection","method":"<init>","line":263},{"class":"org.postgresql.Driver","method":"makeConnection","line":443},{"class":"org.postgresql.Driver","method":"connect","line":297},{"class":"com.zaxxer.hikari.util.DriverDataSource","method":"getConnection","line":119},{"class":"com.zaxxer.hikari.pool.PoolBase","method":"newConnection","line":369},{"class":"com.zaxxer.hikari.pool.PoolBase","method":"newPoolEntry","line":198},{"class":"com.zaxxer.hikari.pool.HikariPool","method":"createPoolEntry","line":467},{"class":"com.zaxxer.hikari.pool.HikariPool","method":"checkFailFast","line":541},{"class":"com.zaxxer.hikari.pool.HikariPool","method":"<init>","line":115},{"class":"com.zaxxer.hikari.HikariDataSource","method":"<init>","line":81},{"class":"org.hibernate.hikaricp.internal.HikariCPConnectionProvider","method":"configure","line":59},{"class":"org.hibernate.boot.registry.internal.StandardServiceRegistryImpl","method":"configureService","line":107},{"class":"org.hibernate.service.internal.AbstractServiceRegistryImpl","method":"initializeService","line":246},{"class":"org.hibernate.service.internal.AbstractServiceRegistryImpl","method":"getService","line":214},{"class":"org.hibernate.engine.jdbc.env.internal.JdbcEnvironmentInitiator","method":"buildJdbcConnectionAccess","line":146},{"class":"org.hibernate.engine.jdbc.env.internal.JdbcEnvironmentInitiator","method":"initiateService","line":66},{"class":"org.hibernate.engine.jdbc.env.internal.JdbcEnvironmentInitiator","method":"initiateService","line":35},{"class":"org.hibernate.boot.registry.internal.StandardServiceRegistryImpl","method":"initiateService","line":101},{"class":"org.hibernate.service.internal.AbstractServiceRegistryImpl","method":"createService","line":263},{"class":"org.hibernate.service.internal.AbstractServiceRegistryImpl","method":"initializeService","line":237},{"class":"org.hibernate.service.internal.AbstractServiceRegistryImpl","method":"getService","line":214},{"class":"org.hibernate.id.factory.internal.DefaultIdentifierGeneratorFactory","method":"injectServices","line":175},{"class":"org.hibernate.service.internal.AbstractServiceRegistryImpl","method":"injectDependencies","line":286},{"class":"org.hibernate.service.internal.AbstractServiceRegistryImpl","method":"initializeService","line":243},{"class":"org.hibernate.service.internal.AbstractServiceRegistryImpl","method":"getService","line":214},{"class":"org.hibernate.boot.internal.InFlightMetadataCollectorImpl","method":"<init>","line":173},{"class":"org.hibernate.boot.model.process.spi.MetadataBuildingProcess","method":"complete","line":127},{"class":"org.hibernate.jpa.boot.internal.EntityManagerFactoryBuilderImpl","method":"metadata","line":1460},{"class":"org.hibernate.jpa.boot.internal.EntityManagerFactoryBuilderImpl","method":"build","line":1494},{"class":"org.hibernate.jpa.HibernatePersistenceProvider","method":"createEntityManagerFactory","line":56},{"class":"javax.persistence.Persistence","method":"createEntityManagerFactory","line":79},{"class":"com.knime.enterprise.cloud.service.catalog.db.EntityManagerUtil","method":"createEntityManagerFactory","line":85},{"class":"com.knime.enterprise.cloud.service.catalog.db.EntityManagerUtil","method":"createEntityManagerFactory","line":100},{"class":"com.knime.enterprise.cloud.service.catalog.app.BackingServiceConnectionProducer","method":"createClients","line":116},{"class":"com.knime.enterprise.cloud.service.catalog.app.BackingServiceConnectionProducer_Bean","method":"doCreate"},{"class":"com.knime.enterprise.cloud.service.catalog.app.BackingServiceConnectionProducer_Bean","method":"create"},{"class":"com.knime.enterprise.cloud.service.catalog.app.BackingServiceConnectionProducer_Bean","method":"create"},{"class":"io.quarkus.arc.impl.AbstractSharedContext","method":"createInstanceHandle","line":113},{"class":"io.quarkus.arc.impl.AbstractSharedContext$1","method":"get","line":37},{"class":"io.quarkus.arc.impl.AbstractSharedContext$1","method":"get","line":34},{"class":"io.quarkus.arc.impl.LazyValue","method":"get","line":26},{"class":"io.quarkus.arc.impl.ComputingCache","method":"computeIfAbsent","line":69},{"class":"io.quarkus.arc.impl.AbstractSharedContext","method":"get","line":34},{"class":"io.quarkus.arc.impl.ClientProxies","method":"getApplicationScopedDelegate","line":21},{"class":"com.knime.enterprise.cloud.service.catalog.app.BackingServiceConnectionProducer_ClientProxy","method":"arc$delegate"},{"class":"com.knime.enterprise.cloud.service.catalog.app.BackingServiceConnectionProducer_ClientProxy","method":"arc_contextualInstance"},{"class":"com.knime.enterprise.cloud.service.catalog.app.BackingServiceConnectionProducer_Observer_Synthetic_500213d5abff31268a6e40ce83d19b1a46e53c7b","method":"notify"},{"class":"io.quarkus.arc.impl.EventImpl$Notifier","method":"notifyObservers","line":346},{"class":"io.quarkus.arc.impl.EventImpl$Notifier","method":"notify","line":328},{"class":"io.quarkus.arc.impl.EventImpl","method":"fire","line":82},{"class":"io.quarkus.arc.runtime.ArcRecorder","method":"fireLifecycleEvent","line":155},{"class":"io.quarkus.arc.runtime.ArcRecorder","method":"handleLifecycleEvents","line":106},{"class":"io.quarkus.deployment.steps.LifecycleEventsBuildStep$startupEvent1144526294","method":"deploy_0"},{"class":"io.quarkus.deployment.steps.LifecycleEventsBuildStep$startupEvent1144526294","method":"deploy"},{"class":"io.quarkus.runner.ApplicationImpl","method":"doStart"},{"class":"io.quarkus.runtime.Application","method":"start","line":101},{"class":"io.quarkus.runtime.ApplicationLifecycleManager","method":"run","line":111},{"class":"io.quarkus.runtime.Quarkus","method":"run","line":71},{"class":"io.quarkus.runtime.Quarkus","method":"run","line":44},{"class":"io.quarkus.runtime.Quarkus","method":"run","line":124},{"class":"io.quarkus.runner.GeneratedMain","method":"main"},{"class":"jdk.internal.reflect.NativeMethodAccessorImpl","method":"invoke0"},{"class":"jdk.internal.reflect.NativeMethodAccessorImpl","method":"invoke"},{"class":"jdk.internal.reflect.DelegatingMethodAccessorImpl","method":"invoke"},{"class":"java.lang.reflect.Method","method":"invoke"},{"class":"io.quarkus.bootstrap.runner.QuarkusEntryPoint","method":"doRun","line":61},{"class":"io.quarkus.bootstrap.runner.QuarkusEntryPoint","method":"main","line":32}],"causedBy":{"exception":{"refId":5,"exceptionType":"java.net.ConnectException","message":"Connection refused","frames":[{"class":"sun.nio.ch.Net","method":"pollConnect"},{"class":"sun.nio.ch.Net","method":"pollConnectNow"},{"class":"sun.nio.ch.NioSocketImpl","method":"timedFinishConnect"},{"class":"sun.nio.ch.NioSocketImpl","method":"connect"},{"class":"java.net.SocksSocketImpl","method":"connect"},{"class":"java.net.Socket","method":"connect"},{"class":"org.postgresql.core.PGStream","method":"createSocket","line":243},{"class":"org.postgresql.core.PGStream","method":"<init>","line":98},{"class":"org.postgresql.core.v3.ConnectionFactoryImpl","method":"tryConnect","line":132},{"class":"org.postgresql.core.v3.ConnectionFactoryImpl","method":"openConnectionImpl","line":258},{"class":"org.postgresql.core.ConnectionFactory","method":"openConnection","line":54},{"class":"org.postgresql.jdbc.PgConnection","method":"<init>","line":263},{"class":"org.postgresql.Driver","method":"makeConnection","line":443},{"class":"org.postgresql.Driver","method":"connect","line":297},{"class":"com.zaxxer.hikari.util.DriverDataSource","method":"getConnection","line":119},{"class":"com.zaxxer.hikari.pool.PoolBase","method":"newConnection","line":369},{"class":"com.zaxxer.hikari.pool.PoolBase","method":"newPoolEntry","line":198},{"class":"com.zaxxer.hikari.pool.HikariPool","method":"createPoolEntry","line":467},{"class":"com.zaxxer.hikari.pool.HikariPool","method":"checkFailFast","line":541},{"class":"com.zaxxer.hikari.pool.HikariPool","method":"<init>","line":115},{"class":"com.zaxxer.hikari.HikariDataSource","method":"<init>","line":81},{"class":"org.hibernate.hikaricp.internal.HikariCPConnectionProvider","method":"configure","line":59},{"class":"org.hibernate.boot.registry.internal.StandardServiceRegistryImpl","method":"configureService","line":107},{"class":"org.hibernate.service.internal.AbstractServiceRegistryImpl","method":"initializeService","line":246},{"class":"org.hibernate.service.internal.AbstractServiceRegistryImpl","method":"getService","line":214},{"class":"org.hibernate.engine.jdbc.env.internal.JdbcEnvironmentInitiator","method":"buildJdbcConnectionAccess","line":146},{"class":"org.hibernate.engine.jdbc.env.internal.JdbcEnvironmentInitiator","method":"initiateService","line":66},{"class":"org.hibernate.engine.jdbc.env.internal.JdbcEnvironmentInitiator","method":"initiateService","line":35},{"class":"org.hibernate.boot.registry.internal.StandardServiceRegistryImpl","method":"initiateService","line":101},{"class":"org.hibernate.service.internal.AbstractServiceRegistryImpl","method":"createService","line":263},{"class":"org.hibernate.service.internal.AbstractServiceRegistryImpl","method":"initializeService","line":237},{"class":"org.hibernate.service.internal.AbstractServiceRegistryImpl","method":"getService","line":214},{"class":"org.hibernate.id.factory.internal.DefaultIdentifierGeneratorFactory","method":"injectServices","line":175},{"class":"org.hibernate.service.internal.AbstractServiceRegistryImpl","method":"injectDependencies","line":286},{"class":"org.hibernate.service.internal.AbstractServiceRegistryImpl","method":"initializeService","line":243},{"class":"org.hibernate.service.internal.AbstractServiceRegistryImpl","method":"getService","line":214},{"class":"org.hibernate.boot.internal.InFlightMetadataCollectorImpl","method":"<init>","line":173},{"class":"org.hibernate.boot.model.process.spi.MetadataBuildingProcess","method":"complete","line":127},{"class":"org.hibernate.jpa.boot.internal.EntityManagerFactoryBuilderImpl","method":"metadata","line":1460},{"class":"org.hibernate.jpa.boot.internal.EntityManagerFactoryBuilderImpl","method":"build","line":1494},{"class":"org.hibernate.jpa.HibernatePersistenceProvider","method":"createEntityManagerFactory","line":56},{"class":"javax.persistence.Persistence","method":"createEntityManagerFactory","line":79},{"class":"com.knime.enterprise.cloud.service.catalog.db.EntityManagerUtil","method":"createEntityManagerFactory","line":85},{"class":"com.knime.enterprise.cloud.service.catalog.db.EntityManagerUtil","method":"createEntityManagerFactory","line":100},{"class":"com.knime.enterprise.cloud.service.catalog.app.BackingServiceConnectionProducer","method":"createClients","line":116},{"class":"com.knime.enterprise.cloud.service.catalog.app.BackingServiceConnectionProducer_Bean","method":"doCreate"},{"class":"com.knime.enterprise.cloud.service.catalog.app.BackingServiceConnectionProducer_Bean","method":"create"},{"class":"com.knime.enterprise.cloud.service.catalog.app.BackingServiceConnectionProducer_Bean","method":"create"},{"class":"io.quarkus.arc.impl.AbstractSharedContext","method":"createInstanceHandle","line":113},{"class":"io.quarkus.arc.impl.AbstractSharedContext$1","method":"get","line":37},{"class":"io.quarkus.arc.impl.AbstractSharedContext$1","method":"get","line":34},{"class":"io.quarkus.arc.impl.LazyValue","method":"get","line":26},{"class":"io.quarkus.arc.impl.ComputingCache","method":"computeIfAbsent","line":69},{"class":"io.quarkus.arc.impl.AbstractSharedContext","method":"get","line":34},{"class":"io.quarkus.arc.impl.ClientProxies","method":"getApplicationScopedDelegate","line":21},{"class":"com.knime.enterprise.cloud.service.catalog.app.BackingServiceConnectionProducer_ClientProxy","method":"arc$delegate"},{"class":"com.knime.enterprise.cloud.service.catalog.app.BackingServiceConnectionProducer_ClientProxy","method":"arc_contextualInstance"},{"class":"com.knime.enterprise.cloud.service.catalog.app.BackingServiceConnectionProducer_Observer_Synthetic_500213d5abff31268a6e40ce83d19b1a46e53c7b","method":"notify"},{"class":"io.quarkus.arc.impl.EventImpl$Notifier","method":"notifyObservers","line":346},{"class":"io.quarkus.arc.impl.EventImpl$Notifier","method":"notify","line":328},{"class":"io.quarkus.arc.impl.EventImpl","method":"fire","line":82},{"class":"io.quarkus.arc.runtime.ArcRecorder","method":"fireLifecycleEvent","line":155},{"class":"io.quarkus.arc.runtime.ArcRecorder","method":"handleLifecycleEvents","line":106},{"class":"io.quarkus.deployment.steps.LifecycleEventsBuildStep$startupEvent1144526294","method":"deploy_0"},{"class":"io.quarkus.deployment.steps.LifecycleEventsBuildStep$startupEvent1144526294","method":"deploy"},{"class":"io.quarkus.runner.ApplicationImpl","method":"doStart"},{"class":"io.quarkus.runtime.Application","method":"start","line":101},{"class":"io.quarkus.runtime.ApplicationLifecycleManager","method":"run","line":111},{"class":"io.quarkus.runtime.Quarkus","method":"run","line":71},{"class":"io.quarkus.runtime.Quarkus","method":"run","line":44},{"class":"io.quarkus.runtime.Quarkus","method":"run","line":124},{"class":"io.quarkus.runner.GeneratedMain","method":"main"},{"class":"jdk.internal.reflect.NativeMethodAccessorImpl","method":"invoke0"},{"class":"jdk.internal.reflect.NativeMethodAccessorImpl","method":"invoke"},{"class":"jdk.internal.reflect.DelegatingMethodAccessorImpl","method":"invoke"},{"class":"java.lang.reflect.Method","method":"invoke"},{"class":"io.quarkus.bootstrap.runner.QuarkusEntryPoint","method":"doRun","line":61},{"class":"io.quarkus.bootstrap.runner.QuarkusEntryPoint","method":"main","line":32}]}}}}}}}}}}
{"timestamp":"2023-11-21T14:30:29.507Z","sequence":400,"loggerClassName":"org.jboss.logging.Logger","loggerName":"com.knime.enterprise.cloud.service.catalog.app.BackingServiceConnectionProducer","level":"ERROR","message":"Error while creating object store client: Object store bucket could not be found: 'knime-catalog-service'.","threadName":"main","threadId":1,"mdc":{},"ndc":"","hostName":"catalog-service-59ff94bfc4-45jr2","processName":"quarkus-run.jar","processId":1,"exception":{"refId":1,"exceptionType":"java.lang.RuntimeException","message":"Object store bucket could not be found: 'knime-catalog-service'.","frames":[{"class":"com.knime.enterprise.cloud.service.catalog.app.BackingServiceConnectionProducer","method":"doesS3BucketExist","line":319},{"class":"com.knime.enterprise.cloud.service.catalog.app.BackingServiceConnectionProducer","method":"createClients","line":125},{"class":"com.knime.enterprise.cloud.service.catalog.app.BackingServiceConnectionProducer_Bean","method":"doCreate"},{"class":"com.knime.enterprise.cloud.service.catalog.app.BackingServiceConnectionProducer_Bean","method":"create"},{"class":"com.knime.enterprise.cloud.service.catalog.app.BackingServiceConnectionProducer_Bean","method":"create"},{"class":"io.quarkus.arc.impl.AbstractSharedContext","method":"createInstanceHandle","line":113},{"class":"io.quarkus.arc.impl.AbstractSharedContext$1","method":"get","line":37},{"class":"io.quarkus.arc.impl.AbstractSharedContext$1","method":"get","line":34},{"class":"io.quarkus.arc.impl.LazyValue","method":"get","line":26},{"class":"io.quarkus.arc.impl.ComputingCache","method":"computeIfAbsent","line":69},{"class":"io.quarkus.arc.impl.AbstractSharedContext","method":"get","line":34},{"class":"io.quarkus.arc.impl.ClientProxies","method":"getApplicationScopedDelegate","line":21},{"class":"com.knime.enterprise.cloud.service.catalog.app.BackingServiceConnectionProducer_ClientProxy","method":"arc$delegate"},{"class":"com.knime.enterprise.cloud.service.catalog.app.BackingServiceConnectionProducer_ClientProxy","method":"arc_contextualInstance"},{"class":"com.knime.enterprise.cloud.service.catalog.app.BackingServiceConnectionProducer_Observer_Synthetic_500213d5abff31268a6e40ce83d19b1a46e53c7b","method":"notify"},{"class":"io.quarkus.arc.impl.EventImpl$Notifier","method":"notifyObservers","line":346},{"class":"io.quarkus.arc.impl.EventImpl$Notifier","method":"notify","line":328},{"class":"io.quarkus.arc.impl.EventImpl","method":"fire","line":82},{"class":"io.quarkus.arc.runtime.ArcRecorder","method":"fireLifecycleEvent","line":155},{"class":"io.quarkus.arc.runtime.ArcRecorder","method":"handleLifecycleEvents","line":106},{"class":"io.quarkus.deployment.steps.LifecycleEventsBuildStep$startupEvent1144526294","method":"deploy_0"},{"class":"io.quarkus.deployment.steps.LifecycleEventsBuildStep$startupEvent1144526294","method":"deploy"},{"class":"io.quarkus.runner.ApplicationImpl","method":"doStart"},{"class":"io.quarkus.runtime.Application","method":"start","line":101},{"class":"io.quarkus.runtime.ApplicationLifecycleManager","method":"run","line":111},{"class":"io.quarkus.runtime.Quarkus","method":"run","line":71},{"class":"io.quarkus.runtime.Quarkus","method":"run","line":44},{"class":"io.quarkus.runtime.Quarkus","method":"run","line":124},{"class":"io.quarkus.runner.GeneratedMain","method":"main"},{"class":"jdk.internal.reflect.NativeMethodAccessorImpl","method":"invoke0"},{"class":"jdk.internal.reflect.NativeMethodAccessorImpl","method":"invoke"},{"class":"jdk.internal.reflect.DelegatingMethodAccessorImpl","method":"invoke"},{"class":"java.lang.reflect.Method","method":"invoke"},{"class":"io.quarkus.bootstrap.runner.QuarkusEntryPoint","method":"doRun","line":61},{"class":"io.quarkus.bootstrap.runner.QuarkusEntryPoint","method":"main","line":32}],"causedBy":{"exception":{"refId":2,"exceptionType":"com.amazonaws.SdkClientException","message":"Unable to execute HTTP request: Connect to storage.hub.kbh-troubleshooting.com:80 [storage.hub.kbh-troubleshooting.com/***HIDDEN***] failed: Connection refused","frames":[{"class":"com.amazonaws.http.AmazonHttpClient$RequestExecutor","method":"handleRetryableException","line":1219},{"class":"com.amazonaws.http.AmazonHttpClient$RequestExecutor","method":"executeHelper","line":1165},{"class":"com.amazonaws.http.AmazonHttpClient$RequestExecutor","method":"doExecute","line":814},{"class":"com.amazonaws.http.AmazonHttpClient$RequestExecutor","method":"executeWithTimer","line":781},{"class":"com.amazonaws.http.AmazonHttpClient$RequestExecutor","method":"execute","line":755},{"class":"com.amazonaws.http.AmazonHttpClient$RequestExecutor","method":"access$500","line":715},{"class":"com.amazonaws.http.AmazonHttpClient$RequestExecutionBuilderImpl","method":"execute","line":697},{"class":"com.amazonaws.http.AmazonHttpClient","method":"execute","line":561},{"class":"com.amazonaws.http.AmazonHttpClient","method":"execute","line":541},{"class":"com.amazonaws.services.s3.AmazonS3Client","method":"invoke","line":5467},{"class":"com.amazonaws.services.s3.AmazonS3Client","method":"invoke","line":5414},{"class":"com.amazonaws.services.s3.AmazonS3Client","method":"invoke","line":5408},{"class":"com.amazonaws.services.s3.AmazonS3Client","method":"listObjects","line":928},{"class":"com.amazonaws.services.s3.AmazonS3Client","method":"listObjects","line":896},{"class":"com.knime.enterprise.cloud.service.catalog.app.BackingServiceConnectionProducer","method":"doesS3BucketExist","line":316},{"class":"com.knime.enterprise.cloud.service.catalog.app.BackingServiceConnectionProducer","method":"createClients","line":125},{"class":"com.knime.enterprise.cloud.service.catalog.app.BackingServiceConnectionProducer_Bean","method":"doCreate"},{"class":"com.knime.enterprise.cloud.service.catalog.app.BackingServiceConnectionProducer_Bean","method":"create"},{"class":"com.knime.enterprise.cloud.service.catalog.app.BackingServiceConnectionProducer_Bean","method":"create"},{"class":"io.quarkus.arc.impl.AbstractSharedContext","method":"createInstanceHandle","line":113},{"class":"io.quarkus.arc.impl.AbstractSharedContext$1","method":"get","line":37},{"class":"io.quarkus.arc.impl.AbstractSharedContext$1","method":"get","line":34},{"class":"io.quarkus.arc.impl.LazyValue","method":"get","line":26},{"class":"io.quarkus.arc.impl.ComputingCache","method":"computeIfAbsent","line":69},{"class":"io.quarkus.arc.impl.AbstractSharedContext","method":"get","line":34},{"class":"io.quarkus.arc.impl.ClientProxies","method":"getApplicationScopedDelegate","line":21},{"class":"com.knime.enterprise.cloud.service.catalog.app.BackingServiceConnectionProducer_ClientProxy","method":"arc$delegate"},{"class":"com.knime.enterprise.cloud.service.catalog.app.BackingServiceConnectionProducer_ClientProxy","method":"arc_contextualInstance"},{"class":"com.knime.enterprise.cloud.service.catalog.app.BackingServiceConnectionProducer_Observer_Synthetic_500213d5abff31268a6e40ce83d19b1a46e53c7b","method":"notify"},{"class":"io.quarkus.arc.impl.EventImpl$Notifier","method":"notifyObservers","line":346},{"class":"io.quarkus.arc.impl.EventImpl$Notifier","method":"notify","line":328},{"class":"io.quarkus.arc.impl.EventImpl","method":"fire","line":82},{"class":"io.quarkus.arc.runtime.ArcRecorder","method":"fireLifecycleEvent","line":155},{"class":"io.quarkus.arc.runtime.ArcRecorder","method":"handleLifecycleEvents","line":106},{"class":"io.quarkus.deployment.steps.LifecycleEventsBuildStep$startupEvent1144526294","method":"deploy_0"},{"class":"io.quarkus.deployment.steps.LifecycleEventsBuildStep$startupEvent1144526294","method":"deploy"},{"class":"io.quarkus.runner.ApplicationImpl","method":"doStart"},{"class":"io.quarkus.runtime.Application","method":"start","line":101},{"class":"io.quarkus.runtime.ApplicationLifecycleManager","method":"run","line":111},{"class":"io.quarkus.runtime.Quarkus","method":"run","line":71},{"class":"io.quarkus.runtime.Quarkus","method":"run","line":44},{"class":"io.quarkus.runtime.Quarkus","method":"run","line":124},{"class":"io.quarkus.runner.GeneratedMain","method":"main"},{"class":"jdk.internal.reflect.NativeMethodAccessorImpl","method":"invoke0"},{"class":"jdk.internal.reflect.NativeMethodAccessorImpl","method":"invoke"},{"class":"jdk.internal.reflect.DelegatingMethodAccessorImpl","method":"invoke"},{"class":"java.lang.reflect.Method","method":"invoke"},{"class":"io.quarkus.bootstrap.runner.QuarkusEntryPoint","method":"doRun","line":61},{"class":"io.quarkus.bootstrap.runner.QuarkusEntryPoint","method":"main","line":32}],"causedBy":{"exception":{"refId":3,"exceptionType":"org.apache.http.conn.HttpHostConnectException","message":"Connect to storage.hub.kbh-troubleshooting.com:80 [storage.hub.kbh-troubleshooting.com/***HIDDEN***] failed: Connection refused","frames":[{"class":"org.apache.http.impl.conn.DefaultHttpClientConnectionOperator","method":"connect","line":156},{"class":"org.apache.http.impl.conn.PoolingHttpClientConnectionManager","method":"connect","line":376},{"class":"jdk.internal.reflect.NativeMethodAccessorImpl","method":"invoke0"},{"class":"jdk.internal.reflect.NativeMethodAccessorImpl","method":"invoke"},{"class":"jdk.internal.reflect.DelegatingMethodAccessorImpl","method":"invoke"},{"class":"java.lang.reflect.Method","method":"invoke"},{"class":"com.amazonaws.http.conn.ClientConnectionManagerFactory$Handler","method":"invoke","line":76},{"class":"com.amazonaws.http.conn.$Proxy60","method":"connect"},{"class":"org.apache.http.impl.execchain.MainClientExec","method":"establishRoute","line":393},{"class":"org.apache.http.impl.execchain.MainClientExec","method":"execute","line":236},{"class":"org.apache.http.impl.execchain.ProtocolExec","method":"execute","line":186},{"class":"org.apache.http.impl.client.InternalHttpClient","method":"doExecute","line":185},{"class":"org.apache.http.impl.client.CloseableHttpClient","method":"execute","line":83},{"class":"org.apache.http.impl.client.CloseableHttpClient","method":"execute","line":56},{"class":"com.amazonaws.http.apache.client.impl.SdkHttpClient","method":"execute","line":72},{"class":"com.amazonaws.http.AmazonHttpClient$RequestExecutor","method":"executeOneRequest","line":1346},{"class":"com.amazonaws.http.AmazonHttpClient$RequestExecutor","method":"executeHelper","line":1157},{"class":"com.amazonaws.http.AmazonHttpClient$RequestExecutor","method":"doExecute","line":814},{"class":"com.amazonaws.http.AmazonHttpClient$RequestExecutor","method":"executeWithTimer","line":781},{"class":"com.amazonaws.http.AmazonHttpClient$RequestExecutor","method":"execute","line":755},{"class":"com.amazonaws.http.AmazonHttpClient$RequestExecutor","method":"access$500","line":715},{"class":"com.amazonaws.http.AmazonHttpClient$RequestExecutionBuilderImpl","method":"execute","line":697},{"class":"com.amazonaws.http.AmazonHttpClient","method":"execute","line":561},{"class":"com.amazonaws.http.AmazonHttpClient","method":"execute","line":541},{"class":"com.amazonaws.services.s3.AmazonS3Client","method":"invoke","line":5467},{"class":"com.amazonaws.services.s3.AmazonS3Client","method":"invoke","line":5414},{"class":"com.amazonaws.services.s3.AmazonS3Client","method":"invoke","line":5408},{"class":"com.amazonaws.services.s3.AmazonS3Client","method":"listObjects","line":928},{"class":"com.amazonaws.services.s3.AmazonS3Client","method":"listObjects","line":896},{"class":"com.knime.enterprise.cloud.service.catalog.app.BackingServiceConnectionProducer","method":"doesS3BucketExist","line":316},{"class":"com.knime.enterprise.cloud.service.catalog.app.BackingServiceConnectionProducer","method":"createClients","line":125},{"class":"com.knime.enterprise.cloud.service.catalog.app.BackingServiceConnectionProducer_Bean","method":"doCreate"},{"class":"com.knime.enterprise.cloud.service.catalog.app.BackingServiceConnectionProducer_Bean","method":"create"},{"class":"com.knime.enterprise.cloud.service.catalog.app.BackingServiceConnectionProducer_Bean","method":"create"},{"class":"io.quarkus.arc.impl.AbstractSharedContext","method":"createInstanceHandle","line":113},{"class":"io.quarkus.arc.impl.AbstractSharedContext$1","method":"get","line":37},{"class":"io.quarkus.arc.impl.AbstractSharedContext$1","method":"get","line":34},{"class":"io.quarkus.arc.impl.LazyValue","method":"get","line":26},{"class":"io.quarkus.arc.impl.ComputingCache","method":"computeIfAbsent","line":69},{"class":"io.quarkus.arc.impl.AbstractSharedContext","method":"get","line":34},{"class":"io.quarkus.arc.impl.ClientProxies","method":"getApplicationScopedDelegate","line":21},{"class":"com.knime.enterprise.cloud.service.catalog.app.BackingServiceConnectionProducer_ClientProxy","method":"arc$delegate"},{"class":"com.knime.enterprise.cloud.service.catalog.app.BackingServiceConnectionProducer_ClientProxy","method":"arc_contextualInstance"},{"class":"com.knime.enterprise.cloud.service.catalog.app.BackingServiceConnectionProducer_Observer_Synthetic_500213d5abff31268a6e40ce83d19b1a46e53c7b","method":"notify"},{"class":"io.quarkus.arc.impl.EventImpl$Notifier","method":"notifyObservers","line":346},{"class":"io.quarkus.arc.impl.EventImpl$Notifier","method":"notify","line":328},{"class":"io.quarkus.arc.impl.EventImpl","method":"fire","line":82},{"class":"io.quarkus.arc.runtime.ArcRecorder","method":"fireLifecycleEvent","line":155},{"class":"io.quarkus.arc.runtime.ArcRecorder","method":"handleLifecycleEvents","line":106},{"class":"io.quarkus.deployment.steps.LifecycleEventsBuildStep$startupEvent1144526294","method":"deploy_0"},{"class":"io.quarkus.deployment.steps.LifecycleEventsBuildStep$startupEvent1144526294","method":"deploy"},{"class":"io.quarkus.runner.ApplicationImpl","method":"doStart"},{"class":"io.quarkus.runtime.Application","method":"start","line":101},{"class":"io.quarkus.runtime.ApplicationLifecycleManager","method":"run","line":111},{"class":"io.quarkus.runtime.Quarkus","method":"run","line":71},{"class":"io.quarkus.runtime.Quarkus","method":"run","line":44},{"class":"io.quarkus.runtime.Quarkus","method":"run","line":124},{"class":"io.quarkus.runner.GeneratedMain","method":"main"},{"class":"jdk.internal.reflect.NativeMethodAccessorImpl","method":"invoke0"},{"class":"jdk.internal.reflect.NativeMethodAccessorImpl","method":"invoke"},{"class":"jdk.internal.reflect.DelegatingMethodAccessorImpl","method":"invoke"},{"class":"java.lang.reflect.Method","method":"invoke"},{"class":"io.quarkus.bootstrap.runner.QuarkusEntryPoint","method":"doRun","line":61},{"class":"io.quarkus.bootstrap.runner.QuarkusEntryPoint","method":"main","line":32}],"causedBy":{"exception":{"refId":4,"exceptionType":"java.net.ConnectException","message":"Connection refused","frames":[{"class":"sun.nio.ch.Net","method":"pollConnect"},{"class":"sun.nio.ch.Net","method":"pollConnectNow"},{"class":"sun.nio.ch.NioSocketImpl","method":"timedFinishConnect"},{"class":"sun.nio.ch.NioSocketImpl","method":"connect"},{"class":"java.net.SocksSocketImpl","method":"connect"},{"class":"java.net.Socket","method":"connect"},{"class":"org.apache.http.conn.socket.PlainConnectionSocketFactory","method":"connectSocket","line":75},{"class":"org.apache.http.impl.conn.DefaultHttpClientConnectionOperator","method":"connect","line":142},{"class":"org.apache.http.impl.conn.PoolingHttpClientConnectionManager","method":"connect","line":376},{"class":"jdk.internal.reflect.NativeMethodAccessorImpl","method":"invoke0"},{"class":"jdk.internal.reflect.NativeMethodAccessorImpl","method":"invoke"},{"class":"jdk.internal.reflect.DelegatingMethodAccessorImpl","method":"invoke"},{"class":"java.lang.reflect.Method","method":"invoke"},{"class":"com.amazonaws.http.conn.ClientConnectionManagerFactory$Handler","method":"invoke","line":76},{"class":"com.amazonaws.http.conn.$Proxy60","method":"connect"},{"class":"org.apache.http.impl.execchain.MainClientExec","method":"establishRoute","line":393},{"class":"org.apache.http.impl.execchain.MainClientExec","method":"execute","line":236},{"class":"org.apache.http.impl.execchain.ProtocolExec","method":"execute","line":186},{"class":"org.apache.http.impl.client.InternalHttpClient","method":"doExecute","line":185},{"class":"org.apache.http.impl.client.CloseableHttpClient","method":"execute","line":83},{"class":"org.apache.http.impl.client.CloseableHttpClient","method":"execute","line":56},{"class":"com.amazonaws.http.apache.client.impl.SdkHttpClient","method":"execute","line":72},{"class":"com.amazonaws.http.AmazonHttpClient$RequestExecutor","method":"executeOneRequest","line":1346},{"class":"com.amazonaws.http.AmazonHttpClient$RequestExecutor","method":"executeHelper","line":1157},{"class":"com.amazonaws.http.AmazonHttpClient$RequestExecutor","method":"doExecute","line":814},{"class":"com.amazonaws.http.AmazonHttpClient$RequestExecutor","method":"executeWithTimer","line":781},{"class":"com.amazonaws.http.AmazonHttpClient$RequestExecutor","method":"execute","line":755},{"class":"com.amazonaws.http.AmazonHttpClient$RequestExecutor","method":"access$500","line":715},{"class":"com.amazonaws.http.AmazonHttpClient$RequestExecutionBuilderImpl","method":"execute","line":697},{"class":"com.amazonaws.http.AmazonHttpClient","method":"execute","line":561},{"class":"com.amazonaws.http.AmazonHttpClient","method":"execute","line":541},{"class":"com.amazonaws.services.s3.AmazonS3Client","method":"invoke","line":5467},{"class":"com.amazonaws.services.s3.AmazonS3Client","method":"invoke","line":5414},{"class":"com.amazonaws.services.s3.AmazonS3Client","method":"invoke","line":5408},{"class":"com.amazonaws.services.s3.AmazonS3Client","method":"listObjects","line":928},{"class":"com.amazonaws.services.s3.AmazonS3Client","method":"listObjects","line":896},{"class":"com.knime.enterprise.cloud.service.catalog.app.BackingServiceConnectionProducer","method":"doesS3BucketExist","line":316},{"class":"com.knime.enterprise.cloud.service.catalog.app.BackingServiceConnectionProducer","method":"createClients","line":125},{"class":"com.knime.enterprise.cloud.service.catalog.app.BackingServiceConnectionProducer_Bean","method":"doCreate"},{"class":"com.knime.enterprise.cloud.service.catalog.app.BackingServiceConnectionProducer_Bean","method":"create"},{"class":"com.knime.enterprise.cloud.service.catalog.app.BackingServiceConnectionProducer_Bean","method":"create"},{"class":"io.quarkus.arc.impl.AbstractSharedContext","method":"createInstanceHandle","line":113},{"class":"io.quarkus.arc.impl.AbstractSharedContext$1","method":"get","line":37},{"class":"io.quarkus.arc.impl.AbstractSharedContext$1","method":"get","line":34},{"class":"io.quarkus.arc.impl.LazyValue","method":"get","line":26},{"class":"io.quarkus.arc.impl.ComputingCache","method":"computeIfAbsent","line":69},{"class":"io.quarkus.arc.impl.AbstractSharedContext","method":"get","line":34},{"class":"io.quarkus.arc.impl.ClientProxies","method":"getApplicationScopedDelegate","line":21},{"class":"com.knime.enterprise.cloud.service.catalog.app.BackingServiceConnectionProducer_ClientProxy","method":"arc$delegate"},{"class":"com.knime.enterprise.cloud.service.catalog.app.BackingServiceConnectionProducer_ClientProxy","method":"arc_contextualInstance"},{"class":"com.knime.enterprise.cloud.service.catalog.app.BackingServiceConnectionProducer_Observer_Synthetic_500213d5abff31268a6e40ce83d19b1a46e53c7b","method":"notify"},{"class":"io.quarkus.arc.impl.EventImpl$Notifier","method":"notifyObservers","line":346},{"class":"io.quarkus.arc.impl.EventImpl$Notifier","method":"notify","line":328},{"class":"io.quarkus.arc.impl.EventImpl","method":"fire","line":82},{"class":"io.quarkus.arc.runtime.ArcRecorder","method":"fireLifecycleEvent","line":155},{"class":"io.quarkus.arc.runtime.ArcRecorder","method":"handleLifecycleEvents","line":106},{"class":"io.quarkus.deployment.steps.LifecycleEventsBuildStep$startupEvent1144526294","method":"deploy_0"},{"class":"io.quarkus.deployment.steps.LifecycleEventsBuildStep$startupEvent1144526294","method":"deploy"},{"class":"io.quarkus.runner.ApplicationImpl","method":"doStart"},{"class":"io.quarkus.runtime.Application","method":"start","line":101},{"class":"io.quarkus.runtime.ApplicationLifecycleManager","method":"run","line":111},{"class":"io.quarkus.runtime.Quarkus","method":"run","line":71},{"class":"io.quarkus.runtime.Quarkus","method":"run","line":44},{"class":"io.quarkus.runtime.Quarkus","method":"run","line":124},{"class":"io.quarkus.runner.GeneratedMain","method":"main"},{"class":"jdk.internal.reflect.NativeMethodAccessorImpl","method":"invoke0"},{"class":"jdk.internal.reflect.NativeMethodAccessorImpl","method":"invoke"},{"class":"jdk.internal.reflect.DelegatingMethodAccessorImpl","method":"invoke"},{"class":"java.lang.reflect.Method","method":"invoke"},{"class":"io.quarkus.bootstrap.runner.QuarkusEntryPoint","method":"doRun","line":61},{"class":"io.quarkus.bootstrap.runner.QuarkusEntryPoint","method":"main","line":32}]}}}}}}}}
{"timestamp":"2023-11-21T14:30:29.512Z","sequence":401,"loggerClassName":"org.jboss.logging.Logger","loggerName":"com.knime.enterprise.cloud.service.catalog.app.BackingServiceConnectionProducer","level":"ERROR","message":"Error while reading JWT signer's public key: Connection refused","threadName":"main","threadId":1,"mdc":{},"ndc":"","hostName":"catalog-service-59ff94bfc4-45jr2","processName":"quarkus-run.jar","processId":1,"exception":{"refId":1,"exceptionType":"java.net.ConnectException","message":"Connection refused","frames":[{"class":"sun.nio.ch.Net","method":"connect0"},{"class":"sun.nio.ch.Net","method":"connect"},{"class":"sun.nio.ch.Net","method":"connect"},{"class":"sun.nio.ch.NioSocketImpl","method":"connect"},{"class":"java.net.Socket","method":"connect"},{"class":"java.net.Socket","method":"connect"},{"class":"sun.net.NetworkClient","method":"doConnect"},{"class":"sun.net.www.http.HttpClient","method":"openServer"},{"class":"sun.net.www.http.HttpClient","method":"openServer"},{"class":"sun.net.www.http.HttpClient","method":"<init>"},{"class":"sun.net.www.http.HttpClient","method":"New"},{"class":"sun.net.www.http.HttpClient","method":"New"},{"class":"sun.net.www.protocol.http.HttpURLConnection","method":"getNewHttpClient"},{"class":"sun.net.www.protocol.http.HttpURLConnection","method":"plainConnect0"},{"class":"sun.net.www.protocol.http.HttpURLConnection","method":"plainConnect"},{"class":"sun.net.www.protocol.http.HttpURLConnection","method":"connect"},{"class":"sun.net.www.protocol.http.HttpURLConnection","method":"getInputStream0"},{"class":"sun.net.www.protocol.http.HttpURLConnection","method":"getInputStream"},{"class":"com.knime.enterprise.cloud.services.JwtUtil","method":"readPublicKey","line":122},{"class":"com.knime.enterprise.cloud.services.JwtUtil","method":"readPublicKey","line":97},{"class":"com.knime.enterprise.cloud.service.catalog.app.BackingServiceConnectionProducer","method":"createClients","line":132},{"class":"com.knime.enterprise.cloud.service.catalog.app.BackingServiceConnectionProducer_Bean","method":"doCreate"},{"class":"com.knime.enterprise.cloud.service.catalog.app.BackingServiceConnectionProducer_Bean","method":"create"},{"class":"com.knime.enterprise.cloud.service.catalog.app.BackingServiceConnectionProducer_Bean","method":"create"},{"class":"io.quarkus.arc.impl.AbstractSharedContext","method":"createInstanceHandle","line":113},{"class":"io.quarkus.arc.impl.AbstractSharedContext$1","method":"get","line":37},{"class":"io.quarkus.arc.impl.AbstractSharedContext$1","method":"get","line":34},{"class":"io.quarkus.arc.impl.LazyValue","method":"get","line":26},{"class":"io.quarkus.arc.impl.ComputingCache","method":"computeIfAbsent","line":69},{"class":"io.quarkus.arc.impl.AbstractSharedContext","method":"get","line":34},{"class":"io.quarkus.arc.impl.ClientProxies","method":"getApplicationScopedDelegate","line":21},{"class":"com.knime.enterprise.cloud.service.catalog.app.BackingServiceConnectionProducer_ClientProxy","method":"arc$delegate"},{"class":"com.knime.enterprise.cloud.service.catalog.app.BackingServiceConnectionProducer_ClientProxy","method":"arc_contextualInstance"},{"class":"com.knime.enterprise.cloud.service.catalog.app.BackingServiceConnectionProducer_Observer_Synthetic_500213d5abff31268a6e40ce83d19b1a46e53c7b","method":"notify"},{"class":"io.quarkus.arc.impl.EventImpl$Notifier","method":"notifyObservers","line":346},{"class":"io.quarkus.arc.impl.EventImpl$Notifier","method":"notify","line":328},{"class":"io.quarkus.arc.impl.EventImpl","method":"fire","line":82},{"class":"io.quarkus.arc.runtime.ArcRecorder","method":"fireLifecycleEvent","line":155},{"class":"io.quarkus.arc.runtime.ArcRecorder","method":"handleLifecycleEvents","line":106},{"class":"io.quarkus.deployment.steps.LifecycleEventsBuildStep$startupEvent1144526294","method":"deploy_0"},{"class":"io.quarkus.deployment.steps.LifecycleEventsBuildStep$startupEvent1144526294","method":"deploy"},{"class":"io.quarkus.runner.ApplicationImpl","method":"doStart"},{"class":"io.quarkus.runtime.Application","method":"start","line":101},{"class":"io.quarkus.runtime.ApplicationLifecycleManager","method":"run","line":111},{"class":"io.quarkus.runtime.Quarkus","method":"run","line":71},{"class":"io.quarkus.runtime.Quarkus","method":"run","line":44},{"class":"io.quarkus.runtime.Quarkus","method":"run","line":124},{"class":"io.quarkus.runner.GeneratedMain","method":"main"},{"class":"jdk.internal.reflect.NativeMethodAccessorImpl","method":"invoke0"},{"class":"jdk.internal.reflect.NativeMethodAccessorImpl","method":"invoke"},{"class":"jdk.internal.reflect.DelegatingMethodAccessorImpl","method":"invoke"},{"class":"java.lang.reflect.Method","method":"invoke"},{"class":"io.quarkus.bootstrap.runner.QuarkusEntryPoint","method":"doRun","line":61},{"class":"io.quarkus.bootstrap.runner.QuarkusEntryPoint","method":"main","line":32}]}}
{"timestamp":"2023-11-21T14:30:29.537Z","sequence":402,"loggerClassName":"org.jboss.logging.Logger","loggerName":"io.quarkus.runtime.Application","level":"ERROR","message":"Failed to start application (with profile [prod])","threadName":"main","threadId":1,"mdc":{},"ndc":"","hostName":"catalog-service-59ff94bfc4-45jr2","processName":"quarkus-run.jar","processId":1,"exception":{"refId":1,"exceptionType":"java.lang.RuntimeException","message":"Failed to start quarkus","frames":[{"class":"io.quarkus.runner.ApplicationImpl","method":"doStart"},{"class":"io.quarkus.runtime.Application","method":"start","line":101},{"class":"io.quarkus.runtime.ApplicationLifecycleManager","method":"run","line":111},{"class":"io.quarkus.runtime.Quarkus","method":"run","line":71},{"class":"io.quarkus.runtime.Quarkus","method":"run","line":44},{"class":"io.quarkus.runtime.Quarkus","method":"run","line":124},{"class":"io.quarkus.runner.GeneratedMain","method":"main"},{"class":"jdk.internal.reflect.NativeMethodAccessorImpl","method":"invoke0"},{"class":"jdk.internal.reflect.NativeMethodAccessorImpl","method":"invoke"},{"class":"jdk.internal.reflect.DelegatingMethodAccessorImpl","method":"invoke"},{"class":"java.lang.reflect.Method","method":"invoke"},{"class":"io.quarkus.bootstrap.runner.QuarkusEntryPoint","method":"doRun","line":61},{"class":"io.quarkus.bootstrap.runner.QuarkusEntryPoint","method":"main","line":32}],"causedBy":{"exception":{"refId":2,"exceptionType":"java.lang.NullPointerException","message":"Cannot invoke \"javax.persistence.EntityManagerFactory.createEntityManager()\" because \"emf\" is null","frames":[{"class":"com.knime.enterprise.cloud.service.catalog.db.EntityManagerUtil","method":"createExecClose","line":114},{"class":"com.knime.enterprise.cloud.service.catalog.app.BackingServiceConnectionProducer","method":"createClients","line":137},{"class":"com.knime.enterprise.cloud.service.catalog.app.BackingServiceConnectionProducer_Bean","method":"doCreate"},{"class":"com.knime.enterprise.cloud.service.catalog.app.BackingServiceConnectionProducer_Bean","method":"create"},{"class":"com.knime.enterprise.cloud.service.catalog.app.BackingServiceConnectionProducer_Bean","method":"create"},{"class":"io.quarkus.arc.impl.AbstractSharedContext","method":"createInstanceHandle","line":113},{"class":"io.quarkus.arc.impl.AbstractSharedContext$1","method":"get","line":37},{"class":"io.quarkus.arc.impl.AbstractSharedContext$1","method":"get","line":34},{"class":"io.quarkus.arc.impl.LazyValue","method":"get","line":26},{"class":"io.quarkus.arc.impl.ComputingCache","method":"computeIfAbsent","line":69},{"class":"io.quarkus.arc.impl.AbstractSharedContext","method":"get","line":34},{"class":"io.quarkus.arc.impl.ClientProxies","method":"getApplicationScopedDelegate","line":21},{"class":"com.knime.enterprise.cloud.service.catalog.app.BackingServiceConnectionProducer_ClientProxy","method":"arc$delegate"},{"class":"com.knime.enterprise.cloud.service.catalog.app.BackingServiceConnectionProducer_ClientProxy","method":"arc_contextualInstance"},{"class":"com.knime.enterprise.cloud.service.catalog.app.BackingServiceConnectionProducer_Observer_Synthetic_500213d5abff31268a6e40ce83d19b1a46e53c7b","method":"notify"},{"class":"io.quarkus.arc.impl.EventImpl$Notifier","method":"notifyObservers","line":346},{"class":"io.quarkus.arc.impl.EventImpl$Notifier","method":"notify","line":328},{"class":"io.quarkus.arc.impl.EventImpl","method":"fire","line":82},{"class":"io.quarkus.arc.runtime.ArcRecorder","method":"fireLifecycleEvent","line":155},{"class":"io.quarkus.arc.runtime.ArcRecorder","method":"handleLifecycleEvents","line":106},{"class":"io.quarkus.deployment.steps.LifecycleEventsBuildStep$startupEvent1144526294","method":"deploy_0"},{"class":"io.quarkus.deployment.steps.LifecycleEventsBuildStep$startupEvent1144526294","method":"deploy"},{"class":"io.quarkus.runner.ApplicationImpl","method":"doStart"},{"class":"io.quarkus.runtime.Application","method":"start","line":101},{"class":"io.quarkus.runtime.ApplicationLifecycleManager","method":"run","line":111},{"class":"io.quarkus.runtime.Quarkus","method":"run","line":71},{"class":"io.quarkus.runtime.Quarkus","method":"run","line":44},{"class":"io.quarkus.runtime.Quarkus","method":"run","line":124},{"class":"io.quarkus.runner.GeneratedMain","method":"main"},{"class":"jdk.internal.reflect.NativeMethodAccessorImpl","method":"invoke0"},{"class":"jdk.internal.reflect.NativeMethodAccessorImpl","method":"invoke"},{"class":"jdk.internal.reflect.DelegatingMethodAccessorImpl","method":"invoke"},{"class":"java.lang.reflect.Method","method":"invoke"},{"class":"io.quarkus.bootstrap.runner.QuarkusEntryPoint","method":"doRun","line":61},{"class":"io.quarkus.bootstrap.runner.QuarkusEntryPoint","method":"main","line":32}]}}}}
