I1121 14:29:53.013597       1 request.go:655] Throttling request took 1.049205256s, request: GET:https://***HIDDEN***:443/apis/apps/v1?timeout=32s
2023-11-21T14:29:54.019Z	INFO	controller-runtime.metrics	metrics server is starting to listen	{"addr": ":8080"}
2023-11-21T14:29:54.019Z	INFO	setup	starting manager
2023-11-21T14:29:54.020Z	INFO	controller-runtime.manager	starting metrics server	{"path": "/metrics"}
2023-11-21T14:29:54.019Z	INFO	controller-runtime.manager.controller.secretconfig	Starting EventSource	{"reconciler group": "config.knime.com", "reconciler kind": "SecretConfig", "source": "kind source: /, Kind="}
2023-11-21T14:29:54.121Z	INFO	controller-runtime.manager.controller.secretconfig	Starting EventSource	{"reconciler group": "config.knime.com", "reconciler kind": "SecretConfig", "source": "kind source: /, Kind="}
2023-11-21T14:29:54.223Z	INFO	controller-runtime.manager.controller.secretconfig	Starting EventSource	{"reconciler group": "config.knime.com", "reconciler kind": "SecretConfig", "source": "kind source: /, Kind="}
2023-11-21T14:29:54.224Z	INFO	controller-runtime.manager.controller.secretconfig	Starting Controller	{"reconciler group": "config.knime.com", "reconciler kind": "SecretConfig"}
2023-11-21T14:29:54.224Z	INFO	controller-runtime.manager.controller.secretconfig	Starting workers	{"reconciler group": "config.knime.com", "reconciler kind": "SecretConfig", "worker count": 1}
2023-11-21T14:29:54.228Z	INFO	controller-runtime.manager	Successfully updated Secret.	{"SecretConfig": "knime/keycloak-catalog-service-secretconfig", "targetSecret": "hub/keycloak-client-secret-catalog-service"}
2023-11-21T14:29:54.231Z	INFO	controller-runtime.manager	Successfully updated Secret.	{"SecretConfig": "knime/notification-service-db-secretconfig", "targetSecret": "hub/notification-service-db-secret"}
2023-11-21T14:29:54.232Z	INFO	controller-runtime.manager	Successfully updated Secret.	{"SecretConfig": "knime/accounts-minio-secretconfig", "targetSecret": "hub/accounts-minio-credentials"}
2023-11-21T14:29:54.234Z	INFO	controller-runtime.manager	Successfully updated Secret.	{"SecretConfig": "knime/keycloak-auth-rely-secretconfig", "targetSecret": "hub/keycloak-client-secret-auth-rely"}
2023-11-21T14:29:54.236Z	INFO	controller-runtime.manager	Successfully updated Secret.	{"SecretConfig": "knime/secret-store-db-secretconfig", "targetSecret": "hub/secret-store-db-secret"}
2023-11-21T14:29:54.237Z	INFO	controller-runtime.manager	Successfully updated Secret.	{"SecretConfig": "knime/keycloak-lifecycle-handler-secretconfig", "targetSecret": "hub/keycloak-client-secret-lifecycle-handler"}
2023-11-21T14:29:54.239Z	INFO	controller-runtime.manager	Successfully updated Secret.	{"SecretConfig": "knime/keycloak-trigger-service-secretconfig", "targetSecret": "hub/keycloak-client-secret-trigger-service"}
2023-11-21T14:29:54.241Z	INFO	controller-runtime.manager	Successfully updated Secret.	{"SecretConfig": "knime/keycloak-secret-store-secretconfig", "targetSecret": "hub/keycloak-client-secret-secret-store"}
2023-11-21T14:29:54.242Z	INFO	controller-runtime.manager	Successfully updated Secret.	{"SecretConfig": "knime/keycloak-userdata-svc-secretconfig", "targetSecret": "hub/accounts-service-keycloak-client"}
2023-11-21T14:29:54.244Z	INFO	controller-runtime.manager	Successfully updated Secret.	{"SecretConfig": "knime/catalog-minio-secretconfig", "targetSecret": "hub/catalog-minio-credentials"}
2023-11-21T14:29:54.245Z	INFO	controller-runtime.manager	Successfully updated Secret.	{"SecretConfig": "knime/keycloak-notification-service-secretconfig", "targetSecret": "hub/keycloak-client-secret-notification-service"}
2023-11-21T14:29:54.247Z	INFO	controller-runtime.manager	Successfully updated Secret.	{"SecretConfig": "knime/keycloak-execution-context-manager-secretconfig", "targetSecret": "hub/keycloak-client-secret-execution-context-manager"}
2023-11-21T14:29:54.248Z	INFO	controller-runtime.manager	Successfully updated Secret.	{"SecretConfig": "knime/keycloak-execution-operator-secretconfig", "targetSecret": "hub/keycloak-client-secret-execution-operator"}
2023-11-21T14:29:54.250Z	INFO	controller-runtime.manager	Successfully updated Secret.	{"SecretConfig": "knime/keycloak-search-sync-service-secretconfig", "targetSecret": "hub/keycloak-client-secret-search-sync-service"}
2023-11-21T14:29:54.251Z	INFO	controller-runtime.manager	Successfully updated Secret.	{"SecretConfig": "knime/accounts-service-db-secretconfig", "targetSecret": "hub/accounts-service-db-secret"}
2023-11-21T14:29:54.253Z	INFO	controller-runtime.manager	Successfully updated Secret.	{"SecretConfig": "knime/trigger-service-db-secretconfig", "targetSecret": "hub/trigger-service-db-secret"}
2023-11-21T14:29:54.255Z	INFO	controller-runtime.manager	Successfully updated Secret.	{"SecretConfig": "knime/keycloak-knime-impersonation-secretconfig", "targetSecret": "hub/keycloak-client-secret-knime-impersonation"}
2023-11-21T14:29:54.256Z	INFO	controller-runtime.manager	Successfully updated Secret.	{"SecretConfig": "knime/keycloak-keycloak-proxy-secretconfig", "targetSecret": "hub/keycloak-client-secret-keycloak-proxy"}
2023-11-21T14:29:54.258Z	INFO	controller-runtime.manager	Successfully updated Secret.	{"SecretConfig": "knime/execution-services-db-secretconfig", "targetSecret": "hub/execution-services-db-secret"}
2023-11-21T14:29:54.261Z	INFO	controller-runtime.manager	Successfully updated Secret.	{"SecretConfig": "knime/catalog-service-db-secretconfig", "targetSecret": "hub/catalog-service-db-secret"}
2023-11-21T14:29:54.265Z	INFO	controller-runtime.manager	Successfully updated Secret.	{"SecretConfig": "knime/keycloak-rest-interface-secretconfig", "targetSecret": "hub/keycloak-client-secret-rest-interface"}
2023-11-21T14:29:54.267Z	INFO	controller-runtime.manager	Successfully updated Secret.	{"SecretConfig": "knime/keycloak-session-service-secretconfig", "targetSecret": "hub/keycloak-client-secret-session-service"}
2023-11-21T14:29:54.269Z	INFO	controller-runtime.manager	Successfully updated Secret.	{"SecretConfig": "knime/execution-minio-secretconfig", "targetSecret": "hub/execution-minio-credentials"}
2023-11-21T14:29:54.270Z	INFO	controller-runtime.manager	Successfully updated Secret.	{"SecretConfig": "knime/keycloak-db-secretconfig", "targetSecret": "knime/keycloak-db-secret"}
2023-11-21T14:29:54.271Z	INFO	controller-runtime.manager	Successfully updated Secret.	{"SecretConfig": "kurl/kurl-registry-secretconfig", "targetSecret": "hub-execution/registry-creds"}
2023-11-21T14:29:54.273Z	INFO	controller-runtime.manager	Successfully updated Secret.	{"SecretConfig": "knime/edge-db-secretconfig", "targetSecret": "hub/edge-db-secret"}
2023-11-21T14:29:54.275Z	INFO	controller-runtime.manager	Successfully updated Secret.	{"SecretConfig": "knime/keycloak-s3-proxy-secretconfig", "targetSecret": "hub/keycloak-client-secret-s3-proxy"}
2023-11-21T14:29:54.276Z	INFO	controller-runtime.manager	Successfully updated Secret.	{"SecretConfig": "knime/knime-artemis-secretconfig", "targetSecret": "hub/knime-artemis"}
2023-11-21T14:29:54.278Z	INFO	controller-runtime.manager	Successfully updated Secret.	{"SecretConfig": "knime/keycloak-kubernetes-event-persistor-secretconfig", "targetSecret": "hub/keycloak-client-secret-kubernetes-event-persistor"}
2023-11-21T14:29:54.279Z	INFO	controller-runtime.manager	Successfully updated Secret.	{"SecretConfig": "knime/session-service-db-secretconfig", "targetSecret": "hub/session-service-db-secret"}
2023-11-21T14:29:54.281Z	INFO	controller-runtime.manager	Successfully updated Secret.	{"SecretConfig": "knime/keycloak-catalog-service-secretconfig", "targetSecret": "hub/keycloak-client-secret-catalog-service"}
2023-11-21T14:29:54.328Z	INFO	controller-runtime.manager	Successfully updated Secret.	{"SecretConfig": "knime/notification-service-db-secretconfig", "targetSecret": "hub/notification-service-db-secret"}
2023-11-21T14:29:54.379Z	INFO	controller-runtime.manager	Successfully updated Secret.	{"SecretConfig": "knime/accounts-minio-secretconfig", "targetSecret": "hub/accounts-minio-credentials"}
2023-11-21T14:29:54.429Z	INFO	controller-runtime.manager	Successfully updated Secret.	{"SecretConfig": "knime/keycloak-auth-rely-secretconfig", "targetSecret": "hub/keycloak-client-secret-auth-rely"}
2023-11-21T14:29:54.478Z	INFO	controller-runtime.manager	Successfully updated Secret.	{"SecretConfig": "knime/secret-store-db-secretconfig", "targetSecret": "hub/secret-store-db-secret"}
2023-11-21T14:29:54.528Z	INFO	controller-runtime.manager	Successfully updated Secret.	{"SecretConfig": "knime/keycloak-lifecycle-handler-secretconfig", "targetSecret": "hub/keycloak-client-secret-lifecycle-handler"}
2023-11-21T14:29:54.578Z	INFO	controller-runtime.manager	Successfully updated Secret.	{"SecretConfig": "knime/keycloak-trigger-service-secretconfig", "targetSecret": "hub/keycloak-client-secret-trigger-service"}
2023-11-21T14:29:54.628Z	INFO	controller-runtime.manager	Successfully updated Secret.	{"SecretConfig": "knime/keycloak-secret-store-secretconfig", "targetSecret": "hub/keycloak-client-secret-secret-store"}
2023-11-21T14:29:54.678Z	INFO	controller-runtime.manager	Successfully updated Secret.	{"SecretConfig": "knime/keycloak-userdata-svc-secretconfig", "targetSecret": "hub/accounts-service-keycloak-client"}
2023-11-21T14:29:54.729Z	INFO	controller-runtime.manager	Successfully updated Secret.	{"SecretConfig": "knime/catalog-minio-secretconfig", "targetSecret": "hub/catalog-minio-credentials"}
2023-11-21T14:29:54.779Z	INFO	controller-runtime.manager	Successfully updated Secret.	{"SecretConfig": "knime/keycloak-notification-service-secretconfig", "targetSecret": "hub/keycloak-client-secret-notification-service"}
2023-11-21T14:29:54.829Z	INFO	controller-runtime.manager	Successfully updated Secret.	{"SecretConfig": "knime/keycloak-execution-context-manager-secretconfig", "targetSecret": "hub/keycloak-client-secret-execution-context-manager"}
2023-11-21T14:29:54.879Z	INFO	controller-runtime.manager	Successfully updated Secret.	{"SecretConfig": "knime/keycloak-execution-operator-secretconfig", "targetSecret": "hub/keycloak-client-secret-execution-operator"}
2023-11-21T14:29:54.928Z	INFO	controller-runtime.manager	Successfully updated Secret.	{"SecretConfig": "knime/keycloak-search-sync-service-secretconfig", "targetSecret": "hub/keycloak-client-secret-search-sync-service"}
2023-11-21T14:29:54.980Z	INFO	controller-runtime.manager	Successfully updated Secret.	{"SecretConfig": "knime/accounts-service-db-secretconfig", "targetSecret": "hub/accounts-service-db-secret"}
2023-11-21T14:29:55.029Z	INFO	controller-runtime.manager	Successfully updated Secret.	{"SecretConfig": "knime/trigger-service-db-secretconfig", "targetSecret": "hub/trigger-service-db-secret"}
2023-11-21T14:29:55.079Z	INFO	controller-runtime.manager	Successfully updated Secret.	{"SecretConfig": "knime/keycloak-knime-impersonation-secretconfig", "targetSecret": "hub/keycloak-client-secret-knime-impersonation"}
2023-11-21T14:29:55.129Z	INFO	controller-runtime.manager	Successfully updated Secret.	{"SecretConfig": "knime/keycloak-keycloak-proxy-secretconfig", "targetSecret": "hub/keycloak-client-secret-keycloak-proxy"}
2023-11-21T14:29:55.179Z	INFO	controller-runtime.manager	Successfully updated Secret.	{"SecretConfig": "knime/execution-services-db-secretconfig", "targetSecret": "hub/execution-services-db-secret"}
2023-11-21T14:29:55.229Z	INFO	controller-runtime.manager	Successfully updated Secret.	{"SecretConfig": "knime/catalog-service-db-secretconfig", "targetSecret": "hub/catalog-service-db-secret"}
2023-11-21T14:29:55.279Z	INFO	controller-runtime.manager	Successfully updated Secret.	{"SecretConfig": "knime/keycloak-rest-interface-secretconfig", "targetSecret": "hub/keycloak-client-secret-rest-interface"}
2023-11-21T14:29:55.328Z	INFO	controller-runtime.manager	Successfully updated Secret.	{"SecretConfig": "knime/keycloak-session-service-secretconfig", "targetSecret": "hub/keycloak-client-secret-session-service"}
2023-11-21T14:29:55.379Z	INFO	controller-runtime.manager	Successfully updated Secret.	{"SecretConfig": "knime/execution-minio-secretconfig", "targetSecret": "hub/execution-minio-credentials"}
2023-11-21T14:29:55.429Z	INFO	controller-runtime.manager	Successfully updated Secret.	{"SecretConfig": "knime/keycloak-db-secretconfig", "targetSecret": "knime/keycloak-db-secret"}
2023-11-21T14:29:55.478Z	INFO	controller-runtime.manager	Successfully updated Secret.	{"SecretConfig": "kurl/kurl-registry-secretconfig", "targetSecret": "hub-execution/registry-creds"}
2023-11-21T14:29:55.528Z	INFO	controller-runtime.manager	Successfully updated Secret.	{"SecretConfig": "knime/edge-db-secretconfig", "targetSecret": "hub/edge-db-secret"}
2023-11-21T14:29:55.579Z	INFO	controller-runtime.manager	Successfully updated Secret.	{"SecretConfig": "knime/keycloak-s3-proxy-secretconfig", "targetSecret": "hub/keycloak-client-secret-s3-proxy"}
2023-11-21T14:29:55.629Z	INFO	controller-runtime.manager	Successfully updated Secret.	{"SecretConfig": "knime/knime-artemis-secretconfig", "targetSecret": "hub/knime-artemis"}
2023-11-21T14:29:55.679Z	INFO	controller-runtime.manager	Successfully updated Secret.	{"SecretConfig": "knime/keycloak-kubernetes-event-persistor-secretconfig", "targetSecret": "hub/keycloak-client-secret-kubernetes-event-persistor"}
2023-11-21T14:29:55.729Z	INFO	controller-runtime.manager	Successfully updated Secret.	{"SecretConfig": "knime/session-service-db-secretconfig", "targetSecret": "hub/session-service-db-secret"}
2023-11-21T14:29:55.778Z	INFO	controller-runtime.manager	Successfully updated Secret.	{"SecretConfig": "knime/keycloak-catalog-service-secretconfig", "targetSecret": "hub/keycloak-client-secret-catalog-service"}
2023-11-21T14:29:55.830Z	INFO	controller-runtime.manager	Successfully updated Secret.	{"SecretConfig": "knime/notification-service-db-secretconfig", "targetSecret": "hub/notification-service-db-secret"}
2023-11-21T16:12:53.459Z	INFO	controller-runtime.manager	Successfully updated Secret.	{"SecretConfig": "knime/keycloak-keycloak-proxy-secretconfig", "targetSecret": "hub/keycloak-client-secret-keycloak-proxy"}
2023-11-21T16:12:53.461Z	INFO	controller-runtime.manager	Successfully updated Secret.	{"SecretConfig": "knime/execution-services-db-secretconfig", "targetSecret": "hub/execution-services-db-secret"}
2023-11-21T16:12:53.462Z	INFO	controller-runtime.manager	Successfully updated Secret.	{"SecretConfig": "knime/catalog-service-db-secretconfig", "targetSecret": "hub/catalog-service-db-secret"}
2023-11-21T16:12:53.463Z	INFO	controller-runtime.manager	Successfully updated Secret.	{"SecretConfig": "knime/keycloak-rest-interface-secretconfig", "targetSecret": "hub/keycloak-client-secret-rest-interface"}
2023-11-21T16:12:53.465Z	INFO	controller-runtime.manager	Successfully updated Secret.	{"SecretConfig": "knime/keycloak-session-service-secretconfig", "targetSecret": "hub/keycloak-client-secret-session-service"}
2023-11-21T16:12:53.466Z	INFO	controller-runtime.manager	Successfully updated Secret.	{"SecretConfig": "knime/execution-minio-secretconfig", "targetSecret": "hub/execution-minio-credentials"}
2023-11-21T16:12:53.468Z	INFO	controller-runtime.manager	Successfully updated Secret.	{"SecretConfig": "knime/keycloak-db-secretconfig", "targetSecret": "knime/keycloak-db-secret"}
2023-11-21T16:12:53.469Z	INFO	controller-runtime.manager	Successfully updated Secret.	{"SecretConfig": "kurl/kurl-registry-secretconfig", "targetSecret": "hub-execution/registry-creds"}
2023-11-21T16:12:53.472Z	INFO	controller-runtime.manager	Successfully updated Secret.	{"SecretConfig": "knime/edge-db-secretconfig", "targetSecret": "hub/edge-db-secret"}
2023-11-21T16:12:53.473Z	INFO	controller-runtime.manager	Successfully updated Secret.	{"SecretConfig": "knime/keycloak-s3-proxy-secretconfig", "targetSecret": "hub/keycloak-client-secret-s3-proxy"}
2023-11-21T16:12:53.475Z	INFO	controller-runtime.manager	Successfully updated Secret.	{"SecretConfig": "knime/knime-artemis-secretconfig", "targetSecret": "hub/knime-artemis"}
2023-11-21T16:12:53.476Z	INFO	controller-runtime.manager	Successfully updated Secret.	{"SecretConfig": "knime/keycloak-kubernetes-event-persistor-secretconfig", "targetSecret": "hub/keycloak-client-secret-kubernetes-event-persistor"}
2023-11-21T16:12:53.477Z	INFO	controller-runtime.manager	Successfully updated Secret.	{"SecretConfig": "knime/session-service-db-secretconfig", "targetSecret": "hub/session-service-db-secret"}
2023-11-21T16:12:53.478Z	INFO	controller-runtime.manager	Successfully updated Secret.	{"SecretConfig": "knime/keycloak-catalog-service-secretconfig", "targetSecret": "hub/keycloak-client-secret-catalog-service"}
2023-11-21T16:12:53.480Z	INFO	controller-runtime.manager	Successfully updated Secret.	{"SecretConfig": "knime/notification-service-db-secretconfig", "targetSecret": "hub/notification-service-db-secret"}
2023-11-21T16:12:53.481Z	INFO	controller-runtime.manager	Successfully updated Secret.	{"SecretConfig": "knime/accounts-minio-secretconfig", "targetSecret": "hub/accounts-minio-credentials"}
2023-11-21T16:12:53.483Z	INFO	controller-runtime.manager	Successfully updated Secret.	{"SecretConfig": "knime/keycloak-auth-rely-secretconfig", "targetSecret": "hub/keycloak-client-secret-auth-rely"}
2023-11-21T16:12:53.484Z	INFO	controller-runtime.manager	Successfully updated Secret.	{"SecretConfig": "knime/secret-store-db-secretconfig", "targetSecret": "hub/secret-store-db-secret"}
2023-11-21T16:12:53.487Z	INFO	controller-runtime.manager	Successfully updated Secret.	{"SecretConfig": "knime/keycloak-lifecycle-handler-secretconfig", "targetSecret": "hub/keycloak-client-secret-lifecycle-handler"}
2023-11-21T16:12:53.488Z	INFO	controller-runtime.manager	Successfully updated Secret.	{"SecretConfig": "knime/keycloak-trigger-service-secretconfig", "targetSecret": "hub/keycloak-client-secret-trigger-service"}
2023-11-21T16:12:53.489Z	INFO	controller-runtime.manager	Successfully updated Secret.	{"SecretConfig": "knime/keycloak-secret-store-secretconfig", "targetSecret": "hub/keycloak-client-secret-secret-store"}
2023-11-21T16:12:53.491Z	INFO	controller-runtime.manager	Successfully updated Secret.	{"SecretConfig": "knime/keycloak-userdata-svc-secretconfig", "targetSecret": "hub/accounts-service-keycloak-client"}
2023-11-21T16:12:53.492Z	INFO	controller-runtime.manager	Successfully updated Secret.	{"SecretConfig": "knime/catalog-minio-secretconfig", "targetSecret": "hub/catalog-minio-credentials"}
2023-11-21T16:12:53.493Z	INFO	controller-runtime.manager	Successfully updated Secret.	{"SecretConfig": "knime/keycloak-notification-service-secretconfig", "targetSecret": "hub/keycloak-client-secret-notification-service"}
2023-11-21T16:12:53.494Z	INFO	controller-runtime.manager	Successfully updated Secret.	{"SecretConfig": "knime/keycloak-execution-context-manager-secretconfig", "targetSecret": "hub/keycloak-client-secret-execution-context-manager"}
2023-11-21T16:12:53.496Z	INFO	controller-runtime.manager	Successfully updated Secret.	{"SecretConfig": "knime/keycloak-execution-operator-secretconfig", "targetSecret": "hub/keycloak-client-secret-execution-operator"}
2023-11-21T16:12:53.497Z	INFO	controller-runtime.manager	Successfully updated Secret.	{"SecretConfig": "knime/keycloak-search-sync-service-secretconfig", "targetSecret": "hub/keycloak-client-secret-search-sync-service"}
2023-11-21T16:12:53.498Z	INFO	controller-runtime.manager	Successfully updated Secret.	{"SecretConfig": "knime/accounts-service-db-secretconfig", "targetSecret": "hub/accounts-service-db-secret"}
2023-11-21T16:12:53.499Z	INFO	controller-runtime.manager	Successfully updated Secret.	{"SecretConfig": "knime/trigger-service-db-secretconfig", "targetSecret": "hub/trigger-service-db-secret"}
2023-11-21T16:12:53.501Z	INFO	controller-runtime.manager	Successfully updated Secret.	{"SecretConfig": "knime/keycloak-knime-impersonation-secretconfig", "targetSecret": "hub/keycloak-client-secret-knime-impersonation"}
2023-11-21T16:12:53.509Z	INFO	controller-runtime.manager	Successfully updated Secret.	{"SecretConfig": "knime/keycloak-keycloak-proxy-secretconfig", "targetSecret": "hub/keycloak-client-secret-keycloak-proxy"}
2023-11-21T16:12:59.033Z	INFO	controller-runtime.manager	Successfully updated Secret.	{"SecretConfig": "knime/trigger-service-db-secretconfig", "targetSecret": "hub/trigger-service-db-secret"}
2023-11-21T16:12:59.035Z	INFO	controller-runtime.manager	Successfully updated Secret.	{"SecretConfig": "knime/keycloak-knime-impersonation-secretconfig", "targetSecret": "hub/keycloak-client-secret-knime-impersonation"}
2023-11-21T16:12:59.036Z	INFO	controller-runtime.manager	Successfully updated Secret.	{"SecretConfig": "knime/catalog-service-db-secretconfig", "targetSecret": "hub/catalog-service-db-secret"}
2023-11-21T16:12:59.037Z	INFO	controller-runtime.manager	Successfully updated Secret.	{"SecretConfig": "knime/keycloak-rest-interface-secretconfig", "targetSecret": "hub/keycloak-client-secret-rest-interface"}
2023-11-21T16:12:59.040Z	INFO	controller-runtime.manager	Successfully updated Secret.	{"SecretConfig": "knime/keycloak-session-service-secretconfig", "targetSecret": "hub/keycloak-client-secret-session-service"}
2023-11-21T16:12:59.042Z	INFO	controller-runtime.manager	Successfully updated Secret.	{"SecretConfig": "knime/execution-minio-secretconfig", "targetSecret": "hub/execution-minio-credentials"}
2023-11-21T16:12:59.043Z	INFO	controller-runtime.manager	Successfully updated Secret.	{"SecretConfig": "knime/keycloak-keycloak-proxy-secretconfig", "targetSecret": "hub/keycloak-client-secret-keycloak-proxy"}
2023-11-21T16:12:59.044Z	INFO	controller-runtime.manager	Successfully updated Secret.	{"SecretConfig": "knime/execution-services-db-secretconfig", "targetSecret": "hub/execution-services-db-secret"}
2023-11-21T16:12:59.046Z	INFO	controller-runtime.manager	Successfully updated Secret.	{"SecretConfig": "knime/edge-db-secretconfig", "targetSecret": "hub/edge-db-secret"}
2023-11-21T16:12:59.047Z	INFO	controller-runtime.manager	Successfully updated Secret.	{"SecretConfig": "knime/keycloak-db-secretconfig", "targetSecret": "knime/keycloak-db-secret"}
2023-11-21T16:12:59.049Z	INFO	controller-runtime.manager	Successfully updated Secret.	{"SecretConfig": "kurl/kurl-registry-secretconfig", "targetSecret": "hub-execution/registry-creds"}
2023-11-21T16:12:59.050Z	INFO	controller-runtime.manager	Successfully updated Secret.	{"SecretConfig": "knime/keycloak-s3-proxy-secretconfig", "targetSecret": "hub/keycloak-client-secret-s3-proxy"}
2023-11-21T16:12:59.051Z	INFO	controller-runtime.manager	Successfully updated Secret.	{"SecretConfig": "knime/session-service-db-secretconfig", "targetSecret": "hub/session-service-db-secret"}
2023-11-21T16:12:59.053Z	INFO	controller-runtime.manager	Successfully updated Secret.	{"SecretConfig": "knime/knime-artemis-secretconfig", "targetSecret": "hub/knime-artemis"}
2023-11-21T16:12:59.054Z	INFO	controller-runtime.manager	Successfully updated Secret.	{"SecretConfig": "knime/keycloak-kubernetes-event-persistor-secretconfig", "targetSecret": "hub/keycloak-client-secret-kubernetes-event-persistor"}
2023-11-21T16:12:59.056Z	INFO	controller-runtime.manager	Successfully updated Secret.	{"SecretConfig": "knime/accounts-minio-secretconfig", "targetSecret": "hub/accounts-minio-credentials"}
2023-11-21T16:12:59.057Z	INFO	controller-runtime.manager	Successfully updated Secret.	{"SecretConfig": "knime/keycloak-auth-rely-secretconfig", "targetSecret": "hub/keycloak-client-secret-auth-rely"}
2023-11-21T16:12:59.058Z	INFO	controller-runtime.manager	Successfully updated Secret.	{"SecretConfig": "knime/keycloak-catalog-service-secretconfig", "targetSecret": "hub/keycloak-client-secret-catalog-service"}
2023-11-21T16:12:59.060Z	INFO	controller-runtime.manager	Successfully updated Secret.	{"SecretConfig": "knime/notification-service-db-secretconfig", "targetSecret": "hub/notification-service-db-secret"}
2023-11-21T16:12:59.061Z	INFO	controller-runtime.manager	Successfully updated Secret.	{"SecretConfig": "knime/keycloak-trigger-service-secretconfig", "targetSecret": "hub/keycloak-client-secret-trigger-service"}
2023-11-21T16:12:59.062Z	INFO	controller-runtime.manager	Successfully updated Secret.	{"SecretConfig": "knime/keycloak-secret-store-secretconfig", "targetSecret": "hub/keycloak-client-secret-secret-store"}
2023-11-21T16:12:59.064Z	INFO	controller-runtime.manager	Successfully updated Secret.	{"SecretConfig": "knime/keycloak-userdata-svc-secretconfig", "targetSecret": "hub/accounts-service-keycloak-client"}
2023-11-21T16:12:59.066Z	INFO	controller-runtime.manager	Successfully updated Secret.	{"SecretConfig": "knime/secret-store-db-secretconfig", "targetSecret": "hub/secret-store-db-secret"}
2023-11-21T16:12:59.067Z	INFO	controller-runtime.manager	Successfully updated Secret.	{"SecretConfig": "knime/keycloak-lifecycle-handler-secretconfig", "targetSecret": "hub/keycloak-client-secret-lifecycle-handler"}
2023-11-21T16:12:59.069Z	INFO	controller-runtime.manager	Successfully updated Secret.	{"SecretConfig": "knime/keycloak-execution-context-manager-secretconfig", "targetSecret": "hub/keycloak-client-secret-execution-context-manager"}
2023-11-21T16:12:59.070Z	INFO	controller-runtime.manager	Successfully updated Secret.	{"SecretConfig": "knime/keycloak-execution-operator-secretconfig", "targetSecret": "hub/keycloak-client-secret-execution-operator"}
2023-11-21T16:12:59.072Z	INFO	controller-runtime.manager	Successfully updated Secret.	{"SecretConfig": "knime/keycloak-search-sync-service-secretconfig", "targetSecret": "hub/keycloak-client-secret-search-sync-service"}
2023-11-21T16:12:59.073Z	INFO	controller-runtime.manager	Successfully updated Secret.	{"SecretConfig": "knime/accounts-service-db-secretconfig", "targetSecret": "hub/accounts-service-db-secret"}
2023-11-21T16:12:59.074Z	INFO	controller-runtime.manager	Successfully updated Secret.	{"SecretConfig": "knime/catalog-minio-secretconfig", "targetSecret": "hub/catalog-minio-credentials"}
2023-11-21T16:12:59.075Z	INFO	controller-runtime.manager	Successfully updated Secret.	{"SecretConfig": "knime/keycloak-notification-service-secretconfig", "targetSecret": "hub/keycloak-client-secret-notification-service"}
2023-11-21T16:12:59.083Z	INFO	controller-runtime.manager	Successfully updated Secret.	{"SecretConfig": "knime/trigger-service-db-secretconfig", "targetSecret": "hub/trigger-service-db-secret"}
2023-11-21T16:13:03.800Z	INFO	controller-runtime.manager	Successfully updated Secret.	{"SecretConfig": "knime/trigger-service-db-secretconfig", "targetSecret": "hub/trigger-service-db-secret"}
2023-11-21T16:13:03.801Z	INFO	controller-runtime.manager	Successfully updated Secret.	{"SecretConfig": "knime/keycloak-knime-impersonation-secretconfig", "targetSecret": "hub/keycloak-client-secret-knime-impersonation"}
2023-11-21T16:13:03.803Z	INFO	controller-runtime.manager	Successfully updated Secret.	{"SecretConfig": "knime/keycloak-session-service-secretconfig", "targetSecret": "hub/keycloak-client-secret-session-service"}
2023-11-21T16:13:03.805Z	INFO	controller-runtime.manager	Successfully updated Secret.	{"SecretConfig": "knime/execution-minio-secretconfig", "targetSecret": "hub/execution-minio-credentials"}
2023-11-21T16:13:03.806Z	INFO	controller-runtime.manager	Successfully updated Secret.	{"SecretConfig": "knime/keycloak-keycloak-proxy-secretconfig", "targetSecret": "hub/keycloak-client-secret-keycloak-proxy"}
2023-11-21T16:13:03.807Z	INFO	controller-runtime.manager	Successfully updated Secret.	{"SecretConfig": "knime/execution-services-db-secretconfig", "targetSecret": "hub/execution-services-db-secret"}
2023-11-21T16:13:03.809Z	INFO	controller-runtime.manager	Successfully updated Secret.	{"SecretConfig": "knime/catalog-service-db-secretconfig", "targetSecret": "hub/catalog-service-db-secret"}
2023-11-21T16:13:03.810Z	INFO	controller-runtime.manager	Successfully updated Secret.	{"SecretConfig": "knime/keycloak-rest-interface-secretconfig", "targetSecret": "hub/keycloak-client-secret-rest-interface"}
2023-11-21T16:13:03.812Z	INFO	controller-runtime.manager	Successfully updated Secret.	{"SecretConfig": "knime/keycloak-db-secretconfig", "targetSecret": "knime/keycloak-db-secret"}
2023-11-21T16:13:03.813Z	INFO	controller-runtime.manager	Successfully updated Secret.	{"SecretConfig": "kurl/kurl-registry-secretconfig", "targetSecret": "hub-execution/registry-creds"}
2023-11-21T16:13:03.815Z	INFO	controller-runtime.manager	Successfully updated Secret.	{"SecretConfig": "knime/edge-db-secretconfig", "targetSecret": "hub/edge-db-secret"}
2023-11-21T16:13:03.816Z	INFO	controller-runtime.manager	Successfully updated Secret.	{"SecretConfig": "knime/keycloak-s3-proxy-secretconfig", "targetSecret": "hub/keycloak-client-secret-s3-proxy"}
2023-11-21T16:13:03.817Z	INFO	controller-runtime.manager	Successfully updated Secret.	{"SecretConfig": "knime/knime-artemis-secretconfig", "targetSecret": "hub/knime-artemis"}
2023-11-21T16:13:03.818Z	INFO	controller-runtime.manager	Successfully updated Secret.	{"SecretConfig": "knime/keycloak-kubernetes-event-persistor-secretconfig", "targetSecret": "hub/keycloak-client-secret-kubernetes-event-persistor"}
2023-11-21T16:13:03.820Z	INFO	controller-runtime.manager	Successfully updated Secret.	{"SecretConfig": "knime/session-service-db-secretconfig", "targetSecret": "hub/session-service-db-secret"}
2023-11-21T16:13:03.822Z	INFO	controller-runtime.manager	Successfully updated Secret.	{"SecretConfig": "knime/keycloak-catalog-service-secretconfig", "targetSecret": "hub/keycloak-client-secret-catalog-service"}
2023-11-21T16:13:03.823Z	INFO	controller-runtime.manager	Successfully updated Secret.	{"SecretConfig": "knime/notification-service-db-secretconfig", "targetSecret": "hub/notification-service-db-secret"}
2023-11-21T16:13:03.825Z	INFO	controller-runtime.manager	Successfully updated Secret.	{"SecretConfig": "knime/accounts-minio-secretconfig", "targetSecret": "hub/accounts-minio-credentials"}
2023-11-21T16:13:03.826Z	INFO	controller-runtime.manager	Successfully updated Secret.	{"SecretConfig": "knime/keycloak-auth-rely-secretconfig", "targetSecret": "hub/keycloak-client-secret-auth-rely"}
2023-11-21T16:13:03.827Z	INFO	controller-runtime.manager	Successfully updated Secret.	{"SecretConfig": "knime/keycloak-userdata-svc-secretconfig", "targetSecret": "hub/accounts-service-keycloak-client"}
2023-11-21T16:13:03.828Z	INFO	controller-runtime.manager	Successfully updated Secret.	{"SecretConfig": "knime/secret-store-db-secretconfig", "targetSecret": "hub/secret-store-db-secret"}
2023-11-21T16:13:03.830Z	INFO	controller-runtime.manager	Successfully updated Secret.	{"SecretConfig": "knime/keycloak-lifecycle-handler-secretconfig", "targetSecret": "hub/keycloak-client-secret-lifecycle-handler"}
2023-11-21T16:13:03.831Z	INFO	controller-runtime.manager	Successfully updated Secret.	{"SecretConfig": "knime/keycloak-trigger-service-secretconfig", "targetSecret": "hub/keycloak-client-secret-trigger-service"}
2023-11-21T16:13:03.832Z	INFO	controller-runtime.manager	Successfully updated Secret.	{"SecretConfig": "knime/keycloak-secret-store-secretconfig", "targetSecret": "hub/keycloak-client-secret-secret-store"}
2023-11-21T16:13:03.833Z	INFO	controller-runtime.manager	Successfully updated Secret.	{"SecretConfig": "knime/keycloak-search-sync-service-secretconfig", "targetSecret": "hub/keycloak-client-secret-search-sync-service"}
2023-11-21T16:13:03.835Z	INFO	controller-runtime.manager	Successfully updated Secret.	{"SecretConfig": "knime/accounts-service-db-secretconfig", "targetSecret": "hub/accounts-service-db-secret"}
2023-11-21T16:13:03.836Z	INFO	controller-runtime.manager	Successfully updated Secret.	{"SecretConfig": "knime/catalog-minio-secretconfig", "targetSecret": "hub/catalog-minio-credentials"}
2023-11-21T16:13:03.837Z	INFO	controller-runtime.manager	Successfully updated Secret.	{"SecretConfig": "knime/keycloak-notification-service-secretconfig", "targetSecret": "hub/keycloak-client-secret-notification-service"}
2023-11-21T16:13:03.838Z	INFO	controller-runtime.manager	Successfully updated Secret.	{"SecretConfig": "knime/keycloak-execution-context-manager-secretconfig", "targetSecret": "hub/keycloak-client-secret-execution-context-manager"}
2023-11-21T16:13:03.840Z	INFO	controller-runtime.manager	Successfully updated Secret.	{"SecretConfig": "knime/keycloak-execution-operator-secretconfig", "targetSecret": "hub/keycloak-client-secret-execution-operator"}
2023-11-21T16:13:03.849Z	INFO	controller-runtime.manager	Successfully updated Secret.	{"SecretConfig": "knime/trigger-service-db-secretconfig", "targetSecret": "hub/trigger-service-db-secret"}
2023-11-21T16:13:03.899Z	INFO	controller-runtime.manager	Successfully updated Secret.	{"SecretConfig": "knime/keycloak-rest-interface-secretconfig", "targetSecret": "hub/keycloak-client-secret-rest-interface"}
2023-11-21T16:13:03.949Z	INFO	controller-runtime.manager	Successfully updated Secret.	{"SecretConfig": "knime/keycloak-session-service-secretconfig", "targetSecret": "hub/keycloak-client-secret-session-service"}
2023-11-21T16:13:03.999Z	INFO	controller-runtime.manager	Successfully updated Secret.	{"SecretConfig": "knime/execution-minio-secretconfig", "targetSecret": "hub/execution-minio-credentials"}
2023-11-21T16:13:04.050Z	INFO	controller-runtime.manager	Successfully updated Secret.	{"SecretConfig": "knime/keycloak-keycloak-proxy-secretconfig", "targetSecret": "hub/keycloak-client-secret-keycloak-proxy"}
2023-11-21T16:13:04.100Z	INFO	controller-runtime.manager	Successfully updated Secret.	{"SecretConfig": "knime/execution-services-db-secretconfig", "targetSecret": "hub/execution-services-db-secret"}
2023-11-21T16:13:04.149Z	INFO	controller-runtime.manager	Successfully updated Secret.	{"SecretConfig": "knime/catalog-service-db-secretconfig", "targetSecret": "hub/catalog-service-db-secret"}
2023-11-21T16:13:04.200Z	INFO	controller-runtime.manager	Successfully updated Secret.	{"SecretConfig": "knime/keycloak-db-secretconfig", "targetSecret": "knime/keycloak-db-secret"}
2023-11-21T16:13:04.250Z	INFO	controller-runtime.manager	Successfully updated Secret.	{"SecretConfig": "kurl/kurl-registry-secretconfig", "targetSecret": "hub-execution/registry-creds"}
2023-11-21T16:13:04.300Z	INFO	controller-runtime.manager	Successfully updated Secret.	{"SecretConfig": "knime/edge-db-secretconfig", "targetSecret": "hub/edge-db-secret"}
2023-11-21T16:13:04.349Z	INFO	controller-runtime.manager	Successfully updated Secret.	{"SecretConfig": "knime/keycloak-s3-proxy-secretconfig", "targetSecret": "hub/keycloak-client-secret-s3-proxy"}
2023-11-21T16:13:04.400Z	INFO	controller-runtime.manager	Successfully updated Secret.	{"SecretConfig": "knime/knime-artemis-secretconfig", "targetSecret": "hub/knime-artemis"}
2023-11-21T16:13:04.450Z	INFO	controller-runtime.manager	Successfully updated Secret.	{"SecretConfig": "knime/keycloak-kubernetes-event-persistor-secretconfig", "targetSecret": "hub/keycloak-client-secret-kubernetes-event-persistor"}
2023-11-21T16:13:04.499Z	INFO	controller-runtime.manager	Successfully updated Secret.	{"SecretConfig": "knime/session-service-db-secretconfig", "targetSecret": "hub/session-service-db-secret"}
2023-11-21T16:13:04.549Z	INFO	controller-runtime.manager	Successfully updated Secret.	{"SecretConfig": "knime/keycloak-auth-rely-secretconfig", "targetSecret": "hub/keycloak-client-secret-auth-rely"}
2023-11-21T16:13:04.600Z	INFO	controller-runtime.manager	Successfully updated Secret.	{"SecretConfig": "knime/keycloak-catalog-service-secretconfig", "targetSecret": "hub/keycloak-client-secret-catalog-service"}
2023-11-21T16:13:04.649Z	INFO	controller-runtime.manager	Successfully updated Secret.	{"SecretConfig": "knime/notification-service-db-secretconfig", "targetSecret": "hub/notification-service-db-secret"}
2023-11-21T16:13:04.699Z	INFO	controller-runtime.manager	Successfully updated Secret.	{"SecretConfig": "knime/accounts-minio-secretconfig", "targetSecret": "hub/accounts-minio-credentials"}
2023-11-21T16:13:04.750Z	INFO	controller-runtime.manager	Successfully updated Secret.	{"SecretConfig": "knime/keycloak-secret-store-secretconfig", "targetSecret": "hub/keycloak-client-secret-secret-store"}
2023-11-21T16:13:04.799Z	INFO	controller-runtime.manager	Successfully updated Secret.	{"SecretConfig": "knime/keycloak-userdata-svc-secretconfig", "targetSecret": "hub/accounts-service-keycloak-client"}
2023-11-21T16:13:04.850Z	INFO	controller-runtime.manager	Successfully updated Secret.	{"SecretConfig": "knime/secret-store-db-secretconfig", "targetSecret": "hub/secret-store-db-secret"}
2023-11-21T16:13:04.900Z	INFO	controller-runtime.manager	Successfully updated Secret.	{"SecretConfig": "knime/keycloak-lifecycle-handler-secretconfig", "targetSecret": "hub/keycloak-client-secret-lifecycle-handler"}
2023-11-21T16:13:04.950Z	INFO	controller-runtime.manager	Successfully updated Secret.	{"SecretConfig": "knime/keycloak-trigger-service-secretconfig", "targetSecret": "hub/keycloak-client-secret-trigger-service"}
2023-11-21T16:13:05.000Z	INFO	controller-runtime.manager	Successfully updated Secret.	{"SecretConfig": "knime/keycloak-execution-operator-secretconfig", "targetSecret": "hub/keycloak-client-secret-execution-operator"}
2023-11-21T16:13:05.050Z	INFO	controller-runtime.manager	Successfully updated Secret.	{"SecretConfig": "knime/keycloak-search-sync-service-secretconfig", "targetSecret": "hub/keycloak-client-secret-search-sync-service"}
2023-11-21T16:13:05.099Z	INFO	controller-runtime.manager	Successfully updated Secret.	{"SecretConfig": "knime/accounts-service-db-secretconfig", "targetSecret": "hub/accounts-service-db-secret"}
2023-11-21T16:13:05.150Z	INFO	controller-runtime.manager	Successfully updated Secret.	{"SecretConfig": "knime/catalog-minio-secretconfig", "targetSecret": "hub/catalog-minio-credentials"}
2023-11-21T16:13:05.199Z	INFO	controller-runtime.manager	Successfully updated Secret.	{"SecretConfig": "knime/keycloak-notification-service-secretconfig", "targetSecret": "hub/keycloak-client-secret-notification-service"}
2023-11-21T16:13:05.249Z	INFO	controller-runtime.manager	Successfully updated Secret.	{"SecretConfig": "knime/keycloak-execution-context-manager-secretconfig", "targetSecret": "hub/keycloak-client-secret-execution-context-manager"}
2023-11-21T16:13:05.300Z	INFO	controller-runtime.manager	Successfully updated Secret.	{"SecretConfig": "knime/trigger-service-db-secretconfig", "targetSecret": "hub/trigger-service-db-secret"}
2023-11-21T16:13:05.349Z	INFO	controller-runtime.manager	Successfully updated Secret.	{"SecretConfig": "knime/keycloak-knime-impersonation-secretconfig", "targetSecret": "hub/keycloak-client-secret-knime-impersonation"}
2023-11-21T16:13:05.400Z	INFO	controller-runtime.manager	Successfully updated Secret.	{"SecretConfig": "knime/keycloak-rest-interface-secretconfig", "targetSecret": "hub/keycloak-client-secret-rest-interface"}
2023-11-21T16:13:05.449Z	INFO	controller-runtime.manager	Successfully updated Secret.	{"SecretConfig": "knime/keycloak-session-service-secretconfig", "targetSecret": "hub/keycloak-client-secret-session-service"}
2023-11-21T16:13:08.881Z	INFO	controller-runtime.manager	Successfully updated Secret.	{"SecretConfig": "knime/keycloak-db-secretconfig", "targetSecret": "knime/keycloak-db-secret"}
2023-11-21T16:13:08.882Z	INFO	controller-runtime.manager	Successfully updated Secret.	{"SecretConfig": "kurl/kurl-registry-secretconfig", "targetSecret": "hub-execution/registry-creds"}
2023-11-21T16:13:08.883Z	INFO	controller-runtime.manager	Successfully updated Secret.	{"SecretConfig": "knime/edge-db-secretconfig", "targetSecret": "hub/edge-db-secret"}
2023-11-21T16:13:08.885Z	INFO	controller-runtime.manager	Successfully updated Secret.	{"SecretConfig": "knime/keycloak-s3-proxy-secretconfig", "targetSecret": "hub/keycloak-client-secret-s3-proxy"}
2023-11-21T16:13:08.886Z	INFO	controller-runtime.manager	Successfully updated Secret.	{"SecretConfig": "knime/knime-artemis-secretconfig", "targetSecret": "hub/knime-artemis"}
2023-11-21T16:13:08.889Z	INFO	controller-runtime.manager	Successfully updated Secret.	{"SecretConfig": "knime/keycloak-kubernetes-event-persistor-secretconfig", "targetSecret": "hub/keycloak-client-secret-kubernetes-event-persistor"}
2023-11-21T16:13:08.890Z	INFO	controller-runtime.manager	Successfully updated Secret.	{"SecretConfig": "knime/session-service-db-secretconfig", "targetSecret": "hub/session-service-db-secret"}
2023-11-21T16:13:08.891Z	INFO	controller-runtime.manager	Successfully updated Secret.	{"SecretConfig": "knime/keycloak-catalog-service-secretconfig", "targetSecret": "hub/keycloak-client-secret-catalog-service"}
2023-11-21T16:13:08.893Z	INFO	controller-runtime.manager	Successfully updated Secret.	{"SecretConfig": "knime/notification-service-db-secretconfig", "targetSecret": "hub/notification-service-db-secret"}
2023-11-21T16:13:08.894Z	INFO	controller-runtime.manager	Successfully updated Secret.	{"SecretConfig": "knime/accounts-minio-secretconfig", "targetSecret": "hub/accounts-minio-credentials"}
2023-11-21T16:13:08.895Z	INFO	controller-runtime.manager	Successfully updated Secret.	{"SecretConfig": "knime/keycloak-auth-rely-secretconfig", "targetSecret": "hub/keycloak-client-secret-auth-rely"}
2023-11-21T16:13:08.896Z	INFO	controller-runtime.manager	Successfully updated Secret.	{"SecretConfig": "knime/secret-store-db-secretconfig", "targetSecret": "hub/secret-store-db-secret"}
2023-11-21T16:13:08.898Z	INFO	controller-runtime.manager	Successfully updated Secret.	{"SecretConfig": "knime/keycloak-lifecycle-handler-secretconfig", "targetSecret": "hub/keycloak-client-secret-lifecycle-handler"}
2023-11-21T16:13:08.899Z	INFO	controller-runtime.manager	Successfully updated Secret.	{"SecretConfig": "knime/keycloak-trigger-service-secretconfig", "targetSecret": "hub/keycloak-client-secret-trigger-service"}
2023-11-21T16:13:08.900Z	INFO	controller-runtime.manager	Successfully updated Secret.	{"SecretConfig": "knime/keycloak-secret-store-secretconfig", "targetSecret": "hub/keycloak-client-secret-secret-store"}
2023-11-21T16:13:08.901Z	INFO	controller-runtime.manager	Successfully updated Secret.	{"SecretConfig": "knime/keycloak-userdata-svc-secretconfig", "targetSecret": "hub/accounts-service-keycloak-client"}
2023-11-21T16:13:08.902Z	INFO	controller-runtime.manager	Successfully updated Secret.	{"SecretConfig": "knime/accounts-service-db-secretconfig", "targetSecret": "hub/accounts-service-db-secret"}
2023-11-21T16:13:08.904Z	INFO	controller-runtime.manager	Successfully updated Secret.	{"SecretConfig": "knime/catalog-minio-secretconfig", "targetSecret": "hub/catalog-minio-credentials"}
2023-11-21T16:13:08.905Z	INFO	controller-runtime.manager	Successfully updated Secret.	{"SecretConfig": "knime/keycloak-notification-service-secretconfig", "targetSecret": "hub/keycloak-client-secret-notification-service"}
2023-11-21T16:13:08.906Z	INFO	controller-runtime.manager	Successfully updated Secret.	{"SecretConfig": "knime/keycloak-execution-context-manager-secretconfig", "targetSecret": "hub/keycloak-client-secret-execution-context-manager"}
2023-11-21T16:13:08.908Z	INFO	controller-runtime.manager	Successfully updated Secret.	{"SecretConfig": "knime/keycloak-execution-operator-secretconfig", "targetSecret": "hub/keycloak-client-secret-execution-operator"}
2023-11-21T16:13:08.909Z	INFO	controller-runtime.manager	Successfully updated Secret.	{"SecretConfig": "knime/keycloak-search-sync-service-secretconfig", "targetSecret": "hub/keycloak-client-secret-search-sync-service"}
2023-11-21T16:13:08.910Z	INFO	controller-runtime.manager	Successfully updated Secret.	{"SecretConfig": "knime/trigger-service-db-secretconfig", "targetSecret": "hub/trigger-service-db-secret"}
2023-11-21T16:13:08.911Z	INFO	controller-runtime.manager	Successfully updated Secret.	{"SecretConfig": "knime/keycloak-knime-impersonation-secretconfig", "targetSecret": "hub/keycloak-client-secret-knime-impersonation"}
2023-11-21T16:13:08.913Z	INFO	controller-runtime.manager	Successfully updated Secret.	{"SecretConfig": "knime/execution-minio-secretconfig", "targetSecret": "hub/execution-minio-credentials"}
2023-11-21T16:13:08.914Z	INFO	controller-runtime.manager	Successfully updated Secret.	{"SecretConfig": "knime/keycloak-keycloak-proxy-secretconfig", "targetSecret": "hub/keycloak-client-secret-keycloak-proxy"}
2023-11-21T16:13:08.915Z	INFO	controller-runtime.manager	Successfully updated Secret.	{"SecretConfig": "knime/execution-services-db-secretconfig", "targetSecret": "hub/execution-services-db-secret"}
2023-11-21T16:13:08.916Z	INFO	controller-runtime.manager	Successfully updated Secret.	{"SecretConfig": "knime/catalog-service-db-secretconfig", "targetSecret": "hub/catalog-service-db-secret"}
2023-11-21T16:13:08.918Z	INFO	controller-runtime.manager	Successfully updated Secret.	{"SecretConfig": "knime/keycloak-rest-interface-secretconfig", "targetSecret": "hub/keycloak-client-secret-rest-interface"}
2023-11-21T16:13:08.919Z	INFO	controller-runtime.manager	Successfully updated Secret.	{"SecretConfig": "knime/keycloak-session-service-secretconfig", "targetSecret": "hub/keycloak-client-secret-session-service"}
2023-11-21T16:13:08.930Z	INFO	controller-runtime.manager	Successfully updated Secret.	{"SecretConfig": "knime/keycloak-db-secretconfig", "targetSecret": "knime/keycloak-db-secret"}
2023-11-21T16:13:09.314Z	INFO	controller-runtime.manager	Successfully updated Secret.	{"SecretConfig": "knime/knime-artemis-secretconfig", "targetSecret": "hub/knime-artemis"}
2023-11-21T16:13:09.315Z	INFO	controller-runtime.manager	Successfully updated Secret.	{"SecretConfig": "knime/keycloak-kubernetes-event-persistor-secretconfig", "targetSecret": "hub/keycloak-client-secret-kubernetes-event-persistor"}
2023-11-21T16:13:09.317Z	INFO	controller-runtime.manager	Successfully updated Secret.	{"SecretConfig": "knime/session-service-db-secretconfig", "targetSecret": "hub/session-service-db-secret"}
2023-11-21T16:13:09.318Z	INFO	controller-runtime.manager	Successfully updated Secret.	{"SecretConfig": "knime/keycloak-auth-rely-secretconfig", "targetSecret": "hub/keycloak-client-secret-auth-rely"}
2023-11-21T16:13:09.320Z	INFO	controller-runtime.manager	Successfully updated Secret.	{"SecretConfig": "knime/keycloak-catalog-service-secretconfig", "targetSecret": "hub/keycloak-client-secret-catalog-service"}
2023-11-21T16:13:09.321Z	INFO	controller-runtime.manager	Successfully updated Secret.	{"SecretConfig": "knime/notification-service-db-secretconfig", "targetSecret": "hub/notification-service-db-secret"}
2023-11-21T16:13:09.323Z	INFO	controller-runtime.manager	Successfully updated Secret.	{"SecretConfig": "knime/accounts-minio-secretconfig", "targetSecret": "hub/accounts-minio-credentials"}
2023-11-21T16:13:09.331Z	INFO	controller-runtime.manager	Successfully updated Secret.	{"SecretConfig": "knime/keycloak-secret-store-secretconfig", "targetSecret": "hub/keycloak-client-secret-secret-store"}
2023-11-21T16:13:09.381Z	INFO	controller-runtime.manager	Successfully updated Secret.	{"SecretConfig": "knime/keycloak-userdata-svc-secretconfig", "targetSecret": "hub/accounts-service-keycloak-client"}
2023-11-21T16:13:09.431Z	INFO	controller-runtime.manager	Successfully updated Secret.	{"SecretConfig": "knime/secret-store-db-secretconfig", "targetSecret": "hub/secret-store-db-secret"}
2023-11-21T16:13:09.481Z	INFO	controller-runtime.manager	Successfully updated Secret.	{"SecretConfig": "knime/keycloak-lifecycle-handler-secretconfig", "targetSecret": "hub/keycloak-client-secret-lifecycle-handler"}
2023-11-21T16:13:09.531Z	INFO	controller-runtime.manager	Successfully updated Secret.	{"SecretConfig": "knime/keycloak-trigger-service-secretconfig", "targetSecret": "hub/keycloak-client-secret-trigger-service"}
2023-11-21T16:13:09.581Z	INFO	controller-runtime.manager	Successfully updated Secret.	{"SecretConfig": "knime/keycloak-execution-operator-secretconfig", "targetSecret": "hub/keycloak-client-secret-execution-operator"}
2023-11-21T16:13:09.632Z	INFO	controller-runtime.manager	Successfully updated Secret.	{"SecretConfig": "knime/keycloak-search-sync-service-secretconfig", "targetSecret": "hub/keycloak-client-secret-search-sync-service"}
2023-11-21T16:13:09.681Z	INFO	controller-runtime.manager	Successfully updated Secret.	{"SecretConfig": "knime/accounts-service-db-secretconfig", "targetSecret": "hub/accounts-service-db-secret"}
2023-11-21T16:13:09.732Z	INFO	controller-runtime.manager	Successfully updated Secret.	{"SecretConfig": "knime/catalog-minio-secretconfig", "targetSecret": "hub/catalog-minio-credentials"}
2023-11-21T16:13:09.781Z	INFO	controller-runtime.manager	Successfully updated Secret.	{"SecretConfig": "knime/keycloak-notification-service-secretconfig", "targetSecret": "hub/keycloak-client-secret-notification-service"}
2023-11-21T16:13:09.832Z	INFO	controller-runtime.manager	Successfully updated Secret.	{"SecretConfig": "knime/keycloak-execution-context-manager-secretconfig", "targetSecret": "hub/keycloak-client-secret-execution-context-manager"}
2023-11-21T16:13:09.882Z	INFO	controller-runtime.manager	Successfully updated Secret.	{"SecretConfig": "knime/trigger-service-db-secretconfig", "targetSecret": "hub/trigger-service-db-secret"}
2023-11-21T16:13:09.932Z	INFO	controller-runtime.manager	Successfully updated Secret.	{"SecretConfig": "knime/keycloak-knime-impersonation-secretconfig", "targetSecret": "hub/keycloak-client-secret-knime-impersonation"}
2023-11-21T16:13:09.981Z	INFO	controller-runtime.manager	Successfully updated Secret.	{"SecretConfig": "knime/keycloak-rest-interface-secretconfig", "targetSecret": "hub/keycloak-client-secret-rest-interface"}
2023-11-21T16:13:10.031Z	INFO	controller-runtime.manager	Successfully updated Secret.	{"SecretConfig": "knime/keycloak-session-service-secretconfig", "targetSecret": "hub/keycloak-client-secret-session-service"}
2023-11-21T16:13:10.081Z	INFO	controller-runtime.manager	Successfully updated Secret.	{"SecretConfig": "knime/execution-minio-secretconfig", "targetSecret": "hub/execution-minio-credentials"}
2023-11-21T16:13:10.131Z	INFO	controller-runtime.manager	Successfully updated Secret.	{"SecretConfig": "knime/keycloak-keycloak-proxy-secretconfig", "targetSecret": "hub/keycloak-client-secret-keycloak-proxy"}
2023-11-21T16:13:10.181Z	INFO	controller-runtime.manager	Successfully updated Secret.	{"SecretConfig": "knime/execution-services-db-secretconfig", "targetSecret": "hub/execution-services-db-secret"}
2023-11-21T16:13:10.231Z	INFO	controller-runtime.manager	Successfully updated Secret.	{"SecretConfig": "knime/catalog-service-db-secretconfig", "targetSecret": "hub/catalog-service-db-secret"}
2023-11-21T16:13:10.281Z	INFO	controller-runtime.manager	Successfully updated Secret.	{"SecretConfig": "knime/keycloak-db-secretconfig", "targetSecret": "knime/keycloak-db-secret"}
2023-11-21T16:13:10.331Z	INFO	controller-runtime.manager	Successfully updated Secret.	{"SecretConfig": "kurl/kurl-registry-secretconfig", "targetSecret": "hub-execution/registry-creds"}
2023-11-21T16:13:10.381Z	INFO	controller-runtime.manager	Successfully updated Secret.	{"SecretConfig": "knime/edge-db-secretconfig", "targetSecret": "hub/edge-db-secret"}
2023-11-21T16:13:10.431Z	INFO	controller-runtime.manager	Successfully updated Secret.	{"SecretConfig": "knime/keycloak-s3-proxy-secretconfig", "targetSecret": "hub/keycloak-client-secret-s3-proxy"}
2023-11-21T16:13:10.481Z	INFO	controller-runtime.manager	Successfully updated Secret.	{"SecretConfig": "knime/knime-artemis-secretconfig", "targetSecret": "hub/knime-artemis"}
2023-11-21T16:13:13.881Z	INFO	controller-runtime.manager	Successfully updated Secret.	{"SecretConfig": "knime/trigger-service-db-secretconfig", "targetSecret": "hub/trigger-service-db-secret"}
2023-11-21T16:13:13.882Z	INFO	controller-runtime.manager	Successfully updated Secret.	{"SecretConfig": "knime/keycloak-knime-impersonation-secretconfig", "targetSecret": "hub/keycloak-client-secret-knime-impersonation"}
2023-11-21T16:13:13.884Z	INFO	controller-runtime.manager	Successfully updated Secret.	{"SecretConfig": "knime/keycloak-session-service-secretconfig", "targetSecret": "hub/keycloak-client-secret-session-service"}
2023-11-21T16:13:13.885Z	INFO	controller-runtime.manager	Successfully updated Secret.	{"SecretConfig": "knime/execution-minio-secretconfig", "targetSecret": "hub/execution-minio-credentials"}
2023-11-21T16:13:13.886Z	INFO	controller-runtime.manager	Successfully updated Secret.	{"SecretConfig": "knime/keycloak-keycloak-proxy-secretconfig", "targetSecret": "hub/keycloak-client-secret-keycloak-proxy"}
2023-11-21T16:13:13.888Z	INFO	controller-runtime.manager	Successfully updated Secret.	{"SecretConfig": "knime/execution-services-db-secretconfig", "targetSecret": "hub/execution-services-db-secret"}
2023-11-21T16:13:13.889Z	INFO	controller-runtime.manager	Successfully updated Secret.	{"SecretConfig": "knime/catalog-service-db-secretconfig", "targetSecret": "hub/catalog-service-db-secret"}
2023-11-21T16:13:13.891Z	INFO	controller-runtime.manager	Successfully updated Secret.	{"SecretConfig": "knime/keycloak-rest-interface-secretconfig", "targetSecret": "hub/keycloak-client-secret-rest-interface"}
2023-11-21T16:13:13.892Z	INFO	controller-runtime.manager	Successfully updated Secret.	{"SecretConfig": "knime/keycloak-db-secretconfig", "targetSecret": "knime/keycloak-db-secret"}
2023-11-21T16:13:13.894Z	INFO	controller-runtime.manager	Successfully updated Secret.	{"SecretConfig": "kurl/kurl-registry-secretconfig", "targetSecret": "hub-execution/registry-creds"}
2023-11-21T16:13:13.895Z	INFO	controller-runtime.manager	Successfully updated Secret.	{"SecretConfig": "knime/edge-db-secretconfig", "targetSecret": "hub/edge-db-secret"}
2023-11-21T16:13:13.896Z	INFO	controller-runtime.manager	Successfully updated Secret.	{"SecretConfig": "knime/keycloak-s3-proxy-secretconfig", "targetSecret": "hub/keycloak-client-secret-s3-proxy"}
2023-11-21T16:13:13.898Z	INFO	controller-runtime.manager	Successfully updated Secret.	{"SecretConfig": "knime/knime-artemis-secretconfig", "targetSecret": "hub/knime-artemis"}
2023-11-21T16:13:13.899Z	INFO	controller-runtime.manager	Successfully updated Secret.	{"SecretConfig": "knime/keycloak-kubernetes-event-persistor-secretconfig", "targetSecret": "hub/keycloak-client-secret-kubernetes-event-persistor"}
2023-11-21T16:13:13.900Z	INFO	controller-runtime.manager	Successfully updated Secret.	{"SecretConfig": "knime/session-service-db-secretconfig", "targetSecret": "hub/session-service-db-secret"}
2023-11-21T16:13:13.902Z	INFO	controller-runtime.manager	Successfully updated Secret.	{"SecretConfig": "knime/keycloak-catalog-service-secretconfig", "targetSecret": "hub/keycloak-client-secret-catalog-service"}
2023-11-21T16:13:13.903Z	INFO	controller-runtime.manager	Successfully updated Secret.	{"SecretConfig": "knime/notification-service-db-secretconfig", "targetSecret": "hub/notification-service-db-secret"}
2023-11-21T16:13:13.905Z	INFO	controller-runtime.manager	Successfully updated Secret.	{"SecretConfig": "knime/accounts-minio-secretconfig", "targetSecret": "hub/accounts-minio-credentials"}
2023-11-21T16:13:13.906Z	INFO	controller-runtime.manager	Successfully updated Secret.	{"SecretConfig": "knime/keycloak-auth-rely-secretconfig", "targetSecret": "hub/keycloak-client-secret-auth-rely"}
2023-11-21T16:13:13.907Z	INFO	controller-runtime.manager	Successfully updated Secret.	{"SecretConfig": "knime/keycloak-userdata-svc-secretconfig", "targetSecret": "hub/accounts-service-keycloak-client"}
2023-11-21T16:13:13.908Z	INFO	controller-runtime.manager	Successfully updated Secret.	{"SecretConfig": "knime/secret-store-db-secretconfig", "targetSecret": "hub/secret-store-db-secret"}
2023-11-21T16:13:13.910Z	INFO	controller-runtime.manager	Successfully updated Secret.	{"SecretConfig": "knime/keycloak-lifecycle-handler-secretconfig", "targetSecret": "hub/keycloak-client-secret-lifecycle-handler"}
2023-11-21T16:13:13.912Z	INFO	controller-runtime.manager	Successfully updated Secret.	{"SecretConfig": "knime/keycloak-trigger-service-secretconfig", "targetSecret": "hub/keycloak-client-secret-trigger-service"}
2023-11-21T16:13:13.913Z	INFO	controller-runtime.manager	Successfully updated Secret.	{"SecretConfig": "knime/keycloak-secret-store-secretconfig", "targetSecret": "hub/keycloak-client-secret-secret-store"}
2023-11-21T16:13:13.915Z	INFO	controller-runtime.manager	Successfully updated Secret.	{"SecretConfig": "knime/keycloak-search-sync-service-secretconfig", "targetSecret": "hub/keycloak-client-secret-search-sync-service"}
2023-11-21T16:13:13.916Z	INFO	controller-runtime.manager	Successfully updated Secret.	{"SecretConfig": "knime/accounts-service-db-secretconfig", "targetSecret": "hub/accounts-service-db-secret"}
2023-11-21T16:13:13.917Z	INFO	controller-runtime.manager	Successfully updated Secret.	{"SecretConfig": "knime/catalog-minio-secretconfig", "targetSecret": "hub/catalog-minio-credentials"}
2023-11-21T16:13:13.919Z	INFO	controller-runtime.manager	Successfully updated Secret.	{"SecretConfig": "knime/keycloak-notification-service-secretconfig", "targetSecret": "hub/keycloak-client-secret-notification-service"}
2023-11-21T16:13:13.921Z	INFO	controller-runtime.manager	Successfully updated Secret.	{"SecretConfig": "knime/keycloak-execution-context-manager-secretconfig", "targetSecret": "hub/keycloak-client-secret-execution-context-manager"}
2023-11-21T16:13:13.922Z	INFO	controller-runtime.manager	Successfully updated Secret.	{"SecretConfig": "knime/keycloak-execution-operator-secretconfig", "targetSecret": "hub/keycloak-client-secret-execution-operator"}
2023-11-21T16:13:13.930Z	INFO	controller-runtime.manager	Successfully updated Secret.	{"SecretConfig": "knime/trigger-service-db-secretconfig", "targetSecret": "hub/trigger-service-db-secret"}
2023-11-21T16:13:18.881Z	INFO	controller-runtime.manager	Successfully updated Secret.	{"SecretConfig": "knime/keycloak-session-service-secretconfig", "targetSecret": "hub/keycloak-client-secret-session-service"}
2023-11-21T16:13:18.882Z	INFO	controller-runtime.manager	Successfully updated Secret.	{"SecretConfig": "knime/execution-minio-secretconfig", "targetSecret": "hub/execution-minio-credentials"}
2023-11-21T16:13:18.884Z	INFO	controller-runtime.manager	Successfully updated Secret.	{"SecretConfig": "knime/keycloak-keycloak-proxy-secretconfig", "targetSecret": "hub/keycloak-client-secret-keycloak-proxy"}
2023-11-21T16:13:18.885Z	INFO	controller-runtime.manager	Successfully updated Secret.	{"SecretConfig": "knime/execution-services-db-secretconfig", "targetSecret": "hub/execution-services-db-secret"}
2023-11-21T16:13:18.886Z	INFO	controller-runtime.manager	Successfully updated Secret.	{"SecretConfig": "knime/catalog-service-db-secretconfig", "targetSecret": "hub/catalog-service-db-secret"}
2023-11-21T16:13:18.888Z	INFO	controller-runtime.manager	Successfully updated Secret.	{"SecretConfig": "knime/keycloak-rest-interface-secretconfig", "targetSecret": "hub/keycloak-client-secret-rest-interface"}
2023-11-21T16:13:18.889Z	INFO	controller-runtime.manager	Successfully updated Secret.	{"SecretConfig": "knime/keycloak-db-secretconfig", "targetSecret": "knime/keycloak-db-secret"}
2023-11-21T16:13:18.890Z	INFO	controller-runtime.manager	Successfully updated Secret.	{"SecretConfig": "kurl/kurl-registry-secretconfig", "targetSecret": "hub-execution/registry-creds"}
2023-11-21T16:13:18.892Z	INFO	controller-runtime.manager	Successfully updated Secret.	{"SecretConfig": "knime/edge-db-secretconfig", "targetSecret": "hub/edge-db-secret"}
2023-11-21T16:13:18.893Z	INFO	controller-runtime.manager	Successfully updated Secret.	{"SecretConfig": "knime/keycloak-s3-proxy-secretconfig", "targetSecret": "hub/keycloak-client-secret-s3-proxy"}
2023-11-21T16:13:18.894Z	INFO	controller-runtime.manager	Successfully updated Secret.	{"SecretConfig": "knime/knime-artemis-secretconfig", "targetSecret": "hub/knime-artemis"}
2023-11-21T16:13:18.896Z	INFO	controller-runtime.manager	Successfully updated Secret.	{"SecretConfig": "knime/keycloak-kubernetes-event-persistor-secretconfig", "targetSecret": "hub/keycloak-client-secret-kubernetes-event-persistor"}
2023-11-21T16:13:18.897Z	INFO	controller-runtime.manager	Successfully updated Secret.	{"SecretConfig": "knime/session-service-db-secretconfig", "targetSecret": "hub/session-service-db-secret"}
2023-11-21T16:13:18.898Z	INFO	controller-runtime.manager	Successfully updated Secret.	{"SecretConfig": "knime/keycloak-catalog-service-secretconfig", "targetSecret": "hub/keycloak-client-secret-catalog-service"}
2023-11-21T16:13:18.900Z	INFO	controller-runtime.manager	Successfully updated Secret.	{"SecretConfig": "knime/notification-service-db-secretconfig", "targetSecret": "hub/notification-service-db-secret"}
2023-11-21T16:13:18.901Z	INFO	controller-runtime.manager	Successfully updated Secret.	{"SecretConfig": "knime/accounts-minio-secretconfig", "targetSecret": "hub/accounts-minio-credentials"}
2023-11-21T16:13:18.902Z	INFO	controller-runtime.manager	Successfully updated Secret.	{"SecretConfig": "knime/keycloak-auth-rely-secretconfig", "targetSecret": "hub/keycloak-client-secret-auth-rely"}
2023-11-21T16:13:18.903Z	INFO	controller-runtime.manager	Successfully updated Secret.	{"SecretConfig": "knime/keycloak-userdata-svc-secretconfig", "targetSecret": "hub/accounts-service-keycloak-client"}
2023-11-21T16:13:18.904Z	INFO	controller-runtime.manager	Successfully updated Secret.	{"SecretConfig": "knime/secret-store-db-secretconfig", "targetSecret": "hub/secret-store-db-secret"}
2023-11-21T16:13:18.906Z	INFO	controller-runtime.manager	Successfully updated Secret.	{"SecretConfig": "knime/keycloak-lifecycle-handler-secretconfig", "targetSecret": "hub/keycloak-client-secret-lifecycle-handler"}
2023-11-21T16:13:18.907Z	INFO	controller-runtime.manager	Successfully updated Secret.	{"SecretConfig": "knime/keycloak-trigger-service-secretconfig", "targetSecret": "hub/keycloak-client-secret-trigger-service"}
2023-11-21T16:13:18.908Z	INFO	controller-runtime.manager	Successfully updated Secret.	{"SecretConfig": "knime/keycloak-secret-store-secretconfig", "targetSecret": "hub/keycloak-client-secret-secret-store"}
2023-11-21T16:13:18.909Z	INFO	controller-runtime.manager	Successfully updated Secret.	{"SecretConfig": "knime/keycloak-search-sync-service-secretconfig", "targetSecret": "hub/keycloak-client-secret-search-sync-service"}
2023-11-21T16:13:18.910Z	INFO	controller-runtime.manager	Successfully updated Secret.	{"SecretConfig": "knime/accounts-service-db-secretconfig", "targetSecret": "hub/accounts-service-db-secret"}
2023-11-21T16:13:18.912Z	INFO	controller-runtime.manager	Successfully updated Secret.	{"SecretConfig": "knime/catalog-minio-secretconfig", "targetSecret": "hub/catalog-minio-credentials"}
2023-11-21T16:13:18.913Z	INFO	controller-runtime.manager	Successfully updated Secret.	{"SecretConfig": "knime/keycloak-notification-service-secretconfig", "targetSecret": "hub/keycloak-client-secret-notification-service"}
2023-11-21T16:13:18.914Z	INFO	controller-runtime.manager	Successfully updated Secret.	{"SecretConfig": "knime/keycloak-execution-context-manager-secretconfig", "targetSecret": "hub/keycloak-client-secret-execution-context-manager"}
2023-11-21T16:13:18.915Z	INFO	controller-runtime.manager	Successfully updated Secret.	{"SecretConfig": "knime/keycloak-execution-operator-secretconfig", "targetSecret": "hub/keycloak-client-secret-execution-operator"}
2023-11-21T16:13:18.917Z	INFO	controller-runtime.manager	Successfully updated Secret.	{"SecretConfig": "knime/trigger-service-db-secretconfig", "targetSecret": "hub/trigger-service-db-secret"}
2023-11-21T16:13:18.918Z	INFO	controller-runtime.manager	Successfully updated Secret.	{"SecretConfig": "knime/keycloak-knime-impersonation-secretconfig", "targetSecret": "hub/keycloak-client-secret-knime-impersonation"}
2023-11-21T16:13:18.930Z	INFO	controller-runtime.manager	Successfully updated Secret.	{"SecretConfig": "knime/keycloak-session-service-secretconfig", "targetSecret": "hub/keycloak-client-secret-session-service"}
2023-11-21T16:13:23.877Z	INFO	controller-runtime.manager	Successfully updated Secret.	{"SecretConfig": "knime/edge-db-secretconfig", "targetSecret": "hub/edge-db-secret"}
2023-11-21T16:13:23.879Z	INFO	controller-runtime.manager	Successfully updated Secret.	{"SecretConfig": "knime/keycloak-db-secretconfig", "targetSecret": "knime/keycloak-db-secret"}
2023-11-21T16:13:23.881Z	INFO	controller-runtime.manager	Successfully updated Secret.	{"SecretConfig": "kurl/kurl-registry-secretconfig", "targetSecret": "hub-execution/registry-creds"}
2023-11-21T16:13:23.882Z	INFO	controller-runtime.manager	Successfully updated Secret.	{"SecretConfig": "knime/keycloak-s3-proxy-secretconfig", "targetSecret": "hub/keycloak-client-secret-s3-proxy"}
2023-11-21T16:13:23.884Z	INFO	controller-runtime.manager	Successfully updated Secret.	{"SecretConfig": "knime/session-service-db-secretconfig", "targetSecret": "hub/session-service-db-secret"}
2023-11-21T16:13:23.885Z	INFO	controller-runtime.manager	Successfully updated Secret.	{"SecretConfig": "knime/knime-artemis-secretconfig", "targetSecret": "hub/knime-artemis"}
2023-11-21T16:13:23.886Z	INFO	controller-runtime.manager	Successfully updated Secret.	{"SecretConfig": "knime/keycloak-kubernetes-event-persistor-secretconfig", "targetSecret": "hub/keycloak-client-secret-kubernetes-event-persistor"}
2023-11-21T16:13:23.888Z	INFO	controller-runtime.manager	Successfully updated Secret.	{"SecretConfig": "knime/accounts-minio-secretconfig", "targetSecret": "hub/accounts-minio-credentials"}
2023-11-21T16:13:23.889Z	INFO	controller-runtime.manager	Successfully updated Secret.	{"SecretConfig": "knime/keycloak-auth-rely-secretconfig", "targetSecret": "hub/keycloak-client-secret-auth-rely"}
2023-11-21T16:13:23.891Z	INFO	controller-runtime.manager	Successfully updated Secret.	{"SecretConfig": "knime/keycloak-catalog-service-secretconfig", "targetSecret": "hub/keycloak-client-secret-catalog-service"}
2023-11-21T16:13:23.892Z	INFO	controller-runtime.manager	Successfully updated Secret.	{"SecretConfig": "knime/notification-service-db-secretconfig", "targetSecret": "hub/notification-service-db-secret"}
2023-11-21T16:13:23.893Z	INFO	controller-runtime.manager	Successfully updated Secret.	{"SecretConfig": "knime/keycloak-trigger-service-secretconfig", "targetSecret": "hub/keycloak-client-secret-trigger-service"}
2023-11-21T16:13:23.895Z	INFO	controller-runtime.manager	Successfully updated Secret.	{"SecretConfig": "knime/keycloak-secret-store-secretconfig", "targetSecret": "hub/keycloak-client-secret-secret-store"}
2023-11-21T16:13:23.896Z	INFO	controller-runtime.manager	Successfully updated Secret.	{"SecretConfig": "knime/keycloak-userdata-svc-secretconfig", "targetSecret": "hub/accounts-service-keycloak-client"}
2023-11-21T16:13:23.897Z	INFO	controller-runtime.manager	Successfully updated Secret.	{"SecretConfig": "knime/secret-store-db-secretconfig", "targetSecret": "hub/secret-store-db-secret"}
2023-11-21T16:13:23.898Z	INFO	controller-runtime.manager	Successfully updated Secret.	{"SecretConfig": "knime/keycloak-lifecycle-handler-secretconfig", "targetSecret": "hub/keycloak-client-secret-lifecycle-handler"}
2023-11-21T16:13:23.900Z	INFO	controller-runtime.manager	Successfully updated Secret.	{"SecretConfig": "knime/keycloak-execution-context-manager-secretconfig", "targetSecret": "hub/keycloak-client-secret-execution-context-manager"}
2023-11-21T16:13:23.901Z	INFO	controller-runtime.manager	Successfully updated Secret.	{"SecretConfig": "knime/keycloak-execution-operator-secretconfig", "targetSecret": "hub/keycloak-client-secret-execution-operator"}
2023-11-21T16:13:23.902Z	INFO	controller-runtime.manager	Successfully updated Secret.	{"SecretConfig": "knime/keycloak-search-sync-service-secretconfig", "targetSecret": "hub/keycloak-client-secret-search-sync-service"}
2023-11-21T16:13:23.904Z	INFO	controller-runtime.manager	Successfully updated Secret.	{"SecretConfig": "knime/accounts-service-db-secretconfig", "targetSecret": "hub/accounts-service-db-secret"}
2023-11-21T16:13:23.905Z	INFO	controller-runtime.manager	Successfully updated Secret.	{"SecretConfig": "knime/catalog-minio-secretconfig", "targetSecret": "hub/catalog-minio-credentials"}
2023-11-21T16:13:23.906Z	INFO	controller-runtime.manager	Successfully updated Secret.	{"SecretConfig": "knime/keycloak-notification-service-secretconfig", "targetSecret": "hub/keycloak-client-secret-notification-service"}
2023-11-21T16:13:23.907Z	INFO	controller-runtime.manager	Successfully updated Secret.	{"SecretConfig": "knime/trigger-service-db-secretconfig", "targetSecret": "hub/trigger-service-db-secret"}
2023-11-21T16:13:23.908Z	INFO	controller-runtime.manager	Successfully updated Secret.	{"SecretConfig": "knime/keycloak-knime-impersonation-secretconfig", "targetSecret": "hub/keycloak-client-secret-knime-impersonation"}
2023-11-21T16:13:23.911Z	INFO	controller-runtime.manager	Successfully updated Secret.	{"SecretConfig": "knime/catalog-service-db-secretconfig", "targetSecret": "hub/catalog-service-db-secret"}
2023-11-21T16:13:23.913Z	INFO	controller-runtime.manager	Successfully updated Secret.	{"SecretConfig": "knime/keycloak-rest-interface-secretconfig", "targetSecret": "hub/keycloak-client-secret-rest-interface"}
2023-11-21T16:13:23.914Z	INFO	controller-runtime.manager	Successfully updated Secret.	{"SecretConfig": "knime/keycloak-session-service-secretconfig", "targetSecret": "hub/keycloak-client-secret-session-service"}
2023-11-21T16:13:23.915Z	INFO	controller-runtime.manager	Successfully updated Secret.	{"SecretConfig": "knime/execution-minio-secretconfig", "targetSecret": "hub/execution-minio-credentials"}
2023-11-21T16:13:23.917Z	INFO	controller-runtime.manager	Successfully updated Secret.	{"SecretConfig": "knime/keycloak-keycloak-proxy-secretconfig", "targetSecret": "hub/keycloak-client-secret-keycloak-proxy"}
2023-11-21T16:13:23.918Z	INFO	controller-runtime.manager	Successfully updated Secret.	{"SecretConfig": "knime/execution-services-db-secretconfig", "targetSecret": "hub/execution-services-db-secret"}
2023-11-21T16:13:23.927Z	INFO	controller-runtime.manager	Successfully updated Secret.	{"SecretConfig": "knime/edge-db-secretconfig", "targetSecret": "hub/edge-db-secret"}
2023-11-21T16:13:28.878Z	INFO	controller-runtime.manager	Successfully updated Secret.	{"SecretConfig": "knime/accounts-service-db-secretconfig", "targetSecret": "hub/accounts-service-db-secret"}
2023-11-21T16:13:28.879Z	INFO	controller-runtime.manager	Successfully updated Secret.	{"SecretConfig": "knime/catalog-minio-secretconfig", "targetSecret": "hub/catalog-minio-credentials"}
2023-11-21T16:13:28.881Z	INFO	controller-runtime.manager	Successfully updated Secret.	{"SecretConfig": "knime/keycloak-notification-service-secretconfig", "targetSecret": "hub/keycloak-client-secret-notification-service"}
2023-11-21T16:13:28.882Z	INFO	controller-runtime.manager	Successfully updated Secret.	{"SecretConfig": "knime/keycloak-execution-context-manager-secretconfig", "targetSecret": "hub/keycloak-client-secret-execution-context-manager"}
2023-11-21T16:13:28.883Z	INFO	controller-runtime.manager	Successfully updated Secret.	{"SecretConfig": "knime/keycloak-execution-operator-secretconfig", "targetSecret": "hub/keycloak-client-secret-execution-operator"}
2023-11-21T16:13:28.885Z	INFO	controller-runtime.manager	Successfully updated Secret.	{"SecretConfig": "knime/keycloak-search-sync-service-secretconfig", "targetSecret": "hub/keycloak-client-secret-search-sync-service"}
2023-11-21T16:13:28.886Z	INFO	controller-runtime.manager	Successfully updated Secret.	{"SecretConfig": "knime/trigger-service-db-secretconfig", "targetSecret": "hub/trigger-service-db-secret"}
2023-11-21T16:13:28.888Z	INFO	controller-runtime.manager	Successfully updated Secret.	{"SecretConfig": "knime/keycloak-knime-impersonation-secretconfig", "targetSecret": "hub/keycloak-client-secret-knime-impersonation"}
2023-11-21T16:13:28.889Z	INFO	controller-runtime.manager	Successfully updated Secret.	{"SecretConfig": "knime/execution-minio-secretconfig", "targetSecret": "hub/execution-minio-credentials"}
2023-11-21T16:13:28.890Z	INFO	controller-runtime.manager	Successfully updated Secret.	{"SecretConfig": "knime/keycloak-keycloak-proxy-secretconfig", "targetSecret": "hub/keycloak-client-secret-keycloak-proxy"}
2023-11-21T16:13:28.892Z	INFO	controller-runtime.manager	Successfully updated Secret.	{"SecretConfig": "knime/execution-services-db-secretconfig", "targetSecret": "hub/execution-services-db-secret"}
2023-11-21T16:13:28.893Z	INFO	controller-runtime.manager	Successfully updated Secret.	{"SecretConfig": "knime/catalog-service-db-secretconfig", "targetSecret": "hub/catalog-service-db-secret"}
2023-11-21T16:13:28.894Z	INFO	controller-runtime.manager	Successfully updated Secret.	{"SecretConfig": "knime/keycloak-rest-interface-secretconfig", "targetSecret": "hub/keycloak-client-secret-rest-interface"}
2023-11-21T16:13:28.896Z	INFO	controller-runtime.manager	Successfully updated Secret.	{"SecretConfig": "knime/keycloak-session-service-secretconfig", "targetSecret": "hub/keycloak-client-secret-session-service"}
2023-11-21T16:13:28.897Z	INFO	controller-runtime.manager	Successfully updated Secret.	{"SecretConfig": "knime/keycloak-db-secretconfig", "targetSecret": "knime/keycloak-db-secret"}
2023-11-21T16:13:28.899Z	INFO	controller-runtime.manager	Successfully updated Secret.	{"SecretConfig": "kurl/kurl-registry-secretconfig", "targetSecret": "hub-execution/registry-creds"}
2023-11-21T16:13:28.900Z	INFO	controller-runtime.manager	Successfully updated Secret.	{"SecretConfig": "knime/edge-db-secretconfig", "targetSecret": "hub/edge-db-secret"}
2023-11-21T16:13:28.901Z	INFO	controller-runtime.manager	Successfully updated Secret.	{"SecretConfig": "knime/keycloak-s3-proxy-secretconfig", "targetSecret": "hub/keycloak-client-secret-s3-proxy"}
2023-11-21T16:13:28.902Z	INFO	controller-runtime.manager	Successfully updated Secret.	{"SecretConfig": "knime/knime-artemis-secretconfig", "targetSecret": "hub/knime-artemis"}
2023-11-21T16:13:28.904Z	INFO	controller-runtime.manager	Successfully updated Secret.	{"SecretConfig": "knime/keycloak-kubernetes-event-persistor-secretconfig", "targetSecret": "hub/keycloak-client-secret-kubernetes-event-persistor"}
2023-11-21T16:13:28.905Z	INFO	controller-runtime.manager	Successfully updated Secret.	{"SecretConfig": "knime/session-service-db-secretconfig", "targetSecret": "hub/session-service-db-secret"}
2023-11-21T16:13:28.906Z	INFO	controller-runtime.manager	Successfully updated Secret.	{"SecretConfig": "knime/keycloak-catalog-service-secretconfig", "targetSecret": "hub/keycloak-client-secret-catalog-service"}
2023-11-21T16:13:28.907Z	INFO	controller-runtime.manager	Successfully updated Secret.	{"SecretConfig": "knime/notification-service-db-secretconfig", "targetSecret": "hub/notification-service-db-secret"}
2023-11-21T16:13:28.909Z	INFO	controller-runtime.manager	Successfully updated Secret.	{"SecretConfig": "knime/accounts-minio-secretconfig", "targetSecret": "hub/accounts-minio-credentials"}
2023-11-21T16:13:28.910Z	INFO	controller-runtime.manager	Successfully updated Secret.	{"SecretConfig": "knime/keycloak-auth-rely-secretconfig", "targetSecret": "hub/keycloak-client-secret-auth-rely"}
2023-11-21T16:13:28.911Z	INFO	controller-runtime.manager	Successfully updated Secret.	{"SecretConfig": "knime/secret-store-db-secretconfig", "targetSecret": "hub/secret-store-db-secret"}
2023-11-21T16:13:28.912Z	INFO	controller-runtime.manager	Successfully updated Secret.	{"SecretConfig": "knime/keycloak-lifecycle-handler-secretconfig", "targetSecret": "hub/keycloak-client-secret-lifecycle-handler"}
2023-11-21T16:13:28.914Z	INFO	controller-runtime.manager	Successfully updated Secret.	{"SecretConfig": "knime/keycloak-trigger-service-secretconfig", "targetSecret": "hub/keycloak-client-secret-trigger-service"}
2023-11-21T16:13:28.915Z	INFO	controller-runtime.manager	Successfully updated Secret.	{"SecretConfig": "knime/keycloak-secret-store-secretconfig", "targetSecret": "hub/keycloak-client-secret-secret-store"}
2023-11-21T16:13:28.916Z	INFO	controller-runtime.manager	Successfully updated Secret.	{"SecretConfig": "knime/keycloak-userdata-svc-secretconfig", "targetSecret": "hub/accounts-service-keycloak-client"}
2023-11-21T16:13:28.928Z	INFO	controller-runtime.manager	Successfully updated Secret.	{"SecretConfig": "knime/accounts-service-db-secretconfig", "targetSecret": "hub/accounts-service-db-secret"}
2023-11-21T16:13:33.882Z	INFO	controller-runtime.manager	Successfully updated Secret.	{"SecretConfig": "knime/notification-service-db-secretconfig", "targetSecret": "hub/notification-service-db-secret"}
2023-11-21T16:13:33.884Z	INFO	controller-runtime.manager	Successfully updated Secret.	{"SecretConfig": "knime/accounts-minio-secretconfig", "targetSecret": "hub/accounts-minio-credentials"}
2023-11-21T16:13:33.885Z	INFO	controller-runtime.manager	Successfully updated Secret.	{"SecretConfig": "knime/keycloak-auth-rely-secretconfig", "targetSecret": "hub/keycloak-client-secret-auth-rely"}
2023-11-21T16:13:33.886Z	INFO	controller-runtime.manager	Successfully updated Secret.	{"SecretConfig": "knime/keycloak-catalog-service-secretconfig", "targetSecret": "hub/keycloak-client-secret-catalog-service"}
2023-11-21T16:13:33.888Z	INFO	controller-runtime.manager	Successfully updated Secret.	{"SecretConfig": "knime/keycloak-lifecycle-handler-secretconfig", "targetSecret": "hub/keycloak-client-secret-lifecycle-handler"}
2023-11-21T16:13:33.889Z	INFO	controller-runtime.manager	Successfully updated Secret.	{"SecretConfig": "knime/keycloak-trigger-service-secretconfig", "targetSecret": "hub/keycloak-client-secret-trigger-service"}
2023-11-21T16:13:33.890Z	INFO	controller-runtime.manager	Successfully updated Secret.	{"SecretConfig": "knime/keycloak-secret-store-secretconfig", "targetSecret": "hub/keycloak-client-secret-secret-store"}
2023-11-21T16:13:33.891Z	INFO	controller-runtime.manager	Successfully updated Secret.	{"SecretConfig": "knime/keycloak-userdata-svc-secretconfig", "targetSecret": "hub/accounts-service-keycloak-client"}
2023-11-21T16:13:33.893Z	INFO	controller-runtime.manager	Successfully updated Secret.	{"SecretConfig": "knime/secret-store-db-secretconfig", "targetSecret": "hub/secret-store-db-secret"}
2023-11-21T16:13:33.894Z	INFO	controller-runtime.manager	Successfully updated Secret.	{"SecretConfig": "knime/keycloak-notification-service-secretconfig", "targetSecret": "hub/keycloak-client-secret-notification-service"}
2023-11-21T16:13:33.895Z	INFO	controller-runtime.manager	Successfully updated Secret.	{"SecretConfig": "knime/keycloak-execution-context-manager-secretconfig", "targetSecret": "hub/keycloak-client-secret-execution-context-manager"}
2023-11-21T16:13:33.897Z	INFO	controller-runtime.manager	Successfully updated Secret.	{"SecretConfig": "knime/keycloak-execution-operator-secretconfig", "targetSecret": "hub/keycloak-client-secret-execution-operator"}
2023-11-21T16:13:33.898Z	INFO	controller-runtime.manager	Successfully updated Secret.	{"SecretConfig": "knime/keycloak-search-sync-service-secretconfig", "targetSecret": "hub/keycloak-client-secret-search-sync-service"}
2023-11-21T16:13:33.899Z	INFO	controller-runtime.manager	Successfully updated Secret.	{"SecretConfig": "knime/accounts-service-db-secretconfig", "targetSecret": "hub/accounts-service-db-secret"}
2023-11-21T16:13:33.900Z	INFO	controller-runtime.manager	Successfully updated Secret.	{"SecretConfig": "knime/catalog-minio-secretconfig", "targetSecret": "hub/catalog-minio-credentials"}
2023-11-21T16:13:33.902Z	INFO	controller-runtime.manager	Successfully updated Secret.	{"SecretConfig": "knime/keycloak-knime-impersonation-secretconfig", "targetSecret": "hub/keycloak-client-secret-knime-impersonation"}
2023-11-21T16:13:33.903Z	INFO	controller-runtime.manager	Successfully updated Secret.	{"SecretConfig": "knime/trigger-service-db-secretconfig", "targetSecret": "hub/trigger-service-db-secret"}
2023-11-21T16:13:33.906Z	INFO	controller-runtime.manager	Successfully updated Secret.	{"SecretConfig": "knime/execution-services-db-secretconfig", "targetSecret": "hub/execution-services-db-secret"}
2023-11-21T16:13:33.908Z	INFO	controller-runtime.manager	Successfully updated Secret.	{"SecretConfig": "knime/catalog-service-db-secretconfig", "targetSecret": "hub/catalog-service-db-secret"}
2023-11-21T16:13:33.909Z	INFO	controller-runtime.manager	Successfully updated Secret.	{"SecretConfig": "knime/keycloak-rest-interface-secretconfig", "targetSecret": "hub/keycloak-client-secret-rest-interface"}
2023-11-21T16:13:33.910Z	INFO	controller-runtime.manager	Successfully updated Secret.	{"SecretConfig": "knime/keycloak-session-service-secretconfig", "targetSecret": "hub/keycloak-client-secret-session-service"}
2023-11-21T16:13:33.911Z	INFO	controller-runtime.manager	Successfully updated Secret.	{"SecretConfig": "knime/execution-minio-secretconfig", "targetSecret": "hub/execution-minio-credentials"}
2023-11-21T16:13:33.913Z	INFO	controller-runtime.manager	Successfully updated Secret.	{"SecretConfig": "knime/keycloak-keycloak-proxy-secretconfig", "targetSecret": "hub/keycloak-client-secret-keycloak-proxy"}
2023-11-21T16:13:33.914Z	INFO	controller-runtime.manager	Successfully updated Secret.	{"SecretConfig": "kurl/kurl-registry-secretconfig", "targetSecret": "hub-execution/registry-creds"}
2023-11-21T16:13:33.915Z	INFO	controller-runtime.manager	Successfully updated Secret.	{"SecretConfig": "knime/edge-db-secretconfig", "targetSecret": "hub/edge-db-secret"}
2023-11-21T16:13:33.917Z	INFO	controller-runtime.manager	Successfully updated Secret.	{"SecretConfig": "knime/keycloak-db-secretconfig", "targetSecret": "knime/keycloak-db-secret"}
2023-11-21T16:13:33.918Z	INFO	controller-runtime.manager	Successfully updated Secret.	{"SecretConfig": "knime/keycloak-s3-proxy-secretconfig", "targetSecret": "hub/keycloak-client-secret-s3-proxy"}
2023-11-21T16:13:33.919Z	INFO	controller-runtime.manager	Successfully updated Secret.	{"SecretConfig": "knime/keycloak-kubernetes-event-persistor-secretconfig", "targetSecret": "hub/keycloak-client-secret-kubernetes-event-persistor"}
2023-11-21T16:13:33.920Z	INFO	controller-runtime.manager	Successfully updated Secret.	{"SecretConfig": "knime/session-service-db-secretconfig", "targetSecret": "hub/session-service-db-secret"}
2023-11-21T16:13:33.922Z	INFO	controller-runtime.manager	Successfully updated Secret.	{"SecretConfig": "knime/knime-artemis-secretconfig", "targetSecret": "hub/knime-artemis"}
2023-11-21T16:13:33.931Z	INFO	controller-runtime.manager	Successfully updated Secret.	{"SecretConfig": "knime/notification-service-db-secretconfig", "targetSecret": "hub/notification-service-db-secret"}
2023-11-21T16:13:38.877Z	INFO	controller-runtime.manager	Successfully updated Secret.	{"SecretConfig": "knime/keycloak-catalog-service-secretconfig", "targetSecret": "hub/keycloak-client-secret-catalog-service"}
2023-11-21T16:13:38.878Z	INFO	controller-runtime.manager	Successfully updated Secret.	{"SecretConfig": "knime/notification-service-db-secretconfig", "targetSecret": "hub/notification-service-db-secret"}
2023-11-21T16:13:38.880Z	INFO	controller-runtime.manager	Successfully updated Secret.	{"SecretConfig": "knime/accounts-minio-secretconfig", "targetSecret": "hub/accounts-minio-credentials"}
2023-11-21T16:13:38.881Z	INFO	controller-runtime.manager	Successfully updated Secret.	{"SecretConfig": "knime/keycloak-auth-rely-secretconfig", "targetSecret": "hub/keycloak-client-secret-auth-rely"}
2023-11-21T16:13:38.882Z	INFO	controller-runtime.manager	Successfully updated Secret.	{"SecretConfig": "knime/secret-store-db-secretconfig", "targetSecret": "hub/secret-store-db-secret"}
2023-11-21T16:13:38.884Z	INFO	controller-runtime.manager	Successfully updated Secret.	{"SecretConfig": "knime/keycloak-lifecycle-handler-secretconfig", "targetSecret": "hub/keycloak-client-secret-lifecycle-handler"}
2023-11-21T16:13:38.885Z	INFO	controller-runtime.manager	Successfully updated Secret.	{"SecretConfig": "knime/keycloak-trigger-service-secretconfig", "targetSecret": "hub/keycloak-client-secret-trigger-service"}
2023-11-21T16:13:38.886Z	INFO	controller-runtime.manager	Successfully updated Secret.	{"SecretConfig": "knime/keycloak-secret-store-secretconfig", "targetSecret": "hub/keycloak-client-secret-secret-store"}
2023-11-21T16:13:38.888Z	INFO	controller-runtime.manager	Successfully updated Secret.	{"SecretConfig": "knime/keycloak-userdata-svc-secretconfig", "targetSecret": "hub/accounts-service-keycloak-client"}
2023-11-21T16:13:38.889Z	INFO	controller-runtime.manager	Successfully updated Secret.	{"SecretConfig": "knime/catalog-minio-secretconfig", "targetSecret": "hub/catalog-minio-credentials"}
2023-11-21T16:13:38.890Z	INFO	controller-runtime.manager	Successfully updated Secret.	{"SecretConfig": "knime/keycloak-notification-service-secretconfig", "targetSecret": "hub/keycloak-client-secret-notification-service"}
2023-11-21T16:13:38.892Z	INFO	controller-runtime.manager	Successfully updated Secret.	{"SecretConfig": "knime/keycloak-execution-context-manager-secretconfig", "targetSecret": "hub/keycloak-client-secret-execution-context-manager"}
2023-11-21T16:13:38.893Z	INFO	controller-runtime.manager	Successfully updated Secret.	{"SecretConfig": "knime/keycloak-execution-operator-secretconfig", "targetSecret": "hub/keycloak-client-secret-execution-operator"}
2023-11-21T16:13:38.894Z	INFO	controller-runtime.manager	Successfully updated Secret.	{"SecretConfig": "knime/keycloak-search-sync-service-secretconfig", "targetSecret": "hub/keycloak-client-secret-search-sync-service"}
2023-11-21T16:13:38.895Z	INFO	controller-runtime.manager	Successfully updated Secret.	{"SecretConfig": "knime/accounts-service-db-secretconfig", "targetSecret": "hub/accounts-service-db-secret"}
2023-11-21T16:13:38.897Z	INFO	controller-runtime.manager	Successfully updated Secret.	{"SecretConfig": "knime/trigger-service-db-secretconfig", "targetSecret": "hub/trigger-service-db-secret"}
2023-11-21T16:13:38.898Z	INFO	controller-runtime.manager	Successfully updated Secret.	{"SecretConfig": "knime/keycloak-knime-impersonation-secretconfig", "targetSecret": "hub/keycloak-client-secret-knime-impersonation"}
2023-11-21T16:13:38.899Z	INFO	controller-runtime.manager	Successfully updated Secret.	{"SecretConfig": "knime/keycloak-keycloak-proxy-secretconfig", "targetSecret": "hub/keycloak-client-secret-keycloak-proxy"}
2023-11-21T16:13:38.901Z	INFO	controller-runtime.manager	Successfully updated Secret.	{"SecretConfig": "knime/execution-services-db-secretconfig", "targetSecret": "hub/execution-services-db-secret"}
2023-11-21T16:13:38.902Z	INFO	controller-runtime.manager	Successfully updated Secret.	{"SecretConfig": "knime/catalog-service-db-secretconfig", "targetSecret": "hub/catalog-service-db-secret"}
2023-11-21T16:13:38.903Z	INFO	controller-runtime.manager	Successfully updated Secret.	{"SecretConfig": "knime/keycloak-rest-interface-secretconfig", "targetSecret": "hub/keycloak-client-secret-rest-interface"}
2023-11-21T16:13:38.904Z	INFO	controller-runtime.manager	Successfully updated Secret.	{"SecretConfig": "knime/keycloak-session-service-secretconfig", "targetSecret": "hub/keycloak-client-secret-session-service"}
2023-11-21T16:13:38.905Z	INFO	controller-runtime.manager	Successfully updated Secret.	{"SecretConfig": "knime/execution-minio-secretconfig", "targetSecret": "hub/execution-minio-credentials"}
2023-11-21T16:13:38.907Z	INFO	controller-runtime.manager	Successfully updated Secret.	{"SecretConfig": "knime/keycloak-db-secretconfig", "targetSecret": "knime/keycloak-db-secret"}
2023-11-21T16:13:38.908Z	INFO	controller-runtime.manager	Successfully updated Secret.	{"SecretConfig": "kurl/kurl-registry-secretconfig", "targetSecret": "hub-execution/registry-creds"}
2023-11-21T16:13:38.909Z	INFO	controller-runtime.manager	Successfully updated Secret.	{"SecretConfig": "knime/edge-db-secretconfig", "targetSecret": "hub/edge-db-secret"}
2023-11-21T16:13:38.910Z	INFO	controller-runtime.manager	Successfully updated Secret.	{"SecretConfig": "knime/keycloak-s3-proxy-secretconfig", "targetSecret": "hub/keycloak-client-secret-s3-proxy"}
2023-11-21T16:13:38.912Z	INFO	controller-runtime.manager	Successfully updated Secret.	{"SecretConfig": "knime/knime-artemis-secretconfig", "targetSecret": "hub/knime-artemis"}
2023-11-21T16:13:38.913Z	INFO	controller-runtime.manager	Successfully updated Secret.	{"SecretConfig": "knime/keycloak-kubernetes-event-persistor-secretconfig", "targetSecret": "hub/keycloak-client-secret-kubernetes-event-persistor"}
2023-11-21T16:13:38.914Z	INFO	controller-runtime.manager	Successfully updated Secret.	{"SecretConfig": "knime/session-service-db-secretconfig", "targetSecret": "hub/session-service-db-secret"}
2023-11-21T16:13:38.927Z	INFO	controller-runtime.manager	Successfully updated Secret.	{"SecretConfig": "knime/keycloak-catalog-service-secretconfig", "targetSecret": "hub/keycloak-client-secret-catalog-service"}
2023-11-21T16:13:43.416Z	INFO	controller-runtime.manager	Successfully updated Secret.	{"SecretConfig": "knime/execution-minio-secretconfig", "targetSecret": "hub/execution-minio-credentials"}
2023-11-21T16:13:43.418Z	INFO	controller-runtime.manager	Successfully updated Secret.	{"SecretConfig": "knime/keycloak-keycloak-proxy-secretconfig", "targetSecret": "hub/keycloak-client-secret-keycloak-proxy"}
2023-11-21T16:13:43.420Z	INFO	controller-runtime.manager	Successfully updated Secret.	{"SecretConfig": "knime/execution-services-db-secretconfig", "targetSecret": "hub/execution-services-db-secret"}
2023-11-21T16:13:43.422Z	INFO	controller-runtime.manager	Successfully updated Secret.	{"SecretConfig": "knime/catalog-service-db-secretconfig", "targetSecret": "hub/catalog-service-db-secret"}
2023-11-21T16:13:43.423Z	INFO	controller-runtime.manager	Successfully updated Secret.	{"SecretConfig": "knime/keycloak-rest-interface-secretconfig", "targetSecret": "hub/keycloak-client-secret-rest-interface"}
2023-11-21T16:13:43.429Z	INFO	controller-runtime.manager	Successfully updated Secret.	{"SecretConfig": "knime/keycloak-session-service-secretconfig", "targetSecret": "hub/keycloak-client-secret-session-service"}
2023-11-21T16:13:43.430Z	INFO	controller-runtime.manager	Successfully updated Secret.	{"SecretConfig": "knime/keycloak-db-secretconfig", "targetSecret": "knime/keycloak-db-secret"}
2023-11-21T16:13:43.432Z	INFO	controller-runtime.manager	Successfully updated Secret.	{"SecretConfig": "kurl/kurl-registry-secretconfig", "targetSecret": "hub-execution/registry-creds"}
2023-11-21T16:13:43.433Z	INFO	controller-runtime.manager	Successfully updated Secret.	{"SecretConfig": "knime/edge-db-secretconfig", "targetSecret": "hub/edge-db-secret"}
2023-11-21T16:13:43.434Z	INFO	controller-runtime.manager	Successfully updated Secret.	{"SecretConfig": "knime/keycloak-s3-proxy-secretconfig", "targetSecret": "hub/keycloak-client-secret-s3-proxy"}
2023-11-21T16:13:43.437Z	INFO	controller-runtime.manager	Successfully updated Secret.	{"SecretConfig": "knime/knime-artemis-secretconfig", "targetSecret": "hub/knime-artemis"}
2023-11-21T16:13:43.439Z	INFO	controller-runtime.manager	Successfully updated Secret.	{"SecretConfig": "knime/keycloak-kubernetes-event-persistor-secretconfig", "targetSecret": "hub/keycloak-client-secret-kubernetes-event-persistor"}
2023-11-21T16:13:43.440Z	INFO	controller-runtime.manager	Successfully updated Secret.	{"SecretConfig": "knime/session-service-db-secretconfig", "targetSecret": "hub/session-service-db-secret"}
2023-11-21T16:13:43.441Z	INFO	controller-runtime.manager	Successfully updated Secret.	{"SecretConfig": "knime/keycloak-catalog-service-secretconfig", "targetSecret": "hub/keycloak-client-secret-catalog-service"}
2023-11-21T16:13:43.443Z	INFO	controller-runtime.manager	Successfully updated Secret.	{"SecretConfig": "knime/notification-service-db-secretconfig", "targetSecret": "hub/notification-service-db-secret"}
2023-11-21T16:13:43.444Z	INFO	controller-runtime.manager	Successfully updated Secret.	{"SecretConfig": "knime/accounts-minio-secretconfig", "targetSecret": "hub/accounts-minio-credentials"}
2023-11-21T16:13:43.446Z	INFO	controller-runtime.manager	Successfully updated Secret.	{"SecretConfig": "knime/keycloak-auth-rely-secretconfig", "targetSecret": "hub/keycloak-client-secret-auth-rely"}
2023-11-21T16:13:43.447Z	INFO	controller-runtime.manager	Successfully updated Secret.	{"SecretConfig": "knime/secret-store-db-secretconfig", "targetSecret": "hub/secret-store-db-secret"}
2023-11-21T16:13:43.448Z	INFO	controller-runtime.manager	Successfully updated Secret.	{"SecretConfig": "knime/keycloak-lifecycle-handler-secretconfig", "targetSecret": "hub/keycloak-client-secret-lifecycle-handler"}
2023-11-21T16:13:43.449Z	INFO	controller-runtime.manager	Successfully updated Secret.	{"SecretConfig": "knime/keycloak-trigger-service-secretconfig", "targetSecret": "hub/keycloak-client-secret-trigger-service"}
2023-11-21T16:13:43.451Z	INFO	controller-runtime.manager	Successfully updated Secret.	{"SecretConfig": "knime/keycloak-secret-store-secretconfig", "targetSecret": "hub/keycloak-client-secret-secret-store"}
2023-11-21T16:13:43.452Z	INFO	controller-runtime.manager	Successfully updated Secret.	{"SecretConfig": "knime/keycloak-userdata-svc-secretconfig", "targetSecret": "hub/accounts-service-keycloak-client"}
2023-11-21T16:13:43.454Z	INFO	controller-runtime.manager	Successfully updated Secret.	{"SecretConfig": "knime/accounts-service-db-secretconfig", "targetSecret": "hub/accounts-service-db-secret"}
2023-11-21T16:13:43.455Z	INFO	controller-runtime.manager	Successfully updated Secret.	{"SecretConfig": "knime/catalog-minio-secretconfig", "targetSecret": "hub/catalog-minio-credentials"}
2023-11-21T16:13:43.456Z	INFO	controller-runtime.manager	Successfully updated Secret.	{"SecretConfig": "knime/keycloak-notification-service-secretconfig", "targetSecret": "hub/keycloak-client-secret-notification-service"}
2023-11-21T16:13:43.458Z	INFO	controller-runtime.manager	Successfully updated Secret.	{"SecretConfig": "knime/keycloak-execution-context-manager-secretconfig", "targetSecret": "hub/keycloak-client-secret-execution-context-manager"}
2023-11-21T16:13:43.459Z	INFO	controller-runtime.manager	Successfully updated Secret.	{"SecretConfig": "knime/keycloak-execution-operator-secretconfig", "targetSecret": "hub/keycloak-client-secret-execution-operator"}
2023-11-21T16:13:43.460Z	INFO	controller-runtime.manager	Successfully updated Secret.	{"SecretConfig": "knime/keycloak-search-sync-service-secretconfig", "targetSecret": "hub/keycloak-client-secret-search-sync-service"}
2023-11-21T16:13:43.462Z	INFO	controller-runtime.manager	Successfully updated Secret.	{"SecretConfig": "knime/trigger-service-db-secretconfig", "targetSecret": "hub/trigger-service-db-secret"}
2023-11-21T16:13:43.463Z	INFO	controller-runtime.manager	Successfully updated Secret.	{"SecretConfig": "knime/keycloak-knime-impersonation-secretconfig", "targetSecret": "hub/keycloak-client-secret-knime-impersonation"}
2023-11-21T16:13:43.466Z	INFO	controller-runtime.manager	Successfully updated Secret.	{"SecretConfig": "knime/execution-minio-secretconfig", "targetSecret": "hub/execution-minio-credentials"}
2023-11-21T16:13:43.880Z	INFO	controller-runtime.manager	Successfully updated Secret.	{"SecretConfig": "knime/trigger-service-db-secretconfig", "targetSecret": "hub/trigger-service-db-secret"}
2023-11-21T16:13:43.882Z	INFO	controller-runtime.manager	Successfully updated Secret.	{"SecretConfig": "knime/keycloak-knime-impersonation-secretconfig", "targetSecret": "hub/keycloak-client-secret-knime-impersonation"}
2023-11-21T16:13:43.883Z	INFO	controller-runtime.manager	Successfully updated Secret.	{"SecretConfig": "knime/catalog-service-db-secretconfig", "targetSecret": "hub/catalog-service-db-secret"}
2023-11-21T16:13:43.885Z	INFO	controller-runtime.manager	Successfully updated Secret.	{"SecretConfig": "knime/keycloak-rest-interface-secretconfig", "targetSecret": "hub/keycloak-client-secret-rest-interface"}
2023-11-21T16:13:43.887Z	INFO	controller-runtime.manager	Successfully updated Secret.	{"SecretConfig": "knime/keycloak-session-service-secretconfig", "targetSecret": "hub/keycloak-client-secret-session-service"}
2023-11-21T16:13:43.888Z	INFO	controller-runtime.manager	Successfully updated Secret.	{"SecretConfig": "knime/execution-minio-secretconfig", "targetSecret": "hub/execution-minio-credentials"}
2023-11-21T16:13:43.889Z	INFO	controller-runtime.manager	Successfully updated Secret.	{"SecretConfig": "knime/keycloak-keycloak-proxy-secretconfig", "targetSecret": "hub/keycloak-client-secret-keycloak-proxy"}
2023-11-21T16:13:43.891Z	INFO	controller-runtime.manager	Successfully updated Secret.	{"SecretConfig": "knime/execution-services-db-secretconfig", "targetSecret": "hub/execution-services-db-secret"}
2023-11-21T16:13:43.917Z	INFO	controller-runtime.manager	Successfully updated Secret.	{"SecretConfig": "knime/edge-db-secretconfig", "targetSecret": "hub/edge-db-secret"}
2023-11-21T16:13:43.967Z	INFO	controller-runtime.manager	Successfully updated Secret.	{"SecretConfig": "knime/keycloak-db-secretconfig", "targetSecret": "knime/keycloak-db-secret"}
2023-11-21T16:13:44.017Z	INFO	controller-runtime.manager	Successfully updated Secret.	{"SecretConfig": "kurl/kurl-registry-secretconfig", "targetSecret": "hub-execution/registry-creds"}
2023-11-21T16:13:44.066Z	INFO	controller-runtime.manager	Successfully updated Secret.	{"SecretConfig": "knime/keycloak-s3-proxy-secretconfig", "targetSecret": "hub/keycloak-client-secret-s3-proxy"}
2023-11-21T16:13:44.116Z	INFO	controller-runtime.manager	Successfully updated Secret.	{"SecretConfig": "knime/session-service-db-secretconfig", "targetSecret": "hub/session-service-db-secret"}
2023-11-21T16:13:44.167Z	INFO	controller-runtime.manager	Successfully updated Secret.	{"SecretConfig": "knime/knime-artemis-secretconfig", "targetSecret": "hub/knime-artemis"}
2023-11-21T16:13:44.216Z	INFO	controller-runtime.manager	Successfully updated Secret.	{"SecretConfig": "knime/keycloak-kubernetes-event-persistor-secretconfig", "targetSecret": "hub/keycloak-client-secret-kubernetes-event-persistor"}
2023-11-21T16:13:44.266Z	INFO	controller-runtime.manager	Successfully updated Secret.	{"SecretConfig": "knime/accounts-minio-secretconfig", "targetSecret": "hub/accounts-minio-credentials"}
2023-11-21T16:13:44.317Z	INFO	controller-runtime.manager	Successfully updated Secret.	{"SecretConfig": "knime/keycloak-auth-rely-secretconfig", "targetSecret": "hub/keycloak-client-secret-auth-rely"}
2023-11-21T16:13:44.366Z	INFO	controller-runtime.manager	Successfully updated Secret.	{"SecretConfig": "knime/keycloak-catalog-service-secretconfig", "targetSecret": "hub/keycloak-client-secret-catalog-service"}
2023-11-21T16:13:44.416Z	INFO	controller-runtime.manager	Successfully updated Secret.	{"SecretConfig": "knime/notification-service-db-secretconfig", "targetSecret": "hub/notification-service-db-secret"}
2023-11-21T16:13:44.467Z	INFO	controller-runtime.manager	Successfully updated Secret.	{"SecretConfig": "knime/keycloak-trigger-service-secretconfig", "targetSecret": "hub/keycloak-client-secret-trigger-service"}
2023-11-21T16:13:44.516Z	INFO	controller-runtime.manager	Successfully updated Secret.	{"SecretConfig": "knime/keycloak-secret-store-secretconfig", "targetSecret": "hub/keycloak-client-secret-secret-store"}
2023-11-21T16:13:44.566Z	INFO	controller-runtime.manager	Successfully updated Secret.	{"SecretConfig": "knime/keycloak-userdata-svc-secretconfig", "targetSecret": "hub/accounts-service-keycloak-client"}
2023-11-21T16:13:44.617Z	INFO	controller-runtime.manager	Successfully updated Secret.	{"SecretConfig": "knime/secret-store-db-secretconfig", "targetSecret": "hub/secret-store-db-secret"}
2023-11-21T16:13:44.667Z	INFO	controller-runtime.manager	Successfully updated Secret.	{"SecretConfig": "knime/keycloak-lifecycle-handler-secretconfig", "targetSecret": "hub/keycloak-client-secret-lifecycle-handler"}
2023-11-21T16:13:44.716Z	INFO	controller-runtime.manager	Successfully updated Secret.	{"SecretConfig": "knime/keycloak-execution-context-manager-secretconfig", "targetSecret": "hub/keycloak-client-secret-execution-context-manager"}
2023-11-21T16:13:44.767Z	INFO	controller-runtime.manager	Successfully updated Secret.	{"SecretConfig": "knime/keycloak-execution-operator-secretconfig", "targetSecret": "hub/keycloak-client-secret-execution-operator"}
2023-11-21T16:13:44.816Z	INFO	controller-runtime.manager	Successfully updated Secret.	{"SecretConfig": "knime/keycloak-search-sync-service-secretconfig", "targetSecret": "hub/keycloak-client-secret-search-sync-service"}
2023-11-21T16:13:44.866Z	INFO	controller-runtime.manager	Successfully updated Secret.	{"SecretConfig": "knime/accounts-service-db-secretconfig", "targetSecret": "hub/accounts-service-db-secret"}
2023-11-21T16:13:44.916Z	INFO	controller-runtime.manager	Successfully updated Secret.	{"SecretConfig": "knime/catalog-minio-secretconfig", "targetSecret": "hub/catalog-minio-credentials"}
2023-11-21T16:13:44.966Z	INFO	controller-runtime.manager	Successfully updated Secret.	{"SecretConfig": "knime/keycloak-notification-service-secretconfig", "targetSecret": "hub/keycloak-client-secret-notification-service"}
2023-11-21T16:13:45.016Z	INFO	controller-runtime.manager	Successfully updated Secret.	{"SecretConfig": "knime/trigger-service-db-secretconfig", "targetSecret": "hub/trigger-service-db-secret"}
2023-11-21T16:13:48.877Z	INFO	controller-runtime.manager	Successfully updated Secret.	{"SecretConfig": "knime/accounts-minio-secretconfig", "targetSecret": "hub/accounts-minio-credentials"}
2023-11-21T16:13:48.879Z	INFO	controller-runtime.manager	Successfully updated Secret.	{"SecretConfig": "knime/keycloak-auth-rely-secretconfig", "targetSecret": "hub/keycloak-client-secret-auth-rely"}
2023-11-21T16:13:48.880Z	INFO	controller-runtime.manager	Successfully updated Secret.	{"SecretConfig": "knime/keycloak-catalog-service-secretconfig", "targetSecret": "hub/keycloak-client-secret-catalog-service"}
2023-11-21T16:13:48.882Z	INFO	controller-runtime.manager	Successfully updated Secret.	{"SecretConfig": "knime/notification-service-db-secretconfig", "targetSecret": "hub/notification-service-db-secret"}
2023-11-21T16:13:48.883Z	INFO	controller-runtime.manager	Successfully updated Secret.	{"SecretConfig": "knime/keycloak-trigger-service-secretconfig", "targetSecret": "hub/keycloak-client-secret-trigger-service"}
2023-11-21T16:13:48.884Z	INFO	controller-runtime.manager	Successfully updated Secret.	{"SecretConfig": "knime/keycloak-secret-store-secretconfig", "targetSecret": "hub/keycloak-client-secret-secret-store"}
2023-11-21T16:13:48.886Z	INFO	controller-runtime.manager	Successfully updated Secret.	{"SecretConfig": "knime/keycloak-userdata-svc-secretconfig", "targetSecret": "hub/accounts-service-keycloak-client"}
2023-11-21T16:13:48.887Z	INFO	controller-runtime.manager	Successfully updated Secret.	{"SecretConfig": "knime/secret-store-db-secretconfig", "targetSecret": "hub/secret-store-db-secret"}
2023-11-21T16:13:48.888Z	INFO	controller-runtime.manager	Successfully updated Secret.	{"SecretConfig": "knime/keycloak-lifecycle-handler-secretconfig", "targetSecret": "hub/keycloak-client-secret-lifecycle-handler"}
2023-11-21T16:13:48.889Z	INFO	controller-runtime.manager	Successfully updated Secret.	{"SecretConfig": "knime/keycloak-execution-context-manager-secretconfig", "targetSecret": "hub/keycloak-client-secret-execution-context-manager"}
2023-11-21T16:13:48.891Z	INFO	controller-runtime.manager	Successfully updated Secret.	{"SecretConfig": "knime/keycloak-execution-operator-secretconfig", "targetSecret": "hub/keycloak-client-secret-execution-operator"}
2023-11-21T16:13:48.892Z	INFO	controller-runtime.manager	Successfully updated Secret.	{"SecretConfig": "knime/keycloak-search-sync-service-secretconfig", "targetSecret": "hub/keycloak-client-secret-search-sync-service"}
2023-11-21T16:13:48.893Z	INFO	controller-runtime.manager	Successfully updated Secret.	{"SecretConfig": "knime/accounts-service-db-secretconfig", "targetSecret": "hub/accounts-service-db-secret"}
2023-11-21T16:13:48.895Z	INFO	controller-runtime.manager	Successfully updated Secret.	{"SecretConfig": "knime/catalog-minio-secretconfig", "targetSecret": "hub/catalog-minio-credentials"}
2023-11-21T16:13:48.896Z	INFO	controller-runtime.manager	Successfully updated Secret.	{"SecretConfig": "knime/keycloak-notification-service-secretconfig", "targetSecret": "hub/keycloak-client-secret-notification-service"}
2023-11-21T16:13:48.897Z	INFO	controller-runtime.manager	Successfully updated Secret.	{"SecretConfig": "knime/trigger-service-db-secretconfig", "targetSecret": "hub/trigger-service-db-secret"}
2023-11-21T16:13:48.898Z	INFO	controller-runtime.manager	Successfully updated Secret.	{"SecretConfig": "knime/keycloak-knime-impersonation-secretconfig", "targetSecret": "hub/keycloak-client-secret-knime-impersonation"}
2023-11-21T16:13:48.900Z	INFO	controller-runtime.manager	Successfully updated Secret.	{"SecretConfig": "knime/catalog-service-db-secretconfig", "targetSecret": "hub/catalog-service-db-secret"}
2023-11-21T16:13:48.901Z	INFO	controller-runtime.manager	Successfully updated Secret.	{"SecretConfig": "knime/keycloak-rest-interface-secretconfig", "targetSecret": "hub/keycloak-client-secret-rest-interface"}
2023-11-21T16:13:48.902Z	INFO	controller-runtime.manager	Successfully updated Secret.	{"SecretConfig": "knime/keycloak-session-service-secretconfig", "targetSecret": "hub/keycloak-client-secret-session-service"}
2023-11-21T16:13:48.903Z	INFO	controller-runtime.manager	Successfully updated Secret.	{"SecretConfig": "knime/execution-minio-secretconfig", "targetSecret": "hub/execution-minio-credentials"}
2023-11-21T16:13:48.905Z	INFO	controller-runtime.manager	Successfully updated Secret.	{"SecretConfig": "knime/keycloak-keycloak-proxy-secretconfig", "targetSecret": "hub/keycloak-client-secret-keycloak-proxy"}
2023-11-21T16:13:48.906Z	INFO	controller-runtime.manager	Successfully updated Secret.	{"SecretConfig": "knime/execution-services-db-secretconfig", "targetSecret": "hub/execution-services-db-secret"}
2023-11-21T16:13:48.907Z	INFO	controller-runtime.manager	Successfully updated Secret.	{"SecretConfig": "knime/edge-db-secretconfig", "targetSecret": "hub/edge-db-secret"}
2023-11-21T16:13:48.908Z	INFO	controller-runtime.manager	Successfully updated Secret.	{"SecretConfig": "knime/keycloak-db-secretconfig", "targetSecret": "knime/keycloak-db-secret"}
2023-11-21T16:13:48.910Z	INFO	controller-runtime.manager	Successfully updated Secret.	{"SecretConfig": "kurl/kurl-registry-secretconfig", "targetSecret": "hub-execution/registry-creds"}
2023-11-21T16:13:48.911Z	INFO	controller-runtime.manager	Successfully updated Secret.	{"SecretConfig": "knime/keycloak-s3-proxy-secretconfig", "targetSecret": "hub/keycloak-client-secret-s3-proxy"}
2023-11-21T16:13:48.912Z	INFO	controller-runtime.manager	Successfully updated Secret.	{"SecretConfig": "knime/session-service-db-secretconfig", "targetSecret": "hub/session-service-db-secret"}
2023-11-21T16:13:48.913Z	INFO	controller-runtime.manager	Successfully updated Secret.	{"SecretConfig": "knime/knime-artemis-secretconfig", "targetSecret": "hub/knime-artemis"}
2023-11-21T16:13:48.915Z	INFO	controller-runtime.manager	Successfully updated Secret.	{"SecretConfig": "knime/keycloak-kubernetes-event-persistor-secretconfig", "targetSecret": "hub/keycloak-client-secret-kubernetes-event-persistor"}
2023-11-21T16:13:48.927Z	INFO	controller-runtime.manager	Successfully updated Secret.	{"SecretConfig": "knime/accounts-minio-secretconfig", "targetSecret": "hub/accounts-minio-credentials"}
2023-11-21T16:13:53.878Z	INFO	controller-runtime.manager	Successfully updated Secret.	{"SecretConfig": "knime/session-service-db-secretconfig", "targetSecret": "hub/session-service-db-secret"}
2023-11-21T16:13:53.879Z	INFO	controller-runtime.manager	Successfully updated Secret.	{"SecretConfig": "knime/knime-artemis-secretconfig", "targetSecret": "hub/knime-artemis"}
2023-11-21T16:13:53.881Z	INFO	controller-runtime.manager	Successfully updated Secret.	{"SecretConfig": "knime/keycloak-kubernetes-event-persistor-secretconfig", "targetSecret": "hub/keycloak-client-secret-kubernetes-event-persistor"}
2023-11-21T16:13:53.882Z	INFO	controller-runtime.manager	Successfully updated Secret.	{"SecretConfig": "knime/accounts-minio-secretconfig", "targetSecret": "hub/accounts-minio-credentials"}
2023-11-21T16:13:53.883Z	INFO	controller-runtime.manager	Successfully updated Secret.	{"SecretConfig": "knime/keycloak-auth-rely-secretconfig", "targetSecret": "hub/keycloak-client-secret-auth-rely"}
2023-11-21T16:13:53.885Z	INFO	controller-runtime.manager	Successfully updated Secret.	{"SecretConfig": "knime/keycloak-catalog-service-secretconfig", "targetSecret": "hub/keycloak-client-secret-catalog-service"}
2023-11-21T16:13:53.887Z	INFO	controller-runtime.manager	Successfully updated Secret.	{"SecretConfig": "knime/notification-service-db-secretconfig", "targetSecret": "hub/notification-service-db-secret"}
2023-11-21T16:13:53.888Z	INFO	controller-runtime.manager	Successfully updated Secret.	{"SecretConfig": "knime/keycloak-trigger-service-secretconfig", "targetSecret": "hub/keycloak-client-secret-trigger-service"}
2023-11-21T16:13:53.889Z	INFO	controller-runtime.manager	Successfully updated Secret.	{"SecretConfig": "knime/keycloak-secret-store-secretconfig", "targetSecret": "hub/keycloak-client-secret-secret-store"}
2023-11-21T16:13:53.891Z	INFO	controller-runtime.manager	Successfully updated Secret.	{"SecretConfig": "knime/keycloak-userdata-svc-secretconfig", "targetSecret": "hub/accounts-service-keycloak-client"}
2023-11-21T16:13:53.892Z	INFO	controller-runtime.manager	Successfully updated Secret.	{"SecretConfig": "knime/secret-store-db-secretconfig", "targetSecret": "hub/secret-store-db-secret"}
2023-11-21T16:13:53.893Z	INFO	controller-runtime.manager	Successfully updated Secret.	{"SecretConfig": "knime/keycloak-lifecycle-handler-secretconfig", "targetSecret": "hub/keycloak-client-secret-lifecycle-handler"}
2023-11-21T16:13:53.895Z	INFO	controller-runtime.manager	Successfully updated Secret.	{"SecretConfig": "knime/keycloak-execution-context-manager-secretconfig", "targetSecret": "hub/keycloak-client-secret-execution-context-manager"}
2023-11-21T16:13:53.896Z	INFO	controller-runtime.manager	Successfully updated Secret.	{"SecretConfig": "knime/keycloak-execution-operator-secretconfig", "targetSecret": "hub/keycloak-client-secret-execution-operator"}
2023-11-21T16:13:53.897Z	INFO	controller-runtime.manager	Successfully updated Secret.	{"SecretConfig": "knime/keycloak-search-sync-service-secretconfig", "targetSecret": "hub/keycloak-client-secret-search-sync-service"}
2023-11-21T16:13:53.898Z	INFO	controller-runtime.manager	Successfully updated Secret.	{"SecretConfig": "knime/accounts-service-db-secretconfig", "targetSecret": "hub/accounts-service-db-secret"}
2023-11-21T16:13:53.900Z	INFO	controller-runtime.manager	Successfully updated Secret.	{"SecretConfig": "knime/catalog-minio-secretconfig", "targetSecret": "hub/catalog-minio-credentials"}
2023-11-21T16:13:53.901Z	INFO	controller-runtime.manager	Successfully updated Secret.	{"SecretConfig": "knime/keycloak-notification-service-secretconfig", "targetSecret": "hub/keycloak-client-secret-notification-service"}
2023-11-21T16:13:53.902Z	INFO	controller-runtime.manager	Successfully updated Secret.	{"SecretConfig": "knime/trigger-service-db-secretconfig", "targetSecret": "hub/trigger-service-db-secret"}
2023-11-21T16:13:53.903Z	INFO	controller-runtime.manager	Successfully updated Secret.	{"SecretConfig": "knime/keycloak-knime-impersonation-secretconfig", "targetSecret": "hub/keycloak-client-secret-knime-impersonation"}
2023-11-21T16:13:53.905Z	INFO	controller-runtime.manager	Successfully updated Secret.	{"SecretConfig": "knime/catalog-service-db-secretconfig", "targetSecret": "hub/catalog-service-db-secret"}
2023-11-21T16:13:53.906Z	INFO	controller-runtime.manager	Successfully updated Secret.	{"SecretConfig": "knime/keycloak-rest-interface-secretconfig", "targetSecret": "hub/keycloak-client-secret-rest-interface"}
2023-11-21T16:13:53.907Z	INFO	controller-runtime.manager	Successfully updated Secret.	{"SecretConfig": "knime/keycloak-session-service-secretconfig", "targetSecret": "hub/keycloak-client-secret-session-service"}
2023-11-21T16:13:53.908Z	INFO	controller-runtime.manager	Successfully updated Secret.	{"SecretConfig": "knime/execution-minio-secretconfig", "targetSecret": "hub/execution-minio-credentials"}
2023-11-21T16:13:53.910Z	INFO	controller-runtime.manager	Successfully updated Secret.	{"SecretConfig": "knime/keycloak-keycloak-proxy-secretconfig", "targetSecret": "hub/keycloak-client-secret-keycloak-proxy"}
2023-11-21T16:13:53.911Z	INFO	controller-runtime.manager	Successfully updated Secret.	{"SecretConfig": "knime/execution-services-db-secretconfig", "targetSecret": "hub/execution-services-db-secret"}
2023-11-21T16:13:53.912Z	INFO	controller-runtime.manager	Successfully updated Secret.	{"SecretConfig": "knime/edge-db-secretconfig", "targetSecret": "hub/edge-db-secret"}
2023-11-21T16:13:53.913Z	INFO	controller-runtime.manager	Successfully updated Secret.	{"SecretConfig": "knime/keycloak-db-secretconfig", "targetSecret": "knime/keycloak-db-secret"}
2023-11-21T16:13:53.915Z	INFO	controller-runtime.manager	Successfully updated Secret.	{"SecretConfig": "kurl/kurl-registry-secretconfig", "targetSecret": "hub-execution/registry-creds"}
2023-11-21T16:13:53.916Z	INFO	controller-runtime.manager	Successfully updated Secret.	{"SecretConfig": "knime/keycloak-s3-proxy-secretconfig", "targetSecret": "hub/keycloak-client-secret-s3-proxy"}
2023-11-21T16:13:53.928Z	INFO	controller-runtime.manager	Successfully updated Secret.	{"SecretConfig": "knime/session-service-db-secretconfig", "targetSecret": "hub/session-service-db-secret"}
2023-11-21T16:13:58.880Z	INFO	controller-runtime.manager	Successfully updated Secret.	{"SecretConfig": "knime/trigger-service-db-secretconfig", "targetSecret": "hub/trigger-service-db-secret"}
2023-11-21T16:13:58.882Z	INFO	controller-runtime.manager	Successfully updated Secret.	{"SecretConfig": "knime/keycloak-knime-impersonation-secretconfig", "targetSecret": "hub/keycloak-client-secret-knime-impersonation"}
2023-11-21T16:13:58.883Z	INFO	controller-runtime.manager	Successfully updated Secret.	{"SecretConfig": "knime/keycloak-keycloak-proxy-secretconfig", "targetSecret": "hub/keycloak-client-secret-keycloak-proxy"}
2023-11-21T16:13:58.885Z	INFO	controller-runtime.manager	Successfully updated Secret.	{"SecretConfig": "knime/execution-services-db-secretconfig", "targetSecret": "hub/execution-services-db-secret"}
2023-11-21T16:13:58.886Z	INFO	controller-runtime.manager	Successfully updated Secret.	{"SecretConfig": "knime/catalog-service-db-secretconfig", "targetSecret": "hub/catalog-service-db-secret"}
2023-11-21T16:13:58.888Z	INFO	controller-runtime.manager	Successfully updated Secret.	{"SecretConfig": "knime/keycloak-rest-interface-secretconfig", "targetSecret": "hub/keycloak-client-secret-rest-interface"}
2023-11-21T16:13:58.889Z	INFO	controller-runtime.manager	Successfully updated Secret.	{"SecretConfig": "knime/keycloak-session-service-secretconfig", "targetSecret": "hub/keycloak-client-secret-session-service"}
2023-11-21T16:13:58.890Z	INFO	controller-runtime.manager	Successfully updated Secret.	{"SecretConfig": "knime/execution-minio-secretconfig", "targetSecret": "hub/execution-minio-credentials"}
2023-11-21T16:13:58.892Z	INFO	controller-runtime.manager	Successfully updated Secret.	{"SecretConfig": "knime/keycloak-db-secretconfig", "targetSecret": "knime/keycloak-db-secret"}
2023-11-21T16:13:58.893Z	INFO	controller-runtime.manager	Successfully updated Secret.	{"SecretConfig": "kurl/kurl-registry-secretconfig", "targetSecret": "hub-execution/registry-creds"}
2023-11-21T16:13:58.895Z	INFO	controller-runtime.manager	Successfully updated Secret.	{"SecretConfig": "knime/edge-db-secretconfig", "targetSecret": "hub/edge-db-secret"}
2023-11-21T16:13:58.896Z	INFO	controller-runtime.manager	Successfully updated Secret.	{"SecretConfig": "knime/keycloak-s3-proxy-secretconfig", "targetSecret": "hub/keycloak-client-secret-s3-proxy"}
2023-11-21T16:13:58.897Z	INFO	controller-runtime.manager	Successfully updated Secret.	{"SecretConfig": "knime/knime-artemis-secretconfig", "targetSecret": "hub/knime-artemis"}
2023-11-21T16:13:58.899Z	INFO	controller-runtime.manager	Successfully updated Secret.	{"SecretConfig": "knime/keycloak-kubernetes-event-persistor-secretconfig", "targetSecret": "hub/keycloak-client-secret-kubernetes-event-persistor"}
2023-11-21T16:13:58.900Z	INFO	controller-runtime.manager	Successfully updated Secret.	{"SecretConfig": "knime/session-service-db-secretconfig", "targetSecret": "hub/session-service-db-secret"}
2023-11-21T16:13:58.901Z	INFO	controller-runtime.manager	Successfully updated Secret.	{"SecretConfig": "knime/keycloak-catalog-service-secretconfig", "targetSecret": "hub/keycloak-client-secret-catalog-service"}
2023-11-21T16:13:58.902Z	INFO	controller-runtime.manager	Successfully updated Secret.	{"SecretConfig": "knime/notification-service-db-secretconfig", "targetSecret": "hub/notification-service-db-secret"}
2023-11-21T16:13:58.903Z	INFO	controller-runtime.manager	Successfully updated Secret.	{"SecretConfig": "knime/accounts-minio-secretconfig", "targetSecret": "hub/accounts-minio-credentials"}
2023-11-21T16:13:58.905Z	INFO	controller-runtime.manager	Successfully updated Secret.	{"SecretConfig": "knime/keycloak-auth-rely-secretconfig", "targetSecret": "hub/keycloak-client-secret-auth-rely"}
2023-11-21T16:13:58.906Z	INFO	controller-runtime.manager	Successfully updated Secret.	{"SecretConfig": "knime/secret-store-db-secretconfig", "targetSecret": "hub/secret-store-db-secret"}
2023-11-21T16:13:58.907Z	INFO	controller-runtime.manager	Successfully updated Secret.	{"SecretConfig": "knime/keycloak-lifecycle-handler-secretconfig", "targetSecret": "hub/keycloak-client-secret-lifecycle-handler"}
2023-11-21T16:13:58.908Z	INFO	controller-runtime.manager	Successfully updated Secret.	{"SecretConfig": "knime/keycloak-trigger-service-secretconfig", "targetSecret": "hub/keycloak-client-secret-trigger-service"}
2023-11-21T16:13:58.910Z	INFO	controller-runtime.manager	Successfully updated Secret.	{"SecretConfig": "knime/keycloak-secret-store-secretconfig", "targetSecret": "hub/keycloak-client-secret-secret-store"}
2023-11-21T16:13:58.911Z	INFO	controller-runtime.manager	Successfully updated Secret.	{"SecretConfig": "knime/keycloak-userdata-svc-secretconfig", "targetSecret": "hub/accounts-service-keycloak-client"}
2023-11-21T16:13:58.912Z	INFO	controller-runtime.manager	Successfully updated Secret.	{"SecretConfig": "knime/catalog-minio-secretconfig", "targetSecret": "hub/catalog-minio-credentials"}
2023-11-21T16:13:58.913Z	INFO	controller-runtime.manager	Successfully updated Secret.	{"SecretConfig": "knime/keycloak-notification-service-secretconfig", "targetSecret": "hub/keycloak-client-secret-notification-service"}
2023-11-21T16:13:58.915Z	INFO	controller-runtime.manager	Successfully updated Secret.	{"SecretConfig": "knime/keycloak-execution-context-manager-secretconfig", "targetSecret": "hub/keycloak-client-secret-execution-context-manager"}
2023-11-21T16:13:58.916Z	INFO	controller-runtime.manager	Successfully updated Secret.	{"SecretConfig": "knime/keycloak-execution-operator-secretconfig", "targetSecret": "hub/keycloak-client-secret-execution-operator"}
2023-11-21T16:13:58.917Z	INFO	controller-runtime.manager	Successfully updated Secret.	{"SecretConfig": "knime/keycloak-search-sync-service-secretconfig", "targetSecret": "hub/keycloak-client-secret-search-sync-service"}
2023-11-21T16:13:58.918Z	INFO	controller-runtime.manager	Successfully updated Secret.	{"SecretConfig": "knime/accounts-service-db-secretconfig", "targetSecret": "hub/accounts-service-db-secret"}
2023-11-21T16:13:58.931Z	INFO	controller-runtime.manager	Successfully updated Secret.	{"SecretConfig": "knime/trigger-service-db-secretconfig", "targetSecret": "hub/trigger-service-db-secret"}
2023-11-21T16:14:03.877Z	INFO	controller-runtime.manager	Successfully updated Secret.	{"SecretConfig": "knime/keycloak-notification-service-secretconfig", "targetSecret": "hub/keycloak-client-secret-notification-service"}
2023-11-21T16:14:03.879Z	INFO	controller-runtime.manager	Successfully updated Secret.	{"SecretConfig": "knime/keycloak-execution-context-manager-secretconfig", "targetSecret": "hub/keycloak-client-secret-execution-context-manager"}
2023-11-21T16:14:03.880Z	INFO	controller-runtime.manager	Successfully updated Secret.	{"SecretConfig": "knime/keycloak-execution-operator-secretconfig", "targetSecret": "hub/keycloak-client-secret-execution-operator"}
2023-11-21T16:14:03.882Z	INFO	controller-runtime.manager	Successfully updated Secret.	{"SecretConfig": "knime/keycloak-search-sync-service-secretconfig", "targetSecret": "hub/keycloak-client-secret-search-sync-service"}
2023-11-21T16:14:03.884Z	INFO	controller-runtime.manager	Successfully updated Secret.	{"SecretConfig": "knime/accounts-service-db-secretconfig", "targetSecret": "hub/accounts-service-db-secret"}
2023-11-21T16:14:03.885Z	INFO	controller-runtime.manager	Successfully updated Secret.	{"SecretConfig": "knime/catalog-minio-secretconfig", "targetSecret": "hub/catalog-minio-credentials"}
2023-11-21T16:14:03.886Z	INFO	controller-runtime.manager	Successfully updated Secret.	{"SecretConfig": "knime/keycloak-knime-impersonation-secretconfig", "targetSecret": "hub/keycloak-client-secret-knime-impersonation"}
2023-11-21T16:14:03.888Z	INFO	controller-runtime.manager	Successfully updated Secret.	{"SecretConfig": "knime/trigger-service-db-secretconfig", "targetSecret": "hub/trigger-service-db-secret"}
2023-11-21T16:14:03.890Z	INFO	controller-runtime.manager	Successfully updated Secret.	{"SecretConfig": "knime/execution-services-db-secretconfig", "targetSecret": "hub/execution-services-db-secret"}
2023-11-21T16:14:03.891Z	INFO	controller-runtime.manager	Successfully updated Secret.	{"SecretConfig": "knime/catalog-service-db-secretconfig", "targetSecret": "hub/catalog-service-db-secret"}
2023-11-21T16:14:03.892Z	INFO	controller-runtime.manager	Successfully updated Secret.	{"SecretConfig": "knime/keycloak-rest-interface-secretconfig", "targetSecret": "hub/keycloak-client-secret-rest-interface"}
2023-11-21T16:14:03.894Z	INFO	controller-runtime.manager	Successfully updated Secret.	{"SecretConfig": "knime/keycloak-session-service-secretconfig", "targetSecret": "hub/keycloak-client-secret-session-service"}
2023-11-21T16:14:03.895Z	INFO	controller-runtime.manager	Successfully updated Secret.	{"SecretConfig": "knime/execution-minio-secretconfig", "targetSecret": "hub/execution-minio-credentials"}
2023-11-21T16:14:03.897Z	INFO	controller-runtime.manager	Successfully updated Secret.	{"SecretConfig": "knime/keycloak-keycloak-proxy-secretconfig", "targetSecret": "hub/keycloak-client-secret-keycloak-proxy"}
2023-11-21T16:14:03.898Z	INFO	controller-runtime.manager	Successfully updated Secret.	{"SecretConfig": "kurl/kurl-registry-secretconfig", "targetSecret": "hub-execution/registry-creds"}
2023-11-21T16:14:03.899Z	INFO	controller-runtime.manager	Successfully updated Secret.	{"SecretConfig": "knime/edge-db-secretconfig", "targetSecret": "hub/edge-db-secret"}
2023-11-21T16:14:03.901Z	INFO	controller-runtime.manager	Successfully updated Secret.	{"SecretConfig": "knime/keycloak-db-secretconfig", "targetSecret": "knime/keycloak-db-secret"}
2023-11-21T16:14:03.902Z	INFO	controller-runtime.manager	Successfully updated Secret.	{"SecretConfig": "knime/keycloak-s3-proxy-secretconfig", "targetSecret": "hub/keycloak-client-secret-s3-proxy"}
2023-11-21T16:14:03.903Z	INFO	controller-runtime.manager	Successfully updated Secret.	{"SecretConfig": "knime/keycloak-kubernetes-event-persistor-secretconfig", "targetSecret": "hub/keycloak-client-secret-kubernetes-event-persistor"}
2023-11-21T16:14:03.904Z	INFO	controller-runtime.manager	Successfully updated Secret.	{"SecretConfig": "knime/session-service-db-secretconfig", "targetSecret": "hub/session-service-db-secret"}
2023-11-21T16:14:03.906Z	INFO	controller-runtime.manager	Successfully updated Secret.	{"SecretConfig": "knime/knime-artemis-secretconfig", "targetSecret": "hub/knime-artemis"}
2023-11-21T16:14:03.907Z	INFO	controller-runtime.manager	Successfully updated Secret.	{"SecretConfig": "knime/notification-service-db-secretconfig", "targetSecret": "hub/notification-service-db-secret"}
2023-11-21T16:14:03.908Z	INFO	controller-runtime.manager	Successfully updated Secret.	{"SecretConfig": "knime/accounts-minio-secretconfig", "targetSecret": "hub/accounts-minio-credentials"}
2023-11-21T16:14:03.910Z	INFO	controller-runtime.manager	Successfully updated Secret.	{"SecretConfig": "knime/keycloak-auth-rely-secretconfig", "targetSecret": "hub/keycloak-client-secret-auth-rely"}
2023-11-21T16:14:03.911Z	INFO	controller-runtime.manager	Successfully updated Secret.	{"SecretConfig": "knime/keycloak-catalog-service-secretconfig", "targetSecret": "hub/keycloak-client-secret-catalog-service"}
2023-11-21T16:14:03.912Z	INFO	controller-runtime.manager	Successfully updated Secret.	{"SecretConfig": "knime/keycloak-lifecycle-handler-secretconfig", "targetSecret": "hub/keycloak-client-secret-lifecycle-handler"}
2023-11-21T16:14:03.913Z	INFO	controller-runtime.manager	Successfully updated Secret.	{"SecretConfig": "knime/keycloak-trigger-service-secretconfig", "targetSecret": "hub/keycloak-client-secret-trigger-service"}
2023-11-21T16:14:03.915Z	INFO	controller-runtime.manager	Successfully updated Secret.	{"SecretConfig": "knime/keycloak-secret-store-secretconfig", "targetSecret": "hub/keycloak-client-secret-secret-store"}
2023-11-21T16:14:03.916Z	INFO	controller-runtime.manager	Successfully updated Secret.	{"SecretConfig": "knime/keycloak-userdata-svc-secretconfig", "targetSecret": "hub/accounts-service-keycloak-client"}
2023-11-21T16:14:03.917Z	INFO	controller-runtime.manager	Successfully updated Secret.	{"SecretConfig": "knime/secret-store-db-secretconfig", "targetSecret": "hub/secret-store-db-secret"}
2023-11-21T16:14:03.927Z	INFO	controller-runtime.manager	Successfully updated Secret.	{"SecretConfig": "knime/keycloak-notification-service-secretconfig", "targetSecret": "hub/keycloak-client-secret-notification-service"}
2023-11-21T16:14:08.880Z	INFO	controller-runtime.manager	Successfully updated Secret.	{"SecretConfig": "knime/trigger-service-db-secretconfig", "targetSecret": "hub/trigger-service-db-secret"}
2023-11-21T16:14:08.881Z	INFO	controller-runtime.manager	Successfully updated Secret.	{"SecretConfig": "knime/keycloak-knime-impersonation-secretconfig", "targetSecret": "hub/keycloak-client-secret-knime-impersonation"}
2023-11-21T16:14:08.883Z	INFO	controller-runtime.manager	Successfully updated Secret.	{"SecretConfig": "knime/keycloak-rest-interface-secretconfig", "targetSecret": "hub/keycloak-client-secret-rest-interface"}
2023-11-21T16:14:08.884Z	INFO	controller-runtime.manager	Successfully updated Secret.	{"SecretConfig": "knime/keycloak-session-service-secretconfig", "targetSecret": "hub/keycloak-client-secret-session-service"}
2023-11-21T16:14:08.885Z	INFO	controller-runtime.manager	Successfully updated Secret.	{"SecretConfig": "knime/execution-minio-secretconfig", "targetSecret": "hub/execution-minio-credentials"}
2023-11-21T16:14:08.887Z	INFO	controller-runtime.manager	Successfully updated Secret.	{"SecretConfig": "knime/keycloak-keycloak-proxy-secretconfig", "targetSecret": "hub/keycloak-client-secret-keycloak-proxy"}
2023-11-21T16:14:08.888Z	INFO	controller-runtime.manager	Successfully updated Secret.	{"SecretConfig": "knime/execution-services-db-secretconfig", "targetSecret": "hub/execution-services-db-secret"}
2023-11-21T16:14:08.889Z	INFO	controller-runtime.manager	Successfully updated Secret.	{"SecretConfig": "knime/catalog-service-db-secretconfig", "targetSecret": "hub/catalog-service-db-secret"}
2023-11-21T16:14:08.891Z	INFO	controller-runtime.manager	Successfully updated Secret.	{"SecretConfig": "knime/keycloak-db-secretconfig", "targetSecret": "knime/keycloak-db-secret"}
2023-11-21T16:14:08.892Z	INFO	controller-runtime.manager	Successfully updated Secret.	{"SecretConfig": "kurl/kurl-registry-secretconfig", "targetSecret": "hub-execution/registry-creds"}
2023-11-21T16:14:08.893Z	INFO	controller-runtime.manager	Successfully updated Secret.	{"SecretConfig": "knime/edge-db-secretconfig", "targetSecret": "hub/edge-db-secret"}
2023-11-21T16:14:08.894Z	INFO	controller-runtime.manager	Successfully updated Secret.	{"SecretConfig": "knime/keycloak-s3-proxy-secretconfig", "targetSecret": "hub/keycloak-client-secret-s3-proxy"}
2023-11-21T16:14:08.896Z	INFO	controller-runtime.manager	Successfully updated Secret.	{"SecretConfig": "knime/knime-artemis-secretconfig", "targetSecret": "hub/knime-artemis"}
2023-11-21T16:14:08.897Z	INFO	controller-runtime.manager	Successfully updated Secret.	{"SecretConfig": "knime/keycloak-kubernetes-event-persistor-secretconfig", "targetSecret": "hub/keycloak-client-secret-kubernetes-event-persistor"}
2023-11-21T16:14:08.899Z	INFO	controller-runtime.manager	Successfully updated Secret.	{"SecretConfig": "knime/session-service-db-secretconfig", "targetSecret": "hub/session-service-db-secret"}
2023-11-21T16:14:08.900Z	INFO	controller-runtime.manager	Successfully updated Secret.	{"SecretConfig": "knime/keycloak-auth-rely-secretconfig", "targetSecret": "hub/keycloak-client-secret-auth-rely"}
2023-11-21T16:14:08.901Z	INFO	controller-runtime.manager	Successfully updated Secret.	{"SecretConfig": "knime/keycloak-catalog-service-secretconfig", "targetSecret": "hub/keycloak-client-secret-catalog-service"}
2023-11-21T16:14:08.902Z	INFO	controller-runtime.manager	Successfully updated Secret.	{"SecretConfig": "knime/notification-service-db-secretconfig", "targetSecret": "hub/notification-service-db-secret"}
2023-11-21T16:14:08.904Z	INFO	controller-runtime.manager	Successfully updated Secret.	{"SecretConfig": "knime/accounts-minio-secretconfig", "targetSecret": "hub/accounts-minio-credentials"}
2023-11-21T16:14:08.905Z	INFO	controller-runtime.manager	Successfully updated Secret.	{"SecretConfig": "knime/keycloak-secret-store-secretconfig", "targetSecret": "hub/keycloak-client-secret-secret-store"}
2023-11-21T16:14:08.906Z	INFO	controller-runtime.manager	Successfully updated Secret.	{"SecretConfig": "knime/keycloak-userdata-svc-secretconfig", "targetSecret": "hub/accounts-service-keycloak-client"}
2023-11-21T16:14:08.908Z	INFO	controller-runtime.manager	Successfully updated Secret.	{"SecretConfig": "knime/secret-store-db-secretconfig", "targetSecret": "hub/secret-store-db-secret"}
2023-11-21T16:14:08.909Z	INFO	controller-runtime.manager	Successfully updated Secret.	{"SecretConfig": "knime/keycloak-lifecycle-handler-secretconfig", "targetSecret": "hub/keycloak-client-secret-lifecycle-handler"}
2023-11-21T16:14:08.910Z	INFO	controller-runtime.manager	Successfully updated Secret.	{"SecretConfig": "knime/keycloak-trigger-service-secretconfig", "targetSecret": "hub/keycloak-client-secret-trigger-service"}
2023-11-21T16:14:08.911Z	INFO	controller-runtime.manager	Successfully updated Secret.	{"SecretConfig": "knime/keycloak-execution-operator-secretconfig", "targetSecret": "hub/keycloak-client-secret-execution-operator"}
2023-11-21T16:14:08.912Z	INFO	controller-runtime.manager	Successfully updated Secret.	{"SecretConfig": "knime/keycloak-search-sync-service-secretconfig", "targetSecret": "hub/keycloak-client-secret-search-sync-service"}
2023-11-21T16:14:08.914Z	INFO	controller-runtime.manager	Successfully updated Secret.	{"SecretConfig": "knime/accounts-service-db-secretconfig", "targetSecret": "hub/accounts-service-db-secret"}
2023-11-21T16:14:08.915Z	INFO	controller-runtime.manager	Successfully updated Secret.	{"SecretConfig": "knime/catalog-minio-secretconfig", "targetSecret": "hub/catalog-minio-credentials"}
2023-11-21T16:14:08.916Z	INFO	controller-runtime.manager	Successfully updated Secret.	{"SecretConfig": "knime/keycloak-notification-service-secretconfig", "targetSecret": "hub/keycloak-client-secret-notification-service"}
2023-11-21T16:14:08.917Z	INFO	controller-runtime.manager	Successfully updated Secret.	{"SecretConfig": "knime/keycloak-execution-context-manager-secretconfig", "targetSecret": "hub/keycloak-client-secret-execution-context-manager"}
2023-11-21T16:14:13.878Z	INFO	controller-runtime.manager	Successfully updated Secret.	{"SecretConfig": "knime/keycloak-lifecycle-handler-secretconfig", "targetSecret": "hub/keycloak-client-secret-lifecycle-handler"}
2023-11-21T16:14:13.880Z	INFO	controller-runtime.manager	Successfully updated Secret.	{"SecretConfig": "knime/keycloak-trigger-service-secretconfig", "targetSecret": "hub/keycloak-client-secret-trigger-service"}
2023-11-21T16:14:13.881Z	INFO	controller-runtime.manager	Successfully updated Secret.	{"SecretConfig": "knime/keycloak-secret-store-secretconfig", "targetSecret": "hub/keycloak-client-secret-secret-store"}
2023-11-21T16:14:13.883Z	INFO	controller-runtime.manager	Successfully updated Secret.	{"SecretConfig": "knime/keycloak-userdata-svc-secretconfig", "targetSecret": "hub/accounts-service-keycloak-client"}
2023-11-21T16:14:13.884Z	INFO	controller-runtime.manager	Successfully updated Secret.	{"SecretConfig": "knime/secret-store-db-secretconfig", "targetSecret": "hub/secret-store-db-secret"}
2023-11-21T16:14:13.885Z	INFO	controller-runtime.manager	Successfully updated Secret.	{"SecretConfig": "knime/keycloak-notification-service-secretconfig", "targetSecret": "hub/keycloak-client-secret-notification-service"}
2023-11-21T16:14:13.887Z	INFO	controller-runtime.manager	Successfully updated Secret.	{"SecretConfig": "knime/keycloak-execution-context-manager-secretconfig", "targetSecret": "hub/keycloak-client-secret-execution-context-manager"}
2023-11-21T16:14:13.888Z	INFO	controller-runtime.manager	Successfully updated Secret.	{"SecretConfig": "knime/keycloak-execution-operator-secretconfig", "targetSecret": "hub/keycloak-client-secret-execution-operator"}
2023-11-21T16:14:13.889Z	INFO	controller-runtime.manager	Successfully updated Secret.	{"SecretConfig": "knime/keycloak-search-sync-service-secretconfig", "targetSecret": "hub/keycloak-client-secret-search-sync-service"}
2023-11-21T16:14:13.891Z	INFO	controller-runtime.manager	Successfully updated Secret.	{"SecretConfig": "knime/accounts-service-db-secretconfig", "targetSecret": "hub/accounts-service-db-secret"}
2023-11-21T16:14:13.892Z	INFO	controller-runtime.manager	Successfully updated Secret.	{"SecretConfig": "knime/catalog-minio-secretconfig", "targetSecret": "hub/catalog-minio-credentials"}
2023-11-21T16:14:13.893Z	INFO	controller-runtime.manager	Successfully updated Secret.	{"SecretConfig": "knime/keycloak-knime-impersonation-secretconfig", "targetSecret": "hub/keycloak-client-secret-knime-impersonation"}
2023-11-21T16:14:13.895Z	INFO	controller-runtime.manager	Successfully updated Secret.	{"SecretConfig": "knime/trigger-service-db-secretconfig", "targetSecret": "hub/trigger-service-db-secret"}
2023-11-21T16:14:13.896Z	INFO	controller-runtime.manager	Successfully updated Secret.	{"SecretConfig": "knime/execution-services-db-secretconfig", "targetSecret": "hub/execution-services-db-secret"}
2023-11-21T16:14:13.897Z	INFO	controller-runtime.manager	Successfully updated Secret.	{"SecretConfig": "knime/catalog-service-db-secretconfig", "targetSecret": "hub/catalog-service-db-secret"}
2023-11-21T16:14:13.899Z	INFO	controller-runtime.manager	Successfully updated Secret.	{"SecretConfig": "knime/keycloak-rest-interface-secretconfig", "targetSecret": "hub/keycloak-client-secret-rest-interface"}
2023-11-21T16:14:13.900Z	INFO	controller-runtime.manager	Successfully updated Secret.	{"SecretConfig": "knime/keycloak-session-service-secretconfig", "targetSecret": "hub/keycloak-client-secret-session-service"}
2023-11-21T16:14:13.902Z	INFO	controller-runtime.manager	Successfully updated Secret.	{"SecretConfig": "knime/execution-minio-secretconfig", "targetSecret": "hub/execution-minio-credentials"}
2023-11-21T16:14:13.905Z	INFO	controller-runtime.manager	Successfully updated Secret.	{"SecretConfig": "knime/keycloak-keycloak-proxy-secretconfig", "targetSecret": "hub/keycloak-client-secret-keycloak-proxy"}
2023-11-21T16:14:13.906Z	INFO	controller-runtime.manager	Successfully updated Secret.	{"SecretConfig": "kurl/kurl-registry-secretconfig", "targetSecret": "hub-execution/registry-creds"}
2023-11-21T16:14:13.908Z	INFO	controller-runtime.manager	Successfully updated Secret.	{"SecretConfig": "knime/edge-db-secretconfig", "targetSecret": "hub/edge-db-secret"}
2023-11-21T16:14:13.909Z	INFO	controller-runtime.manager	Successfully updated Secret.	{"SecretConfig": "knime/keycloak-db-secretconfig", "targetSecret": "knime/keycloak-db-secret"}
2023-11-21T16:14:13.910Z	INFO	controller-runtime.manager	Successfully updated Secret.	{"SecretConfig": "knime/keycloak-s3-proxy-secretconfig", "targetSecret": "hub/keycloak-client-secret-s3-proxy"}
2023-11-21T16:14:13.911Z	INFO	controller-runtime.manager	Successfully updated Secret.	{"SecretConfig": "knime/keycloak-kubernetes-event-persistor-secretconfig", "targetSecret": "hub/keycloak-client-secret-kubernetes-event-persistor"}
2023-11-21T16:14:13.913Z	INFO	controller-runtime.manager	Successfully updated Secret.	{"SecretConfig": "knime/session-service-db-secretconfig", "targetSecret": "hub/session-service-db-secret"}
2023-11-21T16:14:13.914Z	INFO	controller-runtime.manager	Successfully updated Secret.	{"SecretConfig": "knime/knime-artemis-secretconfig", "targetSecret": "hub/knime-artemis"}
2023-11-21T16:14:13.915Z	INFO	controller-runtime.manager	Successfully updated Secret.	{"SecretConfig": "knime/notification-service-db-secretconfig", "targetSecret": "hub/notification-service-db-secret"}
2023-11-21T16:14:13.916Z	INFO	controller-runtime.manager	Successfully updated Secret.	{"SecretConfig": "knime/accounts-minio-secretconfig", "targetSecret": "hub/accounts-minio-credentials"}
2023-11-21T16:14:13.917Z	INFO	controller-runtime.manager	Successfully updated Secret.	{"SecretConfig": "knime/keycloak-auth-rely-secretconfig", "targetSecret": "hub/keycloak-client-secret-auth-rely"}
2023-11-21T16:14:13.919Z	INFO	controller-runtime.manager	Successfully updated Secret.	{"SecretConfig": "knime/keycloak-catalog-service-secretconfig", "targetSecret": "hub/keycloak-client-secret-catalog-service"}
2023-11-21T16:14:13.928Z	INFO	controller-runtime.manager	Successfully updated Secret.	{"SecretConfig": "knime/keycloak-lifecycle-handler-secretconfig", "targetSecret": "hub/keycloak-client-secret-lifecycle-handler"}
2023-11-21T16:14:17.530Z	INFO	controller-runtime.manager	Successfully updated Secret.	{"SecretConfig": "knime/keycloak-keycloak-proxy-secretconfig", "targetSecret": "hub/keycloak-client-secret-keycloak-proxy"}
2023-11-21T16:14:17.531Z	INFO	controller-runtime.manager	Successfully updated Secret.	{"SecretConfig": "knime/execution-services-db-secretconfig", "targetSecret": "hub/execution-services-db-secret"}
2023-11-21T16:14:17.534Z	INFO	controller-runtime.manager	Successfully updated Secret.	{"SecretConfig": "knime/catalog-service-db-secretconfig", "targetSecret": "hub/catalog-service-db-secret"}
2023-11-21T16:14:17.535Z	INFO	controller-runtime.manager	Successfully updated Secret.	{"SecretConfig": "knime/keycloak-rest-interface-secretconfig", "targetSecret": "hub/keycloak-client-secret-rest-interface"}
2023-11-21T16:14:17.537Z	INFO	controller-runtime.manager	Successfully updated Secret.	{"SecretConfig": "knime/keycloak-session-service-secretconfig", "targetSecret": "hub/keycloak-client-secret-session-service"}
2023-11-21T16:14:17.539Z	INFO	controller-runtime.manager	Successfully updated Secret.	{"SecretConfig": "knime/execution-minio-secretconfig", "targetSecret": "hub/execution-minio-credentials"}
2023-11-21T16:14:17.540Z	INFO	controller-runtime.manager	Successfully updated Secret.	{"SecretConfig": "knime/keycloak-db-secretconfig", "targetSecret": "knime/keycloak-db-secret"}
2023-11-21T16:14:17.544Z	INFO	controller-runtime.manager	Successfully updated Secret.	{"SecretConfig": "kurl/kurl-registry-secretconfig", "targetSecret": "hub-execution/registry-creds"}
2023-11-21T16:14:17.545Z	INFO	controller-runtime.manager	Successfully updated Secret.	{"SecretConfig": "knime/edge-db-secretconfig", "targetSecret": "hub/edge-db-secret"}
2023-11-21T16:14:17.547Z	INFO	controller-runtime.manager	Successfully updated Secret.	{"SecretConfig": "knime/keycloak-s3-proxy-secretconfig", "targetSecret": "hub/keycloak-client-secret-s3-proxy"}
2023-11-21T16:14:17.548Z	INFO	controller-runtime.manager	Successfully updated Secret.	{"SecretConfig": "knime/knime-artemis-secretconfig", "targetSecret": "hub/knime-artemis"}
2023-11-21T16:14:17.549Z	INFO	controller-runtime.manager	Successfully updated Secret.	{"SecretConfig": "knime/keycloak-kubernetes-event-persistor-secretconfig", "targetSecret": "hub/keycloak-client-secret-kubernetes-event-persistor"}
2023-11-21T16:14:17.551Z	INFO	controller-runtime.manager	Successfully updated Secret.	{"SecretConfig": "knime/session-service-db-secretconfig", "targetSecret": "hub/session-service-db-secret"}
2023-11-21T16:14:17.553Z	INFO	controller-runtime.manager	Successfully updated Secret.	{"SecretConfig": "knime/keycloak-catalog-service-secretconfig", "targetSecret": "hub/keycloak-client-secret-catalog-service"}
2023-11-21T16:14:17.554Z	INFO	controller-runtime.manager	Successfully updated Secret.	{"SecretConfig": "knime/notification-service-db-secretconfig", "targetSecret": "hub/notification-service-db-secret"}
2023-11-21T16:14:17.557Z	INFO	controller-runtime.manager	Successfully updated Secret.	{"SecretConfig": "knime/accounts-minio-secretconfig", "targetSecret": "hub/accounts-minio-credentials"}
2023-11-21T16:14:17.559Z	INFO	controller-runtime.manager	Successfully updated Secret.	{"SecretConfig": "knime/keycloak-auth-rely-secretconfig", "targetSecret": "hub/keycloak-client-secret-auth-rely"}
2023-11-21T16:14:17.560Z	INFO	controller-runtime.manager	Successfully updated Secret.	{"SecretConfig": "knime/secret-store-db-secretconfig", "targetSecret": "hub/secret-store-db-secret"}
2023-11-21T16:14:17.562Z	INFO	controller-runtime.manager	Successfully updated Secret.	{"SecretConfig": "knime/keycloak-lifecycle-handler-secretconfig", "targetSecret": "hub/keycloak-client-secret-lifecycle-handler"}
2023-11-21T16:14:17.565Z	INFO	controller-runtime.manager	Successfully updated Secret.	{"SecretConfig": "knime/keycloak-trigger-service-secretconfig", "targetSecret": "hub/keycloak-client-secret-trigger-service"}
2023-11-21T16:14:17.566Z	INFO	controller-runtime.manager	Successfully updated Secret.	{"SecretConfig": "knime/keycloak-secret-store-secretconfig", "targetSecret": "hub/keycloak-client-secret-secret-store"}
2023-11-21T16:14:17.567Z	INFO	controller-runtime.manager	Successfully updated Secret.	{"SecretConfig": "knime/keycloak-userdata-svc-secretconfig", "targetSecret": "hub/accounts-service-keycloak-client"}
2023-11-21T16:14:17.569Z	INFO	controller-runtime.manager	Successfully updated Secret.	{"SecretConfig": "knime/catalog-minio-secretconfig", "targetSecret": "hub/catalog-minio-credentials"}
2023-11-21T16:14:17.573Z	INFO	controller-runtime.manager	Successfully updated Secret.	{"SecretConfig": "knime/keycloak-notification-service-secretconfig", "targetSecret": "hub/keycloak-client-secret-notification-service"}
2023-11-21T16:14:17.574Z	INFO	controller-runtime.manager	Successfully updated Secret.	{"SecretConfig": "knime/keycloak-execution-context-manager-secretconfig", "targetSecret": "hub/keycloak-client-secret-execution-context-manager"}
2023-11-21T16:14:17.576Z	INFO	controller-runtime.manager	Successfully updated Secret.	{"SecretConfig": "knime/keycloak-execution-operator-secretconfig", "targetSecret": "hub/keycloak-client-secret-execution-operator"}
2023-11-21T16:14:17.577Z	INFO	controller-runtime.manager	Successfully updated Secret.	{"SecretConfig": "knime/keycloak-search-sync-service-secretconfig", "targetSecret": "hub/keycloak-client-secret-search-sync-service"}
2023-11-21T16:14:17.581Z	INFO	controller-runtime.manager	Successfully updated Secret.	{"SecretConfig": "knime/accounts-service-db-secretconfig", "targetSecret": "hub/accounts-service-db-secret"}
2023-11-21T16:14:17.582Z	INFO	controller-runtime.manager	Successfully updated Secret.	{"SecretConfig": "knime/trigger-service-db-secretconfig", "targetSecret": "hub/trigger-service-db-secret"}
2023-11-21T16:14:17.584Z	INFO	controller-runtime.manager	Successfully updated Secret.	{"SecretConfig": "knime/keycloak-knime-impersonation-secretconfig", "targetSecret": "hub/keycloak-client-secret-knime-impersonation"}
2023-11-21T16:14:17.585Z	INFO	controller-runtime.manager	Successfully updated Secret.	{"SecretConfig": "knime/keycloak-keycloak-proxy-secretconfig", "targetSecret": "hub/keycloak-client-secret-keycloak-proxy"}
2023-11-21T16:14:17.631Z	INFO	controller-runtime.manager	Successfully updated Secret.	{"SecretConfig": "knime/execution-services-db-secretconfig", "targetSecret": "hub/execution-services-db-secret"}
2023-11-21T16:14:17.681Z	INFO	controller-runtime.manager	Successfully updated Secret.	{"SecretConfig": "knime/catalog-service-db-secretconfig", "targetSecret": "hub/catalog-service-db-secret"}
2023-11-21T16:14:17.731Z	INFO	controller-runtime.manager	Successfully updated Secret.	{"SecretConfig": "knime/keycloak-rest-interface-secretconfig", "targetSecret": "hub/keycloak-client-secret-rest-interface"}
2023-11-21T16:14:17.781Z	INFO	controller-runtime.manager	Successfully updated Secret.	{"SecretConfig": "knime/keycloak-session-service-secretconfig", "targetSecret": "hub/keycloak-client-secret-session-service"}
2023-11-21T16:14:17.831Z	INFO	controller-runtime.manager	Successfully updated Secret.	{"SecretConfig": "knime/execution-minio-secretconfig", "targetSecret": "hub/execution-minio-credentials"}
2023-11-21T16:14:17.881Z	INFO	controller-runtime.manager	Successfully updated Secret.	{"SecretConfig": "knime/keycloak-db-secretconfig", "targetSecret": "knime/keycloak-db-secret"}
2023-11-21T16:14:17.931Z	INFO	controller-runtime.manager	Successfully updated Secret.	{"SecretConfig": "kurl/kurl-registry-secretconfig", "targetSecret": "hub-execution/registry-creds"}
2023-11-21T16:14:17.980Z	INFO	controller-runtime.manager	Successfully updated Secret.	{"SecretConfig": "knime/edge-db-secretconfig", "targetSecret": "hub/edge-db-secret"}
2023-11-21T16:14:18.030Z	INFO	controller-runtime.manager	Successfully updated Secret.	{"SecretConfig": "knime/keycloak-s3-proxy-secretconfig", "targetSecret": "hub/keycloak-client-secret-s3-proxy"}
2023-11-21T16:14:18.081Z	INFO	controller-runtime.manager	Successfully updated Secret.	{"SecretConfig": "knime/knime-artemis-secretconfig", "targetSecret": "hub/knime-artemis"}
2023-11-21T16:14:18.131Z	INFO	controller-runtime.manager	Successfully updated Secret.	{"SecretConfig": "knime/keycloak-kubernetes-event-persistor-secretconfig", "targetSecret": "hub/keycloak-client-secret-kubernetes-event-persistor"}
2023-11-21T16:14:18.181Z	INFO	controller-runtime.manager	Successfully updated Secret.	{"SecretConfig": "knime/session-service-db-secretconfig", "targetSecret": "hub/session-service-db-secret"}
2023-11-21T16:14:18.231Z	INFO	controller-runtime.manager	Successfully updated Secret.	{"SecretConfig": "knime/keycloak-catalog-service-secretconfig", "targetSecret": "hub/keycloak-client-secret-catalog-service"}
2023-11-21T16:14:18.281Z	INFO	controller-runtime.manager	Successfully updated Secret.	{"SecretConfig": "knime/notification-service-db-secretconfig", "targetSecret": "hub/notification-service-db-secret"}
2023-11-21T16:14:18.331Z	INFO	controller-runtime.manager	Successfully updated Secret.	{"SecretConfig": "knime/accounts-minio-secretconfig", "targetSecret": "hub/accounts-minio-credentials"}
2023-11-21T16:14:18.381Z	INFO	controller-runtime.manager	Successfully updated Secret.	{"SecretConfig": "knime/keycloak-auth-rely-secretconfig", "targetSecret": "hub/keycloak-client-secret-auth-rely"}
2023-11-21T16:14:18.431Z	INFO	controller-runtime.manager	Successfully updated Secret.	{"SecretConfig": "knime/secret-store-db-secretconfig", "targetSecret": "hub/secret-store-db-secret"}
2023-11-21T16:14:18.481Z	INFO	controller-runtime.manager	Successfully updated Secret.	{"SecretConfig": "knime/keycloak-lifecycle-handler-secretconfig", "targetSecret": "hub/keycloak-client-secret-lifecycle-handler"}
2023-11-21T16:14:18.531Z	INFO	controller-runtime.manager	Successfully updated Secret.	{"SecretConfig": "knime/keycloak-trigger-service-secretconfig", "targetSecret": "hub/keycloak-client-secret-trigger-service"}
2023-11-21T16:14:18.581Z	INFO	controller-runtime.manager	Successfully updated Secret.	{"SecretConfig": "knime/keycloak-secret-store-secretconfig", "targetSecret": "hub/keycloak-client-secret-secret-store"}
2023-11-21T16:14:18.631Z	INFO	controller-runtime.manager	Successfully updated Secret.	{"SecretConfig": "knime/keycloak-userdata-svc-secretconfig", "targetSecret": "hub/accounts-service-keycloak-client"}
2023-11-21T16:14:18.681Z	INFO	controller-runtime.manager	Successfully updated Secret.	{"SecretConfig": "knime/catalog-minio-secretconfig", "targetSecret": "hub/catalog-minio-credentials"}
2023-11-21T16:14:18.730Z	INFO	controller-runtime.manager	Successfully updated Secret.	{"SecretConfig": "knime/keycloak-notification-service-secretconfig", "targetSecret": "hub/keycloak-client-secret-notification-service"}
2023-11-21T16:14:18.782Z	INFO	controller-runtime.manager	Successfully updated Secret.	{"SecretConfig": "knime/keycloak-execution-context-manager-secretconfig", "targetSecret": "hub/keycloak-client-secret-execution-context-manager"}
2023-11-21T16:14:18.831Z	INFO	controller-runtime.manager	Successfully updated Secret.	{"SecretConfig": "knime/trigger-service-db-secretconfig", "targetSecret": "hub/trigger-service-db-secret"}
2023-11-21T16:14:18.880Z	INFO	controller-runtime.manager	Successfully updated Secret.	{"SecretConfig": "knime/keycloak-knime-impersonation-secretconfig", "targetSecret": "hub/keycloak-client-secret-knime-impersonation"}
2023-11-21T16:14:18.931Z	INFO	controller-runtime.manager	Successfully updated Secret.	{"SecretConfig": "knime/keycloak-keycloak-proxy-secretconfig", "targetSecret": "hub/keycloak-client-secret-keycloak-proxy"}
2023-11-21T16:14:18.981Z	INFO	controller-runtime.manager	Successfully updated Secret.	{"SecretConfig": "knime/execution-services-db-secretconfig", "targetSecret": "hub/execution-services-db-secret"}
2023-11-21T16:14:19.030Z	INFO	controller-runtime.manager	Successfully updated Secret.	{"SecretConfig": "knime/keycloak-execution-operator-secretconfig", "targetSecret": "hub/keycloak-client-secret-execution-operator"}
2023-11-21T16:14:19.080Z	INFO	controller-runtime.manager	Successfully updated Secret.	{"SecretConfig": "knime/keycloak-search-sync-service-secretconfig", "targetSecret": "hub/keycloak-client-secret-search-sync-service"}
2023-11-21T16:14:19.130Z	INFO	controller-runtime.manager	Successfully updated Secret.	{"SecretConfig": "knime/accounts-service-db-secretconfig", "targetSecret": "hub/accounts-service-db-secret"}
2023-11-21T16:14:19.181Z	INFO	controller-runtime.manager	Successfully updated Secret.	{"SecretConfig": "knime/catalog-service-db-secretconfig", "targetSecret": "hub/catalog-service-db-secret"}
2023-11-21T16:14:19.230Z	INFO	controller-runtime.manager	Successfully updated Secret.	{"SecretConfig": "knime/keycloak-trigger-service-secretconfig", "targetSecret": "hub/keycloak-client-secret-trigger-service"}
2023-11-21T16:14:19.280Z	INFO	controller-runtime.manager	Successfully updated Secret.	{"SecretConfig": "knime/keycloak-secret-store-secretconfig", "targetSecret": "hub/keycloak-client-secret-secret-store"}
2023-11-21T16:14:19.331Z	INFO	controller-runtime.manager	Successfully updated Secret.	{"SecretConfig": "knime/keycloak-userdata-svc-secretconfig", "targetSecret": "hub/accounts-service-keycloak-client"}
2023-11-21T16:14:19.380Z	INFO	controller-runtime.manager	Successfully updated Secret.	{"SecretConfig": "knime/secret-store-db-secretconfig", "targetSecret": "hub/secret-store-db-secret"}
