2023-11-20 12:55:02,627 - bootstrapping - INFO - Figuring out my environment (Google? AWS? Openstack? Local?)
2023-11-20 12:55:02,636 - bootstrapping - INFO - No meta-data available for this provider
2023-11-20 12:55:02,636 - bootstrapping - INFO - Looks like you are running unsupported
2023-11-20 12:55:02,772 - bootstrapping - INFO - Configuring wal-e
2023-11-20 12:55:02,773 - bootstrapping - INFO - Writing to file /run/etc/wal-e.d/env/WALE_S3_PREFIX
2023-11-20 12:55:02,773 - bootstrapping - INFO - Writing to file /run/etc/wal-e.d/env/WALG_S3_PREFIX
2023-11-20 12:55:02,773 - bootstrapping - INFO - Writing to file /run/etc/wal-e.d/env/AWS_ACCESS_KEY_ID
2023-11-20 12:55:02,773 - bootstrapping - INFO - Writing to file /run/etc/wal-e.d/env/AWS_SECRET_ACCESS_KEY
2023-11-20 12:55:02,773 - bootstrapping - INFO - Writing to file /run/etc/wal-e.d/env/WALE_S3_ENDPOINT
2023-11-20 12:55:02,773 - bootstrapping - INFO - Writing to file /run/etc/wal-e.d/env/AWS_ENDPOINT
2023-11-20 12:55:02,773 - bootstrapping - INFO - Writing to file /run/etc/wal-e.d/env/AWS_REGION
2023-11-20 12:55:02,774 - bootstrapping - INFO - Writing to file /run/etc/wal-e.d/env/WALE_DISABLE_S3_SSE
2023-11-20 12:55:02,774 - bootstrapping - INFO - Writing to file /run/etc/wal-e.d/env/WALG_DISABLE_S3_SSE
2023-11-20 12:55:02,774 - bootstrapping - INFO - Writing to file /run/etc/wal-e.d/env/AWS_S3_FORCE_PATH_STYLE
2023-11-20 12:55:02,774 - bootstrapping - INFO - Writing to file /run/etc/wal-e.d/env/WALG_DOWNLOAD_CONCURRENCY
2023-11-20 12:55:02,774 - bootstrapping - INFO - Writing to file /run/etc/wal-e.d/env/WALG_UPLOAD_CONCURRENCY
2023-11-20 12:55:02,774 - bootstrapping - INFO - Writing to file /run/etc/wal-e.d/env/USE_WALG_BACKUP
2023-11-20 12:55:02,774 - bootstrapping - INFO - Writing to file /run/etc/wal-e.d/env/USE_WALG_RESTORE
2023-11-20 12:55:02,774 - bootstrapping - INFO - Writing to file /run/etc/wal-e.d/env/WALE_LOG_DESTINATION
2023-11-20 12:55:02,775 - bootstrapping - INFO - Writing to file /run/etc/wal-e.d/env/PGPORT
2023-11-20 12:55:02,775 - bootstrapping - INFO - Writing to file /run/etc/wal-e.d/env/BACKUP_NUM_TO_RETAIN
2023-11-20 12:55:02,775 - bootstrapping - INFO - Writing to file /run/etc/wal-e.d/env/TMPDIR
2023-11-20 12:55:02,775 - bootstrapping - INFO - Configuring log
2023-11-20 12:55:02,775 - bootstrapping - INFO - Configuring pgqd
2023-11-20 12:55:02,775 - bootstrapping - INFO - Configuring pam-oauth2
2023-11-20 12:55:02,776 - bootstrapping - INFO - Writing to file /etc/pam.d/postgresql
2023-11-20 12:55:02,776 - bootstrapping - INFO - Configuring patroni
2023-11-20 12:55:02,783 - bootstrapping - INFO - Writing to file /run/postgres.yml
2023-11-20 12:55:02,784 - bootstrapping - INFO - Configuring certificate
2023-11-20 12:55:02,784 - bootstrapping - INFO - Generating ssl self-signed certificate
2023-11-20 12:55:03,144 - bootstrapping - INFO - Configuring pgbouncer
2023-11-20 12:55:03,144 - bootstrapping - INFO - No PGBOUNCER_CONFIGURATION was specified, skipping
2023-11-20 12:55:03,144 - bootstrapping - INFO - Configuring standby-cluster
2023-11-20 12:55:03,144 - bootstrapping - INFO - Configuring crontab
2023-11-20 12:55:03,144 - bootstrapping - INFO - Skipping creation of renice cron job due to lack of SYS_NICE capability
2023-11-20 12:55:03,153 - bootstrapping - INFO - Configuring bootstrap
2023-11-20 12:55:04,578 WARNING: Kubernetes RBAC doesn't allow GET access to the 'kubernetes' endpoint in the 'default' namespace. Disabling 'bypass_api_service'.
2023-11-20 12:55:04,610 INFO: No PostgreSQL configuration items changed, nothing to reload.
2023-11-20 12:55:04,617 WARNING: Postgresql is not running.
2023-11-20 12:55:04,617 INFO: Lock owner: knime-postgres-cluster-0; I am knime-postgres-cluster-0
2023-11-20 12:55:04,675 INFO: pg_controldata:
  pg_control version number: 1100
  Catalog version number: 201809051
  Database system identifier: 7299822848179302475
  Database cluster state: shut down
  pg_control last modified: Fri Nov 17 16:39:54 2023
  Latest checkpoint location: 2/E3000028
  Latest checkpoint's REDO location: 2/E3000028
  Latest checkpoint's REDO WAL file: 0000000400000002000000E3
  Latest checkpoint's TimeLineID: 4
  Latest checkpoint's PrevTimeLineID: 4
  Latest checkpoint's full_page_writes: on
  Latest checkpoint's NextXID: 0:37012
  Latest checkpoint's NextOID: 22701
  Latest checkpoint's NextMultiXactId: 1
  Latest checkpoint's NextMultiOffset: 0
  Latest checkpoint's oldestXID: 562
  Latest checkpoint's oldestXID's DB: 1
  Latest checkpoint's oldestActiveXID: 0
  Latest checkpoint's oldestMultiXid: 1
  Latest checkpoint's oldestMulti's DB: 1
  Latest checkpoint's oldestCommitTsXid: 0
  Latest checkpoint's newestCommitTsXid: 0
  Time of latest checkpoint: Fri Nov 17 16:39:54 2023
  Fake LSN counter for unlogged rels: 0/1
  Minimum recovery ending location: 0/0
  Min recovery ending loc's timeline: 0
  Backup start location: 0/0
  Backup end location: 0/0
  End-of-backup record required: no
  wal_level setting: replica
  wal_log_hints setting: on
  max_connections setting: 200
  max_worker_processes setting: 8
  max_prepared_xacts setting: 0
  max_locks_per_xact setting: 64
  track_commit_timestamp setting: off
  Maximum data alignment: 8
  Database block size: 8192
  Blocks per segment of large relation: 131072
  WAL block size: 8192
  Bytes per WAL segment: 16777216
  Maximum length of identifiers: 64
  Maximum columns in an index: 32
  Maximum size of a TOAST chunk: 1996
  Size of a large-object chunk: 2048
  Date/time type storage: 64-bit integers
  Float4 argument passing: by value
  Float8 argument passing: by value
  Data page checksum version: 1
  Mock authentication nonce: 583f31dddfd8de717396c0852c4246221dfc03a8539294905a2f29dbf8c7ca54

2023-11-20 12:55:04,675 INFO: Lock owner: knime-postgres-cluster-0; I am knime-postgres-cluster-0
2023-11-20 12:55:04,783 INFO: starting as readonly because i had the session lock
2023-11-20 12:55:04,912 INFO: postmaster pid=60
/var/run/postgresql:5432 - no response
2023-11-20 12:55:04 UTC [60]: [1-1] 655b5728.3c 0     LOG:  Auto detecting pg_stat_kcache.linux_hz parameter...
2023-11-20 12:55:04 UTC [60]: [2-1] 655b5728.3c 0     LOG:  pg_stat_kcache.linux_hz is set to 1000000
2023-11-20 12:55:04 UTC [60]: [3-1] 655b5728.3c 0     LOG:  listening on IPv4 address "***HIDDEN***", port 5432
2023-11-20 12:55:04 UTC [60]: [4-1] 655b5728.3c 0     LOG:  listening on IPv6 address "::", port 5432
2023-11-20 12:55:04 UTC [60]: [5-1] 655b5728.3c 0     LOG:  listening on Unix socket "/var/run/postgresql/.s.PGSQL.5432"
2023-11-20 12:55:04 UTC [60]: [6-1] 655b5728.3c 0     LOG:  redirecting log output to logging collector process
2023-11-20 12:55:04 UTC [60]: [7-1] 655b5728.3c 0     HINT:  Future log output will appear in directory "../pg_log".
/var/run/postgresql:5432 - rejecting connections
/var/run/postgresql:5432 - rejecting connections
/var/run/postgresql:5432 - rejecting connections
/var/run/postgresql:5432 - rejecting connections
/var/run/postgresql:5432 - rejecting connections
/var/run/postgresql:5432 - rejecting connections
/var/run/postgresql:5432 - rejecting connections
/var/run/postgresql:5432 - rejecting connections
/var/run/postgresql:5432 - rejecting connections
/var/run/postgresql:5432 - rejecting connections
/var/run/postgresql:5432 - rejecting connections
2023-11-20 12:55:15,116 INFO: Lock owner: knime-postgres-cluster-0; I am knime-postgres-cluster-0
2023-11-20 12:55:15,219 INFO: updated leader lock during restarting after failure
/var/run/postgresql:5432 - rejecting connections
/var/run/postgresql:5432 - rejecting connections
/var/run/postgresql:5432 - rejecting connections
/var/run/postgresql:5432 - rejecting connections
/var/run/postgresql:5432 - rejecting connections
/var/run/postgresql:5432 - rejecting connections
/var/run/postgresql:5432 - rejecting connections
/var/run/postgresql:5432 - rejecting connections
/var/run/postgresql:5432 - rejecting connections
/var/run/postgresql:5432 - rejecting connections
2023-11-20 12:55:25,116 INFO: Lock owner: knime-postgres-cluster-0; I am knime-postgres-cluster-0
2023-11-20 12:55:25,165 INFO: updated leader lock during restarting after failure
/var/run/postgresql:5432 - rejecting connections
/var/run/postgresql:5432 - rejecting connections
/var/run/postgresql:5432 - rejecting connections
/var/run/postgresql:5432 - rejecting connections
/var/run/postgresql:5432 - rejecting connections
/var/run/postgresql:5432 - rejecting connections
/var/run/postgresql:5432 - rejecting connections
/var/run/postgresql:5432 - rejecting connections
/var/run/postgresql:5432 - rejecting connections
/var/run/postgresql:5432 - rejecting connections
2023-11-20 12:55:35,116 INFO: Lock owner: knime-postgres-cluster-0; I am knime-postgres-cluster-0
2023-11-20 12:55:35,169 INFO: updated leader lock during restarting after failure
/var/run/postgresql:5432 - rejecting connections
/var/run/postgresql:5432 - rejecting connections
/var/run/postgresql:5432 - rejecting connections
/var/run/postgresql:5432 - rejecting connections
/var/run/postgresql:5432 - rejecting connections
/var/run/postgresql:5432 - rejecting connections
/var/run/postgresql:5432 - rejecting connections
/var/run/postgresql:5432 - rejecting connections
/var/run/postgresql:5432 - rejecting connections
/var/run/postgresql:5432 - rejecting connections
2023-11-20 12:55:45,116 INFO: Lock owner: knime-postgres-cluster-0; I am knime-postgres-cluster-0
2023-11-20 12:55:45,165 INFO: updated leader lock during restarting after failure
/var/run/postgresql:5432 - rejecting connections
/var/run/postgresql:5432 - rejecting connections
/var/run/postgresql:5432 - rejecting connections
2023-11-20 12:55:48,399 WARNING: Retry got exception: 'connection problems'
/var/run/postgresql:5432 - rejecting connections
/var/run/postgresql:5432 - rejecting connections
/var/run/postgresql:5432 - rejecting connections
/var/run/postgresql:5432 - rejecting connections
/var/run/postgresql:5432 - rejecting connections
/var/run/postgresql:5432 - rejecting connections
2023-11-20 12:55:55,116 INFO: Lock owner: knime-postgres-cluster-0; I am knime-postgres-cluster-0
2023-11-20 12:55:55,161 INFO: updated leader lock during restarting after failure
/var/run/postgresql:5432 - rejecting connections
/var/run/postgresql:5432 - rejecting connections
/var/run/postgresql:5432 - rejecting connections
/var/run/postgresql:5432 - rejecting connections
/var/run/postgresql:5432 - rejecting connections
/var/run/postgresql:5432 - rejecting connections
/var/run/postgresql:5432 - rejecting connections
/var/run/postgresql:5432 - rejecting connections
2023-11-20 12:56:03.256 - /scripts/postgres_backup.sh - I was called as: /scripts/postgres_backup.sh /home/postgres/pgdata/pgroot/data
/var/run/postgresql:5432 - rejecting connections
psql: error: connection to server on socket "/var/run/postgresql/.s.PGSQL.5432" failed: FATAL:  the database system is starting up
2023-11-20 12:56:03.368 - /scripts/postgres_backup.sh - ERROR: Recovery state unknown: 
2023-11-20 12:56:04.217 UTC [36] LOG Starting pgqd 3.5
2023-11-20 12:56:04.217 UTC [36] LOG auto-detecting dbs ...
2023-11-20 12:56:04.218 UTC [36] ERROR connection error: PQconnectPoll
2023-11-20 12:56:04.219 UTC [36] ERROR libpq: connection to server on socket "/var/run/postgresql/.s.PGSQL.5432" failed: FATAL:  the database system is starting up
/var/run/postgresql:5432 - rejecting connections
2023-11-20 12:56:05,116 INFO: Lock owner: knime-postgres-cluster-0; I am knime-postgres-cluster-0
2023-11-20 12:56:05,167 INFO: updated leader lock during restarting after failure
/var/run/postgresql:5432 - rejecting connections
/var/run/postgresql:5432 - rejecting connections
/var/run/postgresql:5432 - rejecting connections
/var/run/postgresql:5432 - rejecting connections
/var/run/postgresql:5432 - rejecting connections
/var/run/postgresql:5432 - rejecting connections
/var/run/postgresql:5432 - rejecting connections
/var/run/postgresql:5432 - rejecting connections
/var/run/postgresql:5432 - rejecting connections
/var/run/postgresql:5432 - rejecting connections
2023-11-20 12:56:15,116 INFO: Lock owner: knime-postgres-cluster-0; I am knime-postgres-cluster-0
2023-11-20 12:56:15,162 INFO: updated leader lock during restarting after failure
/var/run/postgresql:5432 - rejecting connections
/var/run/postgresql:5432 - rejecting connections
/var/run/postgresql:5432 - rejecting connections
/var/run/postgresql:5432 - rejecting connections
/var/run/postgresql:5432 - rejecting connections
/var/run/postgresql:5432 - rejecting connections
/var/run/postgresql:5432 - rejecting connections
/var/run/postgresql:5432 - rejecting connections
/var/run/postgresql:5432 - rejecting connections
/var/run/postgresql:5432 - rejecting connections
2023-11-20 12:56:25,116 INFO: Lock owner: knime-postgres-cluster-0; I am knime-postgres-cluster-0
2023-11-20 12:56:25,161 INFO: updated leader lock during restarting after failure
/var/run/postgresql:5432 - rejecting connections
/var/run/postgresql:5432 - rejecting connections
/var/run/postgresql:5432 - rejecting connections
/var/run/postgresql:5432 - rejecting connections
/var/run/postgresql:5432 - rejecting connections
/var/run/postgresql:5432 - rejecting connections
/var/run/postgresql:5432 - rejecting connections
/var/run/postgresql:5432 - rejecting connections
/var/run/postgresql:5432 - rejecting connections
2023-11-20 12:56:34.242 UTC [36] LOG {ticks: 0, maint: 0, retry: 0}
/var/run/postgresql:5432 - rejecting connections
2023-11-20 12:56:35,116 INFO: Lock owner: knime-postgres-cluster-0; I am knime-postgres-cluster-0
2023-11-20 12:56:35,165 INFO: updated leader lock during restarting after failure
/var/run/postgresql:5432 - rejecting connections
/var/run/postgresql:5432 - rejecting connections
/var/run/postgresql:5432 - rejecting connections
/var/run/postgresql:5432 - rejecting connections
/var/run/postgresql:5432 - rejecting connections
/var/run/postgresql:5432 - rejecting connections
/var/run/postgresql:5432 - rejecting connections
/var/run/postgresql:5432 - rejecting connections
/var/run/postgresql:5432 - rejecting connections
/var/run/postgresql:5432 - rejecting connections
2023-11-20 12:56:45,116 INFO: Lock owner: knime-postgres-cluster-0; I am knime-postgres-cluster-0
2023-11-20 12:56:45,163 INFO: updated leader lock during restarting after failure
/var/run/postgresql:5432 - rejecting connections
/var/run/postgresql:5432 - rejecting connections
/var/run/postgresql:5432 - rejecting connections
/var/run/postgresql:5432 - rejecting connections
/var/run/postgresql:5432 - rejecting connections
/var/run/postgresql:5432 - rejecting connections
/var/run/postgresql:5432 - rejecting connections
/var/run/postgresql:5432 - rejecting connections
/var/run/postgresql:5432 - rejecting connections
/var/run/postgresql:5432 - rejecting connections
2023-11-20 12:56:55,116 INFO: Lock owner: knime-postgres-cluster-0; I am knime-postgres-cluster-0
2023-11-20 12:56:55,163 INFO: updated leader lock during restarting after failure
/var/run/postgresql:5432 - accepting connections
2023-11-20 12:56:55,691 INFO: Lock owner: knime-postgres-cluster-0; I am knime-postgres-cluster-0
2023-11-20 12:56:55,691 INFO: establishing a new patroni connection to the postgres cluster
2023-11-20 12:56:55,765 WARNING: Could not activate Linux watchdog device: "Can't open watchdog device: [Errno 2] No such file or directory: '/dev/watchdog'"
2023-11-20 12:56:55,823 INFO: promoted self to leader because I had the session lock
server promoting
2023-11-20 12:56:55,825 INFO: cleared rewind state after becoming the leader
DO
NOTICE:  role "admin" is already a member of role "cron_admin"
GRANT ROLE
DO
DO
NOTICE:  extension "pg_auth_mon" already exists, skipping
CREATE EXTENSION
NOTICE:  version "1.1" of extension "pg_auth_mon" is already installed
ALTER EXTENSION
GRANT
NOTICE:  extension "pg_cron" already exists, skipping
CREATE EXTENSION
DO
NOTICE:  version "1.4-1" of extension "pg_cron" is already installed
ALTER EXTENSION
2023-11-20 12:56:57,015 INFO: no action. I am (knime-postgres-cluster-0), the leader with the lock
ALTER POLICY
REVOKE
GRANT
REVOKE
GRANT
ALTER POLICY
REVOKE
GRANT
CREATE FUNCTION
REVOKE
GRANT
REVOKE
GRANT
NOTICE:  extension "file_fdw" already exists, skipping
CREATE EXTENSION
DO
NOTICE:  relation "postgres_log" already exists, skipping
CREATE TABLE
GRANT
NOTICE:  relation "postgres_log_0" already exists, skipping
CREATE FOREIGN TABLE
GRANT
CREATE VIEW
ALTER VIEW
GRANT
NOTICE:  relation "postgres_log_1" already exists, skipping
CREATE FOREIGN TABLE
GRANT
CREATE VIEW
ALTER VIEW
GRANT
NOTICE:  relation "postgres_log_2" already exists, skipping
CREATE FOREIGN TABLE
GRANT
CREATE VIEW
ALTER VIEW
GRANT
NOTICE:  relation "postgres_log_3" already exists, skipping
CREATE FOREIGN TABLE
GRANT
CREATE VIEW
ALTER VIEW
GRANT
NOTICE:  relation "postgres_log_4" already exists, skipping
CREATE FOREIGN TABLE
GRANT
CREATE VIEW
ALTER VIEW
GRANT
NOTICE:  relation "postgres_log_5" already exists, skipping
CREATE FOREIGN TABLE
GRANT
CREATE VIEW
ALTER VIEW
GRANT
NOTICE:  relation "postgres_log_6" already exists, skipping
CREATE FOREIGN TABLE
GRANT
CREATE VIEW
ALTER VIEW
GRANT
NOTICE:  relation "postgres_log_7" already exists, skipping
CREATE FOREIGN TABLE
GRANT
CREATE VIEW
ALTER VIEW
GRANT
RESET
SET
NOTICE:  drop cascades to 5 other objects
DETAIL:  drop cascades to type zmon_utils.system_information
drop cascades to function zmon_utils.get_database_cluster_information()
drop cascades to function zmon_utils.get_database_cluster_system_information()
drop cascades to function zmon_utils.get_last_status_active_cronjobs()
drop cascades to view zmon_utils.last_status_active_cronjobs
DROP SCHEMA
NOTICE:  extension "plpython3u" already exists, skipping
DO
NOTICE:  language "plpythonu" does not exist, skipping
DROP LANGUAGE
NOTICE:  function plpython_call_handler() does not exist, skipping
DROP FUNCTION
NOTICE:  function plpython_inline_handler(internal) does not exist, skipping
DROP FUNCTION
NOTICE:  function plpython_validator(oid) does not exist, skipping
DROP FUNCTION
CREATE SCHEMA
GRANT
SET
CREATE TYPE
CREATE FUNCTION
CREATE FUNCTION
CREATE FUNCTION
REVOKE
CREATE VIEW
REVOKE
GRANT
GRANT
You are now connected to database "postgres" as user "postgres".
NOTICE:  schema "user_management" already exists, skipping
CREATE SCHEMA
GRANT
SET
CREATE FUNCTION
CREATE FUNCTION
REVOKE
GRANT
COMMENT
CREATE FUNCTION
REVOKE
GRANT
COMMENT
CREATE FUNCTION
REVOKE
GRANT
COMMENT
CREATE FUNCTION
REVOKE
GRANT
COMMENT
CREATE FUNCTION
REVOKE
GRANT
COMMENT
CREATE FUNCTION
REVOKE
GRANT
COMMENT
CREATE FUNCTION
REVOKE
GRANT
COMMENT
CREATE FUNCTION
REVOKE
GRANT
COMMENT
GRANT
RESET
NOTICE:  extension "pg_stat_statements" already exists, skipping
CREATE EXTENSION
NOTICE:  extension "pg_stat_kcache" already exists, skipping
CREATE EXTENSION
NOTICE:  extension "set_user" already exists, skipping
CREATE EXTENSION
NOTICE:  version "3.0" of extension "set_user" is already installed
ALTER EXTENSION
GRANT
GRANT
GRANT
NOTICE:  schema "metric_helpers" already exists, skipping
CREATE SCHEMA
GRANT
SET
CREATE FUNCTION
CREATE VIEW
CREATE FUNCTION
CREATE VIEW
CREATE FUNCTION
CREATE VIEW
REVOKE
GRANT
REVOKE
GRANT
RESET
You are now connected to database "execution" as user "postgres".
NOTICE:  schema "user_management" already exists, skipping
CREATE SCHEMA
GRANT
SET
CREATE FUNCTION
CREATE FUNCTION
REVOKE
GRANT
COMMENT
CREATE FUNCTION
REVOKE
GRANT
COMMENT
CREATE FUNCTION
REVOKE
GRANT
COMMENT
CREATE FUNCTION
REVOKE
GRANT
COMMENT
CREATE FUNCTION
REVOKE
GRANT
COMMENT
CREATE FUNCTION
REVOKE
GRANT
COMMENT
CREATE FUNCTION
REVOKE
GRANT
COMMENT
CREATE FUNCTION
REVOKE
GRANT
COMMENT
GRANT
RESET
NOTICE:  extension "pg_stat_statements" already exists, skipping
CREATE EXTENSION
NOTICE:  extension "pg_stat_kcache" already exists, skipping
CREATE EXTENSION
NOTICE:  extension "set_user" already exists, skipping
CREATE EXTENSION
NOTICE:  version "3.0" of extension "set_user" is already installed
ALTER EXTENSION
GRANT
GRANT
GRANT
NOTICE:  schema "metric_helpers" already exists, skipping
CREATE SCHEMA
GRANT
SET
CREATE FUNCTION
CREATE VIEW
CREATE FUNCTION
CREATE VIEW
CREATE FUNCTION
CREATE VIEW
REVOKE
GRANT
REVOKE
GRANT
RESET
You are now connected to database "template1" as user "postgres".
NOTICE:  schema "user_management" already exists, skipping
CREATE SCHEMA
GRANT
SET
CREATE FUNCTION
CREATE FUNCTION
REVOKE
GRANT
COMMENT
CREATE FUNCTION
REVOKE
GRANT
COMMENT
CREATE FUNCTION
REVOKE
GRANT
COMMENT
CREATE FUNCTION
REVOKE
GRANT
COMMENT
CREATE FUNCTION
REVOKE
GRANT
COMMENT
CREATE FUNCTION
REVOKE
GRANT
COMMENT
CREATE FUNCTION
REVOKE
GRANT
COMMENT
CREATE FUNCTION
REVOKE
GRANT
COMMENT
GRANT
RESET
NOTICE:  extension "pg_stat_statements" already exists, skipping
CREATE EXTENSION
NOTICE:  extension "pg_stat_kcache" already exists, skipping
CREATE EXTENSION
NOTICE:  extension "set_user" already exists, skipping
CREATE EXTENSION
NOTICE:  version "3.0" of extension "set_user" is already installed
ALTER EXTENSION
GRANT
GRANT
GRANT
NOTICE:  schema "metric_helpers" already exists, skipping
CREATE SCHEMA
GRANT
SET
CREATE FUNCTION
CREATE VIEW
CREATE FUNCTION
CREATE VIEW
CREATE FUNCTION
CREATE VIEW
REVOKE
GRANT
REVOKE
GRANT
RESET
You are now connected to database "session" as user "postgres".
NOTICE:  schema "user_management" already exists, skipping
CREATE SCHEMA
GRANT
SET
CREATE FUNCTION
CREATE FUNCTION
REVOKE
GRANT
COMMENT
CREATE FUNCTION
REVOKE
GRANT
COMMENT
CREATE FUNCTION
REVOKE
GRANT
COMMENT
CREATE FUNCTION
REVOKE
GRANT
COMMENT
CREATE FUNCTION
REVOKE
GRANT
COMMENT
CREATE FUNCTION
REVOKE
GRANT
COMMENT
CREATE FUNCTION
REVOKE
GRANT
COMMENT
CREATE FUNCTION
REVOKE
GRANT
COMMENT
GRANT
RESET
NOTICE:  extension "pg_stat_statements" already exists, skipping
CREATE EXTENSION
NOTICE:  extension "pg_stat_kcache" already exists, skipping
CREATE EXTENSION
NOTICE:  extension "set_user" already exists, skipping
CREATE EXTENSION
NOTICE:  version "3.0" of extension "set_user" is already installed
ALTER EXTENSION
GRANT
GRANT
GRANT
NOTICE:  schema "metric_helpers" already exists, skipping
CREATE SCHEMA
GRANT
SET
CREATE FUNCTION
CREATE VIEW
CREATE FUNCTION
CREATE VIEW
CREATE FUNCTION
CREATE VIEW
REVOKE
GRANT
REVOKE
GRANT
RESET
You are now connected to database "accounts" as user "postgres".
NOTICE:  schema "user_management" already exists, skipping
CREATE SCHEMA
GRANT
SET
CREATE FUNCTION
CREATE FUNCTION
REVOKE
GRANT
COMMENT
CREATE FUNCTION
REVOKE
GRANT
COMMENT
CREATE FUNCTION
REVOKE
GRANT
COMMENT
CREATE FUNCTION
REVOKE
GRANT
COMMENT
CREATE FUNCTION
REVOKE
GRANT
COMMENT
CREATE FUNCTION
REVOKE
GRANT
COMMENT
CREATE FUNCTION
REVOKE
GRANT
COMMENT
CREATE FUNCTION
REVOKE
GRANT
COMMENT
GRANT
RESET
NOTICE:  extension "pg_stat_statements" already exists, skipping
CREATE EXTENSION
NOTICE:  extension "pg_stat_kcache" already exists, skipping
CREATE EXTENSION
NOTICE:  extension "set_user" already exists, skipping
CREATE EXTENSION
NOTICE:  version "3.0" of extension "set_user" is already installed
ALTER EXTENSION
GRANT
GRANT
GRANT
NOTICE:  schema "metric_helpers" already exists, skipping
CREATE SCHEMA
GRANT
SET
CREATE FUNCTION
CREATE VIEW
CREATE FUNCTION
CREATE VIEW
CREATE FUNCTION
CREATE VIEW
REVOKE
GRANT
REVOKE
GRANT
RESET
You are now connected to database "knime" as user "postgres".
NOTICE:  schema "user_management" already exists, skipping
CREATE SCHEMA
GRANT
SET
CREATE FUNCTION
CREATE FUNCTION
REVOKE
GRANT
COMMENT
CREATE FUNCTION
REVOKE
GRANT
COMMENT
CREATE FUNCTION
REVOKE
GRANT
COMMENT
CREATE FUNCTION
REVOKE
GRANT
COMMENT
CREATE FUNCTION
REVOKE
GRANT
COMMENT
CREATE FUNCTION
REVOKE
GRANT
COMMENT
CREATE FUNCTION
REVOKE
GRANT
COMMENT
CREATE FUNCTION
REVOKE
GRANT
COMMENT
GRANT
RESET
NOTICE:  extension "pg_stat_statements" already exists, skipping
CREATE EXTENSION
NOTICE:  extension "pg_stat_kcache" already exists, skipping
CREATE EXTENSION
NOTICE:  extension "set_user" already exists, skipping
CREATE EXTENSION
NOTICE:  version "3.0" of extension "set_user" is already installed
ALTER EXTENSION
GRANT
GRANT
GRANT
NOTICE:  schema "metric_helpers" already exists, skipping
CREATE SCHEMA
GRANT
SET
CREATE FUNCTION
CREATE VIEW
CREATE FUNCTION
CREATE VIEW
CREATE FUNCTION
CREATE VIEW
REVOKE
GRANT
REVOKE
GRANT
RESET
You are now connected to database "secret_store" as user "postgres".
NOTICE:  schema "user_management" already exists, skipping
CREATE SCHEMA
GRANT
SET
CREATE FUNCTION
CREATE FUNCTION
REVOKE
GRANT
COMMENT
CREATE FUNCTION
REVOKE
GRANT
COMMENT
CREATE FUNCTION
REVOKE
GRANT
COMMENT
CREATE FUNCTION
REVOKE
GRANT
COMMENT
CREATE FUNCTION
REVOKE
GRANT
COMMENT
CREATE FUNCTION
REVOKE
GRANT
COMMENT
CREATE FUNCTION
REVOKE
GRANT
COMMENT
CREATE FUNCTION
REVOKE
GRANT
COMMENT
GRANT
RESET
NOTICE:  extension "pg_stat_statements" already exists, skipping
CREATE EXTENSION
NOTICE:  extension "pg_stat_kcache" already exists, skipping
CREATE EXTENSION
NOTICE:  extension "set_user" already exists, skipping
CREATE EXTENSION
NOTICE:  version "3.0" of extension "set_user" is already installed
ALTER EXTENSION
GRANT
GRANT
GRANT
NOTICE:  schema "metric_helpers" already exists, skipping
CREATE SCHEMA
GRANT
SET
CREATE FUNCTION
CREATE VIEW
CREATE FUNCTION
CREATE VIEW
CREATE FUNCTION
CREATE VIEW
REVOKE
GRANT
REVOKE
GRANT
RESET
You are now connected to database "edge" as user "postgres".
NOTICE:  schema "user_management" already exists, skipping
CREATE SCHEMA
GRANT
SET
CREATE FUNCTION
CREATE FUNCTION
REVOKE
GRANT
COMMENT
CREATE FUNCTION
REVOKE
GRANT
COMMENT
CREATE FUNCTION
REVOKE
GRANT
COMMENT
CREATE FUNCTION
REVOKE
GRANT
COMMENT
CREATE FUNCTION
REVOKE
GRANT
COMMENT
CREATE FUNCTION
REVOKE
GRANT
COMMENT
CREATE FUNCTION
REVOKE
GRANT
COMMENT
CREATE FUNCTION
REVOKE
GRANT
COMMENT
GRANT
RESET
NOTICE:  extension "pg_stat_statements" already exists, skipping
CREATE EXTENSION
NOTICE:  extension "pg_stat_kcache" already exists, skipping
CREATE EXTENSION
NOTICE:  extension "set_user" already exists, skipping
CREATE EXTENSION
NOTICE:  version "3.0" of extension "set_user" is already installed
ALTER EXTENSION
GRANT
GRANT
GRANT
NOTICE:  schema "metric_helpers" already exists, skipping
CREATE SCHEMA
GRANT
SET
CREATE FUNCTION
CREATE VIEW
CREATE FUNCTION
CREATE VIEW
CREATE FUNCTION
CREATE VIEW
REVOKE
GRANT
REVOKE
GRANT
RESET
You are now connected to database "notification" as user "postgres".
NOTICE:  schema "user_management" already exists, skipping
CREATE SCHEMA
GRANT
SET
CREATE FUNCTION
CREATE FUNCTION
REVOKE
GRANT
COMMENT
CREATE FUNCTION
REVOKE
GRANT
COMMENT
CREATE FUNCTION
REVOKE
GRANT
COMMENT
CREATE FUNCTION
REVOKE
GRANT
COMMENT
CREATE FUNCTION
REVOKE
GRANT
COMMENT
CREATE FUNCTION
REVOKE
GRANT
COMMENT
CREATE FUNCTION
REVOKE
GRANT
COMMENT
CREATE FUNCTION
REVOKE
GRANT
COMMENT
GRANT
RESET
NOTICE:  extension "pg_stat_statements" already exists, skipping
CREATE EXTENSION
NOTICE:  extension "pg_stat_kcache" already exists, skipping
CREATE EXTENSION
NOTICE:  extension "set_user" already exists, skipping
CREATE EXTENSION
NOTICE:  version "3.0" of extension "set_user" is already installed
ALTER EXTENSION
GRANT
GRANT
GRANT
NOTICE:  schema "metric_helpers" already exists, skipping
CREATE SCHEMA
GRANT
SET
CREATE FUNCTION
CREATE VIEW
CREATE FUNCTION
CREATE VIEW
CREATE FUNCTION
CREATE VIEW
REVOKE
GRANT
REVOKE
GRANT
RESET
You are now connected to database "trigger" as user "postgres".
NOTICE:  schema "user_management" already exists, skipping
CREATE SCHEMA
GRANT
SET
CREATE FUNCTION
CREATE FUNCTION
REVOKE
GRANT
COMMENT
CREATE FUNCTION
REVOKE
GRANT
COMMENT
CREATE FUNCTION
REVOKE
GRANT
COMMENT
CREATE FUNCTION
REVOKE
GRANT
COMMENT
CREATE FUNCTION
REVOKE
GRANT
COMMENT
CREATE FUNCTION
REVOKE
GRANT
COMMENT
CREATE FUNCTION
REVOKE
GRANT
COMMENT
CREATE FUNCTION
REVOKE
GRANT
COMMENT
GRANT
RESET
NOTICE:  extension "pg_stat_statements" already exists, skipping
CREATE EXTENSION
NOTICE:  extension "pg_stat_kcache" already exists, skipping
CREATE EXTENSION
NOTICE:  extension "set_user" already exists, skipping
CREATE EXTENSION
NOTICE:  version "3.0" of extension "set_user" is already installed
ALTER EXTENSION
GRANT
GRANT
GRANT
NOTICE:  schema "metric_helpers" already exists, skipping
CREATE SCHEMA
GRANT
SET
CREATE FUNCTION
CREATE VIEW
CREATE FUNCTION
CREATE VIEW
CREATE FUNCTION
CREATE VIEW
REVOKE
GRANT
REVOKE
GRANT
RESET
You are now connected to database "keycloak" as user "postgres".
NOTICE:  schema "user_management" already exists, skipping
CREATE SCHEMA
GRANT
SET
CREATE FUNCTION
CREATE FUNCTION
REVOKE
GRANT
COMMENT
CREATE FUNCTION
REVOKE
GRANT
COMMENT
CREATE FUNCTION
REVOKE
GRANT
COMMENT
CREATE FUNCTION
REVOKE
GRANT
COMMENT
CREATE FUNCTION
REVOKE
GRANT
COMMENT
CREATE FUNCTION
REVOKE
GRANT
COMMENT
CREATE FUNCTION
REVOKE
GRANT
COMMENT
CREATE FUNCTION
REVOKE
GRANT
COMMENT
GRANT
RESET
NOTICE:  extension "pg_stat_statements" already exists, skipping
CREATE EXTENSION
NOTICE:  extension "pg_stat_kcache" already exists, skipping
CREATE EXTENSION
NOTICE:  extension "set_user" already exists, skipping
CREATE EXTENSION
NOTICE:  version "3.0" of extension "set_user" is already installed
ALTER EXTENSION
GRANT
GRANT
GRANT
NOTICE:  schema "metric_helpers" already exists, skipping
CREATE SCHEMA
GRANT
SET
CREATE FUNCTION
CREATE VIEW
CREATE FUNCTION
CREATE VIEW
CREATE FUNCTION
CREATE VIEW
REVOKE
GRANT
REVOKE
GRANT
RESET
2023-11-20 12:57:04.247 UTC [36] LOG {ticks: 0, maint: 0, retry: 0}
2023-11-20 12:57:07,431 INFO: no action. I am (knime-postgres-cluster-0), the leader with the lock
2023-11-20 12:57:17,434 INFO: no action. I am (knime-postgres-cluster-0), the leader with the lock
2023-11-20 12:57:27,434 INFO: no action. I am (knime-postgres-cluster-0), the leader with the lock
2023-11-20 12:57:34.278 UTC [36] LOG {ticks: 0, maint: 0, retry: 0}
2023-11-20 12:57:37,377 INFO: no action. I am (knime-postgres-cluster-0), the leader with the lock
2023-11-20 12:57:47,431 INFO: no action. I am (knime-postgres-cluster-0), the leader with the lock
2023-11-20 12:57:57,431 INFO: no action. I am (knime-postgres-cluster-0), the leader with the lock
2023-11-20 12:58:04.282 UTC [36] LOG {ticks: 0, maint: 0, retry: 0}
2023-11-20 12:58:07,427 INFO: no action. I am (knime-postgres-cluster-0), the leader with the lock
2023-11-20 12:58:17,434 INFO: no action. I am (knime-postgres-cluster-0), the leader with the lock
2023-11-20 12:58:27,431 INFO: no action. I am (knime-postgres-cluster-0), the leader with the lock
2023-11-20 12:58:34.314 UTC [36] LOG {ticks: 0, maint: 0, retry: 0}
2023-11-20 12:58:37,381 INFO: no action. I am (knime-postgres-cluster-0), the leader with the lock
2023-11-20 12:58:47,430 INFO: no action. I am (knime-postgres-cluster-0), the leader with the lock
2023-11-20 12:58:57,434 INFO: no action. I am (knime-postgres-cluster-0), the leader with the lock
2023-11-20 12:59:04.318 UTC [36] LOG {ticks: 0, maint: 0, retry: 0}
2023-11-20 12:59:07,427 INFO: no action. I am (knime-postgres-cluster-0), the leader with the lock
2023-11-20 12:59:17,435 INFO: no action. I am (knime-postgres-cluster-0), the leader with the lock
2023-11-20 12:59:27,443 INFO: no action. I am (knime-postgres-cluster-0), the leader with the lock
2023-11-20 12:59:34.346 UTC [36] LOG {ticks: 0, maint: 0, retry: 0}
2023-11-20 12:59:37,430 INFO: no action. I am (knime-postgres-cluster-0), the leader with the lock
2023-11-20 12:59:47,435 INFO: no action. I am (knime-postgres-cluster-0), the leader with the lock
2023-11-20 12:59:57,431 INFO: no action. I am (knime-postgres-cluster-0), the leader with the lock
2023-11-20 13:00:04.350 UTC [36] LOG {ticks: 0, maint: 0, retry: 0}
2023-11-20 13:00:07,431 INFO: no action. I am (knime-postgres-cluster-0), the leader with the lock
2023-11-20 13:00:17,430 INFO: no action. I am (knime-postgres-cluster-0), the leader with the lock
2023-11-20 13:00:27,431 INFO: no action. I am (knime-postgres-cluster-0), the leader with the lock
2023-11-20 13:00:34.382 UTC [36] LOG {ticks: 0, maint: 0, retry: 0}
2023-11-20 13:00:37,435 INFO: no action. I am (knime-postgres-cluster-0), the leader with the lock
2023-11-20 13:00:47,430 INFO: no action. I am (knime-postgres-cluster-0), the leader with the lock
2023-11-20 13:00:57,430 INFO: no action. I am (knime-postgres-cluster-0), the leader with the lock
2023-11-20 13:01:04.386 UTC [36] LOG {ticks: 0, maint: 0, retry: 0}
2023-11-20 13:01:07,435 INFO: no action. I am (knime-postgres-cluster-0), the leader with the lock
2023-11-20 13:01:17,431 INFO: no action. I am (knime-postgres-cluster-0), the leader with the lock
2023-11-20 13:01:27,427 INFO: no action. I am (knime-postgres-cluster-0), the leader with the lock
2023-11-20 13:01:34.414 UTC [36] LOG {ticks: 0, maint: 0, retry: 0}
2023-11-20 13:01:37,377 INFO: no action. I am (knime-postgres-cluster-0), the leader with the lock
2023-11-20 13:01:47,432 INFO: no action. I am (knime-postgres-cluster-0), the leader with the lock
2023-11-20 13:01:57,432 INFO: no action. I am (knime-postgres-cluster-0), the leader with the lock
2023-11-20 13:02:04.418 UTC [36] LOG {ticks: 0, maint: 0, retry: 0}
2023-11-20 13:02:07,430 INFO: no action. I am (knime-postgres-cluster-0), the leader with the lock
2023-11-20 13:02:17,431 INFO: no action. I am (knime-postgres-cluster-0), the leader with the lock
2023-11-20 13:02:27,431 INFO: no action. I am (knime-postgres-cluster-0), the leader with the lock
2023-11-20 13:02:34.446 UTC [36] LOG {ticks: 0, maint: 0, retry: 0}
2023-11-20 13:02:37,377 INFO: no action. I am (knime-postgres-cluster-0), the leader with the lock
2023-11-20 13:02:47,434 INFO: no action. I am (knime-postgres-cluster-0), the leader with the lock
2023-11-20 13:02:57,431 INFO: no action. I am (knime-postgres-cluster-0), the leader with the lock
2023-11-20 13:03:04.450 UTC [36] LOG {ticks: 0, maint: 0, retry: 0}
2023-11-20 13:03:07,426 INFO: no action. I am (knime-postgres-cluster-0), the leader with the lock
2023-11-20 13:03:17,427 INFO: no action. I am (knime-postgres-cluster-0), the leader with the lock
2023-11-20 13:03:27,436 INFO: no action. I am (knime-postgres-cluster-0), the leader with the lock
2023-11-20 13:03:34.459 UTC [36] LOG {ticks: 0, maint: 0, retry: 0}
2023-11-20 13:03:37,377 INFO: no action. I am (knime-postgres-cluster-0), the leader with the lock
2023-11-20 13:03:47,430 INFO: no action. I am (knime-postgres-cluster-0), the leader with the lock
2023-11-20 13:03:57,426 INFO: no action. I am (knime-postgres-cluster-0), the leader with the lock
2023-11-20 13:04:04.462 UTC [36] LOG {ticks: 0, maint: 0, retry: 0}
2023-11-20 13:04:07,430 INFO: no action. I am (knime-postgres-cluster-0), the leader with the lock
2023-11-20 13:04:17,430 INFO: no action. I am (knime-postgres-cluster-0), the leader with the lock
2023-11-20 13:04:27,431 INFO: no action. I am (knime-postgres-cluster-0), the leader with the lock
2023-11-20 13:04:34.490 UTC [36] LOG {ticks: 0, maint: 0, retry: 0}
2023-11-20 13:04:37,377 INFO: no action. I am (knime-postgres-cluster-0), the leader with the lock
2023-11-20 13:04:47,431 INFO: no action. I am (knime-postgres-cluster-0), the leader with the lock
2023-11-20 13:04:57,431 INFO: no action. I am (knime-postgres-cluster-0), the leader with the lock
2023-11-20 13:05:04.494 UTC [36] LOG {ticks: 0, maint: 0, retry: 0}
2023-11-20 13:05:07,428 INFO: no action. I am (knime-postgres-cluster-0), the leader with the lock
2023-11-20 13:05:17,426 INFO: no action. I am (knime-postgres-cluster-0), the leader with the lock
2023-11-20 13:05:27,431 INFO: no action. I am (knime-postgres-cluster-0), the leader with the lock
2023-11-20 13:05:34.512 UTC [36] LOG {ticks: 0, maint: 0, retry: 0}
2023-11-20 13:05:37,427 INFO: no action. I am (knime-postgres-cluster-0), the leader with the lock
2023-11-20 13:05:47,428 INFO: no action. I am (knime-postgres-cluster-0), the leader with the lock
2023-11-20 13:05:57,430 INFO: no action. I am (knime-postgres-cluster-0), the leader with the lock
2023-11-20 13:06:04.528 UTC [36] LOG {ticks: 0, maint: 0, retry: 0}
2023-11-20 13:06:07,427 INFO: no action. I am (knime-postgres-cluster-0), the leader with the lock
2023-11-20 13:06:17,431 INFO: no action. I am (knime-postgres-cluster-0), the leader with the lock
2023-11-20 13:06:27,427 INFO: no action. I am (knime-postgres-cluster-0), the leader with the lock
2023-11-20 13:06:34.556 UTC [36] LOG {ticks: 0, maint: 0, retry: 0}
2023-11-20 13:06:37,379 INFO: no action. I am (knime-postgres-cluster-0), the leader with the lock
2023-11-20 13:06:47,426 INFO: no action. I am (knime-postgres-cluster-0), the leader with the lock
2023-11-20 13:06:57,434 INFO: no action. I am (knime-postgres-cluster-0), the leader with the lock
2023-11-20 13:07:04.563 UTC [36] LOG {ticks: 0, maint: 0, retry: 0}
2023-11-20 13:07:07,379 INFO: no action. I am (knime-postgres-cluster-0), the leader with the lock
2023-11-20 13:07:17,437 INFO: no action. I am (knime-postgres-cluster-0), the leader with the lock
2023-11-20 13:07:27,431 INFO: no action. I am (knime-postgres-cluster-0), the leader with the lock
2023-11-20 13:07:34.590 UTC [36] LOG {ticks: 0, maint: 0, retry: 0}
2023-11-20 13:07:37,435 INFO: no action. I am (knime-postgres-cluster-0), the leader with the lock
2023-11-20 13:07:47,431 INFO: no action. I am (knime-postgres-cluster-0), the leader with the lock
2023-11-20 13:07:57,442 INFO: no action. I am (knime-postgres-cluster-0), the leader with the lock
2023-11-20 13:08:04.595 UTC [36] LOG {ticks: 0, maint: 0, retry: 0}
2023-11-20 13:08:07,431 INFO: no action. I am (knime-postgres-cluster-0), the leader with the lock
2023-11-20 13:08:17,437 INFO: no action. I am (knime-postgres-cluster-0), the leader with the lock
2023-11-20 13:08:27,428 INFO: no action. I am (knime-postgres-cluster-0), the leader with the lock
2023-11-20 13:08:34.622 UTC [36] LOG {ticks: 0, maint: 0, retry: 0}
2023-11-20 13:08:37,427 INFO: no action. I am (knime-postgres-cluster-0), the leader with the lock
2023-11-20 13:08:47,428 INFO: no action. I am (knime-postgres-cluster-0), the leader with the lock
2023-11-20 13:08:57,431 INFO: no action. I am (knime-postgres-cluster-0), the leader with the lock
2023-11-20 13:09:04.629 UTC [36] LOG {ticks: 0, maint: 0, retry: 0}
2023-11-20 13:09:07,381 INFO: no action. I am (knime-postgres-cluster-0), the leader with the lock
2023-11-20 13:09:17,436 INFO: no action. I am (knime-postgres-cluster-0), the leader with the lock
2023-11-20 13:09:27,432 INFO: no action. I am (knime-postgres-cluster-0), the leader with the lock
2023-11-20 13:09:34.658 UTC [36] LOG {ticks: 0, maint: 0, retry: 0}
2023-11-20 13:09:37,427 INFO: no action. I am (knime-postgres-cluster-0), the leader with the lock
2023-11-20 13:09:47,431 INFO: no action. I am (knime-postgres-cluster-0), the leader with the lock
2023-11-20 13:09:57,431 INFO: no action. I am (knime-postgres-cluster-0), the leader with the lock
2023-11-20 13:10:04.662 UTC [36] LOG {ticks: 0, maint: 0, retry: 0}
2023-11-20 13:10:07,432 INFO: no action. I am (knime-postgres-cluster-0), the leader with the lock
2023-11-20 13:10:17,431 INFO: no action. I am (knime-postgres-cluster-0), the leader with the lock
2023-11-20 13:10:27,435 INFO: no action. I am (knime-postgres-cluster-0), the leader with the lock
2023-11-20 13:10:34.690 UTC [36] LOG {ticks: 0, maint: 0, retry: 0}
2023-11-20 13:10:37,431 INFO: no action. I am (knime-postgres-cluster-0), the leader with the lock
2023-11-20 13:10:47,431 INFO: no action. I am (knime-postgres-cluster-0), the leader with the lock
2023-11-20 13:10:57,435 INFO: no action. I am (knime-postgres-cluster-0), the leader with the lock
2023-11-20 13:11:04.694 UTC [36] LOG {ticks: 0, maint: 0, retry: 0}
2023-11-20 13:11:07,435 INFO: no action. I am (knime-postgres-cluster-0), the leader with the lock
2023-11-20 13:11:17,428 INFO: no action. I am (knime-postgres-cluster-0), the leader with the lock
2023-11-20 13:11:27,432 INFO: no action. I am (knime-postgres-cluster-0), the leader with the lock
2023-11-20 13:11:34.722 UTC [36] LOG {ticks: 0, maint: 0, retry: 0}
2023-11-20 13:11:37,431 INFO: no action. I am (knime-postgres-cluster-0), the leader with the lock
2023-11-20 13:11:47,431 INFO: no action. I am (knime-postgres-cluster-0), the leader with the lock
2023-11-20 13:11:57,435 INFO: no action. I am (knime-postgres-cluster-0), the leader with the lock
2023-11-20 13:12:04.722 UTC [36] LOG {ticks: 0, maint: 0, retry: 0}
2023-11-20 13:12:07,431 INFO: no action. I am (knime-postgres-cluster-0), the leader with the lock
2023-11-20 13:12:17,434 INFO: no action. I am (knime-postgres-cluster-0), the leader with the lock
2023-11-20 13:12:27,432 INFO: no action. I am (knime-postgres-cluster-0), the leader with the lock
2023-11-20 13:12:34.752 UTC [36] LOG {ticks: 0, maint: 0, retry: 0}
2023-11-20 13:12:37,427 INFO: no action. I am (knime-postgres-cluster-0), the leader with the lock
2023-11-20 13:12:47,441 INFO: no action. I am (knime-postgres-cluster-0), the leader with the lock
2023-11-20 13:12:57,435 INFO: no action. I am (knime-postgres-cluster-0), the leader with the lock
2023-11-20 13:13:04.754 UTC [36] LOG {ticks: 0, maint: 0, retry: 0}
2023-11-20 13:13:07,431 INFO: no action. I am (knime-postgres-cluster-0), the leader with the lock
2023-11-20 13:13:17,431 INFO: no action. I am (knime-postgres-cluster-0), the leader with the lock
2023-11-20 13:13:27,431 INFO: no action. I am (knime-postgres-cluster-0), the leader with the lock
2023-11-20 13:13:34.782 UTC [36] LOG {ticks: 0, maint: 0, retry: 0}
2023-11-20 13:13:37,431 INFO: no action. I am (knime-postgres-cluster-0), the leader with the lock
2023-11-20 13:13:47,430 INFO: no action. I am (knime-postgres-cluster-0), the leader with the lock
2023-11-20 13:13:57,431 INFO: no action. I am (knime-postgres-cluster-0), the leader with the lock
2023-11-20 13:14:04.786 UTC [36] LOG {ticks: 0, maint: 0, retry: 0}
2023-11-20 13:14:07,378 INFO: no action. I am (knime-postgres-cluster-0), the leader with the lock
2023-11-20 13:14:17,427 INFO: no action. I am (knime-postgres-cluster-0), the leader with the lock
2023-11-20 13:14:27,428 INFO: no action. I am (knime-postgres-cluster-0), the leader with the lock
2023-11-20 13:14:34.814 UTC [36] LOG {ticks: 0, maint: 0, retry: 0}
2023-11-20 13:14:37,377 INFO: no action. I am (knime-postgres-cluster-0), the leader with the lock
2023-11-20 13:14:47,432 INFO: no action. I am (knime-postgres-cluster-0), the leader with the lock
2023-11-20 13:14:57,432 INFO: no action. I am (knime-postgres-cluster-0), the leader with the lock
2023-11-20 13:15:04.818 UTC [36] LOG {ticks: 0, maint: 0, retry: 0}
2023-11-20 13:15:07,432 INFO: no action. I am (knime-postgres-cluster-0), the leader with the lock
2023-11-20 13:15:17,436 INFO: no action. I am (knime-postgres-cluster-0), the leader with the lock
2023-11-20 13:15:27,431 INFO: no action. I am (knime-postgres-cluster-0), the leader with the lock
2023-11-20 13:15:34.846 UTC [36] LOG {ticks: 0, maint: 0, retry: 0}
2023-11-20 13:15:37,379 INFO: no action. I am (knime-postgres-cluster-0), the leader with the lock
2023-11-20 13:15:47,427 INFO: no action. I am (knime-postgres-cluster-0), the leader with the lock
2023-11-20 13:15:57,439 INFO: no action. I am (knime-postgres-cluster-0), the leader with the lock
2023-11-20 13:16:04.850 UTC [36] LOG {ticks: 0, maint: 0, retry: 0}
2023-11-20 13:16:07,432 INFO: no action. I am (knime-postgres-cluster-0), the leader with the lock
2023-11-20 13:16:17,439 INFO: no action. I am (knime-postgres-cluster-0), the leader with the lock
2023-11-20 13:16:27,427 INFO: no action. I am (knime-postgres-cluster-0), the leader with the lock
2023-11-20 13:16:34.879 UTC [36] LOG {ticks: 0, maint: 0, retry: 0}
2023-11-20 13:16:37,435 INFO: no action. I am (knime-postgres-cluster-0), the leader with the lock
2023-11-20 13:16:47,431 INFO: no action. I am (knime-postgres-cluster-0), the leader with the lock
2023-11-20 13:16:57,426 INFO: no action. I am (knime-postgres-cluster-0), the leader with the lock
2023-11-20 13:17:04.883 UTC [36] LOG {ticks: 0, maint: 0, retry: 0}
2023-11-20 13:17:07,435 INFO: no action. I am (knime-postgres-cluster-0), the leader with the lock
2023-11-20 13:17:17,431 INFO: no action. I am (knime-postgres-cluster-0), the leader with the lock
2023-11-20 13:17:27,432 INFO: no action. I am (knime-postgres-cluster-0), the leader with the lock
2023-11-20 13:17:34.910 UTC [36] LOG {ticks: 0, maint: 0, retry: 0}
2023-11-20 13:17:37,433 INFO: no action. I am (knime-postgres-cluster-0), the leader with the lock
2023-11-20 13:17:47,431 INFO: no action. I am (knime-postgres-cluster-0), the leader with the lock
2023-11-20 13:17:57,431 INFO: no action. I am (knime-postgres-cluster-0), the leader with the lock
2023-11-20 13:18:04.914 UTC [36] LOG {ticks: 0, maint: 0, retry: 0}
2023-11-20 13:18:07,432 INFO: no action. I am (knime-postgres-cluster-0), the leader with the lock
2023-11-20 13:18:17,431 INFO: no action. I am (knime-postgres-cluster-0), the leader with the lock
2023-11-20 13:18:27,431 INFO: no action. I am (knime-postgres-cluster-0), the leader with the lock
2023-11-20 13:18:34.945 UTC [36] LOG {ticks: 0, maint: 0, retry: 0}
2023-11-20 13:18:37,381 INFO: no action. I am (knime-postgres-cluster-0), the leader with the lock
2023-11-20 13:18:47,431 INFO: no action. I am (knime-postgres-cluster-0), the leader with the lock
2023-11-20 13:18:57,431 INFO: no action. I am (knime-postgres-cluster-0), the leader with the lock
2023-11-20 13:19:04.946 UTC [36] LOG {ticks: 0, maint: 0, retry: 0}
2023-11-20 13:19:07,431 INFO: no action. I am (knime-postgres-cluster-0), the leader with the lock
2023-11-20 13:19:17,426 INFO: no action. I am (knime-postgres-cluster-0), the leader with the lock
2023-11-20 13:19:27,431 INFO: no action. I am (knime-postgres-cluster-0), the leader with the lock
2023-11-20 13:19:34.975 UTC [36] LOG {ticks: 0, maint: 0, retry: 0}
2023-11-20 13:19:37,377 INFO: no action. I am (knime-postgres-cluster-0), the leader with the lock
2023-11-20 13:19:47,431 INFO: no action. I am (knime-postgres-cluster-0), the leader with the lock
2023-11-20 13:19:57,434 INFO: no action. I am (knime-postgres-cluster-0), the leader with the lock
2023-11-20 13:20:04.978 UTC [36] LOG {ticks: 0, maint: 0, retry: 0}
2023-11-20 13:20:07,430 INFO: no action. I am (knime-postgres-cluster-0), the leader with the lock
2023-11-20 13:20:17,427 INFO: no action. I am (knime-postgres-cluster-0), the leader with the lock
2023-11-20 13:20:27,432 INFO: no action. I am (knime-postgres-cluster-0), the leader with the lock
2023-11-20 13:20:35.006 UTC [36] LOG {ticks: 0, maint: 0, retry: 0}
2023-11-20 13:20:37,428 INFO: no action. I am (knime-postgres-cluster-0), the leader with the lock
2023-11-20 13:20:47,426 INFO: no action. I am (knime-postgres-cluster-0), the leader with the lock
2023-11-20 13:20:57,426 INFO: no action. I am (knime-postgres-cluster-0), the leader with the lock
2023-11-20 13:21:05.010 UTC [36] LOG {ticks: 0, maint: 0, retry: 0}
2023-11-20 13:21:07,427 INFO: no action. I am (knime-postgres-cluster-0), the leader with the lock
2023-11-20 13:21:17,431 INFO: no action. I am (knime-postgres-cluster-0), the leader with the lock
2023-11-20 13:21:27,435 INFO: no action. I am (knime-postgres-cluster-0), the leader with the lock
2023-11-20 13:21:35.040 UTC [36] LOG {ticks: 0, maint: 0, retry: 0}
2023-11-20 13:21:37,379 INFO: no action. I am (knime-postgres-cluster-0), the leader with the lock
2023-11-20 13:21:47,427 INFO: no action. I am (knime-postgres-cluster-0), the leader with the lock
2023-11-20 13:21:57,427 INFO: no action. I am (knime-postgres-cluster-0), the leader with the lock
2023-11-20 13:22:05.042 UTC [36] LOG {ticks: 0, maint: 0, retry: 0}
2023-11-20 13:22:07,436 INFO: no action. I am (knime-postgres-cluster-0), the leader with the lock
2023-11-20 13:22:17,432 INFO: no action. I am (knime-postgres-cluster-0), the leader with the lock
2023-11-20 13:22:27,428 INFO: no action. I am (knime-postgres-cluster-0), the leader with the lock
2023-11-20 13:22:35.070 UTC [36] LOG {ticks: 0, maint: 0, retry: 0}
2023-11-20 13:22:37,379 INFO: no action. I am (knime-postgres-cluster-0), the leader with the lock
2023-11-20 13:22:47,427 INFO: no action. I am (knime-postgres-cluster-0), the leader with the lock
2023-11-20 13:22:57,435 INFO: no action. I am (knime-postgres-cluster-0), the leader with the lock
2023-11-20 13:23:05.074 UTC [36] LOG {ticks: 0, maint: 0, retry: 0}
2023-11-20 13:23:07,427 INFO: no action. I am (knime-postgres-cluster-0), the leader with the lock
2023-11-20 13:23:17,435 INFO: no action. I am (knime-postgres-cluster-0), the leader with the lock
2023-11-20 13:23:27,435 INFO: no action. I am (knime-postgres-cluster-0), the leader with the lock
2023-11-20 13:23:35.103 UTC [36] LOG {ticks: 0, maint: 0, retry: 0}
2023-11-20 13:23:37,381 INFO: no action. I am (knime-postgres-cluster-0), the leader with the lock
2023-11-20 13:23:47,436 INFO: no action. I am (knime-postgres-cluster-0), the leader with the lock
2023-11-20 13:23:57,430 INFO: no action. I am (knime-postgres-cluster-0), the leader with the lock
2023-11-20 13:24:05.106 UTC [36] LOG {ticks: 0, maint: 0, retry: 0}
2023-11-20 13:24:07,427 INFO: no action. I am (knime-postgres-cluster-0), the leader with the lock
2023-11-20 13:24:17,435 INFO: no action. I am (knime-postgres-cluster-0), the leader with the lock
2023-11-20 13:24:27,431 INFO: no action. I am (knime-postgres-cluster-0), the leader with the lock
2023-11-20 13:24:35.134 UTC [36] LOG {ticks: 0, maint: 0, retry: 0}
2023-11-20 13:24:37,427 INFO: no action. I am (knime-postgres-cluster-0), the leader with the lock
2023-11-20 13:24:47,432 INFO: no action. I am (knime-postgres-cluster-0), the leader with the lock
2023-11-20 13:24:57,431 INFO: no action. I am (knime-postgres-cluster-0), the leader with the lock
2023-11-20 13:25:05.138 UTC [36] LOG {ticks: 0, maint: 0, retry: 0}
2023-11-20 13:25:07,430 INFO: no action. I am (knime-postgres-cluster-0), the leader with the lock
2023-11-20 13:25:17,431 INFO: no action. I am (knime-postgres-cluster-0), the leader with the lock
2023-11-20 13:25:27,432 INFO: no action. I am (knime-postgres-cluster-0), the leader with the lock
2023-11-20 13:25:35.158 UTC [36] LOG {ticks: 0, maint: 0, retry: 0}
2023-11-20 13:25:37,381 INFO: no action. I am (knime-postgres-cluster-0), the leader with the lock
2023-11-20 13:25:47,429 INFO: no action. I am (knime-postgres-cluster-0), the leader with the lock
2023-11-20 13:25:57,434 INFO: no action. I am (knime-postgres-cluster-0), the leader with the lock
2023-11-20 13:26:05.158 UTC [36] LOG {ticks: 0, maint: 0, retry: 0}
2023-11-20 13:26:07,377 INFO: no action. I am (knime-postgres-cluster-0), the leader with the lock
2023-11-20 13:26:17,435 INFO: no action. I am (knime-postgres-cluster-0), the leader with the lock
2023-11-20 13:26:27,426 INFO: no action. I am (knime-postgres-cluster-0), the leader with the lock
2023-11-20 13:26:35.171 UTC [36] LOG {ticks: 0, maint: 0, retry: 0}
2023-11-20 13:26:37,431 INFO: no action. I am (knime-postgres-cluster-0), the leader with the lock
2023-11-20 13:26:47,431 INFO: no action. I am (knime-postgres-cluster-0), the leader with the lock
2023-11-20 13:26:57,430 INFO: no action. I am (knime-postgres-cluster-0), the leader with the lock
2023-11-20 13:27:05.174 UTC [36] LOG {ticks: 0, maint: 0, retry: 0}
2023-11-20 13:27:07,427 INFO: no action. I am (knime-postgres-cluster-0), the leader with the lock
2023-11-20 13:27:17,430 INFO: no action. I am (knime-postgres-cluster-0), the leader with the lock
2023-11-20 13:27:27,432 INFO: no action. I am (knime-postgres-cluster-0), the leader with the lock
2023-11-20 13:27:35.204 UTC [36] LOG {ticks: 0, maint: 0, retry: 0}
2023-11-20 13:27:37,431 INFO: no action. I am (knime-postgres-cluster-0), the leader with the lock
2023-11-20 13:27:47,429 INFO: no action. I am (knime-postgres-cluster-0), the leader with the lock
2023-11-20 13:27:57,439 INFO: no action. I am (knime-postgres-cluster-0), the leader with the lock
2023-11-20 13:28:05.206 UTC [36] LOG {ticks: 0, maint: 0, retry: 0}
2023-11-20 13:28:07,426 INFO: no action. I am (knime-postgres-cluster-0), the leader with the lock
2023-11-20 13:28:17,430 INFO: no action. I am (knime-postgres-cluster-0), the leader with the lock
2023-11-20 13:28:27,432 INFO: no action. I am (knime-postgres-cluster-0), the leader with the lock
2023-11-20 13:28:35.234 UTC [36] LOG {ticks: 0, maint: 0, retry: 0}
2023-11-20 13:28:37,434 INFO: no action. I am (knime-postgres-cluster-0), the leader with the lock
2023-11-20 13:28:47,435 INFO: no action. I am (knime-postgres-cluster-0), the leader with the lock
2023-11-20 13:28:57,435 INFO: no action. I am (knime-postgres-cluster-0), the leader with the lock
2023-11-20 13:29:05.238 UTC [36] LOG {ticks: 0, maint: 0, retry: 0}
2023-11-20 13:29:07,426 INFO: no action. I am (knime-postgres-cluster-0), the leader with the lock
2023-11-20 13:29:17,430 INFO: no action. I am (knime-postgres-cluster-0), the leader with the lock
2023-11-20 13:29:27,431 INFO: no action. I am (knime-postgres-cluster-0), the leader with the lock
2023-11-20 13:29:35.266 UTC [36] LOG {ticks: 0, maint: 0, retry: 0}
2023-11-20 13:29:37,432 INFO: no action. I am (knime-postgres-cluster-0), the leader with the lock
2023-11-20 13:29:47,426 INFO: no action. I am (knime-postgres-cluster-0), the leader with the lock
2023-11-20 13:29:57,432 INFO: no action. I am (knime-postgres-cluster-0), the leader with the lock
2023-11-20 13:30:05.270 UTC [36] LOG {ticks: 0, maint: 0, retry: 0}
2023-11-20 13:30:07,431 INFO: no action. I am (knime-postgres-cluster-0), the leader with the lock
2023-11-20 13:30:17,431 INFO: no action. I am (knime-postgres-cluster-0), the leader with the lock
2023-11-20 13:30:27,430 INFO: no action. I am (knime-postgres-cluster-0), the leader with the lock
2023-11-20 13:30:35.294 UTC [36] LOG {ticks: 0, maint: 0, retry: 0}
2023-11-20 13:30:37,435 INFO: no action. I am (knime-postgres-cluster-0), the leader with the lock
2023-11-20 13:30:47,427 INFO: no action. I am (knime-postgres-cluster-0), the leader with the lock
2023-11-20 13:30:57,430 INFO: no action. I am (knime-postgres-cluster-0), the leader with the lock
2023-11-20 13:31:05.298 UTC [36] LOG {ticks: 0, maint: 0, retry: 0}
2023-11-20 13:31:07,377 INFO: no action. I am (knime-postgres-cluster-0), the leader with the lock
2023-11-20 13:31:17,427 INFO: no action. I am (knime-postgres-cluster-0), the leader with the lock
2023-11-20 13:31:27,427 INFO: no action. I am (knime-postgres-cluster-0), the leader with the lock
2023-11-20 13:31:35.329 UTC [36] LOG {ticks: 0, maint: 0, retry: 0}
2023-11-20 13:31:37,426 INFO: no action. I am (knime-postgres-cluster-0), the leader with the lock
2023-11-20 13:31:47,428 INFO: no action. I am (knime-postgres-cluster-0), the leader with the lock
2023-11-20 13:31:57,430 INFO: no action. I am (knime-postgres-cluster-0), the leader with the lock
2023-11-20 13:32:05.326 UTC [36] LOG {ticks: 0, maint: 0, retry: 0}
2023-11-20 13:32:07,433 INFO: no action. I am (knime-postgres-cluster-0), the leader with the lock
2023-11-20 13:32:17,434 INFO: no action. I am (knime-postgres-cluster-0), the leader with the lock
2023-11-20 13:32:27,434 INFO: no action. I am (knime-postgres-cluster-0), the leader with the lock
2023-11-20 13:32:35.354 UTC [36] LOG {ticks: 0, maint: 0, retry: 0}
2023-11-20 13:32:37,430 INFO: no action. I am (knime-postgres-cluster-0), the leader with the lock
2023-11-20 13:32:47,435 INFO: no action. I am (knime-postgres-cluster-0), the leader with the lock
2023-11-20 13:32:57,436 INFO: no action. I am (knime-postgres-cluster-0), the leader with the lock
2023-11-20 13:33:05.358 UTC [36] LOG {ticks: 0, maint: 0, retry: 0}
2023-11-20 13:33:07,428 INFO: no action. I am (knime-postgres-cluster-0), the leader with the lock
2023-11-20 13:33:17,435 INFO: no action. I am (knime-postgres-cluster-0), the leader with the lock
2023-11-20 13:33:27,431 INFO: no action. I am (knime-postgres-cluster-0), the leader with the lock
2023-11-20 13:33:35.387 UTC [36] LOG {ticks: 0, maint: 0, retry: 0}
2023-11-20 13:33:37,432 INFO: no action. I am (knime-postgres-cluster-0), the leader with the lock
2023-11-20 13:33:47,430 INFO: no action. I am (knime-postgres-cluster-0), the leader with the lock
2023-11-20 13:33:57,431 INFO: no action. I am (knime-postgres-cluster-0), the leader with the lock
2023-11-20 13:34:05.390 UTC [36] LOG {ticks: 0, maint: 0, retry: 0}
2023-11-20 13:34:07,428 INFO: no action. I am (knime-postgres-cluster-0), the leader with the lock
2023-11-20 13:34:17,431 INFO: no action. I am (knime-postgres-cluster-0), the leader with the lock
2023-11-20 13:34:27,427 INFO: no action. I am (knime-postgres-cluster-0), the leader with the lock
2023-11-20 13:34:35.410 UTC [36] LOG {ticks: 0, maint: 0, retry: 0}
2023-11-20 13:34:37,381 INFO: no action. I am (knime-postgres-cluster-0), the leader with the lock
2023-11-20 13:34:47,435 INFO: no action. I am (knime-postgres-cluster-0), the leader with the lock
2023-11-20 13:34:57,427 INFO: no action. I am (knime-postgres-cluster-0), the leader with the lock
2023-11-20 13:35:05.414 UTC [36] LOG {ticks: 0, maint: 0, retry: 0}
2023-11-20 13:35:07,431 INFO: no action. I am (knime-postgres-cluster-0), the leader with the lock
2023-11-20 13:35:17,432 INFO: no action. I am (knime-postgres-cluster-0), the leader with the lock
2023-11-20 13:35:27,435 INFO: no action. I am (knime-postgres-cluster-0), the leader with the lock
2023-11-20 13:35:35.444 UTC [36] LOG {ticks: 0, maint: 0, retry: 0}
2023-11-20 13:35:37,377 INFO: no action. I am (knime-postgres-cluster-0), the leader with the lock
2023-11-20 13:35:47,430 INFO: no action. I am (knime-postgres-cluster-0), the leader with the lock
2023-11-20 13:35:57,435 INFO: no action. I am (knime-postgres-cluster-0), the leader with the lock
2023-11-20 13:36:05.446 UTC [36] LOG {ticks: 0, maint: 0, retry: 0}
2023-11-20 13:36:07,430 INFO: no action. I am (knime-postgres-cluster-0), the leader with the lock
2023-11-20 13:36:17,431 INFO: no action. I am (knime-postgres-cluster-0), the leader with the lock
2023-11-20 13:36:27,435 INFO: no action. I am (knime-postgres-cluster-0), the leader with the lock
2023-11-20 13:36:35.471 UTC [36] LOG {ticks: 0, maint: 0, retry: 0}
2023-11-20 13:36:37,381 INFO: no action. I am (knime-postgres-cluster-0), the leader with the lock
2023-11-20 13:36:47,431 INFO: no action. I am (knime-postgres-cluster-0), the leader with the lock
2023-11-20 13:36:57,451 INFO: no action. I am (knime-postgres-cluster-0), the leader with the lock
2023-11-20 13:37:05.474 UTC [36] LOG {ticks: 0, maint: 0, retry: 0}
2023-11-20 13:37:07,427 INFO: no action. I am (knime-postgres-cluster-0), the leader with the lock
2023-11-20 13:37:17,435 INFO: no action. I am (knime-postgres-cluster-0), the leader with the lock
2023-11-20 13:37:27,427 INFO: no action. I am (knime-postgres-cluster-0), the leader with the lock
2023-11-20 13:37:35.487 UTC [36] LOG {ticks: 0, maint: 0, retry: 0}
2023-11-20 13:37:37,427 INFO: no action. I am (knime-postgres-cluster-0), the leader with the lock
2023-11-20 13:37:47,435 INFO: no action. I am (knime-postgres-cluster-0), the leader with the lock
2023-11-20 13:37:57,432 INFO: no action. I am (knime-postgres-cluster-0), the leader with the lock
2023-11-20 13:38:05.490 UTC [36] LOG {ticks: 0, maint: 0, retry: 0}
2023-11-20 13:38:07,432 INFO: no action. I am (knime-postgres-cluster-0), the leader with the lock
2023-11-20 13:38:17,431 INFO: no action. I am (knime-postgres-cluster-0), the leader with the lock
2023-11-20 13:38:27,426 INFO: no action. I am (knime-postgres-cluster-0), the leader with the lock
2023-11-20 13:38:35.522 UTC [36] LOG {ticks: 0, maint: 0, retry: 0}
2023-11-20 13:38:37,440 INFO: no action. I am (knime-postgres-cluster-0), the leader with the lock
2023-11-20 13:38:47,434 INFO: no action. I am (knime-postgres-cluster-0), the leader with the lock
2023-11-20 13:38:57,436 INFO: no action. I am (knime-postgres-cluster-0), the leader with the lock
2023-11-20 13:39:05.526 UTC [36] LOG {ticks: 0, maint: 0, retry: 0}
2023-11-20 13:39:07,429 INFO: no action. I am (knime-postgres-cluster-0), the leader with the lock
2023-11-20 13:39:17,432 INFO: no action. I am (knime-postgres-cluster-0), the leader with the lock
2023-11-20 13:39:27,432 INFO: no action. I am (knime-postgres-cluster-0), the leader with the lock
2023-11-20 13:39:35.555 UTC [36] LOG {ticks: 0, maint: 0, retry: 0}
2023-11-20 13:39:37,377 INFO: no action. I am (knime-postgres-cluster-0), the leader with the lock
2023-11-20 13:39:47,431 INFO: no action. I am (knime-postgres-cluster-0), the leader with the lock
2023-11-20 13:39:57,431 INFO: no action. I am (knime-postgres-cluster-0), the leader with the lock
2023-11-20 13:40:05.558 UTC [36] LOG {ticks: 0, maint: 0, retry: 0}
2023-11-20 13:40:07,442 INFO: no action. I am (knime-postgres-cluster-0), the leader with the lock
2023-11-20 13:40:17,431 INFO: no action. I am (knime-postgres-cluster-0), the leader with the lock
2023-11-20 13:40:27,435 INFO: no action. I am (knime-postgres-cluster-0), the leader with the lock
2023-11-20 13:40:35.588 UTC [36] LOG {ticks: 0, maint: 0, retry: 0}
2023-11-20 13:40:37,377 INFO: no action. I am (knime-postgres-cluster-0), the leader with the lock
2023-11-20 13:40:47,431 INFO: no action. I am (knime-postgres-cluster-0), the leader with the lock
2023-11-20 13:40:57,431 INFO: no action. I am (knime-postgres-cluster-0), the leader with the lock
2023-11-20 13:41:05.590 UTC [36] LOG {ticks: 0, maint: 0, retry: 0}
2023-11-20 13:41:07,428 INFO: no action. I am (knime-postgres-cluster-0), the leader with the lock
2023-11-20 13:41:17,436 INFO: no action. I am (knime-postgres-cluster-0), the leader with the lock
2023-11-20 13:41:27,431 INFO: no action. I am (knime-postgres-cluster-0), the leader with the lock
2023-11-20 13:41:35.618 UTC [36] LOG {ticks: 0, maint: 0, retry: 0}
2023-11-20 13:41:37,435 INFO: no action. I am (knime-postgres-cluster-0), the leader with the lock
2023-11-20 13:41:47,436 INFO: no action. I am (knime-postgres-cluster-0), the leader with the lock
2023-11-20 13:41:57,441 INFO: no action. I am (knime-postgres-cluster-0), the leader with the lock
2023-11-20 13:42:05.622 UTC [36] LOG {ticks: 0, maint: 0, retry: 0}
2023-11-20 13:42:07,434 INFO: no action. I am (knime-postgres-cluster-0), the leader with the lock
2023-11-20 13:42:17,427 INFO: no action. I am (knime-postgres-cluster-0), the leader with the lock
2023-11-20 13:42:27,432 INFO: no action. I am (knime-postgres-cluster-0), the leader with the lock
2023-11-20 13:42:35.652 UTC [36] LOG {ticks: 0, maint: 0, retry: 0}
2023-11-20 13:42:37,430 INFO: no action. I am (knime-postgres-cluster-0), the leader with the lock
2023-11-20 13:42:47,430 INFO: no action. I am (knime-postgres-cluster-0), the leader with the lock
2023-11-20 13:42:57,431 INFO: no action. I am (knime-postgres-cluster-0), the leader with the lock
2023-11-20 13:43:05.654 UTC [36] LOG {ticks: 0, maint: 0, retry: 0}
2023-11-20 13:43:07,431 INFO: no action. I am (knime-postgres-cluster-0), the leader with the lock
2023-11-20 13:43:17,430 INFO: no action. I am (knime-postgres-cluster-0), the leader with the lock
2023-11-20 13:43:27,430 INFO: no action. I am (knime-postgres-cluster-0), the leader with the lock
2023-11-20 13:43:35.682 UTC [36] LOG {ticks: 0, maint: 0, retry: 0}
2023-11-20 13:43:37,381 INFO: no action. I am (knime-postgres-cluster-0), the leader with the lock
2023-11-20 13:43:47,439 INFO: no action. I am (knime-postgres-cluster-0), the leader with the lock
2023-11-20 13:43:57,431 INFO: no action. I am (knime-postgres-cluster-0), the leader with the lock
2023-11-20 13:44:05.712 UTC [36] LOG {ticks: 0, maint: 0, retry: 0}
2023-11-20 13:44:07,427 INFO: no action. I am (knime-postgres-cluster-0), the leader with the lock
2023-11-20 13:44:17,427 INFO: no action. I am (knime-postgres-cluster-0), the leader with the lock
2023-11-20 13:44:27,432 INFO: no action. I am (knime-postgres-cluster-0), the leader with the lock
2023-11-20 13:44:35.742 UTC [36] LOG {ticks: 0, maint: 0, retry: 0}
2023-11-20 13:44:37,379 INFO: no action. I am (knime-postgres-cluster-0), the leader with the lock
2023-11-20 13:44:47,430 INFO: no action. I am (knime-postgres-cluster-0), the leader with the lock
2023-11-20 13:44:57,427 INFO: no action. I am (knime-postgres-cluster-0), the leader with the lock
2023-11-20 13:45:05.746 UTC [36] LOG {ticks: 0, maint: 0, retry: 0}
2023-11-20 13:45:07,429 INFO: no action. I am (knime-postgres-cluster-0), the leader with the lock
2023-11-20 13:45:17,427 INFO: no action. I am (knime-postgres-cluster-0), the leader with the lock
2023-11-20 13:45:27,430 INFO: no action. I am (knime-postgres-cluster-0), the leader with the lock
2023-11-20 13:45:35.778 UTC [36] LOG {ticks: 0, maint: 0, retry: 0}
2023-11-20 13:45:37,430 INFO: no action. I am (knime-postgres-cluster-0), the leader with the lock
2023-11-20 13:45:47,429 INFO: no action. I am (knime-postgres-cluster-0), the leader with the lock
2023-11-20 13:45:57,431 INFO: no action. I am (knime-postgres-cluster-0), the leader with the lock
2023-11-20 13:46:05.782 UTC [36] LOG {ticks: 0, maint: 0, retry: 0}
2023-11-20 13:46:07,383 INFO: no action. I am (knime-postgres-cluster-0), the leader with the lock
2023-11-20 13:46:17,431 INFO: no action. I am (knime-postgres-cluster-0), the leader with the lock
2023-11-20 13:46:27,431 INFO: no action. I am (knime-postgres-cluster-0), the leader with the lock
2023-11-20 13:46:35.810 UTC [36] LOG {ticks: 0, maint: 0, retry: 0}
2023-11-20 13:46:37,434 INFO: no action. I am (knime-postgres-cluster-0), the leader with the lock
2023-11-20 13:46:47,428 INFO: no action. I am (knime-postgres-cluster-0), the leader with the lock
2023-11-20 13:46:57,434 INFO: no action. I am (knime-postgres-cluster-0), the leader with the lock
2023-11-20 13:47:05.814 UTC [36] LOG {ticks: 0, maint: 0, retry: 0}
2023-11-20 13:47:07,431 INFO: no action. I am (knime-postgres-cluster-0), the leader with the lock
2023-11-20 13:47:17,427 INFO: no action. I am (knime-postgres-cluster-0), the leader with the lock
2023-11-20 13:47:27,431 INFO: no action. I am (knime-postgres-cluster-0), the leader with the lock
2023-11-20 13:47:35.842 UTC [36] LOG {ticks: 0, maint: 0, retry: 0}
2023-11-20 13:47:37,436 INFO: no action. I am (knime-postgres-cluster-0), the leader with the lock
2023-11-20 13:47:47,426 INFO: no action. I am (knime-postgres-cluster-0), the leader with the lock
2023-11-20 13:47:57,428 INFO: no action. I am (knime-postgres-cluster-0), the leader with the lock
2023-11-20 13:48:05.846 UTC [36] LOG {ticks: 0, maint: 0, retry: 0}
2023-11-20 13:48:07,426 INFO: no action. I am (knime-postgres-cluster-0), the leader with the lock
2023-11-20 13:48:17,426 INFO: no action. I am (knime-postgres-cluster-0), the leader with the lock
2023-11-20 13:48:27,427 INFO: no action. I am (knime-postgres-cluster-0), the leader with the lock
2023-11-20 13:48:35.876 UTC [36] LOG {ticks: 0, maint: 0, retry: 0}
2023-11-20 13:48:37,430 INFO: no action. I am (knime-postgres-cluster-0), the leader with the lock
2023-11-20 13:48:47,435 INFO: no action. I am (knime-postgres-cluster-0), the leader with the lock
2023-11-20 13:48:57,431 INFO: no action. I am (knime-postgres-cluster-0), the leader with the lock
2023-11-20 13:49:05.878 UTC [36] LOG {ticks: 0, maint: 0, retry: 0}
2023-11-20 13:49:07,432 INFO: no action. I am (knime-postgres-cluster-0), the leader with the lock
2023-11-20 13:49:17,432 INFO: no action. I am (knime-postgres-cluster-0), the leader with the lock
2023-11-20 13:49:27,430 INFO: no action. I am (knime-postgres-cluster-0), the leader with the lock
2023-11-20 13:49:35.908 UTC [36] LOG {ticks: 0, maint: 0, retry: 0}
2023-11-20 13:49:37,428 INFO: no action. I am (knime-postgres-cluster-0), the leader with the lock
2023-11-20 13:49:47,427 INFO: no action. I am (knime-postgres-cluster-0), the leader with the lock
2023-11-20 13:49:57,431 INFO: no action. I am (knime-postgres-cluster-0), the leader with the lock
2023-11-20 13:50:05.910 UTC [36] LOG {ticks: 0, maint: 0, retry: 0}
2023-11-20 13:50:07,381 INFO: no action. I am (knime-postgres-cluster-0), the leader with the lock
2023-11-20 13:50:17,435 INFO: no action. I am (knime-postgres-cluster-0), the leader with the lock
2023-11-20 13:50:27,427 INFO: no action. I am (knime-postgres-cluster-0), the leader with the lock
2023-11-20 13:50:35.927 UTC [36] LOG {ticks: 0, maint: 0, retry: 0}
2023-11-20 13:50:37,432 INFO: no action. I am (knime-postgres-cluster-0), the leader with the lock
2023-11-20 13:50:47,427 INFO: no action. I am (knime-postgres-cluster-0), the leader with the lock
2023-11-20 13:50:57,427 INFO: no action. I am (knime-postgres-cluster-0), the leader with the lock
2023-11-20 13:51:05.926 UTC [36] LOG {ticks: 0, maint: 0, retry: 0}
2023-11-20 13:51:07,377 INFO: no action. I am (knime-postgres-cluster-0), the leader with the lock
2023-11-20 13:51:17,431 INFO: no action. I am (knime-postgres-cluster-0), the leader with the lock
2023-11-20 13:51:27,427 INFO: no action. I am (knime-postgres-cluster-0), the leader with the lock
2023-11-20 13:51:35.956 UTC [36] LOG {ticks: 0, maint: 0, retry: 0}
2023-11-20 13:51:37,427 INFO: no action. I am (knime-postgres-cluster-0), the leader with the lock
2023-11-20 13:51:47,431 INFO: no action. I am (knime-postgres-cluster-0), the leader with the lock
2023-11-20 13:51:57,430 INFO: no action. I am (knime-postgres-cluster-0), the leader with the lock
2023-11-20 13:52:05.959 UTC [36] LOG {ticks: 0, maint: 0, retry: 0}
2023-11-20 13:52:07,436 INFO: no action. I am (knime-postgres-cluster-0), the leader with the lock
2023-11-20 13:52:17,431 INFO: no action. I am (knime-postgres-cluster-0), the leader with the lock
2023-11-20 13:52:27,440 INFO: no action. I am (knime-postgres-cluster-0), the leader with the lock
2023-11-20 13:52:35.986 UTC [36] LOG {ticks: 0, maint: 0, retry: 0}
2023-11-20 13:52:37,432 INFO: no action. I am (knime-postgres-cluster-0), the leader with the lock
2023-11-20 13:52:47,433 INFO: no action. I am (knime-postgres-cluster-0), the leader with the lock
2023-11-20 13:52:57,434 INFO: no action. I am (knime-postgres-cluster-0), the leader with the lock
2023-11-20 13:53:05.990 UTC [36] LOG {ticks: 0, maint: 0, retry: 0}
2023-11-20 13:53:07,379 INFO: no action. I am (knime-postgres-cluster-0), the leader with the lock
2023-11-20 13:53:17,435 INFO: no action. I am (knime-postgres-cluster-0), the leader with the lock
2023-11-20 13:53:27,440 INFO: no action. I am (knime-postgres-cluster-0), the leader with the lock
2023-11-20 13:53:36.020 UTC [36] LOG {ticks: 0, maint: 0, retry: 0}
2023-11-20 13:53:37,434 INFO: no action. I am (knime-postgres-cluster-0), the leader with the lock
2023-11-20 13:53:47,427 INFO: no action. I am (knime-postgres-cluster-0), the leader with the lock
2023-11-20 13:53:57,435 INFO: no action. I am (knime-postgres-cluster-0), the leader with the lock
2023-11-20 13:54:06.022 UTC [36] LOG {ticks: 0, maint: 0, retry: 0}
2023-11-20 13:54:07,381 INFO: no action. I am (knime-postgres-cluster-0), the leader with the lock
2023-11-20 13:54:17,435 INFO: no action. I am (knime-postgres-cluster-0), the leader with the lock
2023-11-20 13:54:27,431 INFO: no action. I am (knime-postgres-cluster-0), the leader with the lock
2023-11-20 13:54:36.054 UTC [36] LOG {ticks: 0, maint: 0, retry: 0}
2023-11-20 13:54:37,428 INFO: no action. I am (knime-postgres-cluster-0), the leader with the lock
2023-11-20 13:54:47,432 INFO: no action. I am (knime-postgres-cluster-0), the leader with the lock
2023-11-20 13:54:57,427 INFO: no action. I am (knime-postgres-cluster-0), the leader with the lock
2023-11-20 13:55:06.058 UTC [36] LOG {ticks: 0, maint: 0, retry: 0}
2023-11-20 13:55:07,431 INFO: no action. I am (knime-postgres-cluster-0), the leader with the lock
2023-11-20 13:55:17,431 INFO: no action. I am (knime-postgres-cluster-0), the leader with the lock
2023-11-20 13:55:27,430 INFO: no action. I am (knime-postgres-cluster-0), the leader with the lock
2023-11-20 13:55:36.086 UTC [36] LOG {ticks: 0, maint: 0, retry: 0}
2023-11-20 13:55:37,432 INFO: no action. I am (knime-postgres-cluster-0), the leader with the lock
2023-11-20 13:55:47,430 INFO: no action. I am (knime-postgres-cluster-0), the leader with the lock
2023-11-20 13:55:57,426 INFO: no action. I am (knime-postgres-cluster-0), the leader with the lock
2023-11-20 13:56:06.090 UTC [36] LOG {ticks: 0, maint: 0, retry: 0}
2023-11-20 13:56:07,434 INFO: no action. I am (knime-postgres-cluster-0), the leader with the lock
2023-11-20 13:56:17,427 INFO: no action. I am (knime-postgres-cluster-0), the leader with the lock
2023-11-20 13:56:27,427 INFO: no action. I am (knime-postgres-cluster-0), the leader with the lock
2023-11-20 13:56:36.120 UTC [36] LOG {ticks: 0, maint: 0, retry: 0}
2023-11-20 13:56:37,427 INFO: no action. I am (knime-postgres-cluster-0), the leader with the lock
2023-11-20 13:56:47,431 INFO: no action. I am (knime-postgres-cluster-0), the leader with the lock
2023-11-20 13:56:57,426 INFO: no action. I am (knime-postgres-cluster-0), the leader with the lock
2023-11-20 13:57:06.122 UTC [36] LOG {ticks: 0, maint: 0, retry: 0}
2023-11-20 13:57:07,430 INFO: no action. I am (knime-postgres-cluster-0), the leader with the lock
2023-11-20 13:57:17,427 INFO: no action. I am (knime-postgres-cluster-0), the leader with the lock
2023-11-20 13:57:27,427 INFO: no action. I am (knime-postgres-cluster-0), the leader with the lock
2023-11-20 13:57:36.152 UTC [36] LOG {ticks: 0, maint: 0, retry: 0}
2023-11-20 13:57:37,431 INFO: no action. I am (knime-postgres-cluster-0), the leader with the lock
2023-11-20 13:57:47,435 INFO: no action. I am (knime-postgres-cluster-0), the leader with the lock
2023-11-20 13:57:57,431 INFO: no action. I am (knime-postgres-cluster-0), the leader with the lock
2023-11-20 13:58:06.154 UTC [36] LOG {ticks: 0, maint: 0, retry: 0}
2023-11-20 13:58:07,435 INFO: no action. I am (knime-postgres-cluster-0), the leader with the lock
2023-11-20 13:58:17,431 INFO: no action. I am (knime-postgres-cluster-0), the leader with the lock
2023-11-20 13:58:27,428 INFO: no action. I am (knime-postgres-cluster-0), the leader with the lock
2023-11-20 13:58:36.183 UTC [36] LOG {ticks: 0, maint: 0, retry: 0}
2023-11-20 13:58:37,431 INFO: no action. I am (knime-postgres-cluster-0), the leader with the lock
2023-11-20 13:58:47,431 INFO: no action. I am (knime-postgres-cluster-0), the leader with the lock
2023-11-20 13:58:57,432 INFO: no action. I am (knime-postgres-cluster-0), the leader with the lock
2023-11-20 13:59:06.186 UTC [36] LOG {ticks: 0, maint: 0, retry: 0}
2023-11-20 13:59:07,435 INFO: no action. I am (knime-postgres-cluster-0), the leader with the lock
2023-11-20 13:59:17,428 INFO: no action. I am (knime-postgres-cluster-0), the leader with the lock
2023-11-20 13:59:27,431 INFO: no action. I am (knime-postgres-cluster-0), the leader with the lock
2023-11-20 13:59:36.215 UTC [36] LOG {ticks: 0, maint: 0, retry: 0}
2023-11-20 13:59:37,435 INFO: no action. I am (knime-postgres-cluster-0), the leader with the lock
2023-11-20 13:59:47,437 INFO: no action. I am (knime-postgres-cluster-0), the leader with the lock
2023-11-20 13:59:57,436 INFO: no action. I am (knime-postgres-cluster-0), the leader with the lock
2023-11-20 14:00:06.218 UTC [36] LOG {ticks: 0, maint: 0, retry: 0}
2023-11-20 14:00:07,434 INFO: no action. I am (knime-postgres-cluster-0), the leader with the lock
2023-11-20 14:00:17,431 INFO: no action. I am (knime-postgres-cluster-0), the leader with the lock
2023-11-20 14:00:27,435 INFO: no action. I am (knime-postgres-cluster-0), the leader with the lock
2023-11-20 14:00:36.246 UTC [36] LOG {ticks: 0, maint: 0, retry: 0}
2023-11-20 14:00:37,381 INFO: no action. I am (knime-postgres-cluster-0), the leader with the lock
2023-11-20 14:00:47,432 INFO: no action. I am (knime-postgres-cluster-0), the leader with the lock
2023-11-20 14:00:57,427 INFO: no action. I am (knime-postgres-cluster-0), the leader with the lock
2023-11-20 14:01:06.250 UTC [36] LOG {ticks: 0, maint: 0, retry: 0}
2023-11-20 14:01:07,431 INFO: no action. I am (knime-postgres-cluster-0), the leader with the lock
2023-11-20 14:01:17,431 INFO: no action. I am (knime-postgres-cluster-0), the leader with the lock
2023-11-20 14:01:27,438 INFO: no action. I am (knime-postgres-cluster-0), the leader with the lock
2023-11-20 14:01:36.254 UTC [36] LOG {ticks: 0, maint: 0, retry: 0}
2023-11-20 14:01:37,377 INFO: no action. I am (knime-postgres-cluster-0), the leader with the lock
2023-11-20 14:01:47,439 INFO: no action. I am (knime-postgres-cluster-0), the leader with the lock
2023-11-20 14:01:57,432 INFO: no action. I am (knime-postgres-cluster-0), the leader with the lock
2023-11-20 14:02:06.271 UTC [36] LOG {ticks: 0, maint: 0, retry: 0}
2023-11-20 14:02:07,433 INFO: no action. I am (knime-postgres-cluster-0), the leader with the lock
2023-11-20 14:02:17,426 INFO: no action. I am (knime-postgres-cluster-0), the leader with the lock
2023-11-20 14:02:27,431 INFO: no action. I am (knime-postgres-cluster-0), the leader with the lock
2023-11-20 14:02:36.301 UTC [36] LOG {ticks: 0, maint: 0, retry: 0}
2023-11-20 14:02:37,431 INFO: no action. I am (knime-postgres-cluster-0), the leader with the lock
2023-11-20 14:02:47,431 INFO: no action. I am (knime-postgres-cluster-0), the leader with the lock
2023-11-20 14:02:57,428 INFO: no action. I am (knime-postgres-cluster-0), the leader with the lock
2023-11-20 14:03:06.306 UTC [36] LOG {ticks: 0, maint: 0, retry: 0}
2023-11-20 14:03:07,432 INFO: no action. I am (knime-postgres-cluster-0), the leader with the lock
2023-11-20 14:03:17,431 INFO: no action. I am (knime-postgres-cluster-0), the leader with the lock
2023-11-20 14:03:27,431 INFO: no action. I am (knime-postgres-cluster-0), the leader with the lock
2023-11-20 14:03:36.335 UTC [36] LOG {ticks: 0, maint: 0, retry: 0}
2023-11-20 14:03:37,438 INFO: no action. I am (knime-postgres-cluster-0), the leader with the lock
2023-11-20 14:03:47,442 INFO: no action. I am (knime-postgres-cluster-0), the leader with the lock
2023-11-20 14:03:57,430 INFO: no action. I am (knime-postgres-cluster-0), the leader with the lock
2023-11-20 14:04:06.338 UTC [36] LOG {ticks: 0, maint: 0, retry: 0}
2023-11-20 14:04:07,377 INFO: no action. I am (knime-postgres-cluster-0), the leader with the lock
2023-11-20 14:04:17,431 INFO: no action. I am (knime-postgres-cluster-0), the leader with the lock
2023-11-20 14:04:27,436 INFO: no action. I am (knime-postgres-cluster-0), the leader with the lock
2023-11-20 14:04:36.366 UTC [36] LOG {ticks: 0, maint: 0, retry: 0}
2023-11-20 14:04:37,435 INFO: no action. I am (knime-postgres-cluster-0), the leader with the lock
2023-11-20 14:04:47,434 INFO: no action. I am (knime-postgres-cluster-0), the leader with the lock
2023-11-20 14:04:57,427 INFO: no action. I am (knime-postgres-cluster-0), the leader with the lock
2023-11-20 14:05:06.370 UTC [36] LOG {ticks: 0, maint: 0, retry: 0}
2023-11-20 14:05:07,377 INFO: no action. I am (knime-postgres-cluster-0), the leader with the lock
2023-11-20 14:05:17,427 INFO: no action. I am (knime-postgres-cluster-0), the leader with the lock
2023-11-20 14:05:27,426 INFO: no action. I am (knime-postgres-cluster-0), the leader with the lock
2023-11-20 14:05:36.398 UTC [36] LOG {ticks: 0, maint: 0, retry: 0}
2023-11-20 14:05:37,432 INFO: no action. I am (knime-postgres-cluster-0), the leader with the lock
2023-11-20 14:05:47,427 INFO: no action. I am (knime-postgres-cluster-0), the leader with the lock
2023-11-20 14:05:57,431 INFO: no action. I am (knime-postgres-cluster-0), the leader with the lock
2023-11-20 14:06:06.402 UTC [36] LOG {ticks: 0, maint: 0, retry: 0}
2023-11-20 14:06:07,377 INFO: no action. I am (knime-postgres-cluster-0), the leader with the lock
2023-11-20 14:06:17,434 INFO: no action. I am (knime-postgres-cluster-0), the leader with the lock
2023-11-20 14:06:27,434 INFO: no action. I am (knime-postgres-cluster-0), the leader with the lock
2023-11-20 14:06:36.429 UTC [36] LOG {ticks: 0, maint: 0, retry: 0}
2023-11-20 14:06:37,435 INFO: no action. I am (knime-postgres-cluster-0), the leader with the lock
2023-11-20 14:06:47,431 INFO: no action. I am (knime-postgres-cluster-0), the leader with the lock
2023-11-20 14:06:57,431 INFO: no action. I am (knime-postgres-cluster-0), the leader with the lock
2023-11-20 14:07:06.432 UTC [36] LOG {ticks: 0, maint: 0, retry: 0}
2023-11-20 14:07:07,430 INFO: no action. I am (knime-postgres-cluster-0), the leader with the lock
2023-11-20 14:07:17,436 INFO: no action. I am (knime-postgres-cluster-0), the leader with the lock
2023-11-20 14:07:27,430 INFO: no action. I am (knime-postgres-cluster-0), the leader with the lock
2023-11-20 14:07:36.462 UTC [36] LOG {ticks: 0, maint: 0, retry: 0}
2023-11-20 14:07:37,435 INFO: no action. I am (knime-postgres-cluster-0), the leader with the lock
2023-11-20 14:07:47,435 INFO: no action. I am (knime-postgres-cluster-0), the leader with the lock
2023-11-20 14:07:57,435 INFO: no action. I am (knime-postgres-cluster-0), the leader with the lock
2023-11-20 14:08:06.466 UTC [36] LOG {ticks: 0, maint: 0, retry: 0}
2023-11-20 14:08:07,376 INFO: no action. I am (knime-postgres-cluster-0), the leader with the lock
2023-11-20 14:08:17,426 INFO: no action. I am (knime-postgres-cluster-0), the leader with the lock
2023-11-20 14:08:27,434 INFO: no action. I am (knime-postgres-cluster-0), the leader with the lock
2023-11-20 14:08:36.498 UTC [36] LOG {ticks: 0, maint: 0, retry: 0}
2023-11-20 14:08:37,431 INFO: no action. I am (knime-postgres-cluster-0), the leader with the lock
2023-11-20 14:08:47,426 INFO: no action. I am (knime-postgres-cluster-0), the leader with the lock
2023-11-20 14:08:57,431 INFO: no action. I am (knime-postgres-cluster-0), the leader with the lock
2023-11-20 14:09:06.502 UTC [36] LOG {ticks: 0, maint: 0, retry: 0}
2023-11-20 14:09:07,379 INFO: no action. I am (knime-postgres-cluster-0), the leader with the lock
2023-11-20 14:09:17,432 INFO: no action. I am (knime-postgres-cluster-0), the leader with the lock
2023-11-20 14:09:27,431 INFO: no action. I am (knime-postgres-cluster-0), the leader with the lock
2023-11-20 14:09:36.530 UTC [36] LOG {ticks: 0, maint: 0, retry: 0}
2023-11-20 14:09:37,428 INFO: no action. I am (knime-postgres-cluster-0), the leader with the lock
2023-11-20 14:09:47,432 INFO: no action. I am (knime-postgres-cluster-0), the leader with the lock
2023-11-20 14:09:57,427 INFO: no action. I am (knime-postgres-cluster-0), the leader with the lock
2023-11-20 14:10:06.530 UTC [36] LOG {ticks: 0, maint: 0, retry: 0}
2023-11-20 14:10:07,435 INFO: no action. I am (knime-postgres-cluster-0), the leader with the lock
2023-11-20 14:10:17,427 INFO: no action. I am (knime-postgres-cluster-0), the leader with the lock
2023-11-20 14:10:27,427 INFO: no action. I am (knime-postgres-cluster-0), the leader with the lock
2023-11-20 14:10:36.554 UTC [36] LOG {ticks: 0, maint: 0, retry: 0}
2023-11-20 14:10:37,432 INFO: no action. I am (knime-postgres-cluster-0), the leader with the lock
2023-11-20 14:10:47,430 INFO: no action. I am (knime-postgres-cluster-0), the leader with the lock
2023-11-20 14:10:57,427 INFO: no action. I am (knime-postgres-cluster-0), the leader with the lock
2023-11-20 14:11:06.558 UTC [36] LOG {ticks: 0, maint: 0, retry: 0}
2023-11-20 14:11:07,430 INFO: no action. I am (knime-postgres-cluster-0), the leader with the lock
2023-11-20 14:11:17,426 INFO: no action. I am (knime-postgres-cluster-0), the leader with the lock
2023-11-20 14:11:27,430 INFO: no action. I am (knime-postgres-cluster-0), the leader with the lock
2023-11-20 14:11:36.587 UTC [36] LOG {ticks: 0, maint: 0, retry: 0}
2023-11-20 14:11:37,431 INFO: no action. I am (knime-postgres-cluster-0), the leader with the lock
2023-11-20 14:11:47,427 INFO: no action. I am (knime-postgres-cluster-0), the leader with the lock
2023-11-20 14:11:57,435 INFO: no action. I am (knime-postgres-cluster-0), the leader with the lock
2023-11-20 14:12:06.590 UTC [36] LOG {ticks: 0, maint: 0, retry: 0}
2023-11-20 14:12:07,435 INFO: no action. I am (knime-postgres-cluster-0), the leader with the lock
2023-11-20 14:12:17,434 INFO: no action. I am (knime-postgres-cluster-0), the leader with the lock
2023-11-20 14:12:27,430 INFO: no action. I am (knime-postgres-cluster-0), the leader with the lock
2023-11-20 14:12:36.618 UTC [36] LOG {ticks: 0, maint: 0, retry: 0}
2023-11-20 14:12:37,431 INFO: no action. I am (knime-postgres-cluster-0), the leader with the lock
2023-11-20 14:12:47,430 INFO: no action. I am (knime-postgres-cluster-0), the leader with the lock
2023-11-20 14:12:57,427 INFO: no action. I am (knime-postgres-cluster-0), the leader with the lock
2023-11-20 14:13:06.622 UTC [36] LOG {ticks: 0, maint: 0, retry: 0}
2023-11-20 14:13:07,377 INFO: no action. I am (knime-postgres-cluster-0), the leader with the lock
2023-11-20 14:13:17,430 INFO: no action. I am (knime-postgres-cluster-0), the leader with the lock
2023-11-20 14:13:27,430 INFO: no action. I am (knime-postgres-cluster-0), the leader with the lock
2023-11-20 14:13:36.651 UTC [36] LOG {ticks: 0, maint: 0, retry: 0}
2023-11-20 14:13:37,430 INFO: no action. I am (knime-postgres-cluster-0), the leader with the lock
2023-11-20 14:13:47,427 INFO: no action. I am (knime-postgres-cluster-0), the leader with the lock
2023-11-20 14:13:57,435 INFO: no action. I am (knime-postgres-cluster-0), the leader with the lock
2023-11-20 14:14:06.654 UTC [36] LOG {ticks: 0, maint: 0, retry: 0}
2023-11-20 14:14:07,432 INFO: no action. I am (knime-postgres-cluster-0), the leader with the lock
2023-11-20 14:14:17,430 INFO: no action. I am (knime-postgres-cluster-0), the leader with the lock
2023-11-20 14:14:27,428 INFO: no action. I am (knime-postgres-cluster-0), the leader with the lock
2023-11-20 14:14:36.683 UTC [36] LOG {ticks: 0, maint: 0, retry: 0}
2023-11-20 14:14:37,430 INFO: no action. I am (knime-postgres-cluster-0), the leader with the lock
2023-11-20 14:14:47,427 INFO: no action. I am (knime-postgres-cluster-0), the leader with the lock
2023-11-20 14:14:57,430 INFO: no action. I am (knime-postgres-cluster-0), the leader with the lock
2023-11-20 14:15:06.686 UTC [36] LOG {ticks: 0, maint: 0, retry: 0}
2023-11-20 14:15:07,377 INFO: no action. I am (knime-postgres-cluster-0), the leader with the lock
2023-11-20 14:15:17,432 INFO: no action. I am (knime-postgres-cluster-0), the leader with the lock
2023-11-20 14:15:27,431 INFO: no action. I am (knime-postgres-cluster-0), the leader with the lock
2023-11-20 14:15:36.714 UTC [36] LOG {ticks: 0, maint: 0, retry: 0}
2023-11-20 14:15:37,377 INFO: no action. I am (knime-postgres-cluster-0), the leader with the lock
2023-11-20 14:15:47,426 INFO: no action. I am (knime-postgres-cluster-0), the leader with the lock
2023-11-20 14:15:57,431 INFO: no action. I am (knime-postgres-cluster-0), the leader with the lock
2023-11-20 14:16:06.718 UTC [36] LOG {ticks: 0, maint: 0, retry: 0}
2023-11-20 14:16:07,439 INFO: no action. I am (knime-postgres-cluster-0), the leader with the lock
2023-11-20 14:16:17,436 INFO: no action. I am (knime-postgres-cluster-0), the leader with the lock
2023-11-20 14:16:27,435 INFO: no action. I am (knime-postgres-cluster-0), the leader with the lock
2023-11-20 14:16:36.749 UTC [36] LOG {ticks: 0, maint: 0, retry: 0}
2023-11-20 14:16:37,377 INFO: no action. I am (knime-postgres-cluster-0), the leader with the lock
2023-11-20 14:16:47,432 INFO: no action. I am (knime-postgres-cluster-0), the leader with the lock
2023-11-20 14:16:57,432 INFO: no action. I am (knime-postgres-cluster-0), the leader with the lock
2023-11-20 14:17:06.750 UTC [36] LOG {ticks: 0, maint: 0, retry: 0}
2023-11-20 14:17:07,426 INFO: no action. I am (knime-postgres-cluster-0), the leader with the lock
2023-11-20 14:17:17,430 INFO: no action. I am (knime-postgres-cluster-0), the leader with the lock
2023-11-20 14:17:27,435 INFO: no action. I am (knime-postgres-cluster-0), the leader with the lock
2023-11-20 14:17:36.778 UTC [36] LOG {ticks: 0, maint: 0, retry: 0}
2023-11-20 14:17:37,435 INFO: no action. I am (knime-postgres-cluster-0), the leader with the lock
2023-11-20 14:17:47,428 INFO: no action. I am (knime-postgres-cluster-0), the leader with the lock
2023-11-20 14:17:57,431 INFO: no action. I am (knime-postgres-cluster-0), the leader with the lock
2023-11-20 14:18:06.782 UTC [36] LOG {ticks: 0, maint: 0, retry: 0}
2023-11-20 14:18:07,431 INFO: no action. I am (knime-postgres-cluster-0), the leader with the lock
2023-11-20 14:18:17,430 INFO: no action. I am (knime-postgres-cluster-0), the leader with the lock
2023-11-20 14:18:27,431 INFO: no action. I am (knime-postgres-cluster-0), the leader with the lock
2023-11-20 14:18:36.810 UTC [36] LOG {ticks: 0, maint: 0, retry: 0}
2023-11-20 14:18:37,379 INFO: no action. I am (knime-postgres-cluster-0), the leader with the lock
2023-11-20 14:18:47,427 INFO: no action. I am (knime-postgres-cluster-0), the leader with the lock
2023-11-20 14:18:57,435 INFO: no action. I am (knime-postgres-cluster-0), the leader with the lock
2023-11-20 14:19:06.814 UTC [36] LOG {ticks: 0, maint: 0, retry: 0}
2023-11-20 14:19:07,427 INFO: no action. I am (knime-postgres-cluster-0), the leader with the lock
2023-11-20 14:19:17,434 INFO: no action. I am (knime-postgres-cluster-0), the leader with the lock
2023-11-20 14:19:27,430 INFO: no action. I am (knime-postgres-cluster-0), the leader with the lock
2023-11-20 14:19:36.842 UTC [36] LOG {ticks: 0, maint: 0, retry: 0}
2023-11-20 14:19:37,383 INFO: no action. I am (knime-postgres-cluster-0), the leader with the lock
2023-11-20 14:19:47,427 INFO: no action. I am (knime-postgres-cluster-0), the leader with the lock
2023-11-20 14:19:57,427 INFO: no action. I am (knime-postgres-cluster-0), the leader with the lock
2023-11-20 14:20:06.846 UTC [36] LOG {ticks: 0, maint: 0, retry: 0}
2023-11-20 14:20:07,432 INFO: no action. I am (knime-postgres-cluster-0), the leader with the lock
2023-11-20 14:20:17,431 INFO: no action. I am (knime-postgres-cluster-0), the leader with the lock
2023-11-20 14:20:27,437 INFO: no action. I am (knime-postgres-cluster-0), the leader with the lock
2023-11-20 14:20:36.875 UTC [36] LOG {ticks: 0, maint: 0, retry: 0}
2023-11-20 14:20:37,431 INFO: no action. I am (knime-postgres-cluster-0), the leader with the lock
2023-11-20 14:20:47,431 INFO: no action. I am (knime-postgres-cluster-0), the leader with the lock
2023-11-20 14:20:57,430 INFO: no action. I am (knime-postgres-cluster-0), the leader with the lock
2023-11-20 14:21:06.878 UTC [36] LOG {ticks: 0, maint: 0, retry: 0}
2023-11-20 14:21:07,431 INFO: no action. I am (knime-postgres-cluster-0), the leader with the lock
2023-11-20 14:21:17,432 INFO: no action. I am (knime-postgres-cluster-0), the leader with the lock
2023-11-20 14:21:27,431 INFO: no action. I am (knime-postgres-cluster-0), the leader with the lock
2023-11-20 14:21:36.908 UTC [36] LOG {ticks: 0, maint: 0, retry: 0}
2023-11-20 14:21:37,377 INFO: no action. I am (knime-postgres-cluster-0), the leader with the lock
2023-11-20 14:21:47,431 INFO: no action. I am (knime-postgres-cluster-0), the leader with the lock
2023-11-20 14:21:57,435 INFO: no action. I am (knime-postgres-cluster-0), the leader with the lock
2023-11-20 14:22:06.910 UTC [36] LOG {ticks: 0, maint: 0, retry: 0}
2023-11-20 14:22:07,432 INFO: no action. I am (knime-postgres-cluster-0), the leader with the lock
2023-11-20 14:22:17,431 INFO: no action. I am (knime-postgres-cluster-0), the leader with the lock
2023-11-20 14:22:27,430 INFO: no action. I am (knime-postgres-cluster-0), the leader with the lock
2023-11-20 14:22:36.938 UTC [36] LOG {ticks: 0, maint: 0, retry: 0}
2023-11-20 14:22:37,377 INFO: no action. I am (knime-postgres-cluster-0), the leader with the lock
2023-11-20 14:22:47,432 INFO: no action. I am (knime-postgres-cluster-0), the leader with the lock
2023-11-20 14:22:57,431 INFO: no action. I am (knime-postgres-cluster-0), the leader with the lock
2023-11-20 14:23:06.942 UTC [36] LOG {ticks: 0, maint: 0, retry: 0}
2023-11-20 14:23:07,427 INFO: no action. I am (knime-postgres-cluster-0), the leader with the lock
2023-11-20 14:23:17,427 INFO: no action. I am (knime-postgres-cluster-0), the leader with the lock
2023-11-20 14:23:27,432 INFO: no action. I am (knime-postgres-cluster-0), the leader with the lock
2023-11-20 14:23:36.972 UTC [36] LOG {ticks: 0, maint: 0, retry: 0}
2023-11-20 14:23:37,379 INFO: no action. I am (knime-postgres-cluster-0), the leader with the lock
2023-11-20 14:23:47,440 INFO: no action. I am (knime-postgres-cluster-0), the leader with the lock
2023-11-20 14:23:57,431 INFO: no action. I am (knime-postgres-cluster-0), the leader with the lock
2023-11-20 14:24:06.974 UTC [36] LOG {ticks: 0, maint: 0, retry: 0}
2023-11-20 14:24:07,437 INFO: no action. I am (knime-postgres-cluster-0), the leader with the lock
2023-11-20 14:24:17,435 INFO: no action. I am (knime-postgres-cluster-0), the leader with the lock
2023-11-20 14:24:27,428 INFO: no action. I am (knime-postgres-cluster-0), the leader with the lock
2023-11-20 14:24:37.003 UTC [36] LOG {ticks: 0, maint: 0, retry: 0}
2023-11-20 14:24:37,432 INFO: no action. I am (knime-postgres-cluster-0), the leader with the lock
2023-11-20 14:24:47,428 INFO: no action. I am (knime-postgres-cluster-0), the leader with the lock
2023-11-20 14:24:57,435 INFO: no action. I am (knime-postgres-cluster-0), the leader with the lock
2023-11-20 14:25:07.006 UTC [36] LOG {ticks: 0, maint: 0, retry: 0}
2023-11-20 14:25:07,436 INFO: no action. I am (knime-postgres-cluster-0), the leader with the lock
2023-11-20 14:25:17,431 INFO: no action. I am (knime-postgres-cluster-0), the leader with the lock
2023-11-20 14:25:27,428 INFO: no action. I am (knime-postgres-cluster-0), the leader with the lock
2023-11-20 14:25:37.027 UTC [36] LOG {ticks: 0, maint: 0, retry: 0}
2023-11-20 14:25:37,432 INFO: no action. I am (knime-postgres-cluster-0), the leader with the lock
2023-11-20 14:25:47,428 INFO: no action. I am (knime-postgres-cluster-0), the leader with the lock
2023-11-20 14:25:57,432 INFO: no action. I am (knime-postgres-cluster-0), the leader with the lock
2023-11-20 14:26:07.030 UTC [36] LOG {ticks: 0, maint: 0, retry: 0}
2023-11-20 14:26:07,377 INFO: no action. I am (knime-postgres-cluster-0), the leader with the lock
2023-11-20 14:26:17,431 INFO: no action. I am (knime-postgres-cluster-0), the leader with the lock
2023-11-20 14:26:27,426 INFO: no action. I am (knime-postgres-cluster-0), the leader with the lock
2023-11-20 14:26:37.058 UTC [36] LOG {ticks: 0, maint: 0, retry: 0}
2023-11-20 14:26:37,430 INFO: no action. I am (knime-postgres-cluster-0), the leader with the lock
2023-11-20 14:26:47,435 INFO: no action. I am (knime-postgres-cluster-0), the leader with the lock
2023-11-20 14:26:57,436 INFO: no action. I am (knime-postgres-cluster-0), the leader with the lock
2023-11-20 14:27:07.062 UTC [36] LOG {ticks: 0, maint: 0, retry: 0}
2023-11-20 14:27:07,432 INFO: no action. I am (knime-postgres-cluster-0), the leader with the lock
2023-11-20 14:27:17,435 INFO: no action. I am (knime-postgres-cluster-0), the leader with the lock
2023-11-20 14:27:27,440 INFO: no action. I am (knime-postgres-cluster-0), the leader with the lock
2023-11-20 14:27:37.092 UTC [36] LOG {ticks: 0, maint: 0, retry: 0}
2023-11-20 14:27:37,431 INFO: no action. I am (knime-postgres-cluster-0), the leader with the lock
2023-11-20 14:27:47,436 INFO: no action. I am (knime-postgres-cluster-0), the leader with the lock
2023-11-20 14:27:57,432 INFO: no action. I am (knime-postgres-cluster-0), the leader with the lock
2023-11-20 14:28:07.094 UTC [36] LOG {ticks: 0, maint: 0, retry: 0}
2023-11-20 14:28:07,377 INFO: no action. I am (knime-postgres-cluster-0), the leader with the lock
2023-11-20 14:28:17,432 INFO: no action. I am (knime-postgres-cluster-0), the leader with the lock
2023-11-20 14:28:27,439 INFO: no action. I am (knime-postgres-cluster-0), the leader with the lock
2023-11-20 14:28:37.122 UTC [36] LOG {ticks: 0, maint: 0, retry: 0}
2023-11-20 14:28:37,438 INFO: no action. I am (knime-postgres-cluster-0), the leader with the lock
2023-11-20 14:28:47,431 INFO: no action. I am (knime-postgres-cluster-0), the leader with the lock
2023-11-20 14:28:57,428 INFO: no action. I am (knime-postgres-cluster-0), the leader with the lock
2023-11-20 14:29:07.126 UTC [36] LOG {ticks: 0, maint: 0, retry: 0}
2023-11-20 14:29:07,432 INFO: no action. I am (knime-postgres-cluster-0), the leader with the lock
2023-11-20 14:29:17,431 INFO: no action. I am (knime-postgres-cluster-0), the leader with the lock
2023-11-20 14:29:27,427 INFO: no action. I am (knime-postgres-cluster-0), the leader with the lock
2023-11-20 14:29:37.155 UTC [36] LOG {ticks: 0, maint: 0, retry: 0}
2023-11-20 14:29:37,427 INFO: no action. I am (knime-postgres-cluster-0), the leader with the lock
2023-11-20 14:29:47,431 INFO: no action. I am (knime-postgres-cluster-0), the leader with the lock
2023-11-20 14:29:57,431 INFO: no action. I am (knime-postgres-cluster-0), the leader with the lock
2023-11-20 14:30:07.159 UTC [36] LOG {ticks: 0, maint: 0, retry: 0}
2023-11-20 14:30:07,377 INFO: no action. I am (knime-postgres-cluster-0), the leader with the lock
2023-11-20 14:30:17,430 INFO: no action. I am (knime-postgres-cluster-0), the leader with the lock
2023-11-20 14:30:27,431 INFO: no action. I am (knime-postgres-cluster-0), the leader with the lock
2023-11-20 14:30:37.189 UTC [36] LOG {ticks: 0, maint: 0, retry: 0}
2023-11-20 14:30:37,439 INFO: no action. I am (knime-postgres-cluster-0), the leader with the lock
2023-11-20 14:30:47,431 INFO: no action. I am (knime-postgres-cluster-0), the leader with the lock
2023-11-20 14:30:57,431 INFO: no action. I am (knime-postgres-cluster-0), the leader with the lock
2023-11-20 14:31:07.190 UTC [36] LOG {ticks: 0, maint: 0, retry: 0}
2023-11-20 14:31:07,377 INFO: no action. I am (knime-postgres-cluster-0), the leader with the lock
2023-11-20 14:31:17,432 INFO: no action. I am (knime-postgres-cluster-0), the leader with the lock
2023-11-20 14:31:27,434 INFO: no action. I am (knime-postgres-cluster-0), the leader with the lock
2023-11-20 14:31:37.213 UTC [36] LOG {ticks: 0, maint: 0, retry: 0}
2023-11-20 14:31:37,431 INFO: no action. I am (knime-postgres-cluster-0), the leader with the lock
2023-11-20 14:31:47,426 INFO: no action. I am (knime-postgres-cluster-0), the leader with the lock
2023-11-20 14:31:57,432 INFO: no action. I am (knime-postgres-cluster-0), the leader with the lock
2023-11-20 14:32:07.214 UTC [36] LOG {ticks: 0, maint: 0, retry: 0}
2023-11-20 14:32:07,431 INFO: no action. I am (knime-postgres-cluster-0), the leader with the lock
2023-11-20 14:32:17,431 INFO: no action. I am (knime-postgres-cluster-0), the leader with the lock
2023-11-20 14:32:27,439 INFO: no action. I am (knime-postgres-cluster-0), the leader with the lock
2023-11-20 14:32:37.242 UTC [36] LOG {ticks: 0, maint: 0, retry: 0}
2023-11-20 14:32:37,431 INFO: no action. I am (knime-postgres-cluster-0), the leader with the lock
2023-11-20 14:32:47,435 INFO: no action. I am (knime-postgres-cluster-0), the leader with the lock
2023-11-20 14:32:57,431 INFO: no action. I am (knime-postgres-cluster-0), the leader with the lock
2023-11-20 14:33:07.246 UTC [36] LOG {ticks: 0, maint: 0, retry: 0}
2023-11-20 14:33:07,432 INFO: no action. I am (knime-postgres-cluster-0), the leader with the lock
2023-11-20 14:33:17,427 INFO: no action. I am (knime-postgres-cluster-0), the leader with the lock
2023-11-20 14:33:27,427 INFO: no action. I am (knime-postgres-cluster-0), the leader with the lock
2023-11-20 14:33:37.274 UTC [36] LOG {ticks: 0, maint: 0, retry: 0}
2023-11-20 14:33:37,383 INFO: no action. I am (knime-postgres-cluster-0), the leader with the lock
2023-11-20 14:33:47,431 INFO: no action. I am (knime-postgres-cluster-0), the leader with the lock
2023-11-20 14:33:57,431 INFO: no action. I am (knime-postgres-cluster-0), the leader with the lock
2023-11-20 14:34:07.278 UTC [36] LOG {ticks: 0, maint: 0, retry: 0}
2023-11-20 14:34:07,431 INFO: no action. I am (knime-postgres-cluster-0), the leader with the lock
2023-11-20 14:34:17,435 INFO: no action. I am (knime-postgres-cluster-0), the leader with the lock
2023-11-20 14:34:27,432 INFO: no action. I am (knime-postgres-cluster-0), the leader with the lock
2023-11-20 14:34:37.308 UTC [36] LOG {ticks: 0, maint: 0, retry: 0}
2023-11-20 14:34:37,431 INFO: no action. I am (knime-postgres-cluster-0), the leader with the lock
2023-11-20 14:34:47,435 INFO: no action. I am (knime-postgres-cluster-0), the leader with the lock
2023-11-20 14:34:57,431 INFO: no action. I am (knime-postgres-cluster-0), the leader with the lock
2023-11-20 14:35:07.310 UTC [36] LOG {ticks: 0, maint: 0, retry: 0}
2023-11-20 14:35:07,435 INFO: no action. I am (knime-postgres-cluster-0), the leader with the lock
2023-11-20 14:35:17,431 INFO: no action. I am (knime-postgres-cluster-0), the leader with the lock
2023-11-20 14:35:27,434 INFO: no action. I am (knime-postgres-cluster-0), the leader with the lock
2023-11-20 14:35:37.338 UTC [36] LOG {ticks: 0, maint: 0, retry: 0}
2023-11-20 14:35:37,383 INFO: no action. I am (knime-postgres-cluster-0), the leader with the lock
2023-11-20 14:35:47,426 INFO: no action. I am (knime-postgres-cluster-0), the leader with the lock
2023-11-20 14:35:57,435 INFO: no action. I am (knime-postgres-cluster-0), the leader with the lock
2023-11-20 14:36:07.342 UTC [36] LOG {ticks: 0, maint: 0, retry: 0}
2023-11-20 14:36:07,431 INFO: no action. I am (knime-postgres-cluster-0), the leader with the lock
2023-11-20 14:36:17,430 INFO: no action. I am (knime-postgres-cluster-0), the leader with the lock
2023-11-20 14:36:27,430 INFO: no action. I am (knime-postgres-cluster-0), the leader with the lock
2023-11-20 14:36:37.371 UTC [36] LOG {ticks: 0, maint: 0, retry: 0}
2023-11-20 14:36:37,377 INFO: no action. I am (knime-postgres-cluster-0), the leader with the lock
2023-11-20 14:36:47,432 INFO: no action. I am (knime-postgres-cluster-0), the leader with the lock
2023-11-20 14:36:57,431 INFO: no action. I am (knime-postgres-cluster-0), the leader with the lock
2023-11-20 14:37:07.374 UTC [36] LOG {ticks: 0, maint: 0, retry: 0}
2023-11-20 14:37:07,427 INFO: no action. I am (knime-postgres-cluster-0), the leader with the lock
2023-11-20 14:37:17,426 INFO: no action. I am (knime-postgres-cluster-0), the leader with the lock
2023-11-20 14:37:27,427 INFO: no action. I am (knime-postgres-cluster-0), the leader with the lock
2023-11-20 14:37:37.402 UTC [36] LOG {ticks: 0, maint: 0, retry: 0}
2023-11-20 14:37:37,436 INFO: no action. I am (knime-postgres-cluster-0), the leader with the lock
2023-11-20 14:37:47,427 INFO: no action. I am (knime-postgres-cluster-0), the leader with the lock
2023-11-20 14:37:57,435 INFO: no action. I am (knime-postgres-cluster-0), the leader with the lock
2023-11-20 14:38:07.406 UTC [36] LOG {ticks: 0, maint: 0, retry: 0}
2023-11-20 14:38:07,432 INFO: no action. I am (knime-postgres-cluster-0), the leader with the lock
2023-11-20 14:38:17,431 INFO: no action. I am (knime-postgres-cluster-0), the leader with the lock
2023-11-20 14:38:27,430 INFO: no action. I am (knime-postgres-cluster-0), the leader with the lock
2023-11-20 14:38:37,383 INFO: no action. I am (knime-postgres-cluster-0), the leader with the lock
2023-11-20 14:38:37.434 UTC [36] LOG {ticks: 0, maint: 0, retry: 0}
2023-11-20 14:38:47,439 INFO: no action. I am (knime-postgres-cluster-0), the leader with the lock
2023-11-20 14:38:57,430 INFO: no action. I am (knime-postgres-cluster-0), the leader with the lock
2023-11-20 14:39:07,427 INFO: no action. I am (knime-postgres-cluster-0), the leader with the lock
2023-11-20 14:39:07.438 UTC [36] LOG {ticks: 0, maint: 0, retry: 0}
2023-11-20 14:39:17,432 INFO: no action. I am (knime-postgres-cluster-0), the leader with the lock
2023-11-20 14:39:27,431 INFO: no action. I am (knime-postgres-cluster-0), the leader with the lock
2023-11-20 14:39:37,379 INFO: no action. I am (knime-postgres-cluster-0), the leader with the lock
2023-11-20 14:39:37.466 UTC [36] LOG {ticks: 0, maint: 0, retry: 0}
2023-11-20 14:39:47,432 INFO: no action. I am (knime-postgres-cluster-0), the leader with the lock
2023-11-20 14:39:57,435 INFO: no action. I am (knime-postgres-cluster-0), the leader with the lock
2023-11-20 14:40:07,435 INFO: no action. I am (knime-postgres-cluster-0), the leader with the lock
2023-11-20 14:40:07.470 UTC [36] LOG {ticks: 0, maint: 0, retry: 0}
2023-11-20 14:40:17,428 INFO: no action. I am (knime-postgres-cluster-0), the leader with the lock
2023-11-20 14:40:27,432 INFO: no action. I am (knime-postgres-cluster-0), the leader with the lock
2023-11-20 14:40:37,435 INFO: no action. I am (knime-postgres-cluster-0), the leader with the lock
2023-11-20 14:40:37.499 UTC [36] LOG {ticks: 0, maint: 0, retry: 0}
2023-11-20 14:40:47,437 INFO: no action. I am (knime-postgres-cluster-0), the leader with the lock
2023-11-20 14:40:57,431 INFO: no action. I am (knime-postgres-cluster-0), the leader with the lock
2023-11-20 14:41:07,377 INFO: no action. I am (knime-postgres-cluster-0), the leader with the lock
2023-11-20 14:41:07.503 UTC [36] LOG {ticks: 0, maint: 0, retry: 0}
2023-11-20 14:41:17,430 INFO: no action. I am (knime-postgres-cluster-0), the leader with the lock
2023-11-20 14:41:27,430 INFO: no action. I am (knime-postgres-cluster-0), the leader with the lock
2023-11-20 14:41:37,431 INFO: no action. I am (knime-postgres-cluster-0), the leader with the lock
2023-11-20 14:41:37.530 UTC [36] LOG {ticks: 0, maint: 0, retry: 0}
2023-11-20 14:41:47,427 INFO: no action. I am (knime-postgres-cluster-0), the leader with the lock
2023-11-20 14:41:57,436 INFO: no action. I am (knime-postgres-cluster-0), the leader with the lock
2023-11-20 14:42:07,430 INFO: no action. I am (knime-postgres-cluster-0), the leader with the lock
2023-11-20 14:42:07.535 UTC [36] LOG {ticks: 0, maint: 0, retry: 0}
2023-11-20 14:42:17,432 INFO: no action. I am (knime-postgres-cluster-0), the leader with the lock
2023-11-20 14:42:27,428 INFO: no action. I am (knime-postgres-cluster-0), the leader with the lock
2023-11-20 14:42:37,434 INFO: no action. I am (knime-postgres-cluster-0), the leader with the lock
2023-11-20 14:42:37.562 UTC [36] LOG {ticks: 0, maint: 0, retry: 0}
2023-11-20 14:42:47,440 INFO: no action. I am (knime-postgres-cluster-0), the leader with the lock
2023-11-20 14:42:57,436 INFO: no action. I am (knime-postgres-cluster-0), the leader with the lock
2023-11-20 14:43:07,381 INFO: no action. I am (knime-postgres-cluster-0), the leader with the lock
2023-11-20 14:43:07.566 UTC [36] LOG {ticks: 0, maint: 0, retry: 0}
2023-11-20 14:43:17,431 INFO: no action. I am (knime-postgres-cluster-0), the leader with the lock
2023-11-20 14:43:27,432 INFO: no action. I am (knime-postgres-cluster-0), the leader with the lock
2023-11-20 14:43:37,427 INFO: no action. I am (knime-postgres-cluster-0), the leader with the lock
2023-11-20 14:43:37.594 UTC [36] LOG {ticks: 0, maint: 0, retry: 0}
2023-11-20 14:43:47,431 INFO: no action. I am (knime-postgres-cluster-0), the leader with the lock
2023-11-20 14:43:57,436 INFO: no action. I am (knime-postgres-cluster-0), the leader with the lock
2023-11-20 14:44:07,431 INFO: no action. I am (knime-postgres-cluster-0), the leader with the lock
2023-11-20 14:44:07.598 UTC [36] LOG {ticks: 0, maint: 0, retry: 0}
2023-11-20 14:44:17,430 INFO: no action. I am (knime-postgres-cluster-0), the leader with the lock
2023-11-20 14:44:27,430 INFO: no action. I am (knime-postgres-cluster-0), the leader with the lock
2023-11-20 14:44:37,435 INFO: no action. I am (knime-postgres-cluster-0), the leader with the lock
2023-11-20 14:44:37.626 UTC [36] LOG {ticks: 0, maint: 0, retry: 0}
2023-11-20 14:44:47,431 INFO: no action. I am (knime-postgres-cluster-0), the leader with the lock
2023-11-20 14:44:57,442 INFO: no action. I am (knime-postgres-cluster-0), the leader with the lock
2023-11-20 14:45:07,437 INFO: no action. I am (knime-postgres-cluster-0), the leader with the lock
2023-11-20 14:45:07.630 UTC [36] LOG {ticks: 0, maint: 0, retry: 0}
2023-11-20 14:45:17,436 INFO: no action. I am (knime-postgres-cluster-0), the leader with the lock
2023-11-20 14:45:27,432 INFO: no action. I am (knime-postgres-cluster-0), the leader with the lock
2023-11-20 14:45:37,428 INFO: no action. I am (knime-postgres-cluster-0), the leader with the lock
2023-11-20 14:45:37.658 UTC [36] LOG {ticks: 0, maint: 0, retry: 0}
2023-11-20 14:45:47,435 INFO: no action. I am (knime-postgres-cluster-0), the leader with the lock
2023-11-20 14:45:57,432 INFO: no action. I am (knime-postgres-cluster-0), the leader with the lock
2023-11-20 14:46:07,381 INFO: no action. I am (knime-postgres-cluster-0), the leader with the lock
2023-11-20 14:46:07.663 UTC [36] LOG {ticks: 0, maint: 0, retry: 0}
2023-11-20 14:46:17,431 INFO: no action. I am (knime-postgres-cluster-0), the leader with the lock
2023-11-20 14:46:27,435 INFO: no action. I am (knime-postgres-cluster-0), the leader with the lock
2023-11-20 14:46:37,431 INFO: no action. I am (knime-postgres-cluster-0), the leader with the lock
2023-11-20 14:46:37.690 UTC [36] LOG {ticks: 0, maint: 0, retry: 0}
2023-11-20 14:46:47,435 INFO: no action. I am (knime-postgres-cluster-0), the leader with the lock
2023-11-20 14:46:57,431 INFO: no action. I am (knime-postgres-cluster-0), the leader with the lock
2023-11-20 14:47:07,436 INFO: no action. I am (knime-postgres-cluster-0), the leader with the lock
2023-11-20 14:47:07.695 UTC [36] LOG {ticks: 0, maint: 0, retry: 0}
2023-11-20 14:47:17,435 INFO: no action. I am (knime-postgres-cluster-0), the leader with the lock
2023-11-20 14:47:27,432 INFO: no action. I am (knime-postgres-cluster-0), the leader with the lock
2023-11-20 14:47:37,427 INFO: no action. I am (knime-postgres-cluster-0), the leader with the lock
2023-11-20 14:47:37.720 UTC [36] LOG {ticks: 0, maint: 0, retry: 0}
2023-11-20 14:47:47,432 INFO: no action. I am (knime-postgres-cluster-0), the leader with the lock
2023-11-20 14:47:57,435 INFO: no action. I am (knime-postgres-cluster-0), the leader with the lock
2023-11-20 14:48:07,431 INFO: no action. I am (knime-postgres-cluster-0), the leader with the lock
2023-11-20 14:48:07.722 UTC [36] LOG {ticks: 0, maint: 0, retry: 0}
2023-11-20 14:48:17,435 INFO: no action. I am (knime-postgres-cluster-0), the leader with the lock
2023-11-20 14:48:27,432 INFO: no action. I am (knime-postgres-cluster-0), the leader with the lock
2023-11-20 14:48:37,431 INFO: no action. I am (knime-postgres-cluster-0), the leader with the lock
2023-11-20 14:48:37.750 UTC [36] LOG {ticks: 0, maint: 0, retry: 0}
2023-11-20 14:48:47,431 INFO: no action. I am (knime-postgres-cluster-0), the leader with the lock
2023-11-20 14:48:57,432 INFO: no action. I am (knime-postgres-cluster-0), the leader with the lock
2023-11-20 14:49:07,432 INFO: no action. I am (knime-postgres-cluster-0), the leader with the lock
2023-11-20 14:49:07.754 UTC [36] LOG {ticks: 0, maint: 0, retry: 0}
2023-11-20 14:49:17,435 INFO: no action. I am (knime-postgres-cluster-0), the leader with the lock
2023-11-20 14:49:27,432 INFO: no action. I am (knime-postgres-cluster-0), the leader with the lock
2023-11-20 14:49:37,377 INFO: no action. I am (knime-postgres-cluster-0), the leader with the lock
2023-11-20 14:49:37.782 UTC [36] LOG {ticks: 0, maint: 0, retry: 0}
2023-11-20 14:49:47,431 INFO: no action. I am (knime-postgres-cluster-0), the leader with the lock
2023-11-20 14:49:57,435 INFO: no action. I am (knime-postgres-cluster-0), the leader with the lock
2023-11-20 14:50:07,431 INFO: no action. I am (knime-postgres-cluster-0), the leader with the lock
2023-11-20 14:50:07.786 UTC [36] LOG {ticks: 0, maint: 0, retry: 0}
2023-11-20 14:50:17,431 INFO: no action. I am (knime-postgres-cluster-0), the leader with the lock
2023-11-20 14:50:27,431 INFO: no action. I am (knime-postgres-cluster-0), the leader with the lock
2023-11-20 14:50:37,379 INFO: no action. I am (knime-postgres-cluster-0), the leader with the lock
2023-11-20 14:50:37.815 UTC [36] LOG {ticks: 0, maint: 0, retry: 0}
2023-11-20 14:50:47,432 INFO: no action. I am (knime-postgres-cluster-0), the leader with the lock
2023-11-20 14:50:57,431 INFO: no action. I am (knime-postgres-cluster-0), the leader with the lock
2023-11-20 14:51:07,433 INFO: no action. I am (knime-postgres-cluster-0), the leader with the lock
2023-11-20 14:51:07.818 UTC [36] LOG {ticks: 0, maint: 0, retry: 0}
2023-11-20 14:51:17,431 INFO: no action. I am (knime-postgres-cluster-0), the leader with the lock
2023-11-20 14:51:27,431 INFO: no action. I am (knime-postgres-cluster-0), the leader with the lock
2023-11-20 14:51:37,431 INFO: no action. I am (knime-postgres-cluster-0), the leader with the lock
2023-11-20 14:51:37.847 UTC [36] LOG {ticks: 0, maint: 0, retry: 0}
2023-11-20 14:51:47,435 INFO: no action. I am (knime-postgres-cluster-0), the leader with the lock
2023-11-20 14:51:57,432 INFO: no action. I am (knime-postgres-cluster-0), the leader with the lock
2023-11-20 14:52:07,431 INFO: no action. I am (knime-postgres-cluster-0), the leader with the lock
2023-11-20 14:52:07.850 UTC [36] LOG {ticks: 0, maint: 0, retry: 0}
2023-11-20 14:52:17,427 INFO: no action. I am (knime-postgres-cluster-0), the leader with the lock
2023-11-20 14:52:27,432 INFO: no action. I am (knime-postgres-cluster-0), the leader with the lock
2023-11-20 14:52:37,440 INFO: no action. I am (knime-postgres-cluster-0), the leader with the lock
2023-11-20 14:52:37.858 UTC [36] LOG {ticks: 0, maint: 0, retry: 0}
2023-11-20 14:52:47,431 INFO: no action. I am (knime-postgres-cluster-0), the leader with the lock
2023-11-20 14:52:57,440 INFO: no action. I am (knime-postgres-cluster-0), the leader with the lock
2023-11-20 14:53:07,435 INFO: no action. I am (knime-postgres-cluster-0), the leader with the lock
2023-11-20 14:53:07.862 UTC [36] LOG {ticks: 0, maint: 0, retry: 0}
2023-11-20 14:53:17,434 INFO: no action. I am (knime-postgres-cluster-0), the leader with the lock
2023-11-20 14:53:27,431 INFO: no action. I am (knime-postgres-cluster-0), the leader with the lock
2023-11-20 14:53:37,378 INFO: no action. I am (knime-postgres-cluster-0), the leader with the lock
2023-11-20 14:53:37.892 UTC [36] LOG {ticks: 0, maint: 0, retry: 0}
2023-11-20 14:53:47,431 INFO: no action. I am (knime-postgres-cluster-0), the leader with the lock
2023-11-20 14:53:57,441 INFO: no action. I am (knime-postgres-cluster-0), the leader with the lock
2023-11-20 14:54:07,432 INFO: no action. I am (knime-postgres-cluster-0), the leader with the lock
2023-11-20 14:54:07.894 UTC [36] LOG {ticks: 0, maint: 0, retry: 0}
2023-11-20 14:54:17,435 INFO: no action. I am (knime-postgres-cluster-0), the leader with the lock
2023-11-20 14:54:27,435 INFO: no action. I am (knime-postgres-cluster-0), the leader with the lock
2023-11-20 14:54:37,382 INFO: no action. I am (knime-postgres-cluster-0), the leader with the lock
2023-11-20 14:54:37.922 UTC [36] LOG {ticks: 0, maint: 0, retry: 0}
2023-11-20 14:54:47,427 INFO: no action. I am (knime-postgres-cluster-0), the leader with the lock
2023-11-20 14:54:57,427 INFO: no action. I am (knime-postgres-cluster-0), the leader with the lock
2023-11-20 14:55:07,436 INFO: no action. I am (knime-postgres-cluster-0), the leader with the lock
2023-11-20 14:55:07.926 UTC [36] LOG {ticks: 0, maint: 0, retry: 0}
2023-11-20 14:55:17,427 INFO: no action. I am (knime-postgres-cluster-0), the leader with the lock
2023-11-20 14:55:27,434 INFO: no action. I am (knime-postgres-cluster-0), the leader with the lock
2023-11-20 14:55:37,427 INFO: no action. I am (knime-postgres-cluster-0), the leader with the lock
2023-11-20 14:55:37.956 UTC [36] LOG {ticks: 0, maint: 0, retry: 0}
2023-11-20 14:55:47,431 INFO: no action. I am (knime-postgres-cluster-0), the leader with the lock
2023-11-20 14:55:57,439 INFO: no action. I am (knime-postgres-cluster-0), the leader with the lock
2023-11-20 14:56:07,427 INFO: no action. I am (knime-postgres-cluster-0), the leader with the lock
2023-11-20 14:56:07.958 UTC [36] LOG {ticks: 0, maint: 0, retry: 0}
2023-11-20 14:56:17,426 INFO: no action. I am (knime-postgres-cluster-0), the leader with the lock
2023-11-20 14:56:27,430 INFO: no action. I am (knime-postgres-cluster-0), the leader with the lock
2023-11-20 14:56:37,431 INFO: no action. I am (knime-postgres-cluster-0), the leader with the lock
2023-11-20 14:56:37.978 UTC [36] LOG {ticks: 0, maint: 0, retry: 0}
2023-11-20 14:56:47,435 INFO: no action. I am (knime-postgres-cluster-0), the leader with the lock
2023-11-20 14:56:57,427 INFO: no action. I am (knime-postgres-cluster-0), the leader with the lock
2023-11-20 14:57:07,431 INFO: no action. I am (knime-postgres-cluster-0), the leader with the lock
2023-11-20 14:57:07.982 UTC [36] LOG {ticks: 0, maint: 0, retry: 0}
2023-11-20 14:57:17,427 INFO: no action. I am (knime-postgres-cluster-0), the leader with the lock
2023-11-20 14:57:27,434 INFO: no action. I am (knime-postgres-cluster-0), the leader with the lock
2023-11-20 14:57:37,431 INFO: no action. I am (knime-postgres-cluster-0), the leader with the lock
2023-11-20 14:57:38.010 UTC [36] LOG {ticks: 0, maint: 0, retry: 0}
2023-11-20 14:57:47,432 INFO: no action. I am (knime-postgres-cluster-0), the leader with the lock
2023-11-20 14:57:57,435 INFO: no action. I am (knime-postgres-cluster-0), the leader with the lock
2023-11-20 14:58:07,426 INFO: no action. I am (knime-postgres-cluster-0), the leader with the lock
2023-11-20 14:58:08.014 UTC [36] LOG {ticks: 0, maint: 0, retry: 0}
2023-11-20 14:58:17,427 INFO: no action. I am (knime-postgres-cluster-0), the leader with the lock
2023-11-20 14:58:27,431 INFO: no action. I am (knime-postgres-cluster-0), the leader with the lock
2023-11-20 14:58:37,431 INFO: no action. I am (knime-postgres-cluster-0), the leader with the lock
2023-11-20 14:58:38.042 UTC [36] LOG {ticks: 0, maint: 0, retry: 0}
2023-11-20 14:58:47,432 INFO: no action. I am (knime-postgres-cluster-0), the leader with the lock
2023-11-20 14:58:57,426 INFO: no action. I am (knime-postgres-cluster-0), the leader with the lock
2023-11-20 14:59:07,430 INFO: no action. I am (knime-postgres-cluster-0), the leader with the lock
2023-11-20 14:59:08.046 UTC [36] LOG {ticks: 0, maint: 0, retry: 0}
2023-11-20 14:59:17,431 INFO: no action. I am (knime-postgres-cluster-0), the leader with the lock
2023-11-20 14:59:27,431 INFO: no action. I am (knime-postgres-cluster-0), the leader with the lock
2023-11-20 14:59:37,431 INFO: no action. I am (knime-postgres-cluster-0), the leader with the lock
2023-11-20 14:59:38.064 UTC [36] LOG {ticks: 0, maint: 0, retry: 0}
2023-11-20 14:59:47,432 INFO: no action. I am (knime-postgres-cluster-0), the leader with the lock
2023-11-20 14:59:57,427 INFO: no action. I am (knime-postgres-cluster-0), the leader with the lock
2023-11-20 15:00:07,381 INFO: no action. I am (knime-postgres-cluster-0), the leader with the lock
2023-11-20 15:00:08.066 UTC [36] LOG {ticks: 0, maint: 0, retry: 0}
2023-11-20 15:00:17,434 INFO: no action. I am (knime-postgres-cluster-0), the leader with the lock
2023-11-20 15:00:27,432 INFO: no action. I am (knime-postgres-cluster-0), the leader with the lock
2023-11-20 15:00:37,430 INFO: no action. I am (knime-postgres-cluster-0), the leader with the lock
2023-11-20 15:00:38.083 UTC [36] LOG {ticks: 0, maint: 0, retry: 0}
2023-11-20 15:00:47,435 INFO: no action. I am (knime-postgres-cluster-0), the leader with the lock
2023-11-20 15:00:57,431 INFO: no action. I am (knime-postgres-cluster-0), the leader with the lock
2023-11-20 15:01:07,377 INFO: no action. I am (knime-postgres-cluster-0), the leader with the lock
2023-11-20 15:01:08.086 UTC [36] LOG {ticks: 0, maint: 0, retry: 0}
2023-11-20 15:01:17,430 INFO: no action. I am (knime-postgres-cluster-0), the leader with the lock
2023-11-20 15:01:27,435 INFO: no action. I am (knime-postgres-cluster-0), the leader with the lock
2023-11-20 15:01:37,431 INFO: no action. I am (knime-postgres-cluster-0), the leader with the lock
2023-11-20 15:01:38.116 UTC [36] LOG {ticks: 0, maint: 0, retry: 0}
2023-11-20 15:01:47,427 INFO: no action. I am (knime-postgres-cluster-0), the leader with the lock
2023-11-20 15:01:57,430 INFO: no action. I am (knime-postgres-cluster-0), the leader with the lock
2023-11-20 15:02:07,428 INFO: no action. I am (knime-postgres-cluster-0), the leader with the lock
2023-11-20 15:02:08.119 UTC [36] LOG {ticks: 0, maint: 0, retry: 0}
2023-11-20 15:02:17,434 INFO: no action. I am (knime-postgres-cluster-0), the leader with the lock
2023-11-20 15:02:27,428 INFO: no action. I am (knime-postgres-cluster-0), the leader with the lock
2023-11-20 15:02:37,434 INFO: no action. I am (knime-postgres-cluster-0), the leader with the lock
2023-11-20 15:02:38.146 UTC [36] LOG {ticks: 0, maint: 0, retry: 0}
2023-11-20 15:02:47,431 INFO: no action. I am (knime-postgres-cluster-0), the leader with the lock
2023-11-20 15:02:57,432 INFO: no action. I am (knime-postgres-cluster-0), the leader with the lock
2023-11-20 15:03:07,377 INFO: no action. I am (knime-postgres-cluster-0), the leader with the lock
2023-11-20 15:03:08.150 UTC [36] LOG {ticks: 0, maint: 0, retry: 0}
2023-11-20 15:03:17,430 INFO: no action. I am (knime-postgres-cluster-0), the leader with the lock
2023-11-20 15:03:27,427 INFO: no action. I am (knime-postgres-cluster-0), the leader with the lock
2023-11-20 15:03:37,431 INFO: no action. I am (knime-postgres-cluster-0), the leader with the lock
2023-11-20 15:03:38.180 UTC [36] LOG {ticks: 0, maint: 0, retry: 0}
2023-11-20 15:03:47,431 INFO: no action. I am (knime-postgres-cluster-0), the leader with the lock
2023-11-20 15:03:57,431 INFO: no action. I am (knime-postgres-cluster-0), the leader with the lock
2023-11-20 15:04:07,427 INFO: no action. I am (knime-postgres-cluster-0), the leader with the lock
2023-11-20 15:04:08.182 UTC [36] LOG {ticks: 0, maint: 0, retry: 0}
2023-11-20 15:04:17,430 INFO: no action. I am (knime-postgres-cluster-0), the leader with the lock
2023-11-20 15:04:27,431 INFO: no action. I am (knime-postgres-cluster-0), the leader with the lock
2023-11-20 15:04:37,379 INFO: no action. I am (knime-postgres-cluster-0), the leader with the lock
2023-11-20 15:04:38.191 UTC [36] LOG {ticks: 0, maint: 0, retry: 0}
2023-11-20 15:04:47,431 INFO: no action. I am (knime-postgres-cluster-0), the leader with the lock
2023-11-20 15:04:57,430 INFO: no action. I am (knime-postgres-cluster-0), the leader with the lock
2023-11-20 15:05:07,430 INFO: no action. I am (knime-postgres-cluster-0), the leader with the lock
2023-11-20 15:05:08.195 UTC [36] LOG {ticks: 0, maint: 0, retry: 0}
2023-11-20 15:05:17,435 INFO: no action. I am (knime-postgres-cluster-0), the leader with the lock
2023-11-20 15:05:27,431 INFO: no action. I am (knime-postgres-cluster-0), the leader with the lock
2023-11-20 15:05:37,377 INFO: no action. I am (knime-postgres-cluster-0), the leader with the lock
2023-11-20 15:05:38.224 UTC [36] LOG {ticks: 0, maint: 0, retry: 0}
2023-11-20 15:05:47,428 INFO: no action. I am (knime-postgres-cluster-0), the leader with the lock
2023-11-20 15:05:57,426 INFO: no action. I am (knime-postgres-cluster-0), the leader with the lock
2023-11-20 15:06:07,428 INFO: no action. I am (knime-postgres-cluster-0), the leader with the lock
2023-11-20 15:06:08.226 UTC [36] LOG {ticks: 0, maint: 0, retry: 0}
2023-11-20 15:06:17,436 INFO: no action. I am (knime-postgres-cluster-0), the leader with the lock
2023-11-20 15:06:27,431 INFO: no action. I am (knime-postgres-cluster-0), the leader with the lock
2023-11-20 15:06:37,381 INFO: no action. I am (knime-postgres-cluster-0), the leader with the lock
2023-11-20 15:06:38.246 UTC [36] LOG {ticks: 0, maint: 0, retry: 0}
2023-11-20 15:06:47,428 INFO: no action. I am (knime-postgres-cluster-0), the leader with the lock
2023-11-20 15:06:57,431 INFO: no action. I am (knime-postgres-cluster-0), the leader with the lock
2023-11-20 15:07:07,431 INFO: no action. I am (knime-postgres-cluster-0), the leader with the lock
2023-11-20 15:07:08.250 UTC [36] LOG {ticks: 0, maint: 0, retry: 0}
2023-11-20 15:07:17,431 INFO: no action. I am (knime-postgres-cluster-0), the leader with the lock
2023-11-20 15:07:27,439 INFO: no action. I am (knime-postgres-cluster-0), the leader with the lock
2023-11-20 15:07:37,435 INFO: no action. I am (knime-postgres-cluster-0), the leader with the lock
2023-11-20 15:07:38.280 UTC [36] LOG {ticks: 0, maint: 0, retry: 0}
2023-11-20 15:07:47,427 INFO: no action. I am (knime-postgres-cluster-0), the leader with the lock
2023-11-20 15:07:57,436 INFO: no action. I am (knime-postgres-cluster-0), the leader with the lock
2023-11-20 15:08:07,427 INFO: no action. I am (knime-postgres-cluster-0), the leader with the lock
2023-11-20 15:08:08.282 UTC [36] LOG {ticks: 0, maint: 0, retry: 0}
2023-11-20 15:08:17,426 INFO: no action. I am (knime-postgres-cluster-0), the leader with the lock
2023-11-20 15:08:27,434 INFO: no action. I am (knime-postgres-cluster-0), the leader with the lock
2023-11-20 15:08:37,428 INFO: no action. I am (knime-postgres-cluster-0), the leader with the lock
2023-11-20 15:08:38.311 UTC [36] LOG {ticks: 0, maint: 0, retry: 0}
2023-11-20 15:08:47,437 INFO: no action. I am (knime-postgres-cluster-0), the leader with the lock
2023-11-20 15:08:57,430 INFO: no action. I am (knime-postgres-cluster-0), the leader with the lock
2023-11-20 15:09:07,431 INFO: no action. I am (knime-postgres-cluster-0), the leader with the lock
2023-11-20 15:09:08.314 UTC [36] LOG {ticks: 0, maint: 0, retry: 0}
2023-11-20 15:09:17,435 INFO: no action. I am (knime-postgres-cluster-0), the leader with the lock
2023-11-20 15:09:27,435 INFO: no action. I am (knime-postgres-cluster-0), the leader with the lock
2023-11-20 15:09:37,431 INFO: no action. I am (knime-postgres-cluster-0), the leader with the lock
2023-11-20 15:09:38.342 UTC [36] LOG {ticks: 0, maint: 0, retry: 0}
2023-11-20 15:09:47,431 INFO: no action. I am (knime-postgres-cluster-0), the leader with the lock
2023-11-20 15:09:57,432 INFO: no action. I am (knime-postgres-cluster-0), the leader with the lock
2023-11-20 15:10:07,431 INFO: no action. I am (knime-postgres-cluster-0), the leader with the lock
2023-11-20 15:10:08.346 UTC [36] LOG {ticks: 0, maint: 0, retry: 0}
2023-11-20 15:10:17,434 INFO: no action. I am (knime-postgres-cluster-0), the leader with the lock
2023-11-20 15:10:27,431 INFO: no action. I am (knime-postgres-cluster-0), the leader with the lock
2023-11-20 15:10:37,377 INFO: no action. I am (knime-postgres-cluster-0), the leader with the lock
2023-11-20 15:10:38.369 UTC [36] LOG {ticks: 0, maint: 0, retry: 0}
2023-11-20 15:10:47,439 INFO: no action. I am (knime-postgres-cluster-0), the leader with the lock
2023-11-20 15:10:57,431 INFO: no action. I am (knime-postgres-cluster-0), the leader with the lock
2023-11-20 15:11:07,433 INFO: no action. I am (knime-postgres-cluster-0), the leader with the lock
2023-11-20 15:11:08.370 UTC [36] LOG {ticks: 0, maint: 0, retry: 0}
2023-11-20 15:11:17,432 INFO: no action. I am (knime-postgres-cluster-0), the leader with the lock
2023-11-20 15:11:27,432 INFO: no action. I am (knime-postgres-cluster-0), the leader with the lock
2023-11-20 15:11:37,377 INFO: no action. I am (knime-postgres-cluster-0), the leader with the lock
2023-11-20 15:11:38.398 UTC [36] LOG {ticks: 0, maint: 0, retry: 0}
2023-11-20 15:11:47,427 INFO: no action. I am (knime-postgres-cluster-0), the leader with the lock
2023-11-20 15:11:57,437 INFO: no action. I am (knime-postgres-cluster-0), the leader with the lock
2023-11-20 15:12:07,432 INFO: no action. I am (knime-postgres-cluster-0), the leader with the lock
2023-11-20 15:12:08.402 UTC [36] LOG {ticks: 0, maint: 0, retry: 0}
2023-11-20 15:12:17,435 INFO: no action. I am (knime-postgres-cluster-0), the leader with the lock
2023-11-20 15:12:27,427 INFO: no action. I am (knime-postgres-cluster-0), the leader with the lock
2023-11-20 15:12:37,427 INFO: no action. I am (knime-postgres-cluster-0), the leader with the lock
2023-11-20 15:12:38.430 UTC [36] LOG {ticks: 0, maint: 0, retry: 0}
2023-11-20 15:12:47,426 INFO: no action. I am (knime-postgres-cluster-0), the leader with the lock
2023-11-20 15:12:57,430 INFO: no action. I am (knime-postgres-cluster-0), the leader with the lock
2023-11-20 15:13:07,377 INFO: no action. I am (knime-postgres-cluster-0), the leader with the lock
2023-11-20 15:13:08.434 UTC [36] LOG {ticks: 0, maint: 0, retry: 0}
2023-11-20 15:13:17,431 INFO: no action. I am (knime-postgres-cluster-0), the leader with the lock
2023-11-20 15:13:27,431 INFO: no action. I am (knime-postgres-cluster-0), the leader with the lock
2023-11-20 15:13:37,431 INFO: no action. I am (knime-postgres-cluster-0), the leader with the lock
2023-11-20 15:13:38.462 UTC [36] LOG {ticks: 0, maint: 0, retry: 0}
2023-11-20 15:13:47,431 INFO: no action. I am (knime-postgres-cluster-0), the leader with the lock
2023-11-20 15:13:57,435 INFO: no action. I am (knime-postgres-cluster-0), the leader with the lock
2023-11-20 15:14:07,430 INFO: no action. I am (knime-postgres-cluster-0), the leader with the lock
2023-11-20 15:14:08.466 UTC [36] LOG {ticks: 0, maint: 0, retry: 0}
2023-11-20 15:14:17,431 INFO: no action. I am (knime-postgres-cluster-0), the leader with the lock
2023-11-20 15:14:27,430 INFO: no action. I am (knime-postgres-cluster-0), the leader with the lock
2023-11-20 15:14:37,431 INFO: no action. I am (knime-postgres-cluster-0), the leader with the lock
2023-11-20 15:14:38.496 UTC [36] LOG {ticks: 0, maint: 0, retry: 0}
2023-11-20 15:14:47,436 INFO: no action. I am (knime-postgres-cluster-0), the leader with the lock
2023-11-20 15:14:57,431 INFO: no action. I am (knime-postgres-cluster-0), the leader with the lock
2023-11-20 15:15:07,377 INFO: no action. I am (knime-postgres-cluster-0), the leader with the lock
2023-11-20 15:15:08.498 UTC [36] LOG {ticks: 0, maint: 0, retry: 0}
2023-11-20 15:15:17,431 INFO: no action. I am (knime-postgres-cluster-0), the leader with the lock
2023-11-20 15:15:27,427 INFO: no action. I am (knime-postgres-cluster-0), the leader with the lock
2023-11-20 15:15:37,427 INFO: no action. I am (knime-postgres-cluster-0), the leader with the lock
2023-11-20 15:15:38.526 UTC [36] LOG {ticks: 0, maint: 0, retry: 0}
2023-11-20 15:15:47,426 INFO: no action. I am (knime-postgres-cluster-0), the leader with the lock
2023-11-20 15:15:57,431 INFO: no action. I am (knime-postgres-cluster-0), the leader with the lock
2023-11-20 15:16:07,377 INFO: no action. I am (knime-postgres-cluster-0), the leader with the lock
2023-11-20 15:16:08.530 UTC [36] LOG {ticks: 0, maint: 0, retry: 0}
2023-11-20 15:16:17,431 INFO: no action. I am (knime-postgres-cluster-0), the leader with the lock
2023-11-20 15:16:27,439 INFO: no action. I am (knime-postgres-cluster-0), the leader with the lock
2023-11-20 15:16:37,428 INFO: no action. I am (knime-postgres-cluster-0), the leader with the lock
2023-11-20 15:16:38.558 UTC [36] LOG {ticks: 0, maint: 0, retry: 0}
2023-11-20 15:16:47,430 INFO: no action. I am (knime-postgres-cluster-0), the leader with the lock
2023-11-20 15:16:57,442 INFO: no action. I am (knime-postgres-cluster-0), the leader with the lock
2023-11-20 15:17:07,432 INFO: no action. I am (knime-postgres-cluster-0), the leader with the lock
2023-11-20 15:17:08.562 UTC [36] LOG {ticks: 0, maint: 0, retry: 0}
2023-11-20 15:17:17,432 INFO: no action. I am (knime-postgres-cluster-0), the leader with the lock
2023-11-20 15:17:27,431 INFO: no action. I am (knime-postgres-cluster-0), the leader with the lock
2023-11-20 15:17:37,432 INFO: no action. I am (knime-postgres-cluster-0), the leader with the lock
2023-11-20 15:17:38.590 UTC [36] LOG {ticks: 0, maint: 0, retry: 0}
2023-11-20 15:17:47,435 INFO: no action. I am (knime-postgres-cluster-0), the leader with the lock
2023-11-20 15:17:57,432 INFO: no action. I am (knime-postgres-cluster-0), the leader with the lock
2023-11-20 15:18:07,432 INFO: no action. I am (knime-postgres-cluster-0), the leader with the lock
2023-11-20 15:18:08.595 UTC [36] LOG {ticks: 0, maint: 0, retry: 0}
2023-11-20 15:18:17,430 INFO: no action. I am (knime-postgres-cluster-0), the leader with the lock
2023-11-20 15:18:27,431 INFO: no action. I am (knime-postgres-cluster-0), the leader with the lock
2023-11-20 15:18:37,436 INFO: no action. I am (knime-postgres-cluster-0), the leader with the lock
2023-11-20 15:18:38.622 UTC [36] LOG {ticks: 0, maint: 0, retry: 0}
2023-11-20 15:18:47,426 INFO: no action. I am (knime-postgres-cluster-0), the leader with the lock
2023-11-20 15:18:57,436 INFO: no action. I am (knime-postgres-cluster-0), the leader with the lock
2023-11-20 15:19:07,377 INFO: no action. I am (knime-postgres-cluster-0), the leader with the lock
2023-11-20 15:19:08.626 UTC [36] LOG {ticks: 0, maint: 0, retry: 0}
2023-11-20 15:19:17,428 INFO: no action. I am (knime-postgres-cluster-0), the leader with the lock
2023-11-20 15:19:27,436 INFO: no action. I am (knime-postgres-cluster-0), the leader with the lock
2023-11-20 15:19:37,429 INFO: no action. I am (knime-postgres-cluster-0), the leader with the lock
2023-11-20 15:19:38.654 UTC [36] LOG {ticks: 0, maint: 0, retry: 0}
2023-11-20 15:19:47,432 INFO: no action. I am (knime-postgres-cluster-0), the leader with the lock
2023-11-20 15:19:57,431 INFO: no action. I am (knime-postgres-cluster-0), the leader with the lock
2023-11-20 15:20:07,383 INFO: no action. I am (knime-postgres-cluster-0), the leader with the lock
2023-11-20 15:20:08.658 UTC [36] LOG {ticks: 0, maint: 0, retry: 0}
2023-11-20 15:20:17,432 INFO: no action. I am (knime-postgres-cluster-0), the leader with the lock
2023-11-20 15:20:27,434 INFO: no action. I am (knime-postgres-cluster-0), the leader with the lock
2023-11-20 15:20:37,379 INFO: no action. I am (knime-postgres-cluster-0), the leader with the lock
2023-11-20 15:20:38.686 UTC [36] LOG {ticks: 0, maint: 0, retry: 0}
2023-11-20 15:20:47,427 INFO: no action. I am (knime-postgres-cluster-0), the leader with the lock
2023-11-20 15:20:57,430 INFO: no action. I am (knime-postgres-cluster-0), the leader with the lock
2023-11-20 15:21:07,432 INFO: no action. I am (knime-postgres-cluster-0), the leader with the lock
2023-11-20 15:21:08.690 UTC [36] LOG {ticks: 0, maint: 0, retry: 0}
2023-11-20 15:21:17,433 INFO: no action. I am (knime-postgres-cluster-0), the leader with the lock
2023-11-20 15:21:27,435 INFO: no action. I am (knime-postgres-cluster-0), the leader with the lock
2023-11-20 15:21:37,377 INFO: no action. I am (knime-postgres-cluster-0), the leader with the lock
2023-11-20 15:21:38.719 UTC [36] LOG {ticks: 0, maint: 0, retry: 0}
2023-11-20 15:21:47,428 INFO: no action. I am (knime-postgres-cluster-0), the leader with the lock
2023-11-20 15:21:57,435 INFO: no action. I am (knime-postgres-cluster-0), the leader with the lock
2023-11-20 15:22:07,431 INFO: no action. I am (knime-postgres-cluster-0), the leader with the lock
2023-11-20 15:22:08.723 UTC [36] LOG {ticks: 0, maint: 0, retry: 0}
2023-11-20 15:22:17,431 INFO: no action. I am (knime-postgres-cluster-0), the leader with the lock
2023-11-20 15:22:27,426 INFO: no action. I am (knime-postgres-cluster-0), the leader with the lock
2023-11-20 15:22:37,381 INFO: no action. I am (knime-postgres-cluster-0), the leader with the lock
2023-11-20 15:22:38.751 UTC [36] LOG {ticks: 0, maint: 0, retry: 0}
2023-11-20 15:22:47,435 INFO: no action. I am (knime-postgres-cluster-0), the leader with the lock
2023-11-20 15:22:57,431 INFO: no action. I am (knime-postgres-cluster-0), the leader with the lock
2023-11-20 15:23:07,432 INFO: no action. I am (knime-postgres-cluster-0), the leader with the lock
2023-11-20 15:23:08.754 UTC [36] LOG {ticks: 0, maint: 0, retry: 0}
2023-11-20 15:23:17,435 INFO: no action. I am (knime-postgres-cluster-0), the leader with the lock
2023-11-20 15:23:27,427 INFO: no action. I am (knime-postgres-cluster-0), the leader with the lock
2023-11-20 15:23:37,381 INFO: no action. I am (knime-postgres-cluster-0), the leader with the lock
2023-11-20 15:23:38.782 UTC [36] LOG {ticks: 0, maint: 0, retry: 0}
2023-11-20 15:23:47,431 INFO: no action. I am (knime-postgres-cluster-0), the leader with the lock
2023-11-20 15:23:57,430 INFO: no action. I am (knime-postgres-cluster-0), the leader with the lock
2023-11-20 15:24:07,431 INFO: no action. I am (knime-postgres-cluster-0), the leader with the lock
2023-11-20 15:24:08.786 UTC [36] LOG {ticks: 0, maint: 0, retry: 0}
2023-11-20 15:24:17,432 INFO: no action. I am (knime-postgres-cluster-0), the leader with the lock
2023-11-20 15:24:27,432 INFO: no action. I am (knime-postgres-cluster-0), the leader with the lock
2023-11-20 15:24:37,436 INFO: no action. I am (knime-postgres-cluster-0), the leader with the lock
2023-11-20 15:24:38.814 UTC [36] LOG {ticks: 0, maint: 0, retry: 0}
2023-11-20 15:24:47,432 INFO: no action. I am (knime-postgres-cluster-0), the leader with the lock
2023-11-20 15:24:57,434 INFO: no action. I am (knime-postgres-cluster-0), the leader with the lock
2023-11-20 15:25:07,432 INFO: no action. I am (knime-postgres-cluster-0), the leader with the lock
2023-11-20 15:25:08.814 UTC [36] LOG {ticks: 0, maint: 0, retry: 0}
2023-11-20 15:25:17,439 INFO: no action. I am (knime-postgres-cluster-0), the leader with the lock
2023-11-20 15:25:27,427 INFO: no action. I am (knime-postgres-cluster-0), the leader with the lock
2023-11-20 15:25:37,381 INFO: no action. I am (knime-postgres-cluster-0), the leader with the lock
2023-11-20 15:25:38.843 UTC [36] LOG {ticks: 0, maint: 0, retry: 0}
2023-11-20 15:25:47,434 INFO: no action. I am (knime-postgres-cluster-0), the leader with the lock
2023-11-20 15:25:57,433 INFO: no action. I am (knime-postgres-cluster-0), the leader with the lock
2023-11-20 15:26:07,431 INFO: no action. I am (knime-postgres-cluster-0), the leader with the lock
2023-11-20 15:26:08.847 UTC [36] LOG {ticks: 0, maint: 0, retry: 0}
2023-11-20 15:26:17,430 INFO: no action. I am (knime-postgres-cluster-0), the leader with the lock
2023-11-20 15:26:27,431 INFO: no action. I am (knime-postgres-cluster-0), the leader with the lock
2023-11-20 15:26:37,379 INFO: no action. I am (knime-postgres-cluster-0), the leader with the lock
2023-11-20 15:26:38.874 UTC [36] LOG {ticks: 0, maint: 0, retry: 0}
2023-11-20 15:26:47,431 INFO: no action. I am (knime-postgres-cluster-0), the leader with the lock
2023-11-20 15:26:57,432 INFO: no action. I am (knime-postgres-cluster-0), the leader with the lock
2023-11-20 15:27:07,430 INFO: no action. I am (knime-postgres-cluster-0), the leader with the lock
2023-11-20 15:27:08.878 UTC [36] LOG {ticks: 0, maint: 0, retry: 0}
2023-11-20 15:27:17,431 INFO: no action. I am (knime-postgres-cluster-0), the leader with the lock
2023-11-20 15:27:27,434 INFO: no action. I am (knime-postgres-cluster-0), the leader with the lock
2023-11-20 15:27:37,431 INFO: no action. I am (knime-postgres-cluster-0), the leader with the lock
2023-11-20 15:27:38.908 UTC [36] LOG {ticks: 0, maint: 0, retry: 0}
2023-11-20 15:27:47,435 INFO: no action. I am (knime-postgres-cluster-0), the leader with the lock
2023-11-20 15:27:57,435 INFO: no action. I am (knime-postgres-cluster-0), the leader with the lock
2023-11-20 15:28:07,431 INFO: no action. I am (knime-postgres-cluster-0), the leader with the lock
2023-11-20 15:28:08.910 UTC [36] LOG {ticks: 0, maint: 0, retry: 0}
2023-11-20 15:28:17,434 INFO: no action. I am (knime-postgres-cluster-0), the leader with the lock
2023-11-20 15:28:27,431 INFO: no action. I am (knime-postgres-cluster-0), the leader with the lock
2023-11-20 15:28:37,428 INFO: no action. I am (knime-postgres-cluster-0), the leader with the lock
2023-11-20 15:28:38.940 UTC [36] LOG {ticks: 0, maint: 0, retry: 0}
2023-11-20 15:28:47,427 INFO: no action. I am (knime-postgres-cluster-0), the leader with the lock
2023-11-20 15:28:57,430 INFO: no action. I am (knime-postgres-cluster-0), the leader with the lock
2023-11-20 15:29:07,381 INFO: no action. I am (knime-postgres-cluster-0), the leader with the lock
2023-11-20 15:29:08.942 UTC [36] LOG {ticks: 0, maint: 0, retry: 0}
2023-11-20 15:29:17,434 INFO: no action. I am (knime-postgres-cluster-0), the leader with the lock
2023-11-20 15:29:27,431 INFO: no action. I am (knime-postgres-cluster-0), the leader with the lock
2023-11-20 15:29:37,431 INFO: no action. I am (knime-postgres-cluster-0), the leader with the lock
2023-11-20 15:29:38.954 UTC [36] LOG {ticks: 0, maint: 0, retry: 0}
2023-11-20 15:29:47,435 INFO: no action. I am (knime-postgres-cluster-0), the leader with the lock
2023-11-20 15:29:57,435 INFO: no action. I am (knime-postgres-cluster-0), the leader with the lock
2023-11-20 15:30:07,377 INFO: no action. I am (knime-postgres-cluster-0), the leader with the lock
2023-11-20 15:30:08.959 UTC [36] LOG {ticks: 0, maint: 0, retry: 0}
2023-11-20 15:30:17,431 INFO: no action. I am (knime-postgres-cluster-0), the leader with the lock
2023-11-20 15:30:27,430 INFO: no action. I am (knime-postgres-cluster-0), the leader with the lock
2023-11-20 15:30:37,431 INFO: no action. I am (knime-postgres-cluster-0), the leader with the lock
2023-11-20 15:30:38.987 UTC [36] LOG {ticks: 0, maint: 0, retry: 0}
2023-11-20 15:30:47,431 INFO: no action. I am (knime-postgres-cluster-0), the leader with the lock
2023-11-20 15:30:57,430 INFO: no action. I am (knime-postgres-cluster-0), the leader with the lock
2023-11-20 15:31:07,426 INFO: no action. I am (knime-postgres-cluster-0), the leader with the lock
2023-11-20 15:31:08.990 UTC [36] LOG {ticks: 0, maint: 0, retry: 0}
2023-11-20 15:31:17,430 INFO: no action. I am (knime-postgres-cluster-0), the leader with the lock
2023-11-20 15:31:27,428 INFO: no action. I am (knime-postgres-cluster-0), the leader with the lock
2023-11-20 15:31:37,430 INFO: no action. I am (knime-postgres-cluster-0), the leader with the lock
2023-11-20 15:31:39.020 UTC [36] LOG {ticks: 0, maint: 0, retry: 0}
2023-11-20 15:31:47,435 INFO: no action. I am (knime-postgres-cluster-0), the leader with the lock
2023-11-20 15:31:57,430 INFO: no action. I am (knime-postgres-cluster-0), the leader with the lock
2023-11-20 15:32:07,430 INFO: no action. I am (knime-postgres-cluster-0), the leader with the lock
2023-11-20 15:32:09.022 UTC [36] LOG {ticks: 0, maint: 0, retry: 0}
2023-11-20 15:32:17,431 INFO: no action. I am (knime-postgres-cluster-0), the leader with the lock
2023-11-20 15:32:27,427 INFO: no action. I am (knime-postgres-cluster-0), the leader with the lock
2023-11-20 15:32:37,435 INFO: no action. I am (knime-postgres-cluster-0), the leader with the lock
2023-11-20 15:32:39.051 UTC [36] LOG {ticks: 0, maint: 0, retry: 0}
2023-11-20 15:32:47,434 INFO: no action. I am (knime-postgres-cluster-0), the leader with the lock
2023-11-20 15:32:57,431 INFO: no action. I am (knime-postgres-cluster-0), the leader with the lock
2023-11-20 15:33:07,383 INFO: no action. I am (knime-postgres-cluster-0), the leader with the lock
2023-11-20 15:33:09.054 UTC [36] LOG {ticks: 0, maint: 0, retry: 0}
2023-11-20 15:33:17,430 INFO: no action. I am (knime-postgres-cluster-0), the leader with the lock
2023-11-20 15:33:27,439 INFO: no action. I am (knime-postgres-cluster-0), the leader with the lock
2023-11-20 15:33:37,427 INFO: no action. I am (knime-postgres-cluster-0), the leader with the lock
2023-11-20 15:33:39.082 UTC [36] LOG {ticks: 0, maint: 0, retry: 0}
2023-11-20 15:33:47,431 INFO: no action. I am (knime-postgres-cluster-0), the leader with the lock
2023-11-20 15:33:57,430 INFO: no action. I am (knime-postgres-cluster-0), the leader with the lock
2023-11-20 15:34:07,381 INFO: no action. I am (knime-postgres-cluster-0), the leader with the lock
2023-11-20 15:34:09.086 UTC [36] LOG {ticks: 0, maint: 0, retry: 0}
2023-11-20 15:34:17,435 INFO: no action. I am (knime-postgres-cluster-0), the leader with the lock
2023-11-20 15:34:27,434 INFO: no action. I am (knime-postgres-cluster-0), the leader with the lock
2023-11-20 15:34:37,430 INFO: no action. I am (knime-postgres-cluster-0), the leader with the lock
2023-11-20 15:34:39.110 UTC [36] LOG {ticks: 0, maint: 0, retry: 0}
2023-11-20 15:34:47,427 INFO: no action. I am (knime-postgres-cluster-0), the leader with the lock
2023-11-20 15:34:57,431 INFO: no action. I am (knime-postgres-cluster-0), the leader with the lock
2023-11-20 15:35:07,430 INFO: no action. I am (knime-postgres-cluster-0), the leader with the lock
2023-11-20 15:35:09.115 UTC [36] LOG {ticks: 0, maint: 0, retry: 0}
2023-11-20 15:35:17,427 INFO: no action. I am (knime-postgres-cluster-0), the leader with the lock
2023-11-20 15:35:27,427 INFO: no action. I am (knime-postgres-cluster-0), the leader with the lock
2023-11-20 15:35:37,426 INFO: no action. I am (knime-postgres-cluster-0), the leader with the lock
2023-11-20 15:35:39.143 UTC [36] LOG {ticks: 0, maint: 0, retry: 0}
2023-11-20 15:35:47,431 INFO: no action. I am (knime-postgres-cluster-0), the leader with the lock
2023-11-20 15:35:57,431 INFO: no action. I am (knime-postgres-cluster-0), the leader with the lock
2023-11-20 15:36:07,435 INFO: no action. I am (knime-postgres-cluster-0), the leader with the lock
2023-11-20 15:36:09.147 UTC [36] LOG {ticks: 0, maint: 0, retry: 0}
2023-11-20 15:36:17,427 INFO: no action. I am (knime-postgres-cluster-0), the leader with the lock
2023-11-20 15:36:27,430 INFO: no action. I am (knime-postgres-cluster-0), the leader with the lock
2023-11-20 15:36:37,379 INFO: no action. I am (knime-postgres-cluster-0), the leader with the lock
2023-11-20 15:36:39.174 UTC [36] LOG {ticks: 0, maint: 0, retry: 0}
2023-11-20 15:36:47,431 INFO: no action. I am (knime-postgres-cluster-0), the leader with the lock
2023-11-20 15:36:57,431 INFO: no action. I am (knime-postgres-cluster-0), the leader with the lock
2023-11-20 15:37:07,427 INFO: no action. I am (knime-postgres-cluster-0), the leader with the lock
2023-11-20 15:37:09.178 UTC [36] LOG {ticks: 0, maint: 0, retry: 0}
2023-11-20 15:37:17,433 INFO: no action. I am (knime-postgres-cluster-0), the leader with the lock
2023-11-20 15:37:27,431 INFO: no action. I am (knime-postgres-cluster-0), the leader with the lock
2023-11-20 15:37:37,431 INFO: no action. I am (knime-postgres-cluster-0), the leader with the lock
2023-11-20 15:37:39.208 UTC [36] LOG {ticks: 0, maint: 0, retry: 0}
2023-11-20 15:37:47,431 INFO: no action. I am (knime-postgres-cluster-0), the leader with the lock
2023-11-20 15:37:57,435 INFO: no action. I am (knime-postgres-cluster-0), the leader with the lock
2023-11-20 15:38:07,431 INFO: no action. I am (knime-postgres-cluster-0), the leader with the lock
2023-11-20 15:38:09.210 UTC [36] LOG {ticks: 0, maint: 0, retry: 0}
2023-11-20 15:38:17,426 INFO: no action. I am (knime-postgres-cluster-0), the leader with the lock
2023-11-20 15:38:27,436 INFO: no action. I am (knime-postgres-cluster-0), the leader with the lock
2023-11-20 15:38:37,384 INFO: no action. I am (knime-postgres-cluster-0), the leader with the lock
2023-11-20 15:38:39.238 UTC [36] LOG {ticks: 0, maint: 0, retry: 0}
2023-11-20 15:38:47,430 INFO: no action. I am (knime-postgres-cluster-0), the leader with the lock
2023-11-20 15:38:57,433 INFO: no action. I am (knime-postgres-cluster-0), the leader with the lock
2023-11-20 15:39:07,440 INFO: no action. I am (knime-postgres-cluster-0), the leader with the lock
2023-11-20 15:39:09.242 UTC [36] LOG {ticks: 0, maint: 0, retry: 0}
2023-11-20 15:39:17,427 INFO: no action. I am (knime-postgres-cluster-0), the leader with the lock
2023-11-20 15:39:27,433 INFO: no action. I am (knime-postgres-cluster-0), the leader with the lock
2023-11-20 15:39:37,383 INFO: no action. I am (knime-postgres-cluster-0), the leader with the lock
2023-11-20 15:39:39.272 UTC [36] LOG {ticks: 0, maint: 0, retry: 0}
2023-11-20 15:39:47,431 INFO: no action. I am (knime-postgres-cluster-0), the leader with the lock
2023-11-20 15:39:57,427 INFO: no action. I am (knime-postgres-cluster-0), the leader with the lock
2023-11-20 15:40:07,436 INFO: no action. I am (knime-postgres-cluster-0), the leader with the lock
2023-11-20 15:40:09.274 UTC [36] LOG {ticks: 0, maint: 0, retry: 0}
2023-11-20 15:40:17,431 INFO: no action. I am (knime-postgres-cluster-0), the leader with the lock
2023-11-20 15:40:27,431 INFO: no action. I am (knime-postgres-cluster-0), the leader with the lock
2023-11-20 15:40:37,438 INFO: no action. I am (knime-postgres-cluster-0), the leader with the lock
2023-11-20 15:40:39.302 UTC [36] LOG {ticks: 0, maint: 0, retry: 0}
2023-11-20 15:40:47,428 INFO: no action. I am (knime-postgres-cluster-0), the leader with the lock
2023-11-20 15:40:57,434 INFO: no action. I am (knime-postgres-cluster-0), the leader with the lock
2023-11-20 15:41:07,431 INFO: no action. I am (knime-postgres-cluster-0), the leader with the lock
2023-11-20 15:41:09.306 UTC [36] LOG {ticks: 0, maint: 0, retry: 0}
2023-11-20 15:41:17,431 INFO: no action. I am (knime-postgres-cluster-0), the leader with the lock
2023-11-20 15:41:27,437 INFO: no action. I am (knime-postgres-cluster-0), the leader with the lock
2023-11-20 15:41:37,384 INFO: no action. I am (knime-postgres-cluster-0), the leader with the lock
2023-11-20 15:41:39.335 UTC [36] LOG {ticks: 0, maint: 0, retry: 0}
2023-11-20 15:41:47,432 INFO: no action. I am (knime-postgres-cluster-0), the leader with the lock
2023-11-20 15:41:57,435 INFO: no action. I am (knime-postgres-cluster-0), the leader with the lock
2023-11-20 15:42:07,426 INFO: no action. I am (knime-postgres-cluster-0), the leader with the lock
2023-11-20 15:42:09.338 UTC [36] LOG {ticks: 0, maint: 0, retry: 0}
2023-11-20 15:42:17,435 INFO: no action. I am (knime-postgres-cluster-0), the leader with the lock
2023-11-20 15:42:27,430 INFO: no action. I am (knime-postgres-cluster-0), the leader with the lock
2023-11-20 15:42:37,379 INFO: no action. I am (knime-postgres-cluster-0), the leader with the lock
2023-11-20 15:42:39.366 UTC [36] LOG {ticks: 0, maint: 0, retry: 0}
2023-11-20 15:42:47,430 INFO: no action. I am (knime-postgres-cluster-0), the leader with the lock
2023-11-20 15:42:57,430 INFO: no action. I am (knime-postgres-cluster-0), the leader with the lock
2023-11-20 15:43:07,431 INFO: no action. I am (knime-postgres-cluster-0), the leader with the lock
2023-11-20 15:43:09.370 UTC [36] LOG {ticks: 0, maint: 0, retry: 0}
2023-11-20 15:43:17,428 INFO: no action. I am (knime-postgres-cluster-0), the leader with the lock
2023-11-20 15:43:27,427 INFO: no action. I am (knime-postgres-cluster-0), the leader with the lock
2023-11-20 15:43:37,381 INFO: no action. I am (knime-postgres-cluster-0), the leader with the lock
2023-11-20 15:43:39.398 UTC [36] LOG {ticks: 0, maint: 0, retry: 0}
2023-11-20 15:43:47,431 INFO: no action. I am (knime-postgres-cluster-0), the leader with the lock
2023-11-20 15:43:57,432 INFO: no action. I am (knime-postgres-cluster-0), the leader with the lock
2023-11-20 15:44:07,426 INFO: no action. I am (knime-postgres-cluster-0), the leader with the lock
2023-11-20 15:44:09.398 UTC [36] LOG {ticks: 0, maint: 0, retry: 0}
2023-11-20 15:44:17,430 INFO: no action. I am (knime-postgres-cluster-0), the leader with the lock
2023-11-20 15:44:27,430 INFO: no action. I am (knime-postgres-cluster-0), the leader with the lock
2023-11-20 15:44:37,435 INFO: no action. I am (knime-postgres-cluster-0), the leader with the lock
2023-11-20 15:44:39.426 UTC [36] LOG {ticks: 0, maint: 0, retry: 0}
2023-11-20 15:44:47,432 INFO: no action. I am (knime-postgres-cluster-0), the leader with the lock
2023-11-20 15:44:57,430 INFO: no action. I am (knime-postgres-cluster-0), the leader with the lock
2023-11-20 15:45:07,435 INFO: no action. I am (knime-postgres-cluster-0), the leader with the lock
2023-11-20 15:45:09.430 UTC [36] LOG {ticks: 0, maint: 0, retry: 0}
2023-11-20 15:45:17,436 INFO: no action. I am (knime-postgres-cluster-0), the leader with the lock
2023-11-20 15:45:27,427 INFO: no action. I am (knime-postgres-cluster-0), the leader with the lock
2023-11-20 15:45:37,439 INFO: no action. I am (knime-postgres-cluster-0), the leader with the lock
2023-11-20 15:45:39.458 UTC [36] LOG {ticks: 0, maint: 0, retry: 0}
2023-11-20 15:45:47,428 INFO: no action. I am (knime-postgres-cluster-0), the leader with the lock
2023-11-20 15:45:57,431 INFO: no action. I am (knime-postgres-cluster-0), the leader with the lock
2023-11-20 15:46:07,377 INFO: no action. I am (knime-postgres-cluster-0), the leader with the lock
2023-11-20 15:46:09.462 UTC [36] LOG {ticks: 0, maint: 0, retry: 0}
2023-11-20 15:46:17,427 INFO: no action. I am (knime-postgres-cluster-0), the leader with the lock
2023-11-20 15:46:27,431 INFO: no action. I am (knime-postgres-cluster-0), the leader with the lock
2023-11-20 15:46:37,431 INFO: no action. I am (knime-postgres-cluster-0), the leader with the lock
2023-11-20 15:46:39.492 UTC [36] LOG {ticks: 0, maint: 0, retry: 0}
2023-11-20 15:46:47,435 INFO: no action. I am (knime-postgres-cluster-0), the leader with the lock
2023-11-20 15:46:57,427 INFO: no action. I am (knime-postgres-cluster-0), the leader with the lock
2023-11-20 15:47:07,433 INFO: no action. I am (knime-postgres-cluster-0), the leader with the lock
2023-11-20 15:47:09.494 UTC [36] LOG {ticks: 0, maint: 0, retry: 0}
2023-11-20 15:47:17,431 INFO: no action. I am (knime-postgres-cluster-0), the leader with the lock
2023-11-20 15:47:27,436 INFO: no action. I am (knime-postgres-cluster-0), the leader with the lock
2023-11-20 15:47:37,427 INFO: no action. I am (knime-postgres-cluster-0), the leader with the lock
2023-11-20 15:47:39.522 UTC [36] LOG {ticks: 0, maint: 0, retry: 0}
2023-11-20 15:47:47,432 INFO: no action. I am (knime-postgres-cluster-0), the leader with the lock
2023-11-20 15:47:57,432 INFO: no action. I am (knime-postgres-cluster-0), the leader with the lock
2023-11-20 15:48:07,377 INFO: no action. I am (knime-postgres-cluster-0), the leader with the lock
2023-11-20 15:48:09.526 UTC [36] LOG {ticks: 0, maint: 0, retry: 0}
2023-11-20 15:48:17,432 INFO: no action. I am (knime-postgres-cluster-0), the leader with the lock
2023-11-20 15:48:27,435 INFO: no action. I am (knime-postgres-cluster-0), the leader with the lock
2023-11-20 15:48:37,428 INFO: no action. I am (knime-postgres-cluster-0), the leader with the lock
2023-11-20 15:48:39.556 UTC [36] LOG {ticks: 0, maint: 0, retry: 0}
2023-11-20 15:48:47,431 INFO: no action. I am (knime-postgres-cluster-0), the leader with the lock
2023-11-20 15:48:57,435 INFO: no action. I am (knime-postgres-cluster-0), the leader with the lock
2023-11-20 15:49:07,426 INFO: no action. I am (knime-postgres-cluster-0), the leader with the lock
2023-11-20 15:49:09.558 UTC [36] LOG {ticks: 0, maint: 0, retry: 0}
2023-11-20 15:49:17,428 INFO: no action. I am (knime-postgres-cluster-0), the leader with the lock
2023-11-20 15:49:27,426 INFO: no action. I am (knime-postgres-cluster-0), the leader with the lock
2023-11-20 15:49:37,430 INFO: no action. I am (knime-postgres-cluster-0), the leader with the lock
2023-11-20 15:49:39.588 UTC [36] LOG {ticks: 0, maint: 0, retry: 0}
2023-11-20 15:49:47,431 INFO: no action. I am (knime-postgres-cluster-0), the leader with the lock
2023-11-20 15:49:57,431 INFO: no action. I am (knime-postgres-cluster-0), the leader with the lock
2023-11-20 15:50:07,427 INFO: no action. I am (knime-postgres-cluster-0), the leader with the lock
2023-11-20 15:50:09.590 UTC [36] LOG {ticks: 0, maint: 0, retry: 0}
2023-11-20 15:50:17,432 INFO: no action. I am (knime-postgres-cluster-0), the leader with the lock
2023-11-20 15:50:27,435 INFO: no action. I am (knime-postgres-cluster-0), the leader with the lock
2023-11-20 15:50:37,433 INFO: no action. I am (knime-postgres-cluster-0), the leader with the lock
2023-11-20 15:50:39.618 UTC [36] LOG {ticks: 0, maint: 0, retry: 0}
2023-11-20 15:50:47,433 INFO: no action. I am (knime-postgres-cluster-0), the leader with the lock
2023-11-20 15:50:57,430 INFO: no action. I am (knime-postgres-cluster-0), the leader with the lock
2023-11-20 15:51:07,377 INFO: no action. I am (knime-postgres-cluster-0), the leader with the lock
2023-11-20 15:51:09.623 UTC [36] LOG {ticks: 0, maint: 0, retry: 0}
2023-11-20 15:51:17,430 INFO: no action. I am (knime-postgres-cluster-0), the leader with the lock
2023-11-20 15:51:27,434 INFO: no action. I am (knime-postgres-cluster-0), the leader with the lock
2023-11-20 15:51:37,431 INFO: no action. I am (knime-postgres-cluster-0), the leader with the lock
2023-11-20 15:51:39.653 UTC [36] LOG {ticks: 0, maint: 0, retry: 0}
2023-11-20 15:51:47,426 INFO: no action. I am (knime-postgres-cluster-0), the leader with the lock
2023-11-20 15:51:57,431 INFO: no action. I am (knime-postgres-cluster-0), the leader with the lock
2023-11-20 15:52:07,431 INFO: no action. I am (knime-postgres-cluster-0), the leader with the lock
2023-11-20 15:52:09.655 UTC [36] LOG {ticks: 0, maint: 0, retry: 0}
2023-11-20 15:52:17,426 INFO: no action. I am (knime-postgres-cluster-0), the leader with the lock
2023-11-20 15:52:27,432 INFO: no action. I am (knime-postgres-cluster-0), the leader with the lock
2023-11-20 15:52:37,431 INFO: no action. I am (knime-postgres-cluster-0), the leader with the lock
2023-11-20 15:52:39.685 UTC [36] LOG {ticks: 0, maint: 0, retry: 0}
2023-11-20 15:52:47,427 INFO: no action. I am (knime-postgres-cluster-0), the leader with the lock
2023-11-20 15:52:57,430 INFO: no action. I am (knime-postgres-cluster-0), the leader with the lock
2023-11-20 15:53:07,430 INFO: no action. I am (knime-postgres-cluster-0), the leader with the lock
2023-11-20 15:53:09.686 UTC [36] LOG {ticks: 0, maint: 0, retry: 0}
2023-11-20 15:53:17,430 INFO: no action. I am (knime-postgres-cluster-0), the leader with the lock
2023-11-20 15:53:27,426 INFO: no action. I am (knime-postgres-cluster-0), the leader with the lock
2023-11-20 15:53:37,377 INFO: no action. I am (knime-postgres-cluster-0), the leader with the lock
2023-11-20 15:53:39.714 UTC [36] LOG {ticks: 0, maint: 0, retry: 0}
2023-11-20 15:53:47,431 INFO: no action. I am (knime-postgres-cluster-0), the leader with the lock
2023-11-20 15:53:57,431 INFO: no action. I am (knime-postgres-cluster-0), the leader with the lock
2023-11-20 15:54:07,427 INFO: no action. I am (knime-postgres-cluster-0), the leader with the lock
2023-11-20 15:54:09.718 UTC [36] LOG {ticks: 0, maint: 0, retry: 0}
2023-11-20 15:54:17,435 INFO: no action. I am (knime-postgres-cluster-0), the leader with the lock
2023-11-20 15:54:27,427 INFO: no action. I am (knime-postgres-cluster-0), the leader with the lock
2023-11-20 15:54:37,377 INFO: no action. I am (knime-postgres-cluster-0), the leader with the lock
2023-11-20 15:54:39.746 UTC [36] LOG {ticks: 0, maint: 0, retry: 0}
2023-11-20 15:54:47,430 INFO: no action. I am (knime-postgres-cluster-0), the leader with the lock
2023-11-20 15:54:57,435 INFO: no action. I am (knime-postgres-cluster-0), the leader with the lock
2023-11-20 15:55:07,434 INFO: no action. I am (knime-postgres-cluster-0), the leader with the lock
2023-11-20 15:55:09.751 UTC [36] LOG {ticks: 0, maint: 0, retry: 0}
2023-11-20 15:55:17,431 INFO: no action. I am (knime-postgres-cluster-0), the leader with the lock
2023-11-20 15:55:27,427 INFO: no action. I am (knime-postgres-cluster-0), the leader with the lock
2023-11-20 15:55:37,431 INFO: no action. I am (knime-postgres-cluster-0), the leader with the lock
2023-11-20 15:55:39.781 UTC [36] LOG {ticks: 0, maint: 0, retry: 0}
2023-11-20 15:55:47,432 INFO: no action. I am (knime-postgres-cluster-0), the leader with the lock
2023-11-20 15:55:57,431 INFO: no action. I am (knime-postgres-cluster-0), the leader with the lock
2023-11-20 15:56:07,439 INFO: no action. I am (knime-postgres-cluster-0), the leader with the lock
2023-11-20 15:56:09.782 UTC [36] LOG {ticks: 0, maint: 0, retry: 0}
2023-11-20 15:56:17,434 INFO: no action. I am (knime-postgres-cluster-0), the leader with the lock
2023-11-20 15:56:27,431 INFO: no action. I am (knime-postgres-cluster-0), the leader with the lock
2023-11-20 15:56:37,377 INFO: no action. I am (knime-postgres-cluster-0), the leader with the lock
2023-11-20 15:56:39.810 UTC [36] LOG {ticks: 0, maint: 0, retry: 0}
2023-11-20 15:56:47,440 INFO: no action. I am (knime-postgres-cluster-0), the leader with the lock
2023-11-20 15:56:57,432 INFO: no action. I am (knime-postgres-cluster-0), the leader with the lock
2023-11-20 15:57:07,431 INFO: no action. I am (knime-postgres-cluster-0), the leader with the lock
2023-11-20 15:57:09.815 UTC [36] LOG {ticks: 0, maint: 0, retry: 0}
2023-11-20 15:57:17,432 INFO: no action. I am (knime-postgres-cluster-0), the leader with the lock
2023-11-20 15:57:27,431 INFO: no action. I am (knime-postgres-cluster-0), the leader with the lock
2023-11-20 15:57:37,435 INFO: no action. I am (knime-postgres-cluster-0), the leader with the lock
2023-11-20 15:57:39.842 UTC [36] LOG {ticks: 0, maint: 0, retry: 0}
2023-11-20 15:57:47,433 INFO: no action. I am (knime-postgres-cluster-0), the leader with the lock
2023-11-20 15:57:57,431 INFO: no action. I am (knime-postgres-cluster-0), the leader with the lock
2023-11-20 15:58:07,434 INFO: no action. I am (knime-postgres-cluster-0), the leader with the lock
2023-11-20 15:58:09.846 UTC [36] LOG {ticks: 0, maint: 0, retry: 0}
2023-11-20 15:58:17,428 INFO: no action. I am (knime-postgres-cluster-0), the leader with the lock
2023-11-20 15:58:27,431 INFO: no action. I am (knime-postgres-cluster-0), the leader with the lock
2023-11-20 15:58:37,438 INFO: no action. I am (knime-postgres-cluster-0), the leader with the lock
2023-11-20 15:58:39.866 UTC [36] LOG {ticks: 0, maint: 0, retry: 0}
2023-11-20 15:58:47,426 INFO: no action. I am (knime-postgres-cluster-0), the leader with the lock
2023-11-20 15:58:57,436 INFO: no action. I am (knime-postgres-cluster-0), the leader with the lock
2023-11-20 15:59:07,431 INFO: no action. I am (knime-postgres-cluster-0), the leader with the lock
2023-11-20 15:59:09.870 UTC [36] LOG {ticks: 0, maint: 0, retry: 0}
2023-11-20 15:59:17,432 INFO: no action. I am (knime-postgres-cluster-0), the leader with the lock
2023-11-20 15:59:27,435 INFO: no action. I am (knime-postgres-cluster-0), the leader with the lock
2023-11-20 15:59:37,377 INFO: no action. I am (knime-postgres-cluster-0), the leader with the lock
2023-11-20 15:59:39.899 UTC [36] LOG {ticks: 0, maint: 0, retry: 0}
2023-11-20 15:59:47,428 INFO: no action. I am (knime-postgres-cluster-0), the leader with the lock
2023-11-20 15:59:57,427 INFO: no action. I am (knime-postgres-cluster-0), the leader with the lock
2023-11-20 16:00:07,431 INFO: no action. I am (knime-postgres-cluster-0), the leader with the lock
2023-11-20 16:00:09.902 UTC [36] LOG {ticks: 0, maint: 0, retry: 0}
2023-11-20 16:00:17,431 INFO: no action. I am (knime-postgres-cluster-0), the leader with the lock
2023-11-20 16:00:27,431 INFO: no action. I am (knime-postgres-cluster-0), the leader with the lock
2023-11-20 16:00:37,380 INFO: no action. I am (knime-postgres-cluster-0), the leader with the lock
2023-11-20 16:00:39.931 UTC [36] LOG {ticks: 0, maint: 0, retry: 0}
2023-11-20 16:00:47,431 INFO: no action. I am (knime-postgres-cluster-0), the leader with the lock
2023-11-20 16:00:57,434 INFO: no action. I am (knime-postgres-cluster-0), the leader with the lock
2023-11-20 16:01:07,381 INFO: no action. I am (knime-postgres-cluster-0), the leader with the lock
2023-11-20 16:01:09.934 UTC [36] LOG {ticks: 0, maint: 0, retry: 0}
2023-11-20 16:01:17,433 INFO: no action. I am (knime-postgres-cluster-0), the leader with the lock
2023-11-20 16:01:27,436 INFO: no action. I am (knime-postgres-cluster-0), the leader with the lock
2023-11-20 16:01:37,427 INFO: no action. I am (knime-postgres-cluster-0), the leader with the lock
2023-11-20 16:01:39.964 UTC [36] LOG {ticks: 0, maint: 0, retry: 0}
2023-11-20 16:01:47,431 INFO: no action. I am (knime-postgres-cluster-0), the leader with the lock
2023-11-20 16:01:57,437 INFO: no action. I am (knime-postgres-cluster-0), the leader with the lock
2023-11-20 16:02:07,432 INFO: no action. I am (knime-postgres-cluster-0), the leader with the lock
2023-11-20 16:02:09.966 UTC [36] LOG {ticks: 0, maint: 0, retry: 0}
2023-11-20 16:02:17,427 INFO: no action. I am (knime-postgres-cluster-0), the leader with the lock
2023-11-20 16:02:27,431 INFO: no action. I am (knime-postgres-cluster-0), the leader with the lock
2023-11-20 16:02:37,436 INFO: no action. I am (knime-postgres-cluster-0), the leader with the lock
2023-11-20 16:02:39.982 UTC [36] LOG {ticks: 0, maint: 0, retry: 0}
2023-11-20 16:02:47,431 INFO: no action. I am (knime-postgres-cluster-0), the leader with the lock
2023-11-20 16:02:57,428 INFO: no action. I am (knime-postgres-cluster-0), the leader with the lock
2023-11-20 16:03:07,380 INFO: no action. I am (knime-postgres-cluster-0), the leader with the lock
2023-11-20 16:03:09.986 UTC [36] LOG {ticks: 0, maint: 0, retry: 0}
2023-11-20 16:03:17,432 INFO: no action. I am (knime-postgres-cluster-0), the leader with the lock
2023-11-20 16:03:27,432 INFO: no action. I am (knime-postgres-cluster-0), the leader with the lock
2023-11-20 16:03:37,440 INFO: no action. I am (knime-postgres-cluster-0), the leader with the lock
2023-11-20 16:03:40.014 UTC [36] LOG {ticks: 0, maint: 0, retry: 0}
2023-11-20 16:03:47,437 INFO: no action. I am (knime-postgres-cluster-0), the leader with the lock
2023-11-20 16:03:57,435 INFO: no action. I am (knime-postgres-cluster-0), the leader with the lock
2023-11-20 16:04:07,377 INFO: no action. I am (knime-postgres-cluster-0), the leader with the lock
2023-11-20 16:04:10.018 UTC [36] LOG {ticks: 0, maint: 0, retry: 0}
2023-11-20 16:04:17,431 INFO: no action. I am (knime-postgres-cluster-0), the leader with the lock
2023-11-20 16:04:27,436 INFO: no action. I am (knime-postgres-cluster-0), the leader with the lock
2023-11-20 16:04:37,431 INFO: no action. I am (knime-postgres-cluster-0), the leader with the lock
2023-11-20 16:04:40.046 UTC [36] LOG {ticks: 0, maint: 0, retry: 0}
2023-11-20 16:04:47,427 INFO: no action. I am (knime-postgres-cluster-0), the leader with the lock
2023-11-20 16:04:57,434 INFO: no action. I am (knime-postgres-cluster-0), the leader with the lock
2023-11-20 16:05:07,377 INFO: no action. I am (knime-postgres-cluster-0), the leader with the lock
2023-11-20 16:05:10.050 UTC [36] LOG {ticks: 0, maint: 0, retry: 0}
2023-11-20 16:05:17,427 INFO: no action. I am (knime-postgres-cluster-0), the leader with the lock
2023-11-20 16:05:27,431 INFO: no action. I am (knime-postgres-cluster-0), the leader with the lock
2023-11-20 16:05:37,430 INFO: no action. I am (knime-postgres-cluster-0), the leader with the lock
2023-11-20 16:05:40.074 UTC [36] LOG {ticks: 0, maint: 0, retry: 0}
2023-11-20 16:05:47,427 INFO: no action. I am (knime-postgres-cluster-0), the leader with the lock
2023-11-20 16:05:57,438 INFO: no action. I am (knime-postgres-cluster-0), the leader with the lock
2023-11-20 16:06:07,431 INFO: no action. I am (knime-postgres-cluster-0), the leader with the lock
2023-11-20 16:06:10.078 UTC [36] LOG {ticks: 0, maint: 0, retry: 0}
2023-11-20 16:06:17,427 INFO: no action. I am (knime-postgres-cluster-0), the leader with the lock
2023-11-20 16:06:27,427 INFO: no action. I am (knime-postgres-cluster-0), the leader with the lock
2023-11-20 16:06:37,431 INFO: no action. I am (knime-postgres-cluster-0), the leader with the lock
2023-11-20 16:06:40.106 UTC [36] LOG {ticks: 0, maint: 0, retry: 0}
2023-11-20 16:06:47,435 INFO: no action. I am (knime-postgres-cluster-0), the leader with the lock
2023-11-20 16:06:57,439 INFO: no action. I am (knime-postgres-cluster-0), the leader with the lock
2023-11-20 16:07:07,434 INFO: no action. I am (knime-postgres-cluster-0), the leader with the lock
2023-11-20 16:07:10.111 UTC [36] LOG {ticks: 0, maint: 0, retry: 0}
2023-11-20 16:07:17,432 INFO: no action. I am (knime-postgres-cluster-0), the leader with the lock
2023-11-20 16:07:27,427 INFO: no action. I am (knime-postgres-cluster-0), the leader with the lock
2023-11-20 16:07:37,431 INFO: no action. I am (knime-postgres-cluster-0), the leader with the lock
2023-11-20 16:07:40.138 UTC [36] LOG {ticks: 0, maint: 0, retry: 0}
2023-11-20 16:07:47,427 INFO: no action. I am (knime-postgres-cluster-0), the leader with the lock
2023-11-20 16:07:57,427 INFO: no action. I am (knime-postgres-cluster-0), the leader with the lock
2023-11-20 16:08:07,377 INFO: no action. I am (knime-postgres-cluster-0), the leader with the lock
2023-11-20 16:08:10.142 UTC [36] LOG {ticks: 0, maint: 0, retry: 0}
2023-11-20 16:08:17,431 INFO: no action. I am (knime-postgres-cluster-0), the leader with the lock
2023-11-20 16:08:27,431 INFO: no action. I am (knime-postgres-cluster-0), the leader with the lock
2023-11-20 16:08:37,432 INFO: no action. I am (knime-postgres-cluster-0), the leader with the lock
2023-11-20 16:08:40.170 UTC [36] LOG {ticks: 0, maint: 0, retry: 0}
2023-11-20 16:08:47,431 INFO: no action. I am (knime-postgres-cluster-0), the leader with the lock
2023-11-20 16:08:57,435 INFO: no action. I am (knime-postgres-cluster-0), the leader with the lock
2023-11-20 16:09:07,379 INFO: no action. I am (knime-postgres-cluster-0), the leader with the lock
2023-11-20 16:09:10.174 UTC [36] LOG {ticks: 0, maint: 0, retry: 0}
2023-11-20 16:09:17,427 INFO: no action. I am (knime-postgres-cluster-0), the leader with the lock
2023-11-20 16:09:27,431 INFO: no action. I am (knime-postgres-cluster-0), the leader with the lock
2023-11-20 16:09:37,437 INFO: no action. I am (knime-postgres-cluster-0), the leader with the lock
2023-11-20 16:09:40.203 UTC [36] LOG {ticks: 0, maint: 0, retry: 0}
2023-11-20 16:09:47,431 INFO: no action. I am (knime-postgres-cluster-0), the leader with the lock
2023-11-20 16:09:57,432 INFO: no action. I am (knime-postgres-cluster-0), the leader with the lock
2023-11-20 16:10:07,431 INFO: no action. I am (knime-postgres-cluster-0), the leader with the lock
2023-11-20 16:10:10.206 UTC [36] LOG {ticks: 0, maint: 0, retry: 0}
2023-11-20 16:10:17,435 INFO: no action. I am (knime-postgres-cluster-0), the leader with the lock
2023-11-20 16:10:27,436 INFO: no action. I am (knime-postgres-cluster-0), the leader with the lock
2023-11-20 16:10:37,380 INFO: no action. I am (knime-postgres-cluster-0), the leader with the lock
2023-11-20 16:10:40.234 UTC [36] LOG {ticks: 0, maint: 0, retry: 0}
2023-11-20 16:10:47,435 INFO: no action. I am (knime-postgres-cluster-0), the leader with the lock
2023-11-20 16:10:57,435 INFO: no action. I am (knime-postgres-cluster-0), the leader with the lock
2023-11-20 16:11:07,427 INFO: no action. I am (knime-postgres-cluster-0), the leader with the lock
2023-11-20 16:11:10.238 UTC [36] LOG {ticks: 0, maint: 0, retry: 0}
2023-11-20 16:11:17,436 INFO: no action. I am (knime-postgres-cluster-0), the leader with the lock
2023-11-20 16:11:27,431 INFO: no action. I am (knime-postgres-cluster-0), the leader with the lock
2023-11-20 16:11:37,379 INFO: no action. I am (knime-postgres-cluster-0), the leader with the lock
2023-11-20 16:11:40.268 UTC [36] LOG {ticks: 0, maint: 0, retry: 0}
2023-11-20 16:11:47,435 INFO: no action. I am (knime-postgres-cluster-0), the leader with the lock
2023-11-20 16:11:57,435 INFO: no action. I am (knime-postgres-cluster-0), the leader with the lock
2023-11-20 16:12:07,433 INFO: no action. I am (knime-postgres-cluster-0), the leader with the lock
2023-11-20 16:12:10.271 UTC [36] LOG {ticks: 0, maint: 0, retry: 0}
2023-11-20 16:12:17,435 INFO: no action. I am (knime-postgres-cluster-0), the leader with the lock
2023-11-20 16:12:27,430 INFO: no action. I am (knime-postgres-cluster-0), the leader with the lock
2023-11-20 16:12:37,431 INFO: no action. I am (knime-postgres-cluster-0), the leader with the lock
2023-11-20 16:12:40.301 UTC [36] LOG {ticks: 0, maint: 0, retry: 0}
2023-11-20 16:12:47,432 INFO: no action. I am (knime-postgres-cluster-0), the leader with the lock
2023-11-20 16:12:57,426 INFO: no action. I am (knime-postgres-cluster-0), the leader with the lock
2023-11-20 16:13:07,436 INFO: no action. I am (knime-postgres-cluster-0), the leader with the lock
2023-11-20 16:13:10.302 UTC [36] LOG {ticks: 0, maint: 0, retry: 0}
2023-11-20 16:13:17,429 INFO: no action. I am (knime-postgres-cluster-0), the leader with the lock
2023-11-20 16:13:27,432 INFO: no action. I am (knime-postgres-cluster-0), the leader with the lock
2023-11-20 16:13:37,377 INFO: no action. I am (knime-postgres-cluster-0), the leader with the lock
2023-11-20 16:13:40.330 UTC [36] LOG {ticks: 0, maint: 0, retry: 0}
2023-11-20 16:13:47,428 INFO: no action. I am (knime-postgres-cluster-0), the leader with the lock
2023-11-20 16:13:57,432 INFO: no action. I am (knime-postgres-cluster-0), the leader with the lock
2023-11-20 16:14:07,434 INFO: no action. I am (knime-postgres-cluster-0), the leader with the lock
2023-11-20 16:14:10.334 UTC [36] LOG {ticks: 0, maint: 0, retry: 0}
2023-11-20 16:14:17,432 INFO: no action. I am (knime-postgres-cluster-0), the leader with the lock
2023-11-20 16:14:27,430 INFO: no action. I am (knime-postgres-cluster-0), the leader with the lock
2023-11-20 16:14:37,381 INFO: no action. I am (knime-postgres-cluster-0), the leader with the lock
2023-11-20 16:14:40.362 UTC [36] LOG {ticks: 0, maint: 0, retry: 0}
2023-11-20 16:14:47,431 INFO: no action. I am (knime-postgres-cluster-0), the leader with the lock
2023-11-20 16:14:57,428 INFO: no action. I am (knime-postgres-cluster-0), the leader with the lock
2023-11-20 16:15:07,436 INFO: no action. I am (knime-postgres-cluster-0), the leader with the lock
2023-11-20 16:15:10.366 UTC [36] LOG {ticks: 0, maint: 0, retry: 0}
2023-11-20 16:15:17,427 INFO: no action. I am (knime-postgres-cluster-0), the leader with the lock
2023-11-20 16:15:27,432 INFO: no action. I am (knime-postgres-cluster-0), the leader with the lock
2023-11-20 16:15:37,377 INFO: no action. I am (knime-postgres-cluster-0), the leader with the lock
2023-11-20 16:15:40.394 UTC [36] LOG {ticks: 0, maint: 0, retry: 0}
2023-11-20 16:15:47,436 INFO: no action. I am (knime-postgres-cluster-0), the leader with the lock
2023-11-20 16:15:57,427 INFO: no action. I am (knime-postgres-cluster-0), the leader with the lock
2023-11-20 16:16:07,429 INFO: no action. I am (knime-postgres-cluster-0), the leader with the lock
2023-11-20 16:16:10.398 UTC [36] LOG {ticks: 0, maint: 0, retry: 0}
2023-11-20 16:16:17,426 INFO: no action. I am (knime-postgres-cluster-0), the leader with the lock
2023-11-20 16:16:27,431 INFO: no action. I am (knime-postgres-cluster-0), the leader with the lock
2023-11-20 16:16:37,431 INFO: no action. I am (knime-postgres-cluster-0), the leader with the lock
2023-11-20 16:16:40.426 UTC [36] LOG {ticks: 0, maint: 0, retry: 0}
2023-11-20 16:16:47,432 INFO: no action. I am (knime-postgres-cluster-0), the leader with the lock
2023-11-20 16:16:57,427 INFO: no action. I am (knime-postgres-cluster-0), the leader with the lock
2023-11-20 16:17:07,435 INFO: no action. I am (knime-postgres-cluster-0), the leader with the lock
2023-11-20 16:17:10.430 UTC [36] LOG {ticks: 0, maint: 0, retry: 0}
2023-11-20 16:17:17,443 INFO: no action. I am (knime-postgres-cluster-0), the leader with the lock
2023-11-20 16:17:27,432 INFO: no action. I am (knime-postgres-cluster-0), the leader with the lock
2023-11-20 16:17:37,433 INFO: no action. I am (knime-postgres-cluster-0), the leader with the lock
2023-11-20 16:17:40.458 UTC [36] LOG {ticks: 0, maint: 0, retry: 0}
2023-11-20 16:17:47,431 INFO: no action. I am (knime-postgres-cluster-0), the leader with the lock
2023-11-20 16:17:57,427 INFO: no action. I am (knime-postgres-cluster-0), the leader with the lock
2023-11-20 16:18:07,433 INFO: no action. I am (knime-postgres-cluster-0), the leader with the lock
2023-11-20 16:18:10.462 UTC [36] LOG {ticks: 0, maint: 0, retry: 0}
2023-11-20 16:18:17,427 INFO: no action. I am (knime-postgres-cluster-0), the leader with the lock
2023-11-20 16:18:27,427 INFO: no action. I am (knime-postgres-cluster-0), the leader with the lock
2023-11-20 16:18:37,440 INFO: no action. I am (knime-postgres-cluster-0), the leader with the lock
2023-11-20 16:18:40.491 UTC [36] LOG {ticks: 0, maint: 0, retry: 0}
2023-11-20 16:18:47,435 INFO: no action. I am (knime-postgres-cluster-0), the leader with the lock
2023-11-20 16:18:57,431 INFO: no action. I am (knime-postgres-cluster-0), the leader with the lock
2023-11-20 16:19:07,377 INFO: no action. I am (knime-postgres-cluster-0), the leader with the lock
2023-11-20 16:19:10.494 UTC [36] LOG {ticks: 0, maint: 0, retry: 0}
2023-11-20 16:19:17,433 INFO: no action. I am (knime-postgres-cluster-0), the leader with the lock
2023-11-20 16:19:27,435 INFO: no action. I am (knime-postgres-cluster-0), the leader with the lock
2023-11-20 16:19:37,427 INFO: no action. I am (knime-postgres-cluster-0), the leader with the lock
2023-11-20 16:19:40.523 UTC [36] LOG {ticks: 0, maint: 0, retry: 0}
2023-11-20 16:19:47,432 INFO: no action. I am (knime-postgres-cluster-0), the leader with the lock
2023-11-20 16:19:57,435 INFO: no action. I am (knime-postgres-cluster-0), the leader with the lock
2023-11-20 16:20:07,383 INFO: no action. I am (knime-postgres-cluster-0), the leader with the lock
2023-11-20 16:20:10.526 UTC [36] LOG {ticks: 0, maint: 0, retry: 0}
2023-11-20 16:20:17,435 INFO: no action. I am (knime-postgres-cluster-0), the leader with the lock
2023-11-20 16:20:27,426 INFO: no action. I am (knime-postgres-cluster-0), the leader with the lock
2023-11-20 16:20:37,431 INFO: no action. I am (knime-postgres-cluster-0), the leader with the lock
2023-11-20 16:20:40.554 UTC [36] LOG {ticks: 0, maint: 0, retry: 0}
2023-11-20 16:20:47,427 INFO: no action. I am (knime-postgres-cluster-0), the leader with the lock
2023-11-20 16:20:57,430 INFO: no action. I am (knime-postgres-cluster-0), the leader with the lock
2023-11-20 16:21:07,430 INFO: no action. I am (knime-postgres-cluster-0), the leader with the lock
2023-11-20 16:21:10.558 UTC [36] LOG {ticks: 0, maint: 0, retry: 0}
2023-11-20 16:21:17,432 INFO: no action. I am (knime-postgres-cluster-0), the leader with the lock
2023-11-20 16:21:27,431 INFO: no action. I am (knime-postgres-cluster-0), the leader with the lock
2023-11-20 16:21:37,430 INFO: no action. I am (knime-postgres-cluster-0), the leader with the lock
2023-11-20 16:21:40.586 UTC [36] LOG {ticks: 0, maint: 0, retry: 0}
2023-11-20 16:21:47,435 INFO: no action. I am (knime-postgres-cluster-0), the leader with the lock
2023-11-20 16:21:57,441 INFO: no action. I am (knime-postgres-cluster-0), the leader with the lock
2023-11-20 16:22:07,430 INFO: no action. I am (knime-postgres-cluster-0), the leader with the lock
2023-11-20 16:22:10.590 UTC [36] LOG {ticks: 0, maint: 0, retry: 0}
2023-11-20 16:22:17,439 INFO: no action. I am (knime-postgres-cluster-0), the leader with the lock
2023-11-20 16:22:27,428 INFO: no action. I am (knime-postgres-cluster-0), the leader with the lock
2023-11-20 16:22:37,431 INFO: no action. I am (knime-postgres-cluster-0), the leader with the lock
2023-11-20 16:22:40.618 UTC [36] LOG {ticks: 0, maint: 0, retry: 0}
2023-11-20 16:22:47,431 INFO: no action. I am (knime-postgres-cluster-0), the leader with the lock
2023-11-20 16:22:57,435 INFO: no action. I am (knime-postgres-cluster-0), the leader with the lock
2023-11-20 16:23:07,377 INFO: no action. I am (knime-postgres-cluster-0), the leader with the lock
2023-11-20 16:23:10.622 UTC [36] LOG {ticks: 0, maint: 0, retry: 0}
2023-11-20 16:23:17,431 INFO: no action. I am (knime-postgres-cluster-0), the leader with the lock
2023-11-20 16:23:27,434 INFO: no action. I am (knime-postgres-cluster-0), the leader with the lock
2023-11-20 16:23:37,436 INFO: no action. I am (knime-postgres-cluster-0), the leader with the lock
2023-11-20 16:23:40.652 UTC [36] LOG {ticks: 0, maint: 0, retry: 0}
2023-11-20 16:23:47,432 INFO: no action. I am (knime-postgres-cluster-0), the leader with the lock
2023-11-20 16:23:57,440 INFO: no action. I am (knime-postgres-cluster-0), the leader with the lock
2023-11-20 16:24:07,384 INFO: no action. I am (knime-postgres-cluster-0), the leader with the lock
2023-11-20 16:24:10.654 UTC [36] LOG {ticks: 0, maint: 0, retry: 0}
2023-11-20 16:24:17,433 INFO: no action. I am (knime-postgres-cluster-0), the leader with the lock
2023-11-20 16:24:27,431 INFO: no action. I am (knime-postgres-cluster-0), the leader with the lock
2023-11-20 16:24:37,431 INFO: no action. I am (knime-postgres-cluster-0), the leader with the lock
2023-11-20 16:24:40.683 UTC [36] LOG {ticks: 0, maint: 0, retry: 0}
2023-11-20 16:24:47,431 INFO: no action. I am (knime-postgres-cluster-0), the leader with the lock
2023-11-20 16:24:57,431 INFO: no action. I am (knime-postgres-cluster-0), the leader with the lock
2023-11-20 16:25:07,428 INFO: no action. I am (knime-postgres-cluster-0), the leader with the lock
2023-11-20 16:25:10.686 UTC [36] LOG {ticks: 0, maint: 0, retry: 0}
2023-11-20 16:25:17,427 INFO: no action. I am (knime-postgres-cluster-0), the leader with the lock
2023-11-20 16:25:27,431 INFO: no action. I am (knime-postgres-cluster-0), the leader with the lock
2023-11-20 16:25:37,427 INFO: no action. I am (knime-postgres-cluster-0), the leader with the lock
2023-11-20 16:25:40.714 UTC [36] LOG {ticks: 0, maint: 0, retry: 0}
2023-11-20 16:25:47,436 INFO: no action. I am (knime-postgres-cluster-0), the leader with the lock
2023-11-20 16:25:57,435 INFO: no action. I am (knime-postgres-cluster-0), the leader with the lock
2023-11-20 16:26:07,427 INFO: no action. I am (knime-postgres-cluster-0), the leader with the lock
2023-11-20 16:26:10.718 UTC [36] LOG {ticks: 0, maint: 0, retry: 0}
2023-11-20 16:26:17,434 INFO: no action. I am (knime-postgres-cluster-0), the leader with the lock
2023-11-20 16:26:27,426 INFO: no action. I am (knime-postgres-cluster-0), the leader with the lock
2023-11-20 16:26:37,383 INFO: no action. I am (knime-postgres-cluster-0), the leader with the lock
2023-11-20 16:26:40.746 UTC [36] LOG {ticks: 0, maint: 0, retry: 0}
2023-11-20 16:26:47,431 INFO: no action. I am (knime-postgres-cluster-0), the leader with the lock
2023-11-20 16:26:57,430 INFO: no action. I am (knime-postgres-cluster-0), the leader with the lock
2023-11-20 16:27:07,438 INFO: no action. I am (knime-postgres-cluster-0), the leader with the lock
2023-11-20 16:27:10.750 UTC [36] LOG {ticks: 0, maint: 0, retry: 0}
2023-11-20 16:27:17,435 INFO: no action. I am (knime-postgres-cluster-0), the leader with the lock
2023-11-20 16:27:27,431 INFO: no action. I am (knime-postgres-cluster-0), the leader with the lock
2023-11-20 16:27:37,431 INFO: no action. I am (knime-postgres-cluster-0), the leader with the lock
2023-11-20 16:27:40.780 UTC [36] LOG {ticks: 0, maint: 0, retry: 0}
2023-11-20 16:27:47,426 INFO: no action. I am (knime-postgres-cluster-0), the leader with the lock
2023-11-20 16:27:57,431 INFO: no action. I am (knime-postgres-cluster-0), the leader with the lock
2023-11-20 16:28:07,428 INFO: no action. I am (knime-postgres-cluster-0), the leader with the lock
2023-11-20 16:28:10.782 UTC [36] LOG {ticks: 0, maint: 0, retry: 0}
2023-11-20 16:28:17,427 INFO: no action. I am (knime-postgres-cluster-0), the leader with the lock
2023-11-20 16:28:27,431 INFO: no action. I am (knime-postgres-cluster-0), the leader with the lock
2023-11-20 16:28:37,427 INFO: no action. I am (knime-postgres-cluster-0), the leader with the lock
2023-11-20 16:28:40.810 UTC [36] LOG {ticks: 0, maint: 0, retry: 0}
2023-11-20 16:28:47,432 INFO: no action. I am (knime-postgres-cluster-0), the leader with the lock
2023-11-20 16:28:57,431 INFO: no action. I am (knime-postgres-cluster-0), the leader with the lock
2023-11-20 16:29:07,432 INFO: no action. I am (knime-postgres-cluster-0), the leader with the lock
2023-11-20 16:29:10.814 UTC [36] LOG {ticks: 0, maint: 0, retry: 0}
2023-11-20 16:29:17,432 INFO: no action. I am (knime-postgres-cluster-0), the leader with the lock
2023-11-20 16:29:27,429 INFO: no action. I am (knime-postgres-cluster-0), the leader with the lock
2023-11-20 16:29:37,377 INFO: no action. I am (knime-postgres-cluster-0), the leader with the lock
2023-11-20 16:29:40.842 UTC [36] LOG {ticks: 0, maint: 0, retry: 0}
2023-11-20 16:29:47,427 INFO: no action. I am (knime-postgres-cluster-0), the leader with the lock
2023-11-20 16:29:57,432 INFO: no action. I am (knime-postgres-cluster-0), the leader with the lock
2023-11-20 16:30:07,432 INFO: no action. I am (knime-postgres-cluster-0), the leader with the lock
2023-11-20 16:30:10.846 UTC [36] LOG {ticks: 0, maint: 0, retry: 0}
2023-11-20 16:30:17,439 INFO: no action. I am (knime-postgres-cluster-0), the leader with the lock
2023-11-20 16:30:27,438 INFO: no action. I am (knime-postgres-cluster-0), the leader with the lock
2023-11-20 16:30:37,383 INFO: no action. I am (knime-postgres-cluster-0), the leader with the lock
2023-11-20 16:30:40.874 UTC [36] LOG {ticks: 0, maint: 0, retry: 0}
2023-11-20 16:30:47,436 INFO: no action. I am (knime-postgres-cluster-0), the leader with the lock
2023-11-20 16:30:57,440 INFO: no action. I am (knime-postgres-cluster-0), the leader with the lock
2023-11-20 16:31:07,428 INFO: no action. I am (knime-postgres-cluster-0), the leader with the lock
2023-11-20 16:31:10.878 UTC [36] LOG {ticks: 0, maint: 0, retry: 0}
2023-11-20 16:31:17,436 INFO: no action. I am (knime-postgres-cluster-0), the leader with the lock
2023-11-20 16:31:27,432 INFO: no action. I am (knime-postgres-cluster-0), the leader with the lock
2023-11-20 16:31:37,379 INFO: no action. I am (knime-postgres-cluster-0), the leader with the lock
2023-11-20 16:31:40.906 UTC [36] LOG {ticks: 0, maint: 0, retry: 0}
2023-11-20 16:31:47,431 INFO: no action. I am (knime-postgres-cluster-0), the leader with the lock
2023-11-20 16:31:57,436 INFO: no action. I am (knime-postgres-cluster-0), the leader with the lock
2023-11-20 16:32:07,434 INFO: no action. I am (knime-postgres-cluster-0), the leader with the lock
2023-11-20 16:32:10.910 UTC [36] LOG {ticks: 0, maint: 0, retry: 0}
2023-11-20 16:32:17,427 INFO: no action. I am (knime-postgres-cluster-0), the leader with the lock
2023-11-20 16:32:27,427 INFO: no action. I am (knime-postgres-cluster-0), the leader with the lock
2023-11-20 16:32:37,432 INFO: no action. I am (knime-postgres-cluster-0), the leader with the lock
2023-11-20 16:32:40.938 UTC [36] LOG {ticks: 0, maint: 0, retry: 0}
2023-11-20 16:32:47,432 INFO: no action. I am (knime-postgres-cluster-0), the leader with the lock
2023-11-20 16:32:57,427 INFO: no action. I am (knime-postgres-cluster-0), the leader with the lock
2023-11-20 16:33:07,427 INFO: no action. I am (knime-postgres-cluster-0), the leader with the lock
2023-11-20 16:33:10.942 UTC [36] LOG {ticks: 0, maint: 0, retry: 0}
2023-11-20 16:33:17,436 INFO: no action. I am (knime-postgres-cluster-0), the leader with the lock
2023-11-20 16:33:27,435 INFO: no action. I am (knime-postgres-cluster-0), the leader with the lock
2023-11-20 16:33:37,432 INFO: no action. I am (knime-postgres-cluster-0), the leader with the lock
2023-11-20 16:33:40.967 UTC [36] LOG {ticks: 0, maint: 0, retry: 0}
2023-11-20 16:33:47,427 INFO: no action. I am (knime-postgres-cluster-0), the leader with the lock
2023-11-20 16:33:57,436 INFO: no action. I am (knime-postgres-cluster-0), the leader with the lock
2023-11-20 16:34:07,380 INFO: no action. I am (knime-postgres-cluster-0), the leader with the lock
2023-11-20 16:34:10.970 UTC [36] LOG {ticks: 0, maint: 0, retry: 0}
2023-11-20 16:34:17,434 INFO: no action. I am (knime-postgres-cluster-0), the leader with the lock
2023-11-20 16:34:27,431 INFO: no action. I am (knime-postgres-cluster-0), the leader with the lock
2023-11-20 16:34:37,428 INFO: no action. I am (knime-postgres-cluster-0), the leader with the lock
2023-11-20 16:34:40.998 UTC [36] LOG {ticks: 0, maint: 0, retry: 0}
2023-11-20 16:34:47,435 INFO: no action. I am (knime-postgres-cluster-0), the leader with the lock
2023-11-20 16:34:57,435 INFO: no action. I am (knime-postgres-cluster-0), the leader with the lock
2023-11-20 16:35:07,385 INFO: no action. I am (knime-postgres-cluster-0), the leader with the lock
2023-11-20 16:35:11.002 UTC [36] LOG {ticks: 0, maint: 0, retry: 0}
2023-11-20 16:35:17,426 INFO: no action. I am (knime-postgres-cluster-0), the leader with the lock
2023-11-20 16:35:27,431 INFO: no action. I am (knime-postgres-cluster-0), the leader with the lock
2023-11-20 16:35:37,430 INFO: no action. I am (knime-postgres-cluster-0), the leader with the lock
2023-11-20 16:35:41.032 UTC [36] LOG {ticks: 0, maint: 0, retry: 0}
2023-11-20 16:35:47,435 INFO: no action. I am (knime-postgres-cluster-0), the leader with the lock
2023-11-20 16:35:57,436 INFO: no action. I am (knime-postgres-cluster-0), the leader with the lock
2023-11-20 16:36:07,377 INFO: no action. I am (knime-postgres-cluster-0), the leader with the lock
2023-11-20 16:36:11.034 UTC [36] LOG {ticks: 0, maint: 0, retry: 0}
2023-11-20 16:36:17,431 INFO: no action. I am (knime-postgres-cluster-0), the leader with the lock
2023-11-20 16:36:27,431 INFO: no action. I am (knime-postgres-cluster-0), the leader with the lock
2023-11-20 16:36:37,431 INFO: no action. I am (knime-postgres-cluster-0), the leader with the lock
2023-11-20 16:36:41.064 UTC [36] LOG {ticks: 0, maint: 0, retry: 0}
2023-11-20 16:36:47,431 INFO: no action. I am (knime-postgres-cluster-0), the leader with the lock
2023-11-20 16:36:57,433 INFO: no action. I am (knime-postgres-cluster-0), the leader with the lock
2023-11-20 16:37:07,433 INFO: no action. I am (knime-postgres-cluster-0), the leader with the lock
2023-11-20 16:37:11.066 UTC [36] LOG {ticks: 0, maint: 0, retry: 0}
2023-11-20 16:37:17,429 INFO: no action. I am (knime-postgres-cluster-0), the leader with the lock
2023-11-20 16:37:27,432 INFO: no action. I am (knime-postgres-cluster-0), the leader with the lock
2023-11-20 16:37:37,435 INFO: no action. I am (knime-postgres-cluster-0), the leader with the lock
2023-11-20 16:37:41.094 UTC [36] LOG {ticks: 0, maint: 0, retry: 0}
2023-11-20 16:37:47,427 INFO: no action. I am (knime-postgres-cluster-0), the leader with the lock
2023-11-20 16:37:57,431 INFO: no action. I am (knime-postgres-cluster-0), the leader with the lock
2023-11-20 16:38:07,436 INFO: no action. I am (knime-postgres-cluster-0), the leader with the lock
2023-11-20 16:38:11.098 UTC [36] LOG {ticks: 0, maint: 0, retry: 0}
2023-11-20 16:38:17,432 INFO: no action. I am (knime-postgres-cluster-0), the leader with the lock
2023-11-20 16:38:27,439 INFO: no action. I am (knime-postgres-cluster-0), the leader with the lock
2023-11-20 16:38:37,430 INFO: no action. I am (knime-postgres-cluster-0), the leader with the lock
2023-11-20 16:38:41.128 UTC [36] LOG {ticks: 0, maint: 0, retry: 0}
2023-11-20 16:38:47,429 INFO: no action. I am (knime-postgres-cluster-0), the leader with the lock
2023-11-20 16:38:57,437 INFO: no action. I am (knime-postgres-cluster-0), the leader with the lock
2023-11-20 16:39:07,377 INFO: no action. I am (knime-postgres-cluster-0), the leader with the lock
2023-11-20 16:39:11.130 UTC [36] LOG {ticks: 0, maint: 0, retry: 0}
2023-11-20 16:39:17,435 INFO: no action. I am (knime-postgres-cluster-0), the leader with the lock
2023-11-20 16:39:27,436 INFO: no action. I am (knime-postgres-cluster-0), the leader with the lock
2023-11-20 16:39:37,428 INFO: no action. I am (knime-postgres-cluster-0), the leader with the lock
2023-11-20 16:39:41.159 UTC [36] LOG {ticks: 0, maint: 0, retry: 0}
2023-11-20 16:39:47,436 INFO: no action. I am (knime-postgres-cluster-0), the leader with the lock
2023-11-20 16:39:57,437 INFO: no action. I am (knime-postgres-cluster-0), the leader with the lock
2023-11-20 16:40:07,431 INFO: no action. I am (knime-postgres-cluster-0), the leader with the lock
2023-11-20 16:40:11.158 UTC [36] LOG {ticks: 0, maint: 0, retry: 0}
2023-11-20 16:40:17,435 INFO: no action. I am (knime-postgres-cluster-0), the leader with the lock
2023-11-20 16:40:27,433 INFO: no action. I am (knime-postgres-cluster-0), the leader with the lock
2023-11-20 16:40:37,431 INFO: no action. I am (knime-postgres-cluster-0), the leader with the lock
2023-11-20 16:40:41.186 UTC [36] LOG {ticks: 0, maint: 0, retry: 0}
2023-11-20 16:40:47,435 INFO: no action. I am (knime-postgres-cluster-0), the leader with the lock
2023-11-20 16:40:57,432 INFO: no action. I am (knime-postgres-cluster-0), the leader with the lock
2023-11-20 16:41:07,383 INFO: no action. I am (knime-postgres-cluster-0), the leader with the lock
2023-11-20 16:41:11.190 UTC [36] LOG {ticks: 0, maint: 0, retry: 0}
2023-11-20 16:41:17,432 INFO: no action. I am (knime-postgres-cluster-0), the leader with the lock
2023-11-20 16:41:27,428 INFO: no action. I am (knime-postgres-cluster-0), the leader with the lock
2023-11-20 16:41:37,428 INFO: no action. I am (knime-postgres-cluster-0), the leader with the lock
2023-11-20 16:41:41.218 UTC [36] LOG {ticks: 0, maint: 0, retry: 0}
2023-11-20 16:41:47,436 INFO: no action. I am (knime-postgres-cluster-0), the leader with the lock
2023-11-20 16:41:57,431 INFO: no action. I am (knime-postgres-cluster-0), the leader with the lock
2023-11-20 16:42:07,439 INFO: no action. I am (knime-postgres-cluster-0), the leader with the lock
2023-11-20 16:42:11.222 UTC [36] LOG {ticks: 0, maint: 0, retry: 0}
2023-11-20 16:42:17,431 INFO: no action. I am (knime-postgres-cluster-0), the leader with the lock
2023-11-20 16:42:27,430 INFO: no action. I am (knime-postgres-cluster-0), the leader with the lock
2023-11-20 16:42:37,435 INFO: no action. I am (knime-postgres-cluster-0), the leader with the lock
2023-11-20 16:42:41.249 UTC [36] LOG {ticks: 0, maint: 0, retry: 0}
2023-11-20 16:42:47,435 INFO: no action. I am (knime-postgres-cluster-0), the leader with the lock
2023-11-20 16:42:57,427 INFO: no action. I am (knime-postgres-cluster-0), the leader with the lock
2023-11-20 16:43:07,430 INFO: no action. I am (knime-postgres-cluster-0), the leader with the lock
2023-11-20 16:43:11.250 UTC [36] LOG {ticks: 0, maint: 0, retry: 0}
2023-11-20 16:43:17,432 INFO: no action. I am (knime-postgres-cluster-0), the leader with the lock
2023-11-20 16:43:27,435 INFO: no action. I am (knime-postgres-cluster-0), the leader with the lock
2023-11-20 16:43:37,431 INFO: no action. I am (knime-postgres-cluster-0), the leader with the lock
2023-11-20 16:43:41.279 UTC [36] LOG {ticks: 0, maint: 0, retry: 0}
2023-11-20 16:43:47,440 INFO: no action. I am (knime-postgres-cluster-0), the leader with the lock
2023-11-20 16:43:57,432 INFO: no action. I am (knime-postgres-cluster-0), the leader with the lock
2023-11-20 16:44:07,430 INFO: no action. I am (knime-postgres-cluster-0), the leader with the lock
2023-11-20 16:44:11.282 UTC [36] LOG {ticks: 0, maint: 0, retry: 0}
2023-11-20 16:44:17,431 INFO: no action. I am (knime-postgres-cluster-0), the leader with the lock
2023-11-20 16:44:27,431 INFO: no action. I am (knime-postgres-cluster-0), the leader with the lock
2023-11-20 16:44:37,426 INFO: no action. I am (knime-postgres-cluster-0), the leader with the lock
2023-11-20 16:44:41.310 UTC [36] LOG {ticks: 0, maint: 0, retry: 0}
2023-11-20 16:44:47,430 INFO: no action. I am (knime-postgres-cluster-0), the leader with the lock
2023-11-20 16:44:57,430 INFO: no action. I am (knime-postgres-cluster-0), the leader with the lock
2023-11-20 16:45:07,377 INFO: no action. I am (knime-postgres-cluster-0), the leader with the lock
2023-11-20 16:45:11.314 UTC [36] LOG {ticks: 0, maint: 0, retry: 0}
2023-11-20 16:45:17,431 INFO: no action. I am (knime-postgres-cluster-0), the leader with the lock
2023-11-20 16:45:27,435 INFO: no action. I am (knime-postgres-cluster-0), the leader with the lock
2023-11-20 16:45:37,431 INFO: no action. I am (knime-postgres-cluster-0), the leader with the lock
2023-11-20 16:45:41.342 UTC [36] LOG {ticks: 0, maint: 0, retry: 0}
2023-11-20 16:45:47,432 INFO: no action. I am (knime-postgres-cluster-0), the leader with the lock
2023-11-20 16:45:57,427 INFO: no action. I am (knime-postgres-cluster-0), the leader with the lock
2023-11-20 16:46:07,434 INFO: no action. I am (knime-postgres-cluster-0), the leader with the lock
2023-11-20 16:46:11.346 UTC [36] LOG {ticks: 0, maint: 0, retry: 0}
2023-11-20 16:46:17,443 INFO: no action. I am (knime-postgres-cluster-0), the leader with the lock
2023-11-20 16:46:27,431 INFO: no action. I am (knime-postgres-cluster-0), the leader with the lock
2023-11-20 16:46:37,435 INFO: no action. I am (knime-postgres-cluster-0), the leader with the lock
2023-11-20 16:46:41.376 UTC [36] LOG {ticks: 0, maint: 0, retry: 0}
2023-11-20 16:46:47,432 INFO: no action. I am (knime-postgres-cluster-0), the leader with the lock
2023-11-20 16:46:57,428 INFO: no action. I am (knime-postgres-cluster-0), the leader with the lock
2023-11-20 16:47:07,432 INFO: no action. I am (knime-postgres-cluster-0), the leader with the lock
2023-11-20 16:47:11.378 UTC [36] LOG {ticks: 0, maint: 0, retry: 0}
2023-11-20 16:47:17,434 INFO: no action. I am (knime-postgres-cluster-0), the leader with the lock
2023-11-20 16:47:27,430 INFO: no action. I am (knime-postgres-cluster-0), the leader with the lock
2023-11-20 16:47:37,436 INFO: no action. I am (knime-postgres-cluster-0), the leader with the lock
2023-11-20 16:47:41.406 UTC [36] LOG {ticks: 0, maint: 0, retry: 0}
2023-11-20 16:47:47,431 INFO: no action. I am (knime-postgres-cluster-0), the leader with the lock
2023-11-20 16:47:57,439 INFO: no action. I am (knime-postgres-cluster-0), the leader with the lock
2023-11-20 16:48:07,381 INFO: no action. I am (knime-postgres-cluster-0), the leader with the lock
2023-11-20 16:48:11.410 UTC [36] LOG {ticks: 0, maint: 0, retry: 0}
2023-11-20 16:48:17,433 INFO: no action. I am (knime-postgres-cluster-0), the leader with the lock
2023-11-20 16:48:27,431 INFO: no action. I am (knime-postgres-cluster-0), the leader with the lock
2023-11-20 16:48:37,434 INFO: no action. I am (knime-postgres-cluster-0), the leader with the lock
2023-11-20 16:48:41.439 UTC [36] LOG {ticks: 0, maint: 0, retry: 0}
2023-11-20 16:48:47,431 INFO: no action. I am (knime-postgres-cluster-0), the leader with the lock
2023-11-20 16:48:57,431 INFO: no action. I am (knime-postgres-cluster-0), the leader with the lock
2023-11-20 16:49:07,379 INFO: no action. I am (knime-postgres-cluster-0), the leader with the lock
2023-11-20 16:49:11.442 UTC [36] LOG {ticks: 0, maint: 0, retry: 0}
2023-11-20 16:49:17,435 INFO: no action. I am (knime-postgres-cluster-0), the leader with the lock
2023-11-20 16:49:27,428 INFO: no action. I am (knime-postgres-cluster-0), the leader with the lock
2023-11-20 16:49:37,427 INFO: no action. I am (knime-postgres-cluster-0), the leader with the lock
2023-11-20 16:49:41.470 UTC [36] LOG {ticks: 0, maint: 0, retry: 0}
2023-11-20 16:49:47,431 INFO: no action. I am (knime-postgres-cluster-0), the leader with the lock
2023-11-20 16:49:57,435 INFO: no action. I am (knime-postgres-cluster-0), the leader with the lock
2023-11-20 16:50:07,436 INFO: no action. I am (knime-postgres-cluster-0), the leader with the lock
2023-11-20 16:50:11.474 UTC [36] LOG {ticks: 0, maint: 0, retry: 0}
2023-11-20 16:50:17,427 INFO: no action. I am (knime-postgres-cluster-0), the leader with the lock
2023-11-20 16:50:27,427 INFO: no action. I am (knime-postgres-cluster-0), the leader with the lock
2023-11-20 16:50:37,379 INFO: no action. I am (knime-postgres-cluster-0), the leader with the lock
2023-11-20 16:50:41.502 UTC [36] LOG {ticks: 0, maint: 0, retry: 0}
2023-11-20 16:50:47,427 INFO: no action. I am (knime-postgres-cluster-0), the leader with the lock
2023-11-20 16:50:57,434 INFO: no action. I am (knime-postgres-cluster-0), the leader with the lock
2023-11-20 16:51:07,436 INFO: no action. I am (knime-postgres-cluster-0), the leader with the lock
2023-11-20 16:51:11.506 UTC [36] LOG {ticks: 0, maint: 0, retry: 0}
2023-11-20 16:51:17,431 INFO: no action. I am (knime-postgres-cluster-0), the leader with the lock
2023-11-20 16:51:27,427 INFO: no action. I am (knime-postgres-cluster-0), the leader with the lock
2023-11-20 16:51:37,383 INFO: no action. I am (knime-postgres-cluster-0), the leader with the lock
2023-11-20 16:51:41.534 UTC [36] LOG {ticks: 0, maint: 0, retry: 0}
2023-11-20 16:51:47,432 INFO: no action. I am (knime-postgres-cluster-0), the leader with the lock
2023-11-20 16:51:57,435 INFO: no action. I am (knime-postgres-cluster-0), the leader with the lock
2023-11-20 16:52:07,452 INFO: no action. I am (knime-postgres-cluster-0), the leader with the lock
2023-11-20 16:52:11.538 UTC [36] LOG {ticks: 0, maint: 0, retry: 0}
2023-11-20 16:52:17,431 INFO: no action. I am (knime-postgres-cluster-0), the leader with the lock
2023-11-20 16:52:27,435 INFO: no action. I am (knime-postgres-cluster-0), the leader with the lock
2023-11-20 16:52:37,430 INFO: no action. I am (knime-postgres-cluster-0), the leader with the lock
2023-11-20 16:52:41.566 UTC [36] LOG {ticks: 0, maint: 0, retry: 0}
2023-11-20 16:52:47,441 INFO: no action. I am (knime-postgres-cluster-0), the leader with the lock
2023-11-20 16:52:57,432 INFO: no action. I am (knime-postgres-cluster-0), the leader with the lock
2023-11-20 16:53:07,435 INFO: no action. I am (knime-postgres-cluster-0), the leader with the lock
2023-11-20 16:53:11.570 UTC [36] LOG {ticks: 0, maint: 0, retry: 0}
2023-11-20 16:53:17,433 INFO: no action. I am (knime-postgres-cluster-0), the leader with the lock
2023-11-20 16:53:27,434 INFO: no action. I am (knime-postgres-cluster-0), the leader with the lock
2023-11-20 16:53:37,427 INFO: no action. I am (knime-postgres-cluster-0), the leader with the lock
2023-11-20 16:53:41.599 UTC [36] LOG {ticks: 0, maint: 0, retry: 0}
2023-11-20 16:53:47,432 INFO: no action. I am (knime-postgres-cluster-0), the leader with the lock
2023-11-20 16:53:57,439 INFO: no action. I am (knime-postgres-cluster-0), the leader with the lock
2023-11-20 16:54:07,436 INFO: no action. I am (knime-postgres-cluster-0), the leader with the lock
2023-11-20 16:54:11.602 UTC [36] LOG {ticks: 0, maint: 0, retry: 0}
2023-11-20 16:54:17,444 INFO: no action. I am (knime-postgres-cluster-0), the leader with the lock
2023-11-20 16:54:27,431 INFO: no action. I am (knime-postgres-cluster-0), the leader with the lock
2023-11-20 16:54:37,377 INFO: no action. I am (knime-postgres-cluster-0), the leader with the lock
2023-11-20 16:54:41.630 UTC [36] LOG {ticks: 0, maint: 0, retry: 0}
2023-11-20 16:54:47,426 INFO: no action. I am (knime-postgres-cluster-0), the leader with the lock
2023-11-20 16:54:57,430 INFO: no action. I am (knime-postgres-cluster-0), the leader with the lock
2023-11-20 16:55:07,435 INFO: no action. I am (knime-postgres-cluster-0), the leader with the lock
2023-11-20 16:55:11.634 UTC [36] LOG {ticks: 0, maint: 0, retry: 0}
2023-11-20 16:55:17,428 INFO: no action. I am (knime-postgres-cluster-0), the leader with the lock
2023-11-20 16:55:27,431 INFO: no action. I am (knime-postgres-cluster-0), the leader with the lock
2023-11-20 16:55:37,381 INFO: no action. I am (knime-postgres-cluster-0), the leader with the lock
2023-11-20 16:55:41.664 UTC [36] LOG {ticks: 0, maint: 0, retry: 0}
2023-11-20 16:55:47,436 INFO: no action. I am (knime-postgres-cluster-0), the leader with the lock
2023-11-20 16:55:57,434 INFO: no action. I am (knime-postgres-cluster-0), the leader with the lock
2023-11-20 16:56:07,426 INFO: no action. I am (knime-postgres-cluster-0), the leader with the lock
2023-11-20 16:56:11.666 UTC [36] LOG {ticks: 0, maint: 0, retry: 0}
2023-11-20 16:56:17,427 INFO: no action. I am (knime-postgres-cluster-0), the leader with the lock
2023-11-20 16:56:27,436 INFO: no action. I am (knime-postgres-cluster-0), the leader with the lock
2023-11-20 16:56:37,435 INFO: no action. I am (knime-postgres-cluster-0), the leader with the lock
2023-11-20 16:56:41.695 UTC [36] LOG {ticks: 0, maint: 0, retry: 0}
2023-11-20 16:56:47,431 INFO: no action. I am (knime-postgres-cluster-0), the leader with the lock
2023-11-20 16:56:57,432 INFO: no action. I am (knime-postgres-cluster-0), the leader with the lock
2023-11-20 16:57:07,431 INFO: no action. I am (knime-postgres-cluster-0), the leader with the lock
2023-11-20 16:57:11.699 UTC [36] LOG {ticks: 0, maint: 0, retry: 0}
2023-11-20 16:57:17,435 INFO: no action. I am (knime-postgres-cluster-0), the leader with the lock
2023-11-20 16:57:27,431 INFO: no action. I am (knime-postgres-cluster-0), the leader with the lock
2023-11-20 16:57:37,427 INFO: no action. I am (knime-postgres-cluster-0), the leader with the lock
2023-11-20 16:57:41.726 UTC [36] LOG {ticks: 0, maint: 0, retry: 0}
2023-11-20 16:57:47,426 INFO: no action. I am (knime-postgres-cluster-0), the leader with the lock
2023-11-20 16:57:57,432 INFO: no action. I am (knime-postgres-cluster-0), the leader with the lock
2023-11-20 16:58:07,376 INFO: no action. I am (knime-postgres-cluster-0), the leader with the lock
2023-11-20 16:58:11.730 UTC [36] LOG {ticks: 0, maint: 0, retry: 0}
2023-11-20 16:58:17,427 INFO: no action. I am (knime-postgres-cluster-0), the leader with the lock
2023-11-20 16:58:27,431 INFO: no action. I am (knime-postgres-cluster-0), the leader with the lock
2023-11-20 16:58:37,431 INFO: no action. I am (knime-postgres-cluster-0), the leader with the lock
2023-11-20 16:58:41.758 UTC [36] LOG {ticks: 0, maint: 0, retry: 0}
2023-11-20 16:58:47,432 INFO: no action. I am (knime-postgres-cluster-0), the leader with the lock
2023-11-20 16:58:57,435 INFO: no action. I am (knime-postgres-cluster-0), the leader with the lock
2023-11-20 16:59:07,383 INFO: no action. I am (knime-postgres-cluster-0), the leader with the lock
2023-11-20 16:59:11.758 UTC [36] LOG {ticks: 0, maint: 0, retry: 0}
2023-11-20 16:59:17,430 INFO: no action. I am (knime-postgres-cluster-0), the leader with the lock
2023-11-20 16:59:27,431 INFO: no action. I am (knime-postgres-cluster-0), the leader with the lock
2023-11-20 16:59:37,427 INFO: no action. I am (knime-postgres-cluster-0), the leader with the lock
2023-11-20 16:59:41.786 UTC [36] LOG {ticks: 0, maint: 0, retry: 0}
2023-11-20 16:59:47,435 INFO: no action. I am (knime-postgres-cluster-0), the leader with the lock
2023-11-20 16:59:57,430 INFO: no action. I am (knime-postgres-cluster-0), the leader with the lock
2023-11-20 17:00:07,381 INFO: no action. I am (knime-postgres-cluster-0), the leader with the lock
2023-11-20 17:00:11.790 UTC [36] LOG {ticks: 0, maint: 0, retry: 0}
2023-11-20 17:00:17,428 INFO: no action. I am (knime-postgres-cluster-0), the leader with the lock
2023-11-20 17:00:27,432 INFO: no action. I am (knime-postgres-cluster-0), the leader with the lock
2023-11-20 17:00:37,427 INFO: no action. I am (knime-postgres-cluster-0), the leader with the lock
2023-11-20 17:00:41.817 UTC [36] LOG {ticks: 0, maint: 0, retry: 0}
2023-11-20 17:00:47,434 INFO: no action. I am (knime-postgres-cluster-0), the leader with the lock
2023-11-20 17:00:57,435 INFO: no action. I am (knime-postgres-cluster-0), the leader with the lock
2023-11-20 17:01:07,427 INFO: no action. I am (knime-postgres-cluster-0), the leader with the lock
2023-11-20 17:01:11.818 UTC [36] LOG {ticks: 0, maint: 0, retry: 0}
2023-11-20 17:01:17,434 INFO: no action. I am (knime-postgres-cluster-0), the leader with the lock
2023-11-20 17:01:27,427 INFO: no action. I am (knime-postgres-cluster-0), the leader with the lock
2023-11-20 17:01:37,427 INFO: no action. I am (knime-postgres-cluster-0), the leader with the lock
2023-11-20 17:01:41.847 UTC [36] LOG {ticks: 0, maint: 0, retry: 0}
2023-11-20 17:01:47,431 INFO: no action. I am (knime-postgres-cluster-0), the leader with the lock
2023-11-20 17:01:57,435 INFO: no action. I am (knime-postgres-cluster-0), the leader with the lock
2023-11-20 17:02:07,431 INFO: no action. I am (knime-postgres-cluster-0), the leader with the lock
2023-11-20 17:02:11.850 UTC [36] LOG {ticks: 0, maint: 0, retry: 0}
2023-11-20 17:02:17,428 INFO: no action. I am (knime-postgres-cluster-0), the leader with the lock
2023-11-20 17:02:27,431 INFO: no action. I am (knime-postgres-cluster-0), the leader with the lock
2023-11-20 17:02:37,433 INFO: no action. I am (knime-postgres-cluster-0), the leader with the lock
2023-11-20 17:02:41.878 UTC [36] LOG {ticks: 0, maint: 0, retry: 0}
2023-11-20 17:02:47,431 INFO: no action. I am (knime-postgres-cluster-0), the leader with the lock
2023-11-20 17:02:57,430 INFO: no action. I am (knime-postgres-cluster-0), the leader with the lock
2023-11-20 17:03:07,381 INFO: no action. I am (knime-postgres-cluster-0), the leader with the lock
2023-11-20 17:03:11.882 UTC [36] LOG {ticks: 0, maint: 0, retry: 0}
2023-11-20 17:03:17,435 INFO: no action. I am (knime-postgres-cluster-0), the leader with the lock
2023-11-20 17:03:27,439 INFO: no action. I am (knime-postgres-cluster-0), the leader with the lock
2023-11-20 17:03:37,427 INFO: no action. I am (knime-postgres-cluster-0), the leader with the lock
2023-11-20 17:03:41.911 UTC [36] LOG {ticks: 0, maint: 0, retry: 0}
2023-11-20 17:03:47,435 INFO: no action. I am (knime-postgres-cluster-0), the leader with the lock
2023-11-20 17:03:57,434 INFO: no action. I am (knime-postgres-cluster-0), the leader with the lock
2023-11-20 17:04:07,377 INFO: no action. I am (knime-postgres-cluster-0), the leader with the lock
2023-11-20 17:04:11.914 UTC [36] LOG {ticks: 0, maint: 0, retry: 0}
2023-11-20 17:04:15,308 WARNING: manual failover: members list is empty
